player_id,player_name,n_exposures,posterior_mean,posterior_median,posterior_sd,cri90_low,cri50_low,cri50_high,cri90_high,prob_above_league_mean,prob_above_league_median,prob_positive,prob_top_quartile,prob_top_decile,prob_bottom_decile,rank_median,rank_cri50_low,rank_cri50_high,rank_cri90_low,rank_cri90_high,rank_population_size,games,information,season
682985,Riley Greene,1384,0.08931363131540551,0.08657839544551063,0.038010256088505286,0.03175607292395799,0.06201605203027686,0.11352375315905662,0.15690833859721248,0.941,0.9392,0.9988,0.8048,0.5846,0.0022,41.0,11.0,117.0,1.0,315.0500000000002,587,157,217.57845093049286,2025
673237,Yainer Diaz,1086,0.0813602578232735,0.07863519621631362,0.033987874651016034,0.030762858154008837,0.05693888783198402,0.10303990094311061,0.1409044072151224,0.9286,0.9284,0.9976,0.7562,0.4874,0.0024,62.0,20.0,144.0,3.0,335.0500000000002,587,142,139.99725937461244,2025
643396,Isiah Kiner-Falefa,761,0.08042411355688417,0.07722127870909007,0.03672244602456145,0.025764431591449144,0.054579333272721006,0.10418762023109962,0.14372972456059832,0.9104,0.9098,0.9928,0.7258,0.4846,0.0064,63.5,19.75,160.0,2.0,365.0,587,132,73.71545301026438,2025
687597,Jordan Beck,1043,0.07653001638587607,0.07420748147825436,0.036619391841976476,0.020694397349184213,0.05047965636499043,0.10014443162801936,0.13937849136321168,0.8802,0.8788,0.9892,0.6912,0.441,0.0054,75.0,24.0,181.0,3.0,400.0,587,146,147.94331120549268,2025
691016,Tyler Soderstrom,1056,0.06968800349294023,0.0669205857081137,0.034540661948924925,0.017415195101332635,0.04560858357234841,0.09165663715844291,0.1313782345031062,0.851,0.8512,0.986,0.6136,0.3482,0.0074,103.0,37.75,216.0,5.0,420.0,587,155,157.8664734464641,2025
679529,Spencer Torkelson,1153,0.06826483060500815,0.06601817903126889,0.034132629175174845,0.01721291542811601,0.043779763055371665,0.0901917351568215,0.12804606689369064,0.8428,0.842,0.9864,0.6068,0.3446,0.0108,107.0,39.0,229.0,6.0,427.0,587,155,159.37235692947908,2025
701398,Sal Stewart,106,0.06343278924070316,0.06058284989125649,0.03645931501353732,0.007879761513008418,0.03844895303995756,0.08642931510639937,0.12837593925947002,0.7816,0.7826,0.9712,0.5346,0.2988,0.0176,131.0,47.0,267.25,7.0,465.0,587,18,13.804515648139464,2025
686611,Dylan Crews,531,0.06248756676500703,0.060344755787603344,0.035832813010496435,0.00703424668476902,0.03785494965221184,0.08477841607035283,0.12371508801032391,0.7764,0.7778,0.968,0.5338,0.2854,0.0174,134.0,50.0,272.25,7.0,470.0,587,83,69.41431102514579,2025
669127,Shea Langeliers,988,0.06243606227480137,0.060789155646999174,0.032322832842222086,0.01235610710126795,0.04025970319798906,0.08263662736825672,0.11851306642233436,0.8044,0.8024,0.9808,0.541,0.2636,0.011,132.0,55.0,256.0,9.0,446.0,587,123,147.20274730289577,2025
547180,Bryce Harper,1147,0.05889819880999248,0.057280017394007954,0.031297506525249576,0.009637529943495642,0.03771100237676296,0.07889323196510947,0.1133921300388821,0.788,0.7864,0.976,0.488,0.2306,0.0146,153.0,66.0,270.25,13.0,457.0,587,132,184.6866243916147,2025
671739,Michael Harris II,1188,0.05877065893327652,0.05688410797641301,0.03492991931296041,0.004520589753873327,0.03564653005086165,0.08101519576561442,0.1186909323183787,0.7552,0.7578,0.9634,0.4924,0.2474,0.0186,151.5,61.0,288.0,10.0,479.0,587,159,138.1636516772381,2025
667670,Brent Rooker,1251,0.05859784712634282,0.05634281100424103,0.033489418596070665,0.006622455824858784,0.03628645597586026,0.07993115712934974,0.11566308454853763,0.7606,0.7598,0.9686,0.4826,0.234,0.0176,157.0,66.0,287.25,11.0,475.0,587,161,171.8115243457518,2025
607043,Brandon Nimmo,1182,0.05840990725244897,0.056231054729552726,0.03309559586446651,0.006721148281009776,0.03590072227021434,0.07974136297717617,0.11674982295679116,0.7612,0.7606,0.9694,0.4788,0.2396,0.0168,156.0,63.0,286.0,11.0,475.0500000000002,587,153,151.52231021337155,2025
664034,Ty France,949,0.058338252561427384,0.05604620677967706,0.03278708759433903,0.008217109297592918,0.03591987113665841,0.0786251450515052,0.11609494733114967,0.7586,0.7564,0.9746,0.4736,0.2334,0.0168,158.0,65.0,288.25,11.0,469.0500000000002,587,134,130.87075994188808,2025
683146,Brett Baty,794,0.05783167236857762,0.05541615386350904,0.03365427391653491,0.006107854423875587,0.036001302870156765,0.07895401332382498,0.11666596390666416,0.7572,0.7574,0.967,0.4696,0.2316,0.0188,161.0,65.0,288.0,10.0,478.0500000000002,587,125,105.54688758586744,2025
673490,Ha-Seong Kim,305,0.05743589175526154,0.055301626438443545,0.03533494818376782,0.0018337283945213298,0.03413259590256537,0.08048126813658352,0.11780066435367417,0.743,0.7418,0.9562,0.4762,0.2372,0.0266,159.0,64.0,298.0,10.0,491.0,587,47,47.28456579388445,2025
656180,Riley Adams,553,0.05685005518897178,0.054867802793711826,0.03529734621579271,0.001162414962842557,0.03336480443849494,0.07903917233834465,0.11651779119091041,0.729,0.7308,0.9536,0.4656,0.2322,0.0238,162.5,66.0,307.0,10.0,496.0,587,81,71.16597840007951,2025
672356,Gabriel Arias,1004,0.0566937881134931,0.054774502662328625,0.033509283653526144,0.0048145839783171615,0.03433932611481369,0.07692966454999527,0.11544152175901566,0.742,0.7386,0.9618,0.462,0.2188,0.0196,164.0,71.0,301.0,11.0,482.0,587,126,132.58699595368228,2025
666160,Mickey Moniak,889,0.056374835003093475,0.054107948641834755,0.03373845200799095,0.003240920733945243,0.034229977872667086,0.07776798329029026,0.1145101066350437,0.7428,0.7394,0.9584,0.457,0.2208,0.0228,166.0,70.0,300.0,12.0,486.0,587,132,112.64946263475078,2025
686797,Brooks Lee,949,0.05615381066101229,0.05402864538600592,0.03472453130495623,0.002012084620591682,0.0330980562792737,0.0769964272911833,0.11623702802034026,0.731,0.7342,0.9548,0.4564,0.2172,0.0258,166.0,69.0,306.0,10.0,490.0500000000002,587,137,125.28709678994657,2025
630105,Jake Cronenworth,893,0.056006003457388556,0.05410029619480372,0.03422628028747273,0.0026872997611687944,0.033376892528354206,0.07679494631198265,0.11662868849886932,0.7292,0.73,0.958,0.4568,0.214,0.0218,166.0,72.75,307.0,11.0,487.0500000000002,587,134,134.79617249391384,2025
672695,Geraldo Perdomo,1130,0.05585990736814908,0.05378589115242993,0.03386387850286061,0.0030165531895328976,0.033207839420335866,0.07639085263265517,0.11535221719269706,0.7342,0.731,0.9604,0.4468,0.2194,0.023,169.0,69.0,306.0,13.0,487.0,587,161,155.90602019495142,2025
669224,Austin Wells,894,0.055351209590438384,0.05297509875016415,0.034154171863525935,0.0021885654493200863,0.033165555369151216,0.07617122569900307,0.11601754074545044,0.7258,0.7266,0.9576,0.443,0.2122,0.024,173.0,73.0,311.0,11.950000000000017,493.0,587,118,100.75222473140632,2025
592206,Nick Castellanos,1242,0.05411196854701941,0.05236557214246172,0.03190047967504859,0.0052230897284285555,0.03239221661546207,0.0740806525121839,0.1093631124338574,0.7212,0.7198,0.9666,0.4258,0.1904,0.0188,178.0,79.75,314.0,16.0,474.0,587,146,179.32139897666582,2025
666969,Adolis García,1108,0.05410057815470908,0.05246314896919725,0.03324283566645936,0.0016902923385093362,0.0315392124571723,0.07539042378714877,0.10993030224314905,0.7156,0.7138,0.9552,0.4338,0.2,0.0268,175.0,77.0,319.0,14.0,492.0,587,134,148.9759085577681,2025
663586,Austin Riley,890,0.05394099774676097,0.05187609133589338,0.03361155344446495,0.0016254426549028598,0.031337031319791264,0.07517015336412343,0.11217252202418689,0.7076,0.7092,0.955,0.4236,0.204,0.0254,181.0,76.0,324.0,12.0,494.0,587,102,132.22216596939847,2025
663993,Nathaniel Lowe,1146,0.053917991311015545,0.0516864516465293,0.033404837632762016,0.0009700878281413594,0.032339626047915904,0.07543039127142215,0.11080863482199906,0.7168,0.7164,0.9526,0.4266,0.1962,0.0252,181.0,78.0,315.0,15.0,492.0,587,152,142.25786130663698,2025
681297,Colton Cowser,610,0.053758483604836864,0.05173804077875751,0.03507236892300265,-0.00042906607862883795,0.03136436760913658,0.07452071711056638,0.11506245300144902,0.7078,0.7068,0.9482,0.42,0.2042,0.03,182.0,77.0,321.25,13.0,502.0,587,90,90.09142619002489,2025
676609,José Caballero,630,0.05365459508811883,0.052473053570687184,0.03470759496512544,-0.0014145174962894482,0.030905684944736663,0.07545844978993427,0.11344683850274151,0.7024,0.7012,0.9452,0.4362,0.2024,0.032,178.0,75.0,325.0,13.0,508.0,587,106,87.19551969597515,2025
642215,Weston Wilson,225,0.05356791099788223,0.05215817562895801,0.03635479896701983,-0.0038357892912642953,0.02984996168208789,0.0766763809655604,0.11491314720571809,0.6906,0.6876,0.9376,0.4336,0.2146,0.0358,180.5,74.0,334.0,11.0,510.0500000000002,587,46,37.51834475154178,2025
701305,Zach Dezenzo,211,0.05334287847710915,0.05038087385960868,0.0362775574813225,-0.0020548450307739828,0.029466868353775492,0.07571891974431566,0.11468566070380025,0.6842,0.686,0.9422,0.4158,0.2108,0.037,187.0,74.0,335.0,11.0,509.0,587,32,34.49015038593164,2025
691718,Pete Crow-Armstrong,1352,0.053225857675429346,0.051455868564736426,0.032809483418945865,0.0019057931826054792,0.03152702307461065,0.07379557212357382,0.10911758474299882,0.7138,0.7114,0.9552,0.4256,0.1878,0.0288,181.0,82.0,319.0,15.0,494.0,587,156,174.57321437430608,2025
691777,Max Muncy,405,0.053033788652742386,0.050613643766155,0.035461997173028434,-0.00106801186382785,0.029929322365934062,0.07489061267495638,0.11513477046156406,0.6902,0.6896,0.9466,0.4122,0.2066,0.0278,188.0,77.0,334.0,11.950000000000017,503.0,587,60,53.77425610685678,2025
542932,Jon Berti,179,0.052671856995817175,0.049986065173534,0.0367930958521519,-0.0034484820473697367,0.02931541500554987,0.07457536257495387,0.11666841159906062,0.6904,0.6886,0.9404,0.4116,0.1972,0.0378,192.0,78.0,336.0,11.0,514.0,587,42,17.280816225730227,2025
680474,Max Schuemann,358,0.05258284517727113,0.050945073342738054,0.03433265049108426,-0.0007643433126557561,0.029542883661934544,0.0740286501104469,0.11151228185049451,0.6934,0.6916,0.9474,0.4138,0.191,0.029,186.0,83.0,330.25,14.0,505.0500000000002,587,70,44.381287456779894,2025
681715,Heriberto Hernández,509,0.05231287200699852,0.05015395314883729,0.035066201421837626,-0.003694816847695427,0.029659304903887938,0.0737727095048488,0.11234677321114601,0.6902,0.6894,0.9416,0.4194,0.195,0.0328,189.5,79.0,335.0,14.0,509.0,587,85,70.04059644265402,2025
643217,Andrew Benintendi,851,0.05211099309112124,0.04977879969693601,0.03396288290725495,-0.0012534461626742418,0.029847407716787053,0.07314822708715145,0.11206892436410905,0.692,0.6904,0.9458,0.4092,0.1914,0.0286,193.0,81.0,331.25,15.0,501.0500000000002,587,116,100.07899071915386,2025
642133,Rowdy Tellez,562,0.052100426462845,0.04963680332403752,0.03489083593159987,-0.0014376654230039217,0.029163270760567316,0.07371232973186118,0.113479924492859,0.6818,0.6804,0.947,0.4048,0.1948,0.0322,193.0,82.0,341.0,13.0,506.0,587,108,66.2449479784396,2025
805249,Otto Kemp,407,0.05195389508600697,0.04977192274660877,0.0359313765502069,-0.005164261971816667,0.028893766904995045,0.0744182901329655,0.11240617677428826,0.6802,0.6804,0.9364,0.4092,0.1998,0.0378,193.0,77.0,336.0,13.0,513.0500000000002,587,62,46.09873433788947,2025
527038,Wilmer Flores,862,0.0519124855921694,0.04987163033476051,0.034034874856306345,-0.0006458303285465361,0.02973670171226055,0.07310361493720913,0.10953017975851909,0.6868,0.6874,0.9484,0.4106,0.1812,0.0324,191.0,84.75,333.0,14.0,501.0,587,124,111.82421514627664,2025
606466,Ketel Marte,936,0.051769056280910726,0.04981929544602749,0.03371400347582007,-0.0015288665481038423,0.029720739027569103,0.07330466972436611,0.10917062338177648,0.6898,0.6894,0.9464,0.4016,0.184,0.0302,193.0,84.0,332.0,15.950000000000017,506.0,587,126,124.67430789601644,2025
666158,Gavin Lux,864,0.05172579935194651,0.05002692407848132,0.03594614205893323,-0.004147030194837088,0.028479180088933676,0.07360097398041181,0.11401355899327667,0.6794,0.6792,0.9364,0.407,0.1974,0.037,192.5,81.0,344.25,13.0,515.0,587,139,123.81594016152211,2025
670764,Taylor Walls,546,0.05134466709128717,0.04966547140900221,0.033151223244709906,-0.000994238575806263,0.029336035705203222,0.07286658795442426,0.10811294752802454,0.6866,0.6854,0.9474,0.3998,0.181,0.0318,192.5,86.0,334.25,16.0,505.0,587,89,67.28378070215399,2025
621512,Tomás Nido,68,0.05102282725146157,0.049260543057047,0.036430502774798895,-0.007294798402211272,0.027593883961164495,0.0732758396201154,0.11373205882431328,0.6716,0.6708,0.9262,0.4088,0.1938,0.0398,197.0,80.0,347.0,14.0,520.0500000000002,587,10,4.52015436428454,2025
543309,Kyle Higashioka,568,0.05101763030169993,0.049015913225610386,0.034378141147625,-0.002122047609881854,0.028480861857903376,0.07244571209287039,0.10988456263812835,0.6758,0.674,0.9426,0.3976,0.1782,0.037,195.5,87.0,343.0,14.0,514.0,587,92,82.95799246025902,2025
663616,Trevor Larnach,955,0.0509025004333505,0.04921630596350342,0.034425123278378544,-0.0035527216920749494,0.02869792782553786,0.073037918180404,0.10892142535535616,0.6754,0.6752,0.9368,0.3982,0.1764,0.0384,196.0,84.0,343.0,16.0,517.0,587,141,125.93594064060605,2025
666624,Christopher Morel,614,0.05081157351683814,0.048830200855900424,0.037101828087297936,-0.005773276244315114,0.02636148305451074,0.0739424807546522,0.11439913857172244,0.6526,0.6532,0.9272,0.401,0.1976,0.0416,198.5,79.0,360.0,13.0,519.0500000000002,587,99,71.10854075414483,2025
683734,Andrew Vaughn,799,0.05056197851004651,0.049392777348802444,0.03382929258379212,-0.0033945305800681643,0.028520093560239667,0.07180131113296412,0.10734429507896681,0.681,0.6806,0.9368,0.3968,0.1738,0.0376,196.0,88.0,342.0,17.0,512.0500000000002,587,112,108.93021513917026,2025
641313,Tim Anderson,183,0.05047333624713213,0.047592837079630544,0.03695670457157165,-0.006323420383176255,0.026685666058758353,0.07286893154584392,0.11469882384174478,0.6564,0.6556,0.9288,0.3888,0.1882,0.0362,203.0,84.0,351.0,13.0,514.0500000000002,587,28,17.425046983422085,2025
606192,Teoscar Hernández,1046,0.05036823038977157,0.04884295885715357,0.03247939008555649,-0.00032925415338992507,0.029196033483191046,0.07072589704458715,0.10626288572866821,0.6758,0.6756,0.9492,0.3856,0.1646,0.0294,202.0,91.75,334.0,18.0,500.0,587,134,144.79800669969254,2025
607208,Trea Turner,1182,0.05035323580800962,0.04850396769757756,0.03248278928911692,-0.0009781424343228908,0.028734538052635795,0.07021523683484508,0.10539186342700559,0.6774,0.6798,0.9472,0.3804,0.1698,0.0302,200.0,93.0,339.0,17.0,504.0,587,141,174.72598400486544,2025
810938,Ben Williamson,568,0.05022121417811141,0.04874664013302214,0.03399034482203594,-0.004259820193425255,0.02842043187639977,0.0719681812512572,0.10795471757632896,0.6716,0.6732,0.9356,0.3882,0.1778,0.036,198.0,86.0,344.0,17.0,512.0,587,82,75.1036446253923,2025
666150,Dominic Fletcher,67,0.049960814489479755,0.04853801081007837,0.03670831098582859,-0.0068029878572077075,0.026320370626596767,0.07254860747990843,0.11354709550481058,0.6506,0.6512,0.9272,0.3852,0.1812,0.0418,205.0,88.0,357.0,13.0,519.0500000000002,587,11,7.283241987642292,2025
681393,Connor Norby,651,0.0498349546918201,0.048151649043797845,0.03523823337886086,-0.005528799073961852,0.026770949158705468,0.07138259858797033,0.11071250498182397,0.654,0.6552,0.9308,0.384,0.1764,0.0404,202.0,90.0,356.0,16.0,518.0,587,87,76.33627980602817,2025
663697,Jonathan India,920,0.04974697886812939,0.04896660655517773,0.034229875975635225,-0.005807543893560197,0.027644640138292986,0.07080657871623677,0.10881646329297268,0.6678,0.6662,0.9304,0.3796,0.1738,0.04,205.0,92.0,347.0,15.0,516.0500000000002,587,133,140.73574396906477,2025
650489,Willi Castro,897,0.04963588168652635,0.04769588747505446,0.033736940229992435,-0.0026599092194132872,0.027391553525960077,0.07080719995610366,0.10947764634860413,0.6616,0.6622,0.9384,0.3806,0.1662,0.0332,207.0,95.0,349.25,17.0,510.0,587,119,129.26189575368,2025
678894,Liover Peguero,137,0.04949600780645326,0.047015813102741555,0.035938315908641126,-0.006172791956889919,0.026588636652424634,0.07211371204706797,0.11127207641661732,0.6434,0.6444,0.9254,0.376,0.1834,0.044,211.0,88.0,356.0,14.0,521.0,587,30,20.028945208374843,2025
592450,Aaron Judge,1126,0.04949041176635943,0.04794751913241191,0.031934822189076596,-0.0011477623910526324,0.02849861705675164,0.07005239977234355,0.10313323017795155,0.6664,0.6614,0.9448,0.3752,0.155,0.0314,204.0,95.0,342.0,19.0,504.0,587,152,175.56514790810337,2025
660821,Jesús Sánchez,914,0.049335295212896146,0.04727440409384736,0.03555443267940119,-0.0065365937369016485,0.026805758531227644,0.07151372985324135,0.11022992592104289,0.6512,0.6536,0.927,0.3808,0.1772,0.0394,206.0,88.0,354.25,15.0,518.0,587,133,130.3318319309887,2025
683090,Matthew Lugo,121,0.04866883808382696,0.04695093231678722,0.03636146870247022,-0.008528226387771877,0.025140324419823654,0.07129910865831225,0.11041597236171329,0.6494,0.6488,0.9216,0.3804,0.1764,0.0512,209.0,89.0,359.0,14.0,529.0,587,25,8.685244860598281,2025
676475,Alec Burleson,935,0.04856740067382292,0.04696598359025171,0.032223508333477556,-0.0025323542506141294,0.02785797591650506,0.06872360707065128,0.1037777747697606,0.6574,0.6586,0.9422,0.3602,0.154,0.0334,211.0,99.0,346.0,22.0,507.0,587,137,117.84969473893076,2025
807713,Matt Shaw,792,0.04834499370309002,0.04709969207269077,0.03406128344213462,-0.006357868156552505,0.02644459952611268,0.0697844999261498,0.10615905574172235,0.6478,0.648,0.9286,0.375,0.1602,0.0422,209.0,94.0,359.0,19.0,519.0,587,122,94.50064252590965,2025
649966,Luis Urías,542,0.04826888955617276,0.04686754446936932,0.03408305246599412,-0.005720718946972868,0.026024160255089402,0.0689277457416211,0.10683179144159372,0.6454,0.6484,0.9304,0.3642,0.154,0.0406,211.5,98.0,359.0,19.0,517.0,587,92,69.97236677803866,2025
660757,Oscar Gonzalez,141,0.0478256923514101,0.04626163373433936,0.03671625690424649,-0.009372044898232186,0.024689341144560256,0.07013014733426594,0.11031813565332672,0.6354,0.6322,0.9188,0.366,0.1696,0.0496,216.0,95.0,369.0,14.0,528.0,587,20,20.39983654304377,2025
605131,Austin Barnes,69,0.04777886783176678,0.04637138642634682,0.03741715927334132,-0.012247326809548821,0.02381366588836388,0.07158132191434008,0.11124464035700007,0.6306,0.6302,0.91,0.3782,0.175,0.057,212.5,89.0,369.25,14.0,535.0,587,13,7.570538062527882,2025
700250,Ben Rice,869,0.04769441366567942,0.04705080820366586,0.03084243131013137,-0.0009829326171105202,0.02747815042417218,0.06717994001799266,0.10035530167045367,0.6574,0.6568,0.9466,0.349,0.1358,0.0296,214.0,105.0,348.25,25.950000000000017,503.0,587,134,123.20173588480566,2025
689200,Jacob Melton,149,0.047678397788428924,0.04593021804311183,0.03562206732184715,-0.008117698764372348,0.024362475236902267,0.07081396976079023,0.10729048987080698,0.637,0.633,0.9216,0.3714,0.1696,0.045,219.0,93.0,370.0,17.0,524.0,587,24,23.2634141661297,2025
668901,Mark Vientos,886,0.04753755425212487,0.046384230686353015,0.03319656053661256,-0.005770510980886165,0.026452809119042985,0.06892360015456311,0.10335708147691411,0.6464,0.6472,0.9298,0.3592,0.1484,0.0404,218.0,101.0,355.25,21.0,518.0,587,120,102.49703082463193,2025
668845,Aaron Schunk,69,0.047434835542675455,0.045977008227978435,0.036754873490815805,-0.00999497450244571,0.024170239835606108,0.07008079952530688,0.10943286139055514,0.6238,0.6258,0.9126,0.3708,0.1708,0.055,221.0,92.0,372.0,16.0,531.0,587,11,6.473373664983338,2025
686780,Pedro Pagés,756,0.04735920263759436,0.04581074346904028,0.03441281666719029,-0.007506722217747654,0.025299416137192943,0.06869318594854262,0.10466105367114584,0.6358,0.6334,0.926,0.3552,0.155,0.045,220.0,99.75,364.0,19.0,523.0,587,107,84.78792373884482,2025
670770,TJ Friedl,984,0.04720085682965531,0.046179709566105724,0.03389199888404519,-0.007455763192543633,0.02535507486429305,0.06875187662523707,0.10455223388926745,0.6478,0.6448,0.9226,0.3598,0.1544,0.0448,217.0,100.0,366.25,21.0,522.0,587,151,130.24161510947255,2025
680869,Zack Gelof,207,0.0470607060496025,0.045286320094815126,0.034259921708324655,-0.007702227492436141,0.025123854833047164,0.0684944783905104,0.10525060817528412,0.6306,0.6302,0.922,0.3482,0.1556,0.0438,220.0,100.0,365.25,18.950000000000017,522.0,587,27,27.05140125563483,2025
650402,Gleyber Torres,1055,0.04703783752776335,0.045615770634554964,0.02906685391302801,-0.0007756399909843227,0.02891685505576873,0.0656269039942763,0.09624749617719289,0.6632,0.6606,0.9486,0.3342,0.122,0.0272,219.0,114.0,340.0,28.0,498.0500000000002,587,144,179.7581389689136,2025
671655,George Valera,84,0.047023112852532106,0.04490832079337054,0.036057680939779825,-0.009598582949790617,0.023999505722204963,0.06911172761813071,0.10866782214480716,0.6276,0.6224,0.9142,0.3556,0.1668,0.0496,223.0,94.0,374.0,17.0,528.0,587,16,14.998937451993122,2025
672275,Patrick Bailey,831,0.047021340625358815,0.045902766102977624,0.03365554489315625,-0.006583228546604545,0.025370666910132338,0.06775964839624889,0.1040967095748061,0.6382,0.6354,0.9264,0.3492,0.149,0.0446,218.0,102.0,361.25,20.0,522.0,587,129,91.73017836885495,2025
670042,Luke Raley,438,0.046908125698107254,0.04511712876846323,0.03504749222291925,-0.008556062958943424,0.024032083262053926,0.06917436873905594,0.10688396717990677,0.6198,0.6194,0.92,0.3568,0.1574,0.0478,224.0,99.0,369.0,17.0,525.0,587,65,43.31809307591702,2025
683357,Owen Caissie,61,0.04682197628777728,0.04510189664112768,0.03626186630104223,-0.010104515668291245,0.023886805252876182,0.06858576476494231,0.10886901719622474,0.6272,0.624,0.9144,0.354,0.1602,0.0522,221.5,99.0,374.0,16.0,530.0,587,12,4.711514096284228,2025
677800,Wilyer Abreu,823,0.04679857996368782,0.045391027438776245,0.03315460749142145,-0.00624161277473851,0.025493349255462434,0.06714295059889737,0.10226646272915418,0.632,0.63,0.93,0.3426,0.141,0.0414,221.0,108.0,361.0,21.0,517.0,587,112,116.13373546996885,2025
678877,Jhonkensy Noel,337,0.04669637881997998,0.04527818330475026,0.035609839258835624,-0.0100805574162774,0.023392124907102588,0.06895991665156675,0.10770987909808569,0.6212,0.6214,0.9152,0.354,0.1694,0.0492,222.5,93.0,375.0,18.0,528.0,587,60,36.39778489027225,2025
663743,Nick Fortes,413,0.04666519101823705,0.04508093688951096,0.035467235393222524,-0.009533170948320846,0.024322381267763832,0.0682596743728505,0.10677758198936085,0.6274,0.625,0.9154,0.3512,0.1512,0.0508,222.0,101.0,373.0,18.0,530.0,587,82,43.716484241005034,2025
671732,Lawrence Butler,1151,0.046639734002039884,0.04547497363137913,0.03157815392451407,-0.0038906824117773075,0.026444318787727652,0.06684570088766895,0.10022023559724545,0.6386,0.6414,0.936,0.339,0.1346,0.0332,224.0,107.0,354.25,24.0,511.0,587,148,170.67901067444043,2025
664761,Alec Bohm,853,0.046542925032009956,0.04533493804660285,0.03153326186864968,-0.0035948285628291704,0.025385778627164214,0.06659136118007872,0.10071149184898857,0.6304,0.6298,0.9352,0.3432,0.1378,0.0334,220.0,109.0,365.0,24.0,510.0,587,120,106.92962799261956,2025
686217,Sal Frelick,973,0.04649228337128032,0.0449105888997665,0.034051796523301404,-0.008041945561246345,0.02440615324368458,0.06794163017393093,0.10485536788406737,0.6316,0.6302,0.921,0.3506,0.1502,0.0452,223.0,100.0,369.0,19.0,525.0,587,141,119.23962238604348,2025
656775,Cedric Mullins,957,0.046281637413474234,0.04522943589854177,0.033586856938825425,-0.007166975056072432,0.024482039753785947,0.06805059119176883,0.10204417050074266,0.6298,0.6286,0.9226,0.3484,0.1428,0.0424,220.0,103.0,368.0,22.0,520.0,587,127,129.80836281633546,2025
621439,Byron Buxton,1031,0.046273346457556326,0.04467802798825832,0.0330710568317326,-0.0075984500159637985,0.024874686138683644,0.06720548117974305,0.10191540092884653,0.6322,0.634,0.9276,0.343,0.1368,0.044,225.0,107.0,365.25,23.0,522.0,587,126,137.28558013041416,2025
624428,Adam Frazier,902,0.046166708924236466,0.045123844443599966,0.03359730542097558,-0.007753753773512923,0.02425858050272089,0.06781701554526004,0.10227835189824022,0.6322,0.6292,0.922,0.3506,0.145,0.0422,223.0,104.0,370.0,23.0,521.0,587,130,107.27575215927828,2025
672640,Otto Lopez,969,0.04607771288502704,0.04465473628442984,0.03125038607676646,-0.004847677669465191,0.02592743896014878,0.06622497073347812,0.09947586903898994,0.634,0.632,0.9344,0.334,0.1312,0.0384,227.0,110.0,360.0,23.0,514.0500000000002,587,142,118.49335850620456,2025
683748,Victor Mesa Jr.,73,0.04604435973026967,0.04513557760733437,0.036847657931136236,-0.012645563778620092,0.022232342369311493,0.06869522553582086,0.10856020675613197,0.6186,0.6184,0.902,0.3572,0.1594,0.0576,222.0,95.0,385.0,16.0,536.0,587,12,6.885315697427342,2025
593871,Jorge Polanco,892,0.045906134300523996,0.04441337759069543,0.032428813861141444,-0.005726832342140615,0.025158331109171744,0.06644679037093622,0.10039854442513363,0.624,0.6226,0.932,0.3378,0.1298,0.0376,229.5,108.0,364.0,24.0,515.0,587,134,117.09325015834995,2025
681460,Brooks Baldwin,638,0.04590420233990905,0.04460663853731075,0.03307997603645005,-0.0072135412847395336,0.024763679856809124,0.06705396973879116,0.10192641878301517,0.6286,0.6278,0.9234,0.3414,0.1434,0.0438,224.0,105.0,368.0,24.0,522.0500000000002,587,101,73.96414166235203,2025
666134,Nolan Jones,762,0.04584078320016865,0.04482484351433977,0.03343806157682041,-0.00672696644814053,0.024043890287484444,0.06747880029459878,0.10132261166421835,0.6168,0.6168,0.925,0.3428,0.1438,0.0458,225.0,104.0,373.0,25.0,523.0,587,126,102.91018347152226,2025
664774,LaMonte Wade Jr.,412,0.04579285061056562,0.0442110966979231,0.03566002696282551,-0.01143439642525384,0.023219823608172357,0.0678513632993655,0.10652167478235142,0.6172,0.6188,0.9128,0.3448,0.1518,0.0558,231.0,103.0,380.0,17.950000000000017,533.0500000000002,587,74,45.77153568640293,2025
665742,Juan Soto,1022,0.0457239685078854,0.044669899504495174,0.03477173715658018,-0.011210884820148008,0.02387225346472482,0.06802684538909375,0.10342267040816032,0.6268,0.6246,0.9148,0.3494,0.1484,0.056,226.0,102.0,373.0,20.0,534.0,587,159,151.7863550320758,2025
672820,Lenyn Sosa,1030,0.04571179831267963,0.04500542282913149,0.03221906243826817,-0.006110636605176093,0.024804289959444815,0.0661466718360787,0.0993341553302884,0.6366,0.6318,0.9276,0.332,0.1292,0.0402,223.0,111.0,364.0,24.0,518.0,587,140,133.74017542675614,2025
688760,Blaine Crim,130,0.04569378597054651,0.04423132905627165,0.0360631079647738,-0.01117205694290755,0.02224641215188773,0.06831334499168379,0.10747193491279346,0.6154,0.6134,0.91,0.3482,0.1586,0.0556,226.0,101.0,382.0,17.0,533.0,587,20,17.07959808968523,2025
805904,Zach Cole,87,0.04540187595466036,0.04406354299328197,0.035821285169589545,-0.012328484135027684,0.02281848926456027,0.06777789232401321,0.10696192834566468,0.6168,0.6148,0.9056,0.3426,0.155,0.0554,232.0,101.0,381.0,18.0,534.0500000000002,587,14,15.047808941541078,2025
668670,Jake Rogers,247,0.04536156480289818,0.04400339033441971,0.034866891888737726,-0.010841299086542645,0.023109199913546187,0.06663823945373432,0.10457716391215811,0.6168,0.6192,0.9114,0.3404,0.1402,0.0508,229.0,104.0,378.0,20.0,529.0,587,45,35.143299536341516,2025
665489,Vladimir Guerrero Jr.,1021,0.04534995260675291,0.04455811530833245,0.03117720912626081,-0.003929953786995801,0.02503322647788938,0.0650686812266639,0.09840268278077446,0.6246,0.6264,0.935,0.3262,0.1234,0.033,228.0,113.75,363.0,27.0,512.0500000000002,587,155,130.14670648916137,2025
660670,Ronald Acuña Jr.,786,0.04524683954295511,0.04353494798644365,0.03330131932598716,-0.006930917056367947,0.022969975480554936,0.0657193333279484,0.10271797205090169,0.6098,0.6074,0.9242,0.327,0.1414,0.0438,235.5,112.0,376.0,22.0,521.0,587,95,120.51588853456651,2025
678246,Miguel Vargas,1043,0.04508449427880937,0.04413095102059701,0.032137361367438055,-0.007033298000950296,0.024284841039799245,0.06559340447655503,0.09940340483816026,0.6184,0.6184,0.9272,0.326,0.1294,0.0396,232.0,113.0,370.0,23.0,520.0,587,138,148.93909497246977,2025
518792,Jason Heyward,157,0.04495287236712005,0.04396240190650983,0.03713055282200026,-0.014593771296825795,0.02227743024606013,0.0682054169918519,0.10788041668408833,0.6062,0.6028,0.8966,0.3482,0.1578,0.0632,230.0,101.0,383.0,18.0,541.0500000000002,587,30,18.955698266817762,2025
681508,Mickey Gasper,171,0.044847284607656024,0.04412287567909351,0.0359151723937537,-0.012255487270005708,0.02148283308564213,0.06678534100085823,0.10647072758414874,0.6068,0.6074,0.9058,0.3362,0.1474,0.0582,230.5,106.0,387.0,19.0,536.0500000000002,587,37,22.060588129188808,2025
592518,Manny Machado,1311,0.04480085174754164,0.04379545233022727,0.029829182521778193,-0.00405833709231619,0.025324402607990938,0.06385138393644156,0.09485391544681936,0.6304,0.6274,0.9378,0.3138,0.1102,0.0356,231.0,120.0,361.0,33.0,512.0,587,159,194.53965833665865,2025
669003,Garrett Mitchell,131,0.04479287189773924,0.04364663472484839,0.036660597559116576,-0.013988347811365489,0.0218185807336377,0.06785881584444511,0.10633419829786901,0.608,0.6072,0.8942,0.3392,0.1552,0.0596,233.0,103.0,387.0,19.0,536.0,587,23,15.797953126992367,2025
650559,Bryan De La Cruz,96,0.044786807250273626,0.04340005009832096,0.03687136592655517,-0.014754584010132896,0.02141131087965733,0.06772968732535417,0.10749164960268412,0.6004,0.5984,0.8976,0.3352,0.151,0.064,233.0,104.0,391.0,16.0,539.0,587,16,10.747180851922362,2025
647304,Josh Naylor,1031,0.044693004901666174,0.043606666948240586,0.03404176204001325,-0.00980615610951019,0.022654018877986848,0.06564636067614513,0.10134291814728837,0.6136,0.6152,0.9156,0.3328,0.134,0.048,233.0,109.0,378.0,22.0,526.0,587,144,125.9492824743668,2025
678662,Ezequiel Tovar,859,0.044613887542720894,0.04362107488786875,0.0326302843304148,-0.0077719094392531985,0.02334671453850038,0.06541505517205944,0.09969760994945644,0.6178,0.6156,0.9182,0.3234,0.128,0.0436,234.0,115.0,374.25,24.0,523.0,587,95,122.77040073307894,2025
641943,Joshua Palacios,281,0.044612103382140104,0.04366361120824402,0.03543105056850126,-0.012079305405328483,0.0227753016903323,0.06610507742836469,0.1040149116203003,0.6088,0.6062,0.9102,0.329,0.137,0.0564,233.0,111.0,380.0,21.0,534.0,587,45,33.7224194404503,2025
699625,Jimmy Crooks,99,0.04455995013478044,0.04295340617432493,0.03485962334104031,-0.011168992883961013,0.02252577644733429,0.06560371603314805,0.1041468392273985,0.6076,0.6052,0.9102,0.3242,0.1402,0.0568,240.0,112.0,380.0,21.0,535.0,587,13,15.427803004643735,2025
694384,Nolan Schanuel,907,0.044548391915368475,0.04317283945157445,0.031991585093527695,-0.006285324486478277,0.02316947945812925,0.0643106142458705,0.09963999356910526,0.612,0.613,0.9282,0.316,0.1284,0.0398,237.0,116.75,375.0,25.0,518.0,587,130,129.8760714459611,2025
665862,Jazz Chisholm Jr.,974,0.044543999924407794,0.04378127793779776,0.03318377118641133,-0.009532429961621175,0.02364585209921516,0.06516106492516224,0.09992799939251944,0.609,0.612,0.9152,0.3266,0.1348,0.0466,235.0,111.0,374.25,24.0,525.0,587,130,118.39933096812008,2025
689414,Liam Hicks,561,0.04437567714566213,0.04277614316198931,0.034888336138176906,-0.01068961953516085,0.02161082612461531,0.0660134373536671,0.103566782080698,0.594,0.5952,0.9066,0.3244,0.1406,0.0554,240.0,110.0,387.0,21.0,533.0,587,119,73.30639812724968,2025
663624,Ryan Mountcastle,760,0.04436565148161024,0.043341444997779796,0.03391812678232155,-0.009976208689577814,0.022621865513887722,0.06595329240840284,0.10261826048275094,0.6042,0.6032,0.9124,0.332,0.1278,0.052,235.5,112.0,382.0,21.0,532.0,587,87,96.3409269321706,2025
680728,Adrian Del Castillo,247,0.04420229351795359,0.04321614531021167,0.03480249780381322,-0.011606427704393274,0.02183568446008164,0.06542556663808587,0.10258036258406945,0.6024,0.6002,0.9068,0.326,0.1402,0.0562,241.0,113.0,386.0,21.0,534.0,587,42,26.872084510885422,2025
701358,Cam Smith,977,0.0441512140919977,0.043322749769109145,0.03200784435262917,-0.006968624754103373,0.023606122920361013,0.06432057446778294,0.09884376492482519,0.6152,0.6134,0.9212,0.318,0.1172,0.0406,237.5,120.0,370.25,27.0,519.0,587,133,144.70396519510007,2025
663728,Cal Raleigh,1423,0.04397456983864886,0.04318371059583488,0.03254807810126148,-0.0075973104110476815,0.023525355259623904,0.06378434653322256,0.09910187287202193,0.6064,0.6048,0.9206,0.312,0.1152,0.0458,239.0,120.0,375.0,26.0,523.0,587,157,209.1447142284907,2025
676701,Alan Trejo,78,0.043482873886128856,0.04259851036053611,0.03465748279572796,-0.012571788240241176,0.02143371047891078,0.06535768182288897,0.10172769266986059,0.5968,0.5954,0.9022,0.3202,0.138,0.0588,239.0,112.0,387.0,22.0,535.0,587,13,11.016426402637409,2025
641584,Jake Fraley,378,0.04338971713177969,0.041862873409383175,0.03548903098387516,-0.014497534533712834,0.021417877676565358,0.06616273648086732,0.10122894865067171,0.5892,0.5898,0.8986,0.3226,0.138,0.066,246.0,110.0,390.0,22.0,539.0500000000002,587,71,38.54163234816423,2025
682829,Elly De La Cruz,1200,0.04333865530835704,0.042076568930594825,0.03577376835865059,-0.015086806035871071,0.020732326887331877,0.06616120852118638,0.10355509946228383,0.59,0.5884,0.8974,0.3214,0.138,0.0654,242.0,109.0,393.25,20.0,543.0,587,162,138.49182169682865,2025
682927,Ronny Simon,147,0.0433259921762693,0.04230739601308089,0.03569124840093352,-0.013603630118115937,0.020508233991102943,0.06635332981468736,0.1033213704139285,0.5836,0.5834,0.8972,0.3212,0.1384,0.065,244.5,112.0,395.0,21.0,541.0,587,26,15.749523815699334,2025
667472,Dane Myers,516,0.043293590313116366,0.04223573486115951,0.03613141675349026,-0.014384277529342912,0.02043071278114092,0.06533861267304143,0.1035732326276187,0.5922,0.5886,0.8924,0.325,0.1366,0.0636,242.0,113.0,395.0,21.0,539.0500000000002,587,100,60.664834952986546,2025
670223,Matt Mervis,289,0.04324399220334723,0.04172414117638783,0.03513539449753826,-0.012155728996200987,0.020466725182557124,0.066002870284379,0.10303644100523844,0.5826,0.5816,0.8988,0.3184,0.14,0.0604,246.0,111.0,393.0,21.0,535.0500000000002,587,41,41.63863345121628,2025
695238,Will Wagner,304,0.04314383267553122,0.041952931667324195,0.035457201948548615,-0.012943017222999424,0.020368242084686343,0.06474926002407515,0.10293335609642494,0.5914,0.5896,0.9006,0.3198,0.1326,0.061,243.0,113.75,394.0,21.0,538.0500000000002,587,55,35.982551134707734,2025
621035,Chris Taylor,239,0.04286125499070543,0.042070980759854985,0.03474055380352909,-0.01465420784464365,0.02116638973801098,0.06447150672244276,0.10076303707645315,0.596,0.5972,0.899,0.3096,0.1268,0.061,241.0,120.0,390.0,24.0,541.0,587,43,32.325871313053504,2025
657136,Connor Wong,349,0.04282935839128309,0.04109344490068517,0.036226823622645614,-0.014761014492767247,0.019955883269569145,0.06520779957641004,0.10387635886660895,0.5812,0.5766,0.8902,0.3158,0.1382,0.0692,248.0,114.0,399.0,20.0,543.0,587,55,38.574822094244055,2025
669357,Nolan Gorman,760,0.04281714456091342,0.04121816792756772,0.0340487601246458,-0.011055616196533646,0.0206950285269003,0.06440752671443509,0.1008983940491401,0.582,0.5822,0.9024,0.3122,0.1332,0.054,247.0,116.0,394.0,24.0,533.0500000000002,587,108,93.91091109946032,2025
678009,Parker Meadows,367,0.04260014935640527,0.041292721573462574,0.03509563962933683,-0.014005195976353158,0.02067676057547757,0.06454231145642007,0.10185337178284766,0.5842,0.5842,0.8964,0.3128,0.13,0.0636,247.0,116.0,393.0,21.0,542.0,587,56,56.987231989957536,2025
669450,Cooper Hummel,185,0.04259060265552481,0.041167606607268356,0.036515022227695086,-0.016637776528633498,0.019497135322255922,0.06490501434903069,0.10399127539191233,0.5782,0.5786,0.8938,0.3106,0.1478,0.0658,249.5,115.0,402.0,20.0,541.0500000000002,587,35,23.099779321588617,2025
676070,Jacob Amaya,100,0.04252445660886316,0.04160691728097516,0.03635811469638255,-0.015970235294699264,0.019175359259200164,0.06453347729374204,0.103302381754579,0.581,0.5796,0.8862,0.3102,0.1368,0.0684,247.0,114.0,404.0,21.0,543.0,587,28,10.911147905043986,2025
657557,Paul DeJong,459,0.0425174620805562,0.04149471365937964,0.033819747969781516,-0.011723942462191567,0.020937147133943984,0.06387726835422668,0.10105912845749797,0.5856,0.584,0.9032,0.3004,0.1184,0.054,247.5,121.0,391.0,23.950000000000017,532.0500000000002,587,55,63.24270917154074,2025
668715,Spencer Steer,1091,0.04244115014889299,0.04132288792815683,0.03130679752575052,-0.008264513130094322,0.022553880158725552,0.06237579066115447,0.09571540643411056,0.5924,0.5918,0.92,0.291,0.1036,0.0446,247.0,129.0,382.0,31.0,523.0,587,142,142.78910324019648,2025
670623,Isaac Paredes,726,0.04242840271200543,0.040947570415981856,0.036500257456798836,-0.016359468866209564,0.019349027260494076,0.0645883359856092,0.10547214840458576,0.575,0.5718,0.8884,0.3108,0.1424,0.07,252.0,117.0,404.0,20.0,544.0,587,101,113.83344137226578,2025
700932,Kyle Manzardo,949,0.04238092230167796,0.0408166785880137,0.033809379402592626,-0.010427423355313707,0.020134118364383412,0.06308292323022781,0.09937949773121049,0.5728,0.5706,0.9078,0.2974,0.124,0.0562,254.0,122.0,394.0,25.0,534.0,587,142,116.7133397111945,2025
682626,Francisco Alvarez,497,0.04220504365100529,0.04099085233663007,0.03358193706844548,-0.012265191917693591,0.021069887145392457,0.06338035907642259,0.09928175334250697,0.5822,0.581,0.9052,0.2992,0.1252,0.0582,251.0,123.0,392.0,26.0,536.0,587,73,70.70674730786298,2025
669242,Tommy Edman,628,0.0421568295558806,0.04111294324968083,0.033556288426324646,-0.010112064309544326,0.020582667894545208,0.06274037067831557,0.09952546278907054,0.5842,0.5812,0.9082,0.302,0.1206,0.0534,252.0,123.75,395.0,25.0,532.0,587,96,76.31305075512796,2025
656941,Kyle Schwarber,1260,0.04213774293429484,0.04128175561209346,0.0337940479381396,-0.012404729445817352,0.020341229928527715,0.06303681441373762,0.09810142002029411,0.5818,0.5818,0.9024,0.3056,0.1226,0.056,248.0,124.0,394.25,26.0,534.0,587,162,205.3266890091594,2025
543807,George Springer,1025,0.042135957264373344,0.040704729144939125,0.032745570292535546,-0.010316740112635432,0.021097034413609935,0.06264052800286242,0.0981975871194995,0.575,0.5762,0.908,0.293,0.1118,0.0488,254.0,125.0,393.0,27.950000000000017,528.0,587,136,145.69757646387802,2025
665923,Esteury Ruiz,45,0.04209441596701555,0.04144312061887519,0.03715105692588141,-0.01631367562823288,0.018418834614357976,0.06487347992288436,0.10428733892922111,0.578,0.5792,0.8802,0.3156,0.1358,0.073,247.5,113.0,410.25,22.0,548.0,587,11,6.7267842862516085,2025
608324,Alex Bregman,781,0.04208806295741229,0.04092490279498723,0.03134013692856584,-0.008167883582089678,0.022092890740323258,0.062244357482560644,0.094542756191702,0.585,0.584,0.9182,0.2922,0.1048,0.047,254.0,127.0,383.0,32.0,526.0,587,114,116.07244704540196,2025
687637,Dylan Beavers,215,0.04207255830720889,0.04098963776897552,0.03530736822395928,-0.014793654021776957,0.019623005260553127,0.06404130197470811,0.10214305415807147,0.5794,0.5788,0.8954,0.3084,0.127,0.0638,250.0,117.75,400.0,23.0,540.0,587,34,33.47155057744099,2025
701350,Roman Anthony,463,0.04202927403037735,0.041466486466525815,0.03400082544754188,-0.013512637056645429,0.020680425381296243,0.06331457567906938,0.09827521003336168,0.5828,0.5838,0.9004,0.2998,0.1142,0.0634,251.5,123.0,394.0,26.0,537.0,587,69,65.43966013485225,2025
669234,Justyn-Henry Malloy,220,0.041917954743384715,0.04120879081871816,0.035855806948079806,-0.0162318015046454,0.019051705365579708,0.06403891698809323,0.10173846218484883,0.5818,0.582,0.8866,0.307,0.132,0.0708,252.0,116.0,403.0,21.0,545.0,587,51,25.875461971344965,2025
687478,Cam Devanney,78,0.04178414538680461,0.04128625428944111,0.03607639953812529,-0.016588364614801163,0.018663204069561387,0.06433345672409249,0.10289424081674135,0.5784,0.5782,0.8822,0.3144,0.1264,0.0714,251.0,116.0,402.0,21.0,545.0,587,12,11.176854302608497,2025
664059,Sam Haggerty,312,0.04178305888291783,0.04089274800033475,0.03485861481182433,-0.015289744396616178,0.019689920175696603,0.0635748953111619,0.0991950247385477,0.576,0.5778,0.891,0.2984,0.1222,0.0656,253.0,120.0,397.0,24.0,544.0,587,56,41.413498670179564,2025
657656,Ramón Laureano,922,0.04167157016317052,0.04090390299690527,0.03394991789932421,-0.01414523625077623,0.020032803475982852,0.06297237802138624,0.0987170303253266,0.574,0.5716,0.897,0.2954,0.1224,0.0608,251.0,120.0,401.0,26.0,537.0500000000002,587,129,116.86232254644392,2025
690924,Braxton Fulford,215,0.04157581980881883,0.04029746252181843,0.03559110498498975,-0.014885308427117336,0.018655475537239573,0.06307813124269199,0.1016024499923083,0.5662,0.565,0.8884,0.2962,0.128,0.0654,256.5,122.0,404.0,22.0,540.0,587,37,27.37783197915492,2025
671286,Johnathan Rodríguez,135,0.04157443793707821,0.04037060524422196,0.03571514633466242,-0.016925681811188056,0.020008608035967483,0.06331087352534312,0.10178915614138104,0.5688,0.5712,0.8886,0.3026,0.1284,0.066,255.0,120.0,397.0,25.0,542.0,587,27,22.458244756736264,2025
662139,Daulton Varsho,499,0.041528844709415626,0.04101154425343293,0.034540660083407226,-0.013110875233038444,0.019076027229168995,0.0628186483001981,0.09948408117372885,0.5776,0.5756,0.8952,0.3012,0.1222,0.0604,251.0,123.0,403.0,24.0,536.0,587,66,61.422427867273214,2025
676572,Eric Wagaman,862,0.04150572111864645,0.040650354481623345,0.032918071054004384,-0.01213386349654598,0.020699758762332744,0.06243063614334643,0.09614936351167658,0.576,0.5748,0.9042,0.2922,0.1096,0.0572,254.0,127.0,391.0,26.0,534.0,587,138,120.9418237099564,2025
642086,Dominic Smith,413,0.04143926801111823,0.040491856659445255,0.03461076507929414,-0.014787496620810968,0.019435655623759165,0.0627434377480259,0.09959661222985085,0.5726,0.5708,0.891,0.2974,0.126,0.068,256.0,122.0,400.0,26.0,542.0,587,63,45.9516192647298,2025
673962,Josh Jung,971,0.04132891022197488,0.04061987121370876,0.030589159524519835,-0.00891834896765726,0.022303838532385167,0.06107754829688096,0.09227479707007172,0.577,0.5742,0.9148,0.2762,0.1,0.0476,255.0,134.0,385.0,33.0,527.0,587,130,117.51424776679251,2025
668804,Bryan Reynolds,1269,0.041326976670869216,0.04073062751337622,0.03396319824879837,-0.014583466979795354,0.01953965073200149,0.06312390516888326,0.09726318940822712,0.574,0.5748,0.8972,0.2964,0.1184,0.0632,253.0,124.0,398.0,28.0,539.0500000000002,587,153,193.21913061200217,2025
683011,Anthony Volpe,1081,0.04130346798961324,0.040447123091777996,0.03207490176921635,-0.01061014343370822,0.02031850235744178,0.061523983094920194,0.0954040983393591,0.5744,0.5762,0.9068,0.2842,0.1098,0.05,258.0,130.75,391.0,30.0,528.0500000000002,587,148,137.45194787759772,2025
681962,Vinny Capra,157,0.041284771353770025,0.040558025940274106,0.035848018611827306,-0.016927866406768275,0.018416443741950464,0.06401914861164672,0.10070333978676835,0.5686,0.5656,0.8868,0.3034,0.1228,0.0736,253.0,121.0,405.0,25.0,546.0,587,39,20.14277290836712,2025
677870,Leo Jiménez,58,0.04124909374880139,0.0400683265377141,0.037047318007001555,-0.01883408616801153,0.01847843913716384,0.06400240234142521,0.10427437096403978,0.5688,0.5702,0.88,0.3032,0.1334,0.0774,256.0,117.0,409.0,19.0,548.0,587,13,8.820280253736257,2025
542303,Marcell Ozuna,1011,0.04119836600899703,0.04058761613066671,0.03305409007440002,-0.01294947886197465,0.019855572108986867,0.06185483503082107,0.09624213700396136,0.577,0.5754,0.9,0.2916,0.1084,0.0542,255.5,126.0,397.0,31.0,532.0,587,143,156.88060338164476,2025
553869,Elias Díaz,531,0.04119690228271491,0.040312378899055076,0.03555094848656739,-0.015854160200561913,0.018591321586790666,0.06317510416229452,0.10059066281724055,0.5692,0.5702,0.8844,0.2954,0.1276,0.073,253.0,125.0,405.0,24.0,545.0,587,96,63.9129954869525,2025
664056,Harrison Bader,922,0.04113358382404602,0.03999158649064383,0.03314690260547175,-0.01151239953867412,0.01971358978257482,0.061620838774158,0.09649680404027851,0.573,0.5708,0.9022,0.2866,0.1142,0.0562,258.0,130.0,403.0,28.0,532.0500000000002,587,135,105.58539867000175,2025
669743,Alex Call,480,0.04109534006408281,0.04075995459859545,0.035054084382022614,-0.01565349086559183,0.018814653281937512,0.06296005845533711,0.09944729285259546,0.5692,0.5694,0.8808,0.2976,0.1248,0.0666,255.0,123.0,403.0,25.0,539.0,587,91,66.71730715205666,2025
596115,Trevor Story,1293,0.04105369819165902,0.040416078073174405,0.031304178441838575,-0.00960738785952756,0.020816217563019185,0.06052043453157175,0.09388013173369568,0.5706,0.5678,0.9132,0.2784,0.1062,0.0522,256.5,134.0,392.25,31.0,531.0,587,156,179.77770945361982,2025
669701,Josh Smith,1009,0.041044266838239474,0.03979818382335108,0.03254206481203256,-0.00965156644337741,0.019787793852638225,0.061334045924070754,0.09696473206755554,0.558,0.5562,0.9034,0.2812,0.1046,0.0548,262.0,133.0,397.0,29.950000000000017,532.0,587,140,135.2919776552188,2025
663656,Kyle Tucker,1026,0.04101339016722692,0.040268135652354764,0.03297036227093455,-0.013366383205745914,0.020531363628325864,0.0615376657416888,0.09557556149083438,0.5692,0.5668,0.903,0.2868,0.11,0.0588,257.0,128.0,395.0,30.0,535.0,587,135,143.37853913216037,2025
514888,Jose Altuve,1070,0.04100478788113786,0.04069635490494388,0.03091950417264964,-0.010987445219398637,0.02166531960102179,0.06040230614531477,0.09213105039169196,0.5834,0.5834,0.911,0.2764,0.0928,0.0502,253.0,136.0,387.0,36.0,529.0,587,153,162.58282136493347,2025
622569,Pablo Reyes,56,0.04096143732644392,0.03978224985746545,0.03608302351444148,-0.017451374108251646,0.01827469547122305,0.06319098403733227,0.1019835331661252,0.5676,0.5626,0.884,0.293,0.1226,0.076,259.0,122.75,408.0,22.950000000000017,546.0500000000002,587,19,5.7361014228127045,2025
695600,Carter Jensen,137,0.040945872194502436,0.03983222540849723,0.03636746615380398,-0.01825654029010859,0.017915927871343933,0.06378101056411759,0.10200075426994429,0.559,0.5576,0.8774,0.3018,0.1306,0.0738,255.5,120.0,412.0,22.0,546.0,587,19,12.526286367543722,2025
682988,Tyler Locklear,232,0.04088721117804899,0.04016558843551584,0.03620126474604613,-0.018055374850308288,0.018197612701882915,0.06292743372026968,0.10173275074055087,0.5642,0.5634,0.8766,0.297,0.123,0.0714,258.5,123.0,408.0,23.0,545.0500000000002,587,31,23.44129818010252,2025
686452,Drew Millas,93,0.04085345744638536,0.03898408709983624,0.03626413925242645,-0.016899832245963194,0.018551427858785753,0.06265614037873678,0.10233641179370319,0.554,0.5528,0.8864,0.2938,0.1262,0.0696,262.0,125.0,405.0,22.0,543.0,587,16,10.476936086247408,2025
665052,Griffin Conine,153,0.04069129535324683,0.039264586936998434,0.03573831848993636,-0.018248330553079378,0.01929013557465263,0.06313679551284049,0.09927954463778374,0.5588,0.5574,0.8872,0.2932,0.1188,0.0724,261.0,124.0,405.0,26.0,546.0,587,24,16.417021723400197,2025
694376,Shay Whitcomb,69,0.040663712217023376,0.03961564518643508,0.035917661380340304,-0.016291375591696737,0.01694114147712658,0.06304276346533283,0.10150620308529039,0.5562,0.5578,0.8818,0.2912,0.127,0.0732,259.0,124.0,415.0,25.0,545.0,587,15,9.723655375194863,2025
672744,Alexander Canario,474,0.04052490044638551,0.03898438977542569,0.034777909977735715,-0.015542283092973846,0.018633920258406718,0.061869515187384636,0.09902362393948014,0.5514,0.5512,0.8948,0.2838,0.116,0.0634,266.5,130.0,406.25,26.0,539.0,587,74,65.75816523188233,2025
692216,CJ Kayfus,251,0.04052151677033099,0.04001461242559777,0.03600707420333845,-0.018732813221182514,0.017810045702877565,0.06361739258183303,0.10082289667432025,0.5616,0.5606,0.8832,0.3022,0.1262,0.0748,258.0,123.0,409.0,23.0,548.0500000000002,587,42,34.3361356680943,2025
680700,Richie Palacios,71,0.04032056241484289,0.03972997434209588,0.03683664192865267,-0.020286634130291803,0.017481818206327045,0.06346234052999009,0.1021546025728292,0.5556,0.5552,0.8718,0.2952,0.1272,0.0828,260.0,124.0,415.0,23.0,549.0500000000002,587,15,7.87731818874911,2025
666397,Edouard Julien,348,0.04031266807760261,0.03967744667850792,0.034046059236872046,-0.01607776819136107,0.01867569396904924,0.06179543645168395,0.09591048501019166,0.5608,0.5612,0.8902,0.2862,0.1108,0.0672,262.0,127.0,405.25,29.0,542.0,587,62,49.05515281934893,2025
665839,Enmanuel Valdez,160,0.040217064629042884,0.03930526067946065,0.036342519485792764,-0.01987357672521244,0.017412125219372906,0.06288728227769398,0.10000987314070947,0.5576,0.5562,0.8756,0.2928,0.1252,0.0736,263.0,123.0,413.0,24.0,547.0,587,30,15.133078566700377,2025
691785,Marcelo Mayer,255,0.04021361069987824,0.04004220595453441,0.035506371783762994,-0.017943899856745844,0.01831055574441893,0.062473347307282844,0.09943008659079275,0.5618,0.5606,0.8856,0.2968,0.117,0.0712,259.0,125.0,406.0,25.950000000000017,543.0,587,42,28.895310174316403,2025
595777,Jurickson Profar,662,0.039933983749026784,0.039323763732298525,0.03479940469128597,-0.01675865259812649,0.018562567763055645,0.061592750544143184,0.09870149218412695,0.55,0.5498,0.8816,0.279,0.1158,0.0728,266.0,132.0,409.0,27.0,545.0,587,80,97.52549702095347,2025
693304,Nick Gonzales,770,0.0399175447159858,0.03891879085913122,0.033342915909774465,-0.012774300623547525,0.01841390177402972,0.06009348509133975,0.09754855129725194,0.5578,0.5582,0.8926,0.2768,0.1056,0.0598,265.0,133.0,404.0,29.0,538.0,587,95,106.57988533793548,2025
643289,Mauricio Dubón,693,0.03982500295949196,0.039151000673607314,0.032611823433954294,-0.01375893799695819,0.019059491159027678,0.06152222605637262,0.0941316708166194,0.554,0.5506,0.8962,0.2782,0.1028,0.059,264.0,134.0,401.0,32.0,536.0,587,118,95.145559510436,2025
681624,Andy Pages,1236,0.03978788794822865,0.03958107494455135,0.033264306139612156,-0.015394492422778622,0.018911430394017673,0.061058890903564256,0.0943290402903857,0.5604,0.5606,0.8916,0.2806,0.1052,0.0664,262.0,133.0,400.0,30.0,542.0,587,155,159.14895060748847,2025
663662,Daz Cameron,84,0.03977126108906858,0.03911330329964685,0.03620672671639044,-0.019034199951050684,0.01690708128616107,0.062400775409691,0.09897725088852463,0.5486,0.5482,0.8774,0.2892,0.1166,0.0752,267.0,126.0,417.0,27.0,548.0,587,17,8.95649087435828,2025
671218,Heliot Ramos,1246,0.03973259160152862,0.039207597332207314,0.03331558549992706,-0.014457193571595198,0.018709527195682158,0.06089000396068714,0.09448467107141652,0.5578,0.5606,0.8912,0.2792,0.1034,0.0694,262.0,133.75,404.0,29.950000000000017,542.0,587,157,158.01688256315265,2025
677956,Rece Hinds,91,0.03972441744369861,0.039707118409299635,0.03577678828612824,-0.019985447976972343,0.017656791718421303,0.06247344699522667,0.0973668577991177,0.5546,0.5534,0.8746,0.2916,0.1124,0.0818,263.0,128.0,414.0,28.0,552.0,587,14,11.573573598922298,2025
680779,Henry Davis,573,0.03971472039453022,0.03869523983929783,0.03290144211674218,-0.014071060981933321,0.018025269504239758,0.060204728169907275,0.09535774952115074,0.5524,0.5488,0.8984,0.2686,0.101,0.0614,265.0,138.0,407.0,30.0,538.0500000000002,587,81,73.93486422951733,2025
686554,Oliver Dunn,61,0.03969572053795117,0.03888579647885003,0.03609347107078704,-0.01864822256126652,0.01715470530591459,0.06210555743605477,0.10113814939455085,0.5444,0.5428,0.8766,0.288,0.1186,0.0786,267.0,130.0,414.0,25.0,548.0,587,13,7.8745846601848575,2025
670032,Nicky Lopez,45,0.03968233541420978,0.0390839589869864,0.03485508053906807,-0.017715266620569017,0.017735270577344524,0.06156502643618851,0.09909353166648463,0.5484,0.5468,0.8822,0.2838,0.1118,0.0732,268.0,131.75,411.0,27.0,544.0,587,13,8.821377219932492,2025
621043,Carlos Correa,1024,0.03956876501224398,0.03919091726257935,0.03402846605731995,-0.016486523830434037,0.01813526087133077,0.06056246591511287,0.09544360602757604,0.551,0.5486,0.885,0.278,0.1024,0.0658,267.0,134.0,407.0,30.0,541.0,587,142,124.23168152755204,2025
642350,Jose Siri,80,0.039551979088849484,0.039240771652031846,0.036847432758297244,-0.020849196534557343,0.016657255989962323,0.062238607041168584,0.10076878802370608,0.548,0.546,0.874,0.2932,0.1196,0.079,261.0,127.0,419.0,24.0,551.0,587,12,7.720873541152591,2025
663853,Romy Gonzalez,653,0.03945768023781309,0.03919700035224954,0.034302265474042304,-0.01720068851266499,0.018332875266349302,0.06103280636958353,0.09616132947201854,0.5558,0.5554,0.8834,0.2788,0.1078,0.0686,263.5,132.0,406.0,30.0,545.0,587,92,82.4064376683323,2025
656484,Tristan Gray,158,0.03941558705857587,0.0390381408286474,0.03492942829610958,-0.0185336004047425,0.017106257016576785,0.061342584701961175,0.0982248716104492,0.5554,0.554,0.882,0.281,0.1096,0.0758,263.0,129.75,415.0,29.0,546.0,587,27,18.01532868254449,2025
690291,Jace Jung,102,0.039390049238184545,0.038194484017440994,0.03597023439352502,-0.01948552120707427,0.016776582114767735,0.062042029087388935,0.09824955545928293,0.5426,0.539,0.8738,0.2862,0.1186,0.076,270.0,126.0,420.0,25.0,546.0,587,19,12.448117205709408,2025
702176,Alan Roden,252,0.039350677185498194,0.03880877787343471,0.03584911135833472,-0.018970734132177453,0.016153323744245978,0.06227901335747612,0.09832281549519997,0.549,0.5472,0.8702,0.2876,0.1208,0.0802,264.0,129.0,417.0,25.0,550.0,587,47,23.741586914259106,2025
665953,Andrés Chaparro,141,0.03932155853922225,0.03889324901008169,0.03505983450303156,-0.019049203999530872,0.017420787147434877,0.06070414509542896,0.0984522340441384,0.5464,0.5494,0.8794,0.2728,0.1072,0.079,266.0,134.0,415.0,27.0,545.0500000000002,587,26,18.67114695949793,2025
665487,Fernando Tatis Jr.,1152,0.039303430506930574,0.03881765547496989,0.03224405108389068,-0.013451017311253163,0.019106864089614567,0.059241837782553916,0.09351610241788087,0.554,0.5524,0.8956,0.2616,0.0962,0.0564,265.0,141.0,407.0,33.0,532.0500000000002,587,155,171.11786259972746,2025
682622,Noelvi Marte,645,0.0391644623146655,0.038467241646167466,0.03534081237563297,-0.018296189712042974,0.017204817123181226,0.06112742997564568,0.09824777409093056,0.5482,0.5452,0.872,0.2836,0.1178,0.0764,269.0,129.0,414.0,28.0,547.0,587,88,84.72592107068967,2025
592885,Christian Yelich,1170,0.03913013822564511,0.038713095479699484,0.03133590368066808,-0.012681619015208284,0.01908145992646302,0.05893493305717022,0.09176300355968581,0.5584,0.5548,0.8998,0.2556,0.0966,0.061,267.0,144.75,403.25,35.0,537.0,587,149,171.27531508230186,2025
592192,Mark Canha,228,0.039097205503659804,0.03815552469156511,0.03614815346410445,-0.019411081686019533,0.01609108605196152,0.06235781019606956,0.0998641004969368,0.5422,0.5388,0.8662,0.2856,0.1166,0.0848,270.0,130.0,421.0,24.0,550.0,587,46,22.951400733603162,2025
686469,Vinnie Pasquantino,1204,0.03909181236638487,0.038474225862752995,0.03127966515995809,-0.013551891112925134,0.019584757212638738,0.059250516303668455,0.0920305945286131,0.5426,0.5422,0.901,0.26,0.089,0.0556,271.0,143.0,404.0,36.0,533.0,587,159,155.93494314914074,2025
665561,Rafael Marchán,200,0.03907222192717383,0.037949950246628165,0.036815613092915325,-0.020949127126433386,0.01593682973524122,0.062008883219522,0.10082499381558582,0.5364,0.5378,0.8666,0.289,0.1222,0.085,272.0,126.75,422.0,22.0,551.0500000000002,587,39,22.10068851923797,2025
668800,Andrew Knizner,150,0.039045434151328814,0.037991851197010484,0.03661182815039406,-0.020102432875219563,0.01628932702668726,0.061821618050717224,0.09975378143132077,0.5372,0.5346,0.8656,0.2864,0.1196,0.0802,272.0,126.0,421.25,24.0,549.0,587,30,17.625146872072573,2025
664702,Myles Straw,476,0.039025051315509526,0.03856760314895989,0.03548508867357242,-0.01867863085260971,0.016731600452118828,0.061183739450419126,0.09736527086303315,0.5462,0.5448,0.8804,0.2808,0.114,0.0768,270.0,131.0,416.0,25.0,547.0,587,100,52.49576538252621,2025
678011,Anthony Seigler,109,0.038877863103186826,0.03853870006083988,0.035967563741191054,-0.019376089201249072,0.016638692984248922,0.06142654026205626,0.09802933808460894,0.5424,0.5448,0.869,0.28,0.1178,0.0778,270.0,129.0,421.0,27.0,548.0,587,32,8.8108699675644,2025
668942,Josh Rojas,353,0.03881466291944876,0.03824951526008318,0.033246624008233326,-0.015947070594243218,0.01777697319044039,0.05918292205282918,0.09457016780186836,0.5454,0.5456,0.8848,0.2634,0.0978,0.0672,271.0,140.0,407.0,30.0,543.0,587,63,40.571674691249605,2025
543877,Christian Vázquez,349,0.03880606949059823,0.03799212552049959,0.035044633400226906,-0.017887548451716258,0.016669741458937327,0.060940593232442095,0.0958310373517239,0.5356,0.5358,0.8738,0.2772,0.107,0.0754,273.0,134.0,416.0,29.0,547.0,587,62,42.1110015896527,2025
690987,Robert Hassell III,369,0.038689595798145286,0.03875948031643267,0.035914131527165265,-0.02066364637237744,0.015618432851041215,0.061038603823155214,0.09850530658318898,0.5382,0.5384,0.8672,0.2772,0.1158,0.0816,271.0,132.0,420.0,26.0,548.0,587,64,43.065143252109294,2025
680577,DaShawn Keirsey Jr.,173,0.03867937865602797,0.03818270340238886,0.03588961973920632,-0.018254912988313075,0.015851365625809993,0.06056758585833154,0.09784629936283938,0.5358,0.5342,0.8732,0.2724,0.1102,0.077,272.0,137.0,423.0,27.0,547.0,587,35,17.142667411112605,2025
672016,Denzel Clarke,285,0.038646238761695186,0.03760781055402533,0.036046993385812576,-0.020280012476268438,0.01599466438655963,0.06123703211154184,0.0981237856084374,0.5344,0.5336,0.8762,0.2766,0.1126,0.0808,276.0,134.0,420.0,25.950000000000017,552.0,587,46,33.723215610468344,2025
687859,Troy Johnston,230,0.038590811181668315,0.03794218257388719,0.03637195680372961,-0.020138449503380774,0.0156299443445238,0.06124033459094584,0.09888177688696854,0.5336,0.5334,0.8644,0.2802,0.1176,0.0836,274.0,132.0,420.0,25.0,551.0500000000002,587,44,28.342990792151678,2025
643446,Jeff McNeil,876,0.038563836979293255,0.03829705946702067,0.03217118763951199,-0.013785702382646918,0.01811174276823275,0.05939732529965452,0.09135573700565022,0.5432,0.5426,0.8874,0.262,0.0932,0.0632,272.0,141.0,407.0,35.0,537.0,587,121,124.44121658113772,2025
493329,Yuli Gurriel,69,0.03849687800155937,0.0382638911284142,0.03652615644729136,-0.021310467632755806,0.015792683872511044,0.06148656108744216,0.09918473497015054,0.5374,0.5374,0.8686,0.2766,0.1164,0.0818,271.0,134.0,423.0,24.0,551.0,587,16,6.570620065214952,2025
621493,Taylor Ward,993,0.03849036180765508,0.03803776920435277,0.03147509660371046,-0.013298146843720781,0.01827236207704845,0.05821244938041615,0.09188326468288971,0.5388,0.5402,0.8936,0.2528,0.096,0.0572,274.0,146.0,408.0,33.0,535.0500000000002,587,156,157.12525800772266,2025
670541,Yordan Alvarez,350,0.03845976969835466,0.03810010355600804,0.03380486276799718,-0.016399970178177323,0.017474519953851214,0.05970857744982936,0.09314039169929604,0.536,0.536,0.8798,0.2642,0.0998,0.068,272.0,141.0,412.0,33.0,543.0,587,48,48.61005795278891,2025
571912,Luke Maile,91,0.03841869640164545,0.03765000519777602,0.03635033588161162,-0.021145511776441177,0.015871438544941555,0.061453588027436626,0.09732764152753094,0.532,0.5314,0.8632,0.2774,0.1148,0.083,277.0,132.0,423.0,24.0,550.0,587,19,11.86357599703248,2025
681351,Logan O'Hoppe,897,0.03836813883449614,0.0373116139388268,0.03395237353474404,-0.01685844811537747,0.016840355092737125,0.05961720304774727,0.09374503501211008,0.5296,0.5288,0.8806,0.2564,0.1026,0.073,277.0,144.0,414.0,32.0,545.0,587,119,122.27816733171753,2025
687363,Victor Scott II,732,0.03831921077238791,0.03790581157981464,0.03458549431813057,-0.018866465736490038,0.016958531034469034,0.05958197981967405,0.09562542496648468,0.5366,0.5346,0.8748,0.2636,0.1012,0.076,273.0,141.0,415.0,31.0,546.0,587,131,93.12228412075993,2025
702332,Caleb Durbin,777,0.03816867173773925,0.037820582111679255,0.03425245917670217,-0.018442499135580357,0.01631809496452884,0.05979673265850765,0.09567256598447456,0.5348,0.5378,0.8748,0.2634,0.1034,0.0728,272.0,139.0,417.0,31.0,545.0,587,132,91.72252816633655,2025
687401,Joey Ortiz,842,0.038149159333107356,0.037730676895662174,0.03260658122760824,-0.014917975644182561,0.017459662297930653,0.05854475062195577,0.09173257259353744,0.5364,0.539,0.8838,0.2566,0.092,0.067,273.0,144.75,410.0,34.0,541.0,587,145,102.76251431149097,2025
665828,Oswaldo Cabrera,208,0.0381190970535458,0.0374749971571202,0.03611017812795368,-0.019835835060713767,0.01502091952275103,0.06052159926504401,0.09869810111454123,0.53,0.5292,0.8632,0.2712,0.1118,0.0818,277.0,134.75,428.0,26.0,552.0,587,33,26.13291619176337,2025
691781,Brady House,548,0.03810009891569355,0.038056362128976076,0.034366349349017035,-0.018367210254532893,0.015975471348902752,0.05963697016299337,0.09474092015532452,0.5382,0.5402,0.8774,0.2694,0.097,0.0764,269.0,138.0,418.0,31.0,549.0,587,73,59.24724167757974,2025
602104,Ramón Urías,709,0.038091945645105714,0.03703175745387362,0.03497444864941913,-0.018498547245943082,0.016296006976175816,0.059943848025194785,0.096887703033648,0.5296,0.526,0.8728,0.2706,0.1096,0.0744,280.0,137.0,422.0,27.0,547.0,587,109,83.66821775900696,2025
553993,Eugenio Suárez,1281,0.03802499834917429,0.03783959452773859,0.033385582398667624,-0.015839708238860745,0.016756023942155533,0.058685991080588695,0.09416210894892477,0.5344,0.5344,0.8794,0.2612,0.0936,0.0704,276.0,141.0,415.0,31.950000000000017,540.0,587,157,175.14609249847751,2025
668885,Austin Martin,271,0.038007402839111026,0.03769049798845629,0.036106493002838684,-0.02139055424272863,0.015737581025018002,0.0605765187387492,0.09676430051791003,0.5304,0.5298,0.8626,0.2704,0.1072,0.0848,274.0,137.0,423.0,28.0,552.0,587,46,36.80271039144911,2025
686681,Michael Massey,534,0.03796305843922797,0.03731546485395823,0.033383042955848104,-0.01578720135087842,0.016337856275802892,0.05912991833345562,0.09512661516801005,0.531,0.5308,0.881,0.2478,0.097,0.0722,277.0,149.0,417.0,32.0,542.0,587,75,54.69379247822509,2025
680574,Matt McLain,978,0.037961805307037,0.03754822975820428,0.03357973347136936,-0.017391722658813984,0.0168639996062231,0.06025989688248909,0.09208821541495632,0.5344,0.5344,0.8768,0.2694,0.098,0.0738,275.0,138.0,416.0,36.0,544.0,587,142,140.48460277143877,2025
642708,Amed Rosario,346,0.03776040527881759,0.0372450856873041,0.036422577248776476,-0.022482348573524318,0.015125322509324036,0.06027450143125174,0.09922262186254821,0.5288,0.5304,0.8594,0.2726,0.1102,0.0844,277.5,134.0,423.0,26.0,553.0500000000002,587,60,35.90439164845667,2025
694208,Moisés Ballesteros,109,0.037718527938877255,0.03733234364716393,0.036330452594088944,-0.021113047052149444,0.015045233872959337,0.059730624562580076,0.09870408149848899,0.5296,0.526,0.8628,0.2696,0.109,0.081,279.0,136.0,425.0,26.950000000000017,549.0,587,19,11.445658024788067,2025
681807,David Fry,321,0.03759267946269563,0.03678000404116645,0.036111735122133684,-0.02182452734690046,0.01516167265831049,0.05982453263471266,0.09879913367601426,0.5212,0.5252,0.8624,0.268,0.1092,0.0862,282.5,137.0,424.0,25.950000000000017,554.0,587,63,37.77692297487124,2025
571970,Max Muncy,672,0.03748843445517984,0.03669822046360245,0.034294149437401805,-0.01823559874455541,0.01581514885936181,0.058881832127928496,0.09429187494239027,0.5208,0.5206,0.873,0.2622,0.1016,0.073,282.5,141.0,420.0,29.0,547.0,587,99,86.86843331196637,2025
571448,Nolan Arenado,771,0.03743949424285444,0.03709287430791451,0.0320409194138491,-0.015150373326361056,0.016540341838110387,0.05792331263701862,0.08990656635361755,0.5318,0.5334,0.8834,0.2486,0.0846,0.0642,277.5,148.0,414.0,38.95000000000002,539.0,587,106,107.17146336091446,2025
670156,Miles Mastrobuoni,244,0.03728070246031238,0.03680970842266422,0.035671908028656794,-0.020425700629314193,0.014278561570251034,0.05982030426200015,0.09546413626347618,0.5216,0.5194,0.8624,0.2644,0.107,0.091,282.0,139.0,427.25,27.0,553.0500000000002,587,66,25.433198347607828,2025
600869,Jeimer Candelario,180,0.037251650231469556,0.036822370239092,0.03685021202158485,-0.02281264297308648,0.014213963638571237,0.0603481896620451,0.09750463349881476,0.5256,0.526,0.8532,0.269,0.1118,0.0966,279.5,137.0,431.0,27.0,555.0,587,22,28.945209930820983,2025
519317,Giancarlo Stanton,495,0.03723256232930766,0.0370220710497222,0.03494301121421618,-0.02084253366993076,0.015714747493002473,0.058689296284834214,0.09553755469884234,0.5194,0.5212,0.8638,0.2658,0.1044,0.0822,281.5,140.0,423.0,29.0,550.0,587,76,59.12910335723236,2025
669722,Logan Davidson,88,0.03722898178165989,0.036955471633477024,0.03714431047464911,-0.024035568324535076,0.014275538658935348,0.060816762389915804,0.09815457888176668,0.5272,0.5224,0.8592,0.2794,0.1114,0.0888,280.0,132.75,428.25,26.0,555.0,587,16,11.647272175861012,2025
687957,Dustin Harris,90,0.037212093426818055,0.03673036653014407,0.0368482874461006,-0.02284312302430987,0.014241405436418893,0.06014518431707162,0.1000015216998082,0.5234,0.524,0.8564,0.2734,0.1134,0.0876,280.0,136.0,428.0,25.0,554.0,587,17,12.737564671806988,2025
808975,Hyeseong Kim,326,0.03718165961500137,0.036918195580898115,0.03572739884522336,-0.02138910835468539,0.015025460796994124,0.05935253377449438,0.09622211852911,0.5198,0.52,0.8606,0.2666,0.1062,0.0858,281.0,140.0,426.0,30.0,551.0,587,58,35.66018329225619,2025
663968,Jake Mangum,848,0.037150806244753025,0.03699625796669399,0.034902483983980326,-0.020398097171342302,0.014970129666491628,0.059115307318337626,0.09539694766493295,0.5262,0.5264,0.8618,0.2526,0.1004,0.0838,279.0,146.0,424.0,31.0,550.0,587,115,107.03855220674751,2025
663609,Luken Baker,73,0.037107068479532615,0.03643295853782939,0.036938951470194936,-0.02406786945916604,0.014436476641748427,0.06049410417703324,0.09802885007617519,0.5166,0.5156,0.8602,0.2718,0.1138,0.0914,284.0,136.0,427.0,26.0,557.0,587,17,13.293019228542482,2025
695681,Christian Moore,362,0.03707832872100822,0.036743811360241685,0.035274008945723474,-0.020526896612812758,0.014993340073580854,0.058905652357024364,0.09656590540606567,0.5172,0.5172,0.8656,0.2572,0.1042,0.0846,284.0,142.0,423.0,30.0,551.0,587,49,44.40444948729099,2025
687952,Christian Encarnacion-Strand,262,0.037028090164115506,0.03673089990090398,0.03589231293088438,-0.02153480351258768,0.014839283403720512,0.058987359087575485,0.09666286102099189,0.5144,0.5162,0.864,0.26,0.1064,0.0854,284.5,142.0,428.0,29.0,554.0,587,36,23.983366997379488,2025
677649,Ezequiel Duran,415,0.036963356522171815,0.03656861976820765,0.034608550124963305,-0.020075809697589177,0.015151279861909573,0.058137176534064125,0.09551653804630895,0.5228,0.5226,0.866,0.2526,0.0976,0.0852,282.0,146.0,423.0,29.950000000000017,551.0,587,75,46.599793441121,2025
668227,Randy Arozarena,1214,0.03695884808989661,0.036520817721803434,0.03341377079725416,-0.017276341357861297,0.015746320475142243,0.05813855981041544,0.09259990953777263,0.5224,0.5204,0.879,0.2474,0.0998,0.0702,283.0,150.0,422.0,35.0,543.0500000000002,587,158,175.40628398887497,2025
683002,Gunnar Henderson,1161,0.036929351916504996,0.03654045762029042,0.03181642712440501,-0.014825679738541412,0.01647980521915244,0.05676671042219381,0.09057780470895184,0.5228,0.5196,0.8848,0.2394,0.0804,0.0666,283.0,153.0,415.0,41.0,540.0,587,153,151.47309382441927,2025
664728,Kyle Isbel,610,0.036906716891222435,0.036628654611844294,0.03672792984586574,-0.02262840991828911,0.013644252318910043,0.05950523157306519,0.09848899553474631,0.5236,0.52,0.8496,0.265,0.1118,0.092,282.0,139.0,431.0,26.0,554.0,587,123,64.38996751499991,2025
543592,Austin Nola,70,0.03687129053365865,0.03652833642889369,0.03626401852952053,-0.024380175979017767,0.014587094967925828,0.05999180567019826,0.09725031073558456,0.5198,0.5214,0.858,0.2666,0.1074,0.0942,283.0,138.0,429.0,28.0,557.0500000000002,587,14,4.877546953848766,2025
665804,Miguel Amaya,204,0.03686226870186852,0.0364906543647576,0.03610502617631213,-0.022538865741969446,0.014081368359911542,0.059333080517327455,0.0969362746468231,0.5204,0.5178,0.8614,0.262,0.1046,0.0906,283.0,141.0,432.0,29.0,553.0,587,28,27.096270538966984,2025
596103,Austin Slater,315,0.036849738058376394,0.036540826464908124,0.03663387823575285,-0.02303176568121344,0.013689019866264467,0.06038724382025267,0.09740334611110425,0.52,0.517,0.8518,0.2692,0.1068,0.0912,283.0,138.0,432.0,26.0,555.0,587,59,39.72440503375121,2025
666185,Dylan Carlson,444,0.0367919768649535,0.036360903139520104,0.03431603694571522,-0.0198289658683522,0.014891715084482218,0.05855118830113329,0.09362816620195459,0.51,0.5122,0.8676,0.2496,0.0942,0.0832,288.0,148.0,427.0,34.0,550.0,587,73,59.87851160204822,2025
676679,Luis Vázquez,100,0.036752705349712644,0.03642746011061945,0.03687960124664793,-0.02347380440149236,0.013562544017845894,0.05971219050025717,0.09721003888124229,0.516,0.5144,0.854,0.272,0.1088,0.0934,285.5,136.0,434.0,29.0,554.0,587,19,9.282764659972772,2025
545121,Ildemaro Vargas,209,0.03673665173261647,0.036532458245969776,0.036254355317150905,-0.022897166838474717,0.01435022662144475,0.05936953656437577,0.09565179489429125,0.523,0.5218,0.8564,0.2644,0.1064,0.092,281.0,140.0,429.0,30.0,554.0,587,36,17.479102045469347,2025
666163,Ben Rortvedt,225,0.03670356729090409,0.03595103852405564,0.03529681304281823,-0.019470042496312973,0.014022015005392388,0.0595777765993943,0.09513955429189959,0.5122,0.5124,0.863,0.2656,0.105,0.0858,286.0,138.0,432.0,32.0,552.0,587,41,35.467642767078324,2025
642136,Matt Thaiss,366,0.03667021234275892,0.035886912976182316,0.03631916230955644,-0.023053706065645944,0.014286949804926462,0.05917588652601303,0.09781648780556988,0.516,0.5156,0.8544,0.2652,0.1066,0.09,285.0,140.0,428.0,28.0,556.0,587,58,48.27118818903754,2025
621028,Kevin Newman,211,0.036604836887957376,0.03596137607114708,0.03493456434580509,-0.019529258470573067,0.014590502425448315,0.05893394749840192,0.09408041137536156,0.5122,0.5098,0.8588,0.2566,0.0962,0.089,285.0,144.0,430.0,32.0,554.0,587,44,23.231199323529285,2025
676356,Jonny DeLuca,110,0.036583262903967025,0.03606000462622491,0.03639565504617767,-0.023135339120647632,0.013730516820768389,0.059520266072340025,0.09648147177070435,0.5156,0.513,0.8526,0.2646,0.1092,0.093,286.0,136.0,433.0,28.0,555.0,587,18,14.073135197766032,2025
593428,Xander Bogaerts,825,0.036553042002815825,0.03664583823172379,0.03526514312867404,-0.02155864008712631,0.014106225297548479,0.058363543830101804,0.09564418229535555,0.5194,0.5218,0.861,0.253,0.1034,0.0878,282.0,146.0,429.0,28.0,552.0,587,136,104.75322769563296,2025
669134,Luis Campusano,43,0.036546549629621006,0.03614007330605988,0.03631704451842412,-0.021793055343326206,0.013407086724358178,0.058439257589180636,0.0986598690010781,0.5126,0.5092,0.857,0.256,0.1036,0.0886,286.0,144.0,434.0,28.0,551.0500000000002,587,9,9.484696831208867,2025
663886,Tyler Stephenson,589,0.03646668647437996,0.03629522439484169,0.034303743778914625,-0.018492491320400265,0.014852470481213223,0.05803659499384618,0.09318022658440331,0.515,0.5176,0.8618,0.2504,0.0994,0.0778,284.0,147.0,427.0,33.0,549.0,587,87,77.38510452716375,2025
595751,Jorge Alfaro,95,0.03644767967596232,0.0368287435359394,0.035293855007481154,-0.02225623512151628,0.014754079215547479,0.058178483614917426,0.0937818133871302,0.5222,0.5216,0.8634,0.2532,0.0946,0.0898,281.0,146.0,426.0,33.0,552.0,587,11,20.774054762924557,2025
664040,Brandon Lowe,1163,0.03642391266103301,0.03600432529473081,0.030986290882674114,-0.014703324945534408,0.016840224290789428,0.05594305162758095,0.08732629761060348,0.5108,0.5124,0.8862,0.2346,0.0752,0.0678,288.0,157.75,416.0,44.0,539.0500000000002,587,133,169.8916308003097,2025
642851,Austin Wynns,219,0.03638564109419674,0.036002818929712535,0.035269732701107726,-0.02260456122735879,0.014518383839532249,0.05764790004329044,0.09423683828684411,0.5098,0.5098,0.863,0.2482,0.0984,0.084,288.0,148.0,429.0,31.0,552.0,587,35,27.46707189771243,2025
676801,Chas McCormick,219,0.03637371789108824,0.03588363035232618,0.03626240254478344,-0.02352568707259653,0.012780550544408319,0.059987278699566236,0.09568539792254338,0.5096,0.5086,0.8542,0.268,0.104,0.092,289.0,138.0,433.0,31.0,553.0,587,44,28.26534337612634,2025
668930,Brice Turang,1192,0.036358991899637344,0.036292962898179945,0.03219383751564878,-0.016966174631004388,0.016229563893043725,0.05653431072178842,0.08976891095460136,0.5162,0.5172,0.8756,0.2364,0.0826,0.071,286.0,155.0,419.0,40.0,544.0500000000002,587,155,192.19763338245764,2025
680837,Ryan Fitzgerald,77,0.03629269903679012,0.03591858211607185,0.036299108763921575,-0.02250935590456242,0.013153202032991864,0.0590372480648652,0.09618548186109493,0.5092,0.5074,0.8464,0.2568,0.1074,0.098,289.0,143.0,434.0,30.950000000000017,553.0,587,17,6.866938877183978,2025
671284,Tim Elko,142,0.03628925788230498,0.03594484355766803,0.03530244579300156,-0.022506022267317145,0.014361144408223395,0.058653301274981265,0.09486716337795509,0.5128,0.513,0.8596,0.2566,0.0986,0.084,287.0,144.0,428.0,32.0,553.0,587,22,18.60538293567958,2025
622761,Jorge Mateo,163,0.03627464601360944,0.03606565521977668,0.03674157686975801,-0.0252193868777877,0.013819262717345411,0.059392679849464905,0.09573911444457003,0.511,0.5102,0.8488,0.2608,0.101,0.0986,289.0,140.75,434.25,28.0,557.0,587,27,20.395528474481345,2025
669236,Jeremiah Jackson,355,0.0361034709132833,0.035679266391382324,0.035949025172337036,-0.022767402628990307,0.014142341783868653,0.057566239500976765,0.0961983262232477,0.5074,0.5088,0.8494,0.2552,0.1,0.0942,289.0,145.75,433.0,27.0,556.0,587,47,49.80198757293311,2025
606992,Eric Haase,157,0.036098349077533814,0.035941349110556575,0.03656690330717151,-0.023534886882570518,0.012478869767433134,0.05857981392406526,0.09791358719651713,0.5084,0.5084,0.8554,0.255,0.1034,0.0922,288.0,145.0,438.0,29.0,552.0,587,27,23.570818058758505,2025
595879,Javier Báez,822,0.036096019831773435,0.03590217613922994,0.0323126517579734,-0.01734995226421354,0.015477448585765196,0.05666016637499522,0.08854338705857498,0.5076,0.5072,0.8742,0.235,0.0842,0.0734,290.0,154.0,421.0,38.0,541.0,587,123,99.09772053100913,2025
656248,Sean Bouchard,111,0.03608290612269641,0.03525943781372786,0.036767153854813245,-0.023106935239043495,0.013256898384394549,0.05879204082075312,0.09736865237082935,0.5056,0.5052,0.8534,0.2556,0.0996,0.0924,291.0,144.0,437.0,28.0,555.0,587,29,12.564958769804822,2025
679032,Johan Rojas,293,0.03605824332567216,0.03565550276034422,0.0370796253981627,-0.024409797876241444,0.013116100220310574,0.05926659161285843,0.0970330704615355,0.506,0.5074,0.847,0.262,0.1078,0.091,289.5,142.0,438.0,26.0,555.0,587,61,37.07387635354547,2025
650968,Yohel Pozo,356,0.035978429068170996,0.03610322583827636,0.03591898769902663,-0.02228543486828938,0.013751990959931095,0.05848800015565528,0.09604892978122122,0.5126,0.5144,0.8462,0.2512,0.1006,0.0966,285.0,147.0,433.0,29.0,554.0,587,63,41.58228652788892,2025
624415,Cavan Biggio,123,0.035931186922620206,0.03609195662005228,0.03675188411935797,-0.024586680204676647,0.013063834911984016,0.058888282816006346,0.09648692360930437,0.5124,0.5124,0.846,0.2528,0.1052,0.0962,287.0,145.0,435.0,28.0,558.0,587,29,14.169918429444824,2025
666023,Freddy Fermin,692,0.035927293137066586,0.03624036700374826,0.03364602071360712,-0.019638666264620082,0.014876110512712233,0.05768343171724385,0.09112802081261996,0.5182,0.5154,0.8632,0.2446,0.087,0.0846,283.0,152.0,428.25,37.0,552.0,587,102,100.31696975626585,2025
578428,Jose Iglesias,594,0.03589453707943725,0.035724148690782165,0.035629615860924245,-0.0238333945126262,0.013727174721620721,0.05814913195982658,0.09445913590624541,0.5144,0.5148,0.852,0.258,0.1006,0.094,285.0,144.0,432.0,32.0,556.0,587,106,70.89657254833602,2025
596142,Gary Sánchez,162,0.03588357464548788,0.03567668823934915,0.036238319605761835,-0.02444686298472647,0.01339656375959747,0.05838441937500099,0.09548373490303412,0.5086,0.51,0.8542,0.2544,0.1058,0.091,287.0,146.0,435.0,29.0,556.0,587,28,19.178868314064765,2025
676116,Ryan Noda,99,0.03585065176819576,0.036017096313259556,0.03677730579681977,-0.025160014920527322,0.01288601943053538,0.0586045404045361,0.09633902879393405,0.5118,0.5104,0.8444,0.258,0.0998,0.1024,286.5,142.0,442.0,29.0,557.0,587,20,9.759117082722234,2025
665861,Sebastián Rivero,78,0.03584968222022097,0.03651806111758611,0.0375146190826383,-0.026777561359586546,0.012675746766220724,0.05954849676119492,0.09577746636873687,0.518,0.5152,0.8398,0.2628,0.1066,0.1012,284.0,140.0,435.0,28.0,560.0,587,11,9.908679882852898,2025
669326,Bryce Teodosio,311,0.0358444765087162,0.035396103392893535,0.03565397451582135,-0.023511792989413777,0.013740302533197236,0.057469729582762495,0.09634782733946119,0.5036,0.5018,0.8536,0.2492,0.1024,0.094,292.0,148.0,435.0,29.0,554.0,587,49,36.04266619328062,2025
676480,José Barrero,68,0.035815730132266854,0.03613923234193461,0.03507592930561396,-0.02212938019988687,0.013457271810956056,0.0572588563425191,0.09412028560628954,0.5114,0.51,0.8558,0.2442,0.0958,0.0876,289.0,150.0,434.0,33.0,553.0,587,12,11.190437093474838,2025
669304,Jose F Miranda,63,0.03580782046241618,0.03593556082520141,0.036448659418884206,-0.023290393680654994,0.012499600065698167,0.058960536821584406,0.09693172441373372,0.508,0.509,0.8476,0.254,0.1032,0.098,289.5,146.0,441.0,30.0,557.0,587,12,4.015792899688261,2025
686765,Nick Sogard,165,0.035800134531470636,0.036043289217912736,0.03636380799057769,-0.023738042918761693,0.012509661464191087,0.05800931482890462,0.09576681218108019,0.515,0.5108,0.8464,0.2488,0.101,0.0916,287.0,148.75,437.25,28.0,552.0,587,30,22.547254342927847,2025
673357,Luis Robert Jr.,804,0.03579700897997464,0.036070653594982224,0.03379212948687547,-0.020686136810636753,0.014433429630033023,0.05730667384686127,0.09139155082522829,0.5078,0.5084,0.8654,0.2378,0.0888,0.087,288.0,154.0,429.0,35.0,554.0,587,107,107.96443141587369,2025
691182,Adael Amador,205,0.03579352958290396,0.03576121862000285,0.03614679679151626,-0.02341289314495144,0.012624796946503938,0.058420272471317924,0.09572521940507267,0.5074,0.5064,0.851,0.2538,0.103,0.0954,289.5,146.0,436.0,32.0,555.0,587,38,18.418675861804456,2025
807799,Masataka Yoshida,317,0.03579118285482141,0.03510682367557208,0.036132507817558744,-0.023709460162968238,0.013286776774446972,0.05803677158716618,0.09572167136809792,0.5016,0.4994,0.8492,0.252,0.1028,0.0974,294.0,146.0,436.0,30.0,556.0,587,55,33.75874313892966,2025
642715,Willy Adames,1271,0.03579103386761043,0.03516654732377765,0.032154477580026174,-0.01678315327962772,0.014744809606791219,0.056431201399757505,0.08937316877387243,0.5008,0.5006,0.8708,0.2354,0.082,0.071,293.0,157.0,429.0,40.0,542.0,587,159,175.59000205449897,2025
670231,John Rave,299,0.03577143903388454,0.03606247106841656,0.03572529196595968,-0.024646496647041372,0.013459508395804112,0.058077578856824734,0.0933810541504669,0.5064,0.5076,0.8502,0.2552,0.093,0.0928,290.0,145.0,435.0,32.0,552.0,587,54,38.044204226940835,2025
679845,Nick Loftin,306,0.03572443189699263,0.03587866158138714,0.03468329508474329,-0.022416603740789975,0.014087649581023008,0.05805385302045289,0.09211977550748655,0.5142,0.5128,0.8616,0.2474,0.092,0.085,287.0,149.0,435.0,33.0,555.0,587,62,35.04585634917359,2025
502671,Paul Goldschmidt,988,0.03571065758439818,0.035385521458303995,0.031877325228212045,-0.016672187742226306,0.01579903527623719,0.05618506343926463,0.08792616003053273,0.5108,0.5076,0.8762,0.2286,0.0782,0.0728,290.0,159.0,421.0,43.0,543.0,587,137,135.92887965286545,2025
669720,Austin Hays,795,0.03564965456075855,0.03548544892043754,0.03560237890608906,-0.021678632590505335,0.013159183590308168,0.05796909238096634,0.0947912957135485,0.5042,0.5022,0.8568,0.2464,0.0992,0.0892,292.0,149.0,436.0,31.0,554.0,587,102,108.63557363783926,2025
608671,Travis Jankowski,80,0.03562844219189963,0.03607882583400428,0.03650195440874856,-0.02596975883652064,0.013196781367848376,0.05781727681691326,0.0936958850050586,0.5134,0.5138,0.8496,0.2524,0.0962,0.0986,286.5,146.0,436.0,30.0,561.0,587,17,8.287329017381953,2025
677008,Heston Kjerstad,343,0.035561904505843456,0.03537417737237712,0.035215640620475996,-0.02206018921483306,0.013512705623599162,0.05742271132841195,0.09416145451273848,0.5036,0.505,0.8514,0.2466,0.0952,0.0888,291.0,149.0,437.0,34.0,553.0,587,51,33.56840202448669,2025
805300,Jakob Marsee,374,0.03553957057757433,0.035976336525573,0.03511440662289474,-0.022049158919471575,0.013403096913115725,0.05817177549713458,0.0919796109372501,0.5062,0.5066,0.85,0.25,0.0914,0.0896,290.0,147.75,435.0,35.0,554.0,587,55,50.64679457941861,2025
607732,Jacob Stallings,262,0.03551794243004617,0.03578735399831128,0.03654484787311876,-0.023738520182067343,0.012202929084892341,0.0581979902891376,0.09537961618368357,0.5112,0.5104,0.8488,0.2442,0.1012,0.0946,288.0,150.75,440.0,29.0,554.0500000000002,587,41,35.18618370999164,2025
596019,Francisco Lindor,1308,0.03550838269434017,0.03530744673694247,0.031235103638937597,-0.016914079424265434,0.015279796518646702,0.056112189668054105,0.08776031868155545,0.504,0.5024,0.8788,0.2284,0.0748,0.0736,292.0,159.0,421.0,44.0,544.0,587,159,189.30653011711064,2025
666152,David Hamilton,310,0.03537588072686173,0.03551230990555558,0.03565517244869067,-0.023587706077397953,0.013432146829243609,0.057603423887123965,0.09290585350342144,0.5044,0.5018,0.8532,0.2512,0.0966,0.093,292.0,147.0,436.0,32.0,554.0500000000002,587,64,29.927049555609713,2025
516782,Starling Marte,605,0.035367244512265056,0.0353855865046625,0.03388208557916582,-0.020708488688256046,0.014025570848132881,0.056916340672095514,0.09041930928101823,0.5052,0.504,0.8582,0.2478,0.0926,0.0856,291.0,148.75,429.0,38.0,552.0,587,95,80.85410919196016,2025
665750,Leody Taveras,336,0.03531685861519861,0.0350681807073252,0.035259915220992165,-0.023334687464398367,0.013218181779125603,0.057126351436712464,0.093155703507425,0.4998,0.5002,0.85,0.2472,0.0958,0.0908,293.0,149.0,434.25,32.0,553.0,587,54,44.34313089552734,2025
572191,Michael A. Taylor,608,0.035312181805165564,0.03514551078849833,0.034673289230073776,-0.021729450778747793,0.013144323672066856,0.057291432970731034,0.09262068319884516,0.5036,0.502,0.8528,0.2486,0.0894,0.09,292.0,148.0,434.0,35.95000000000002,552.0,587,109,71.78415388201084,2025
656976,Pavin Smith,497,0.0352987363931236,0.035294899567668125,0.03499044650895464,-0.023160553605387036,0.014023224220131525,0.05727682492613635,0.09240700289125856,0.5032,0.5026,0.8504,0.2464,0.091,0.0922,292.0,150.0,433.0,34.0,556.0,587,86,79.4378397104226,2025
640902,Jhonny Pereda,135,0.03526794068551899,0.03512792840194699,0.037212681669514226,-0.0260816016479545,0.012410558871818324,0.05836501201221861,0.09759864364146402,0.5006,0.499,0.8382,0.2522,0.1052,0.1032,294.0,146.0,441.25,27.0,558.0,587,26,15.161842500451167,2025
670092,Trenton Brooks,90,0.03526151533169051,0.035445694871173786,0.03640943890790617,-0.025188925176344204,0.012543509825623638,0.05816562297348379,0.09611193416968572,0.5016,0.5012,0.8436,0.2502,0.1048,0.0948,293.0,147.0,439.0,30.0,556.0,587,24,13.140244416968004,2025
683083,Nasim Nuñez,176,0.035172648084060676,0.03478222417700813,0.03653311194763509,-0.02492442402155631,0.012597759411597782,0.05806209508536209,0.09654648994516443,0.496,0.5,0.845,0.247,0.0966,0.1004,293.5,149.0,439.0,31.0,557.0,587,31,22.833203219615584,2025
677942,Blaze Alexander,464,0.035107269198847726,0.03477818430935327,0.035466076969516425,-0.024150740011471033,0.012871797410691528,0.05722477099607007,0.09364170245341528,0.496,0.4944,0.851,0.2426,0.0962,0.094,296.0,152.0,439.0,34.0,555.0,587,67,60.63115835187734,2025
687529,Grant McCray,46,0.03509680434457538,0.03562307868967992,0.03639679987799018,-0.024583256708406533,0.012949045142787437,0.05726285603624637,0.09549920053050125,0.5036,0.504,0.843,0.2476,0.102,0.1018,291.0,149.0,436.25,30.0,558.0,587,9,3.3229946802528,2025
691023,Jordan Walker,758,0.03507276540786305,0.035323230636933045,0.03467264456639198,-0.0231151931492393,0.013327284011578424,0.0569236348149876,0.09154426505689847,0.5006,0.4994,0.8536,0.2406,0.0928,0.0928,294.0,153.0,434.0,35.0,557.0,587,104,91.68022795989796,2025
695506,Jac Caglianone,430,0.03506569743538338,0.035364779392079854,0.034611796185789995,-0.022778137483531375,0.012766571899071887,0.0574969576242519,0.09038406226989226,0.5034,0.5036,0.856,0.2336,0.0846,0.0912,292.0,156.0,438.0,39.0,553.0,587,61,61.41489085051506,2025
690022,Ryan Ritter,384,0.03502699006752077,0.03508161586043615,0.03548142485123508,-0.025372706533558297,0.013575117728356591,0.05726011680132295,0.09479072397263974,0.4954,0.495,0.8466,0.2468,0.096,0.0984,296.0,150.0,436.0,31.0,557.0,587,58,54.34541909956847,2025
677587,Brayan Rocchio,688,0.03501875513100594,0.03508546709106415,0.0345130270964158,-0.023168601225166043,0.013616248486344802,0.056290972390075425,0.09211220014072904,0.5028,0.5008,0.859,0.2376,0.0904,0.0926,293.0,157.0,433.0,33.95000000000002,556.0,587,110,78.03020041446194,2025
669369,Bryce Johnson,120,0.03494133738572054,0.03474928566652502,0.03756348169099676,-0.025422389073951893,0.010999391192485603,0.05764746377623308,0.09662060396560747,0.4986,0.4956,0.839,0.2532,0.1036,0.1088,297.0,145.0,448.25,29.0,560.0,587,36,10.707238035371038,2025
663897,Luke Williams,53,0.034918227362202854,0.03524013988424265,0.03660853328257613,-0.025672215256393335,0.011904698478086458,0.05750140417743007,0.0939562767705494,0.5068,0.504,0.842,0.2464,0.1004,0.1052,290.0,149.0,444.0,30.950000000000017,559.0,587,16,6.392702624378159,2025
664913,Seth Brown,142,0.034890052447106606,0.03516429963181187,0.036294635655115336,-0.025553635510139255,0.012265960143256939,0.05797865570365348,0.09391472606161513,0.5022,0.5002,0.8426,0.2434,0.0996,0.0958,293.0,151.0,439.0,32.0,558.0500000000002,587,34,19.913935013043343,2025
606115,Orlando Arcia,405,0.03485270805637117,0.035045510977621784,0.03485921922411333,-0.022707253056778193,0.013059060060023086,0.05590158055331228,0.09289168844695454,0.4964,0.4936,0.8518,0.2324,0.0928,0.0928,296.0,158.0,438.0,33.0,553.0,587,64,45.19361119154751,2025
694377,Nick Yorke,135,0.03482512659179465,0.03527071441104569,0.035654410719197734,-0.025723925124541816,0.012638222615451647,0.05784950946974317,0.09282855173048675,0.4966,0.4952,0.8454,0.2498,0.0944,0.096,296.0,148.0,436.25,33.0,558.0,587,21,15.18067679053407,2025
645305,Ali Sánchez,46,0.03482444829499954,0.03555565718054059,0.03663864528147868,-0.02661254838346158,0.012000179555791152,0.057974955726850075,0.09447562644716205,0.5036,0.503,0.8386,0.2506,0.0968,0.1018,292.0,147.0,440.25,33.95000000000002,557.0,587,9,5.743100915813349,2025
690993,Colt Keith,806,0.03478952747514609,0.03497908087042434,0.03220925970374051,-0.018538093149505417,0.014210135290174864,0.055279984404437495,0.08812116313114468,0.5046,0.5018,0.8674,0.2214,0.0756,0.0814,293.0,162.0,431.0,43.95000000000002,548.0,587,135,130.61187301235236,2025
686527,Dominic Canzone,513,0.03473094597203484,0.03475221284270308,0.03421850221840895,-0.023181208287215014,0.013551032322080886,0.05684099267614166,0.09230818759686724,0.493,0.4932,0.8558,0.2378,0.0922,0.0872,298.0,154.75,435.0,35.95000000000002,553.0,587,80,57.653375650363905,2025
805373,Nacho Alvarez Jr.,326,0.034727721454503646,0.03431317140249522,0.03654698250015624,-0.024784121736052992,0.012708958334510082,0.05695670650715666,0.09386415588240743,0.4916,0.4908,0.8384,0.2444,0.0976,0.0998,300.0,151.0,441.0,31.0,557.0,587,55,42.17186210952927,2025
545361,Mike Trout,952,0.03468948338307423,0.03544560208401649,0.03296047812066602,-0.019309505136226663,0.013143284249686405,0.05525246235691192,0.08875988627429462,0.5028,0.5024,0.8622,0.225,0.077,0.0814,292.0,164.0,433.25,41.0,548.0500000000002,587,130,143.70173502258854,2025
543510,James McCann,241,0.03468012866993124,0.03444575868799511,0.03485392280241154,-0.020955560487388534,0.012418619964332023,0.05696252350223247,0.0932044048767342,0.494,0.4916,0.8456,0.242,0.0942,0.096,298.0,153.0,438.25,33.0,553.0,587,38,30.365053362920886,2025
691720,Kyle Karros,273,0.03467911419836754,0.034555573054226775,0.03632238247463141,-0.024517498974349818,0.012343609057944103,0.057310558404016575,0.0938636928772834,0.496,0.4944,0.8462,0.2446,0.0956,0.098,297.0,151.75,440.0,33.0,558.0,587,42,31.09621730071423,2025
678391,Jorbit Vivas,122,0.034655277970791556,0.03465057395374144,0.03672493537986364,-0.026300606718179506,0.012365974641355242,0.056780642326238404,0.09463670760671934,0.4994,0.4976,0.8442,0.2446,0.0962,0.1012,295.0,151.0,439.0,30.0,559.0,587,27,14.716418954052367,2025
642180,Tyler Wade,194,0.03456388105113426,0.03447415890693179,0.036372951820394885,-0.023844702367460592,0.011353907072899674,0.058044038127147375,0.09422517166186047,0.4962,0.4968,0.8416,0.2496,0.093,0.0984,296.0,148.0,441.0,30.950000000000017,557.0,587,47,18.298018869130438,2025
665877,José Fermín,96,0.034401729417919975,0.034575987464098,0.0355844670396062,-0.02324629906927067,0.011734678023916178,0.05671587419581148,0.09378574929364185,0.4904,0.4888,0.8452,0.2382,0.0918,0.0954,299.0,154.0,441.0,33.0,558.0,587,27,13.395036194966561,2025
669004,MJ Melendez,117,0.03439168528087802,0.034609568748961574,0.036009664469072,-0.024120894331632163,0.012023455376754828,0.05614664908679629,0.09455289146182504,0.4898,0.4908,0.8404,0.2388,0.1,0.0954,299.0,156.0,443.0,30.0,555.0,587,19,10.824422618732829,2025
668952,Ryan Kreidler,88,0.03434401732253382,0.034578197598632815,0.0365501490312922,-0.027107473918701663,0.011828980515418063,0.05734532875566635,0.09495613418302595,0.4854,0.4892,0.8432,0.2448,0.0932,0.1008,301.0,150.0,447.0,31.0,559.0,587,15,13.675408524140272,2025
660844,Leo Rivas,166,0.034316031690070976,0.03475590254036139,0.03656915606160778,-0.02665086721018694,0.011875682064857554,0.05756101070130223,0.09352421795994396,0.4924,0.4918,0.8384,0.244,0.0924,0.1046,299.0,151.0,443.25,32.0,560.0,587,36,20.88867786689031,2025
677595,Ronny Mauricio,359,0.03422764609220687,0.03426286597059777,0.03528861660626127,-0.025734592568781075,0.012169207803134442,0.05724395783296,0.09204413468169742,0.4926,0.493,0.8474,0.2412,0.089,0.0966,298.0,152.0,439.25,36.0,557.0500000000002,587,58,40.04994311234608,2025
656541,Sam Hilliard,113,0.03420801283337808,0.03440618528615881,0.03573225665236297,-0.02465619878608918,0.011439567581758873,0.0568330271087924,0.09177798904962405,0.4886,0.4884,0.8392,0.2418,0.093,0.0974,300.0,152.0,443.0,34.0,557.0500000000002,587,18,22.783712182000663,2025
686894,Joey Wiemer,122,0.034132974984374335,0.03442066355163405,0.0364725902176235,-0.026774748990236578,0.01131436459531511,0.05697726583054746,0.09318351129194656,0.4912,0.4884,0.8348,0.2368,0.0892,0.1038,300.0,155.0,446.0,33.0,559.0,587,17,15.214493112952134,2025
608348,Carson Kelly,732,0.03410800806951472,0.03405937376311277,0.028682599972817264,-0.012706562241768624,0.015487606636629129,0.05257309565960322,0.08217164117463314,0.479,0.4774,0.8866,0.193,0.0566,0.0578,302.0,177.0,425.0,53.0,535.0,587,108,88.72588765838044,2025
641857,Ryan McMahon,1109,0.034090709562533496,0.03426758950936276,0.03306253552000878,-0.019906357951388846,0.012743080862380497,0.05554149586120309,0.08861578994419188,0.4864,0.4894,0.854,0.2204,0.08,0.0812,300.0,162.75,436.0,39.95000000000002,548.0,587,150,171.2507173166867,2025
668939,Adley Rutschman,586,0.034089966257766426,0.034471038682752704,0.03389395311606021,-0.021690481631421697,0.012768665058311451,0.05540752268160418,0.08957933468861852,0.4866,0.4876,0.847,0.227,0.0802,0.0908,300.0,161.0,439.0,38.0,554.0,587,89,75.39738841456594,2025
641555,J.C. Escarra,162,0.03407725275854863,0.034424036125874,0.03576071339500974,-0.025355908249306815,0.011423344329714407,0.05719813680689232,0.09202617751160642,0.4914,0.4928,0.8434,0.2408,0.0924,0.1012,297.5,156.0,445.0,35.0,557.0,587,33,20.363981554087474,2025
668709,JJ Bleday,576,0.03396613754840742,0.03418645681837131,0.03358496413492017,-0.020945743719156983,0.013139289774545503,0.05493987088918153,0.08921202912103567,0.4894,0.4876,0.8556,0.2194,0.0798,0.0872,300.0,165.0,437.0,39.0,553.0,587,96,84.19523615512054,2025
682657,Angel Martínez,904,0.033931139972447,0.03401021597628916,0.0333386644099439,-0.022739465525572097,0.013291467937890336,0.055060591445437596,0.08777206234829876,0.4836,0.4848,0.8534,0.223,0.0786,0.0864,302.0,164.0,438.0,41.0,553.0,587,135,108.97512612354724,2025
681546,James Outman,275,0.03389386259921745,0.03378548474107031,0.035469556975180096,-0.025180660997864774,0.011914801029257727,0.0562774844825889,0.09187770282015002,0.4802,0.4786,0.8456,0.24,0.0904,0.096,305.0,156.0,441.0,36.0,556.0500000000002,587,47,33.67542197376265,2025
700246,Carson Williams,196,0.03386138809091687,0.03442744663353153,0.03537627289003058,-0.02578310292964137,0.01227554647722303,0.056306199862430545,0.09087240309863934,0.4908,0.4908,0.8384,0.234,0.0846,0.1008,298.0,157.75,440.0,35.0,559.0,587,30,25.321057132838426,2025
624431,Jose Trevino,478,0.03384553757103317,0.03330820233922629,0.03461427446709745,-0.02257086468867996,0.011781015735560627,0.055804298778333705,0.09125960299654018,0.4794,0.4804,0.8488,0.2356,0.0826,0.0964,307.0,156.0,444.0,39.0,554.0,587,88,52.422076100536174,2025
676724,Jared Young,89,0.033742463798250785,0.03426122764995865,0.03641584029362925,-0.02516201633709922,0.01079432087578401,0.056157970949421036,0.09233787273664673,0.485,0.484,0.8346,0.2384,0.0898,0.104,303.0,155.0,447.0,33.0,559.0,587,19,12.80986377819017,2025
669397,Nick Allen,714,0.03360733264535479,0.03397875044457083,0.03521491647303738,-0.023582677657929506,0.011706296960135705,0.055506495343608075,0.09168898715261879,0.4828,0.4802,0.8364,0.2238,0.0856,0.0982,305.0,163.0,446.0,35.0,557.0,587,130,85.10510150228045,2025
695734,Daylen Lile,664,0.03359366008021637,0.03413680651673748,0.03609091733917152,-0.02645867008614711,0.010865781600664745,0.056224307389381736,0.09262127332083823,0.4858,0.4876,0.8346,0.2374,0.0896,0.1068,302.0,155.0,451.0,33.95000000000002,558.0,587,91,83.4370888741424,2025
692225,Kristian Campbell,440,0.03353317962278193,0.03407643760163781,0.0353896554729795,-0.025566907273412272,0.011481217750109213,0.05555838852522496,0.09085416197325345,0.4826,0.4832,0.8398,0.2326,0.0848,0.1012,304.0,157.0,444.0,36.0,559.0,587,66,56.41373538927435,2025
690976,Alex Freeland,154,0.033501085926285076,0.03356157270116271,0.03700306497844122,-0.02582764118238967,0.01034201844835294,0.0562006897416073,0.09415601549865597,0.4786,0.4778,0.8292,0.2336,0.095,0.1094,306.0,158.0,450.0,32.0,559.0500000000002,587,28,16.296402772314188,2025
666181,Will Benson,470,0.03344823865442258,0.03378733022719663,0.035397515544077426,-0.024850121470305034,0.010842366627325703,0.05591601954370596,0.09178030509339691,0.4754,0.4746,0.835,0.23,0.0846,0.0996,308.0,160.0,450.0,33.0,558.0,587,84,59.73685081095164,2025
678225,Jihwan Bae,45,0.03337600248393014,0.03352606103654979,0.036540454724425186,-0.02586952622621696,0.011018655073709221,0.056202900866750685,0.09299294308134205,0.478,0.4782,0.8324,0.2322,0.0938,0.1016,304.0,158.0,446.0,34.95000000000002,562.0,587,8,3.054908706219437,2025
666126,Carlos Cortes,175,0.03336497728812422,0.03400152945893998,0.034942211314078944,-0.025711992590351458,0.011743544256675016,0.05548150242454443,0.09088147780667626,0.4838,0.4816,0.8388,0.2246,0.0806,0.1032,302.5,162.0,445.0,39.0,560.0,587,37,33.69962321757957,2025
666464,Jerar Encarnacion,93,0.03333182416325855,0.03345834686945742,0.0369038891530494,-0.028893753339944456,0.009805235890917585,0.056425272560150126,0.09432450940416794,0.4776,0.4736,0.8276,0.2366,0.0956,0.1124,309.0,155.75,453.0,31.950000000000017,561.0500000000002,587,19,9.145154170576697,2025
694203,Denzer Guzman,91,0.033272777109582534,0.033544085745848995,0.03589064431536461,-0.02586644179734928,0.011215618841451266,0.05592530832757435,0.0920140100543132,0.48,0.4804,0.8348,0.2296,0.0872,0.1058,304.5,161.0,447.0,35.0,558.0,587,13,9.596178769416182,2025
595978,Austin Hedges,337,0.033247681801432755,0.03358045701230232,0.03626592327940154,-0.028572266756834913,0.011168406641918477,0.05639660086927535,0.09291423239646553,0.4802,0.4794,0.8362,0.2366,0.0908,0.1038,304.0,156.0,445.0,34.0,561.0,587,58,46.688821471333384,2025
665019,Kody Clemens,724,0.03310246559410992,0.03352134396670789,0.03344557930987096,-0.02270110850811614,0.011754122845111377,0.05449586597921886,0.08815343803055821,0.4774,0.4756,0.8506,0.2186,0.0748,0.0938,306.0,165.0,440.0,41.0,555.0,587,111,82.32759882553974,2025
656555,Rhys Hoskins,562,0.033090457888368556,0.03331831489006397,0.03464278563310929,-0.02385592048951523,0.011039517847674112,0.054194568379685226,0.09097176220540774,0.4764,0.4754,0.8434,0.2206,0.0848,0.1024,307.0,165.0,445.0,35.0,558.0,587,90,62.91577376310531,2025
672515,Gabriel Moreno,573,0.03305642884410853,0.033376428025463506,0.032292800262195706,-0.02039930628122478,0.012693436894778197,0.053553946563879046,0.08630985939977341,0.4718,0.4706,0.8522,0.2058,0.0688,0.0836,308.0,169.75,438.0,46.0,550.0,587,80,80.28109742026753,2025
691723,Coby Mayo,496,0.033030293560062964,0.03349559326672623,0.03510114038228955,-0.025973747274437256,0.011554071641528612,0.05503063257741107,0.09051912535193879,0.4786,0.4766,0.8434,0.2252,0.0792,0.0992,306.0,163.0,444.0,37.0,558.0,587,83,64.60597902885456,2025
592178,Kris Bryant,81,0.03300200147185699,0.033385995865902116,0.036776101670403925,-0.027059751350658683,0.009948941460214505,0.05560878086644303,0.0932493539821964,0.476,0.4764,0.8274,0.2324,0.0884,0.1048,307.0,157.0,452.0,35.0,559.0,587,11,8.929602707442985,2025
682663,Agustín Ramírez,1044,0.032867079696232676,0.03292238474769346,0.0327567211950858,-0.021875533833979412,0.012260249325482763,0.05305050337836428,0.08941158499902797,0.4694,0.471,0.8486,0.207,0.0732,0.0864,310.0,171.0,441.0,44.0,553.0,587,136,136.92975169976108,2025
696030,Alejandro Osuna,319,0.03271643466650854,0.03311791463465517,0.03488976074303492,-0.0240563010441949,0.010787464054300182,0.05426370197515204,0.09022095765743227,0.4748,0.4738,0.8394,0.2234,0.0814,0.1014,311.0,166.0,447.0,36.95000000000002,556.0,587,55,44.64675556878949,2025
592669,Hunter Renfroe,168,0.03270527676356565,0.03332982162323317,0.035573499478807315,-0.026894979358161757,0.011436299644639913,0.05500420054569996,0.09146439974645132,0.4756,0.4768,0.835,0.2274,0.0822,0.1018,309.0,160.75,445.0,40.0,559.0,587,32,25.982572169506128,2025
467793,Carlos Santana,842,0.03269472532531926,0.03349134763346437,0.03418479164379838,-0.023699557480902442,0.0110124408163725,0.05434051495501967,0.08889854056545227,0.478,0.4794,0.8398,0.2168,0.0754,0.095,307.5,167.0,446.25,41.0,557.0,587,122,104.99336087154876,2025
664983,Jake McCarthy,383,0.032689964907135764,0.03329795202204959,0.035062149707415315,-0.02539503755552865,0.01070345482569414,0.05429847126260252,0.09023909714580926,0.477,0.4754,0.8362,0.2226,0.0838,0.104,307.0,164.75,448.0,35.95000000000002,559.0,587,65,37.3151313114301,2025
694362,Blake Dunn,124,0.032668702120079926,0.032789081396804684,0.036067235669818294,-0.025537731731452913,0.010247141570752892,0.05565751611061251,0.09073134474491874,0.4726,0.471,0.8266,0.2238,0.0808,0.1048,311.0,161.0,446.0,39.0,559.0500000000002,587,26,18.6287216375052,2025
663368,Blake Perkins,263,0.032661515793744544,0.032492113819149175,0.03697816393266086,-0.028572377710941226,0.009812457886574345,0.05571213119826611,0.09392564093224118,0.4696,0.4694,0.8216,0.2366,0.0938,0.1148,313.0,156.0,454.0,32.95000000000002,563.0,587,46,26.438794027192788,2025
677951,Bobby Witt Jr.,1229,0.032637814821359856,0.03303256988939103,0.031079077401070115,-0.018371370940233073,0.012674187854682262,0.05239337011418661,0.08342567391719896,0.4674,0.4668,0.8538,0.1956,0.0578,0.08,309.5,178.0,439.0,53.0,547.0,587,156,173.0187230498213,2025
671289,Tyler Freeman,712,0.03257056542334234,0.03277502494666944,0.03258637489249679,-0.02059249661871536,0.011585484699682264,0.05353742035853505,0.08492511354066998,0.4664,0.4678,0.8442,0.2032,0.0684,0.0912,311.0,173.0,442.25,45.0,551.0,587,107,113.00587072862496,2025
664068,Scott Kingery,58,0.03256934020284302,0.03372497643470378,0.03625287207373653,-0.028924027330107106,0.009792644294435202,0.05518498860104376,0.09168172811711879,0.4756,0.4762,0.826,0.2234,0.0828,0.1118,307.0,163.0,454.0,37.0,560.0,587,13,8.193463804345644,2025
687231,Darell Hernaiz,342,0.03255848336922719,0.0327489025510392,0.03492132508668649,-0.025371612557948738,0.011663719206537838,0.053947506222485245,0.0903464688766616,0.4666,0.467,0.8414,0.2242,0.0842,0.103,315.0,167.0,445.0,39.0,557.0,587,49,39.505221933469976,2025
665926,Andrés Giménez,713,0.03254903373678127,0.03284448097167983,0.03455079799955939,-0.024142819243075056,0.011265562655590807,0.05365088128754589,0.09086324825317321,0.4698,0.467,0.8404,0.2194,0.0826,0.1016,310.5,169.0,446.25,40.0,557.0,587,97,97.15236853851306,2025
676044,Bob Seymour,149,0.032539998464181326,0.03292762228463264,0.0355616734472823,-0.025734726819689708,0.010085693248270456,0.054930968481401055,0.09065240238468414,0.4724,0.4732,0.8318,0.2228,0.0864,0.1042,308.0,164.0,449.0,39.0,558.0,587,23,15.881409580841451,2025
669717,Will Wilson,191,0.03252932602798713,0.032866424017780574,0.03524956535211629,-0.026328445645769163,0.010522241537613693,0.054344191472181176,0.09029412008039366,0.4698,0.4708,0.8334,0.2188,0.0766,0.1066,310.0,164.0,450.0,37.95000000000002,560.0,587,32,21.872873592544988,2025
682641,Luis Matos,348,0.032525520571561696,0.03272930233745734,0.03524087321842904,-0.026757221814831738,0.011064744897081107,0.05460816741696582,0.09005574817459641,0.4672,0.4666,0.839,0.2184,0.0792,0.1018,310.0,166.0,444.0,37.95000000000002,560.0,587,55,40.36207340048232,2025
605141,Mookie Betts,962,0.03251225774159344,0.032297958042628055,0.03437845358276417,-0.02334823048198786,0.010671899985348525,0.054496437450025026,0.08901638289945098,0.464,0.4644,0.8366,0.2188,0.0756,0.1004,317.0,165.0,450.0,42.0,555.0,587,150,110.75256310006873,2025
680757,Steven Kwan,1071,0.032502827903337576,0.03214476882716065,0.032448712456031724,-0.021182946531628444,0.011884894853541758,0.05306940614992958,0.0864655284605744,0.4626,0.4634,0.8522,0.204,0.0672,0.0864,314.0,175.0,441.0,46.95000000000002,552.0,587,156,160.0977697705427,2025
682848,Endy Rodríguez,92,0.032485262551585244,0.03311364439803356,0.03612164327831612,-0.027519196398097526,0.010641940255915059,0.054960140941196785,0.09130251154864219,0.4714,0.4694,0.8266,0.227,0.0854,0.111,310.0,162.0,448.0,35.0,560.0,587,16,8.573362183523324,2025
691728,Zac Veen,79,0.032263257332790576,0.03285115946654807,0.036721296590207946,-0.029379546954166308,0.008913876537202475,0.05590628909874684,0.09257677769226005,0.4712,0.4704,0.8224,0.2336,0.0918,0.1156,311.0,158.0,454.0,33.0,563.0,587,10,14.026347115611678,2025
691176,Jasson Domínguez,845,0.03223514797636054,0.03284612547265388,0.033607197501295295,-0.02588706456007035,0.011530968271395572,0.053175000351766144,0.08573238558116508,0.47,0.4692,0.8388,0.209,0.0686,0.1048,311.0,173.0,446.25,46.0,559.0,587,116,102.20693757173373,2025
545341,Randal Grichuk,513,0.032123348454371134,0.03262183306075457,0.036597499827724526,-0.029911403438708843,0.009345993530308338,0.05573132730643637,0.0916389985908652,0.466,0.468,0.8262,0.233,0.0882,0.1104,315.0,157.0,452.0,36.0,562.0,587,109,67.81862173103141,2025
669911,Michael Toglia,656,0.03210993728037752,0.03251087385931421,0.03209282457077166,-0.02066530007918168,0.01188962814144356,0.05254128086363694,0.08462375333730551,0.4634,0.4606,0.8468,0.1992,0.065,0.088,313.0,176.0,439.0,49.0,550.0,587,87,80.78482561737766,2025
666182,Bo Bichette,1177,0.032010313028225115,0.03260883742059008,0.032732071406899425,-0.022511597483639983,0.011914598137282713,0.05254251107668713,0.08539631466778015,0.4624,0.4654,0.846,0.1996,0.0708,0.092,311.5,178.75,442.0,46.0,552.0,587,139,150.8029463463333,2025
656305,Matt Chapman,911,0.03199856534292545,0.032952249404605304,0.03444263664557525,-0.02543446530450605,0.010093490684123425,0.053185426444154874,0.0873804236021886,0.4708,0.4718,0.834,0.2128,0.0754,0.1008,311.0,170.0,450.0,39.0,557.0,587,127,141.09120140891108,2025
681481,Kerry Carpenter,910,0.03194275216162044,0.032313768144769855,0.03172487322774078,-0.020987658105775863,0.011776495437833497,0.05269065694477841,0.08360261983329428,0.4544,0.4562,0.8484,0.199,0.0582,0.0954,318.0,177.0,446.0,52.0,550.0,587,127,143.0482067548893,2025
608701,Rob Refsnyder,359,0.03191465574416655,0.03227522008447823,0.035367363953841005,-0.026641917267398393,0.00929307089224718,0.054185453390927535,0.08985463703793121,0.4582,0.4572,0.8314,0.2138,0.0778,0.1106,315.0,169.0,454.0,39.0,561.0,587,68,49.815895572104736,2025
663330,Jahmai Jones,259,0.031912879070050956,0.03187833994422465,0.03511103966707084,-0.027458199103538024,0.010337260106785075,0.05414864202327652,0.0886782940654652,0.4598,0.4608,0.8326,0.2218,0.074,0.1082,318.0,165.0,450.25,40.95000000000002,560.0,587,66,35.929765375569254,2025
655316,Andruw Monasterio,257,0.03176646634748499,0.03233227332463486,0.034764772378551516,-0.025570909998836253,0.009410907096008652,0.05357220475829984,0.08773889889456579,0.4642,0.463,0.83,0.216,0.0752,0.1024,315.0,169.75,450.0,42.0,557.0,587,47,26.987039229911094,2025
682668,Luisangel Acuña,319,0.03174991365080213,0.03192727345658954,0.03583089800834725,-0.027598770789092533,0.009780136861396189,0.05481656982860571,0.09043373567089678,0.4616,0.4624,0.8226,0.2202,0.0808,0.1136,317.0,167.0,454.0,41.0,563.0,587,65,41.07941450331559,2025
678489,Jorge Barrosa,150,0.03173427050368202,0.03197681671331186,0.03685363082516946,-0.029626495144065478,0.008319045736428611,0.055473622941676376,0.09170655900865252,0.4608,0.4606,0.818,0.2244,0.0836,0.1178,318.0,164.0,459.0,35.0,563.0,587,28,16.300256256283035,2025
608070,José Ramírez,1191,0.03170836522217539,0.03254021292229072,0.03340290733007189,-0.023846030282617392,0.011119903472743678,0.05297870569598522,0.08595251922910628,0.4638,0.466,0.8372,0.2034,0.0664,0.0988,315.0,175.0,446.0,46.0,556.0,587,158,155.99525231399159,2025
680737,Michael Helman,211,0.0316426547444657,0.03206998656158021,0.03563949876215612,-0.02769307940058425,0.008860358873162725,0.053524339017337975,0.08966792378171266,0.465,0.4638,0.8264,0.2096,0.081,0.1152,313.5,174.0,455.25,39.0,561.0,587,36,27.94370965076544,2025
802415,Chandler Simpson,687,0.031608005494857386,0.03258814490199566,0.03454843884827803,-0.02570926524910641,0.009851089462263528,0.05388354969148043,0.08730160719767803,0.4666,0.465,0.8286,0.214,0.0758,0.1124,312.0,169.0,456.0,42.0,558.0,587,107,87.9446663577788,2025
671083,Buddy Kennedy,54,0.031591674125342764,0.031805180627936164,0.03667786553488935,-0.028178068443789683,0.009391326112184233,0.05387483218155828,0.09181256244947346,0.4558,0.456,0.8234,0.2154,0.0838,0.1174,319.0,168.0,457.0,36.0,561.0,587,11,4.5879295351651646,2025
672386,Alejandro Kirk,929,0.03156871171654506,0.031955259068641675,0.03229762678117652,-0.023399468068830837,0.011275706236486218,0.05219145051431841,0.08382801886195582,0.4558,0.4528,0.8446,0.1922,0.0618,0.093,319.0,179.0,447.0,50.0,554.0,587,130,119.83167872516644,2025
608369,Corey Seager,817,0.03149047159396275,0.032088458833209044,0.030790299821289013,-0.019124642084728378,0.011722529213806562,0.05090298278406992,0.08163490702575384,0.458,0.4552,0.848,0.1824,0.0568,0.0824,318.0,184.0,444.0,56.0,546.0,587,102,131.078272246729,2025
680776,Jarren Duran,1196,0.03143180749675996,0.031742966621135946,0.02880706367135022,-0.015964204285990123,0.012547894732666867,0.05033838270746465,0.07846152624715551,0.4542,0.4536,0.8662,0.1726,0.0474,0.0706,315.0,193.0,438.0,62.0,543.0,587,157,177.93109943864638,2025
686948,Drake Baldwin,858,0.03130062480959272,0.03183896712422417,0.03422734492236443,-0.02497433320641659,0.009089077639838296,0.05313618231096384,0.08767206511644397,0.4626,0.4644,0.8266,0.2062,0.0724,0.1058,319.0,174.0,454.0,45.0,559.0,587,123,106.52652936077041,2025
695336,Thomas Saggese,575,0.031213231200240416,0.032427059474277126,0.03504386154841745,-0.02768066220391552,0.008930523077277017,0.05322204107037416,0.08696479215532894,0.4594,0.4588,0.825,0.2064,0.0732,0.1114,317.0,174.0,454.25,43.0,560.0,587,81,65.05567017926657,2025
668974,Maverick Handley,88,0.031151606437521486,0.03244480552391569,0.036601299117980754,-0.029617226704268463,0.008137376656820437,0.054301246258296416,0.09126560730411916,0.4602,0.4598,0.8168,0.2212,0.081,0.1202,317.0,167.0,460.25,37.0,564.0500000000002,587,16,9.80624134214181,2025
670097,Zack Short,95,0.031068997574423343,0.031773700957857864,0.036859257674886556,-0.029796130631316645,0.007568843573654366,0.05449028051364284,0.09135817597870394,0.4592,0.4558,0.8096,0.2214,0.084,0.1224,319.5,164.0,464.0,37.0,564.0,587,19,9.829400433059382,2025
518692,Freddie Freeman,1211,0.030998402961816243,0.03175031426401073,0.03118997589201241,-0.021467186448802526,0.010949444619294535,0.05089394065576869,0.08232726938118454,0.4492,0.4504,0.8406,0.1856,0.0514,0.0946,319.0,182.0,446.0,59.0,554.0,587,146,149.50444391708072,2025
660162,Yoán Moncada,495,0.030982099191516944,0.03206978009238316,0.03565271599596974,-0.02833049161083639,0.009263788802374566,0.053414799082564655,0.08797134030764392,0.4594,0.459,0.8204,0.205,0.0734,0.1144,317.0,171.0,457.0,41.0,562.0,587,82,74.37195712416975,2025
805811,Bryce Eldridge,64,0.030978193383356195,0.031652918103026645,0.03643314781172962,-0.02960622958390691,0.008615746739287425,0.05345407452562988,0.08985748683773893,0.4526,0.4544,0.8148,0.2152,0.0826,0.1198,320.0,169.0,460.0,36.0,563.0,587,10,10.229457910265236,2025
669707,Jared Triolo,651,0.030941145411499178,0.031390323261450345,0.03599636867802424,-0.028422097007004123,0.008314282798502898,0.053717592557974966,0.09076377247024954,0.454,0.4558,0.8142,0.217,0.0808,0.1178,321.5,169.0,461.0,39.0,561.0,587,99,100.14398130927975,2025
701762,Nick Kurtz,804,0.03094028025965388,0.03135484041563906,0.030759400257932393,-0.018414254125125568,0.011161432369586551,0.05069550707187122,0.08148967917674536,0.4428,0.443,0.8496,0.188,0.0568,0.0846,322.0,188.0,443.25,54.0,549.0,587,116,117.45879897297328,2025
650490,Yandy Díaz,1090,0.030882365598870216,0.031147912751409164,0.030380491827188178,-0.02036956638883072,0.012100872255581256,0.050392384633826184,0.08102487675790183,0.443,0.4408,0.8544,0.1786,0.0496,0.0864,323.0,192.0,443.0,60.0,550.0,587,148,159.0308581064483,2025
694374,Tim Tawa,401,0.03077148557617767,0.03134111618218977,0.036023136592496056,-0.029250667643779434,0.008208134296012694,0.0535818410323104,0.08938256846505063,0.4554,0.4536,0.814,0.2114,0.0768,0.1206,322.0,173.0,464.0,42.0,563.0,587,66,46.50635119716066,2025
678554,Curtis Mead,477,0.03073728831546457,0.03134926630366461,0.03534291800560018,-0.027438538733227925,0.008107443895374516,0.05328299523441385,0.08870436919589827,0.4536,0.4554,0.8182,0.2102,0.0714,0.1144,321.0,171.0,458.0,41.0,560.0500000000002,587,88,54.29938532733997,2025
624413,Pete Alonso,1250,0.030729179700531482,0.031070795482290754,0.030954755211058227,-0.020542989048308345,0.011020098040570053,0.050964458974003105,0.08116438658679954,0.4468,0.4436,0.8456,0.1794,0.0532,0.0886,325.0,187.0,444.0,56.0,550.0500000000002,587,161,180.50064962541794,2025
620443,Luis Torrens,522,0.030718584240953292,0.03165835453244535,0.034421024250676946,-0.02777925564239633,0.009435537018412696,0.05231129146789905,0.08666925297210958,0.4548,0.4542,0.8226,0.199,0.0684,0.114,316.0,178.0,455.0,46.0,561.0,587,87,72.64134001078202,2025
680777,Ryan Jeffers,711,0.030635685920166526,0.031164687637404563,0.03385826855910706,-0.02570330826795293,0.010122343322592526,0.05143991173457321,0.08630158608548304,0.4436,0.4412,0.8374,0.1958,0.0692,0.1012,325.0,182.0,454.0,45.0,557.0,587,113,99.2683973325089,2025
605361,Nick Martini,192,0.03039201866597391,0.03106135975426985,0.033312795814476465,-0.0248675764279491,0.009388069427789757,0.051607518435783956,0.08468982110375738,0.447,0.4432,0.8256,0.19,0.0656,0.102,324.0,181.0,454.0,48.95000000000002,556.0,587,42,27.158537420604954,2025
677592,Everson Pereira,138,0.030380870475777845,0.031005915096579004,0.0360802065907249,-0.030172539489917296,0.00828696708300849,0.05318434340826075,0.0878936906706618,0.45,0.451,0.8102,0.21,0.0736,0.124,324.5,174.0,462.0,42.0,566.0,587,21,19.004499063975352,2025
666211,Taylor Trammell,242,0.030375862335391857,0.031650916328379804,0.035727396005449004,-0.030477092426654525,0.008462917204032703,0.05247923183276594,0.08804046483490281,0.4552,0.454,0.8214,0.2048,0.0716,0.1178,321.0,177.0,458.0,41.0,561.0,587,46,27.84860881460827,2025
645277,Ozzie Albies,1243,0.030269446109168513,0.030585651963815616,0.03264287051572207,-0.024497011409916756,0.009673539956478426,0.05070693728093499,0.08327786920468522,0.4442,0.4432,0.8296,0.1836,0.0624,0.1008,324.0,186.0,453.0,50.0,558.0,587,157,159.42920581514358,2025
518934,DJ LeMahieu,213,0.030175911429582924,0.03090209886133127,0.03549399678429639,-0.029756537240593267,0.008493019412722343,0.05332443465662356,0.08732394269958116,0.4486,0.448,0.8114,0.2032,0.0682,0.1248,325.0,175.0,461.0,44.95000000000002,565.0,587,41,21.59609968973645,2025
670242,Matt Wallner,768,0.030173058031914952,0.0308342148828704,0.03484839373087702,-0.02822301400503574,0.008509097620164004,0.05205868243792718,0.08753389826147366,0.438,0.4374,0.8168,0.1968,0.0728,0.1166,329.0,180.0,461.0,41.95000000000002,560.0,587,103,98.09625991429323,2025
680862,Willie MacIver,207,0.030153596001527352,0.030994482728046696,0.035498275979001896,-0.02957030964664468,0.007987480647204104,0.05221674995413377,0.0880877788908063,0.444,0.4436,0.815,0.201,0.0728,0.117,326.0,178.0,462.0,43.95000000000002,563.0,587,29,25.998507323241853,2025
671213,Triston Casas,210,0.030121751371298428,0.0302857020155895,0.036520874653040186,-0.030214355008088133,0.007307339673864306,0.05288948259952942,0.0909245508773858,0.4378,0.4382,0.8038,0.2068,0.0794,0.1228,330.0,178.0,467.0,38.0,564.0,587,29,23.504531768728675,2025
457759,Justin Turner,369,0.030015385598577488,0.030605358689594346,0.03416633205272626,-0.026851262500849217,0.008530761887885341,0.05188687201272603,0.08538233194616196,0.4376,0.441,0.8228,0.1948,0.068,0.1074,325.0,183.0,458.0,45.0,561.0,587,76,54.67091150413064,2025
671221,Drew Waters,438,0.02998226368190924,0.031169901340648544,0.035427345596645836,-0.029950931396319554,0.0072321419095609215,0.05202427510155053,0.0876827780035981,0.4486,0.4456,0.8102,0.1988,0.0724,0.1198,324.0,176.0,464.0,40.0,564.0,587,67,55.483103049559574,2025
572233,Christian Walker,1285,0.029973212583881758,0.030125651816412045,0.03158026798609588,-0.023413293388744826,0.01030728316842957,0.05004175567543162,0.0819626175734835,0.4306,0.4296,0.84,0.1742,0.0574,0.096,329.0,191.0,450.0,54.0,554.0,587,153,170.32259215177137,2025
669065,Kyle Stowers,903,0.02985724838821083,0.030757351345545643,0.031733140269130294,-0.024464765358030445,0.01035060832620694,0.05029269290198242,0.08099764016946537,0.437,0.4338,0.8374,0.1776,0.0506,0.098,326.5,190.75,450.0,59.0,556.0,587,115,123.72962674463908,2025
686676,Korey Lee,70,0.029735137527536926,0.0300241037701025,0.03582711135399445,-0.03177683060182691,0.008543756704187347,0.05222494012913876,0.08743273958961391,0.4382,0.4354,0.815,0.1982,0.0736,0.1218,329.0,181.0,459.0,40.0,566.0,587,16,7.768413203437932,2025
687462,Spencer Horwitz,755,0.029696042920306313,0.030773465085636435,0.03441062791451523,-0.02827317720827177,0.008127775054793042,0.05168839208777538,0.08559902057924651,0.4412,0.441,0.8156,0.1946,0.0704,0.114,326.0,180.0,459.25,47.0,560.0,587,107,114.38031598850978,2025
682729,Jonatan Clase,187,0.02969020075164492,0.030283453766332034,0.035660104524402846,-0.02929258628984098,0.0067684800969075734,0.051550055512852695,0.08807036621073788,0.4358,0.4388,0.8012,0.1956,0.0766,0.121,329.0,182.0,468.0,39.0,563.0,587,33,25.012671419576762,2025
694671,Wyatt Langford,993,0.029665106710215616,0.03038375531650059,0.032291015519838914,-0.02386252167484841,0.009590913214550087,0.05011031109137613,0.08259145989008536,0.4368,0.4364,0.8328,0.1728,0.0564,0.1048,330.0,194.0,453.0,55.0,557.0,587,133,137.27670597107854,2025
663837,Matt Vierling,192,0.029618249375682318,0.030174604442176643,0.035283515242534175,-0.028450492457340038,0.007076678251420564,0.051875089618539656,0.08756402019158933,0.4398,0.4374,0.8062,0.2048,0.0702,0.1216,329.5,176.0,466.0,44.0,563.0,587,31,23.24502366520188,2025
641343,Jake Bauers,381,0.029579152972352057,0.02989049017084145,0.032767303504287526,-0.025906970147196513,0.009323538931101464,0.050419181959217935,0.08210309001468463,0.4276,0.4268,0.8318,0.182,0.0582,0.1016,331.0,187.0,455.25,51.95000000000002,556.0,587,82,48.87654348036071,2025
672724,Oswald Peraza,522,0.029563886726484644,0.030499119700264185,0.03441365628755859,-0.02724914696295805,0.007704325515337917,0.051763333090678675,0.08555793002521718,0.4388,0.4398,0.815,0.1952,0.0662,0.118,327.0,184.0,463.0,47.0,561.0,587,90,68.47590318736962,2025
656896,Emmanuel Rivera,247,0.02930598367803695,0.030111771875900948,0.035841636244899784,-0.03200255165572557,0.00802237273131269,0.05096491481824099,0.08775153668592314,0.4362,0.4344,0.8124,0.1992,0.0686,0.1242,329.0,183.0,461.0,43.0,565.0,587,39,28.807617778832075,2025
676812,Carson McCusker,57,0.029274291416043506,0.03025558462718155,0.03608311525137702,-0.032118858073482685,0.0072463626772175166,0.05188510944790396,0.08764241070970193,0.4352,0.4352,0.8018,0.1992,0.0744,0.128,332.0,182.0,468.0,42.0,564.0,587,16,4.353085971084686,2025
628451,Andy Ibáñez,362,0.02920154428293348,0.0302305438439356,0.03503472010591645,-0.02946984994292517,0.007021317354445768,0.05183488741074173,0.08588431518494169,0.4398,0.4374,0.8068,0.1974,0.0692,0.12,329.5,183.0,465.0,46.0,565.0,587,85,38.02185358784141,2025
694728,Brice Matthews,87,0.02915518729289676,0.02956515723196769,0.03562056288865025,-0.029786378007980962,0.006947953346290998,0.052279519824695864,0.08654395837487694,0.429,0.4286,0.8052,0.2006,0.0694,0.1228,334.0,181.0,464.0,45.0,563.0,587,13,12.9910540423643,2025
455117,Martín Maldonado,239,0.029153302425563448,0.029863769334154248,0.035211833176039146,-0.031196885534324297,0.007610089658638219,0.050880258702076284,0.08669614242338539,0.4282,0.426,0.81,0.1938,0.07,0.121,332.0,187.75,463.25,42.0,564.0,587,60,27.605394916712967,2025
700242,Trey Sweeney,593,0.02912620224432351,0.03040221424220242,0.035191404286205215,-0.0294903703014666,0.007660562247145211,0.05120705125146707,0.08593604545481259,0.4324,0.4322,0.809,0.1926,0.068,0.1164,330.0,188.0,461.0,46.0,563.0,587,106,62.771269894581465,2025
666971,Lourdes Gurriel Jr.,1026,0.029095434178601578,0.03044487042198471,0.034331928549232456,-0.02851395910130604,0.007124906107731047,0.0512129850467465,0.08352322113358118,0.437,0.4356,0.8112,0.189,0.0594,0.115,329.0,186.0,464.0,52.0,561.0,587,128,110.3334156070649,2025
641658,Garrett Hampson,138,0.02907448619344806,0.030139090416942918,0.03608256713064774,-0.03139659961799478,0.006649645821188805,0.05210687462885374,0.08721677233495813,0.4394,0.4372,0.8076,0.1974,0.0698,0.131,328.0,179.0,465.0,42.0,567.0,587,37,13.821031169898033,2025
669087,Sam Huff,105,0.029041411577458216,0.02995877700862959,0.03670604240842132,-0.03256735875504112,0.006096133617914464,0.052069640137034655,0.08934393644807694,0.4322,0.4316,0.7946,0.2062,0.074,0.1338,333.0,179.0,470.0,42.95000000000002,567.0,587,20,12.679010310231067,2025
687515,Colby Thomas,268,0.028998860012176202,0.029882564122722236,0.03564440339022034,-0.030683813935056013,0.006413189264638942,0.05096017288305562,0.0876810140178025,0.4318,0.43,0.805,0.189,0.0702,0.1264,331.0,186.0,468.0,43.0,565.0,587,46,27.033836580926014,2025
669261,Jack Suwinski,301,0.028950162392540297,0.02999556220028393,0.0364036641419711,-0.03278406284440512,0.006713516328368018,0.05100669172455874,0.08787139072067282,0.4318,0.432,0.808,0.187,0.0704,0.1258,331.0,187.75,466.0,43.0,565.0,587,53,34.42270282238272,2025
687221,Dalton Rushing,263,0.028934974255252946,0.029504677474204294,0.03615604986386606,-0.03206894295117857,0.006799214855307883,0.052234025484419855,0.08678230797732879,0.4304,0.4294,0.804,0.2048,0.0714,0.1288,335.0,179.75,469.0,44.0,565.0,587,50,31.753815561986155,2025
694497,Evan Carter,351,0.028869520495080063,0.030661062046907182,0.0368460988789393,-0.03450930190654751,0.006239143257584882,0.05165472659113277,0.0899895475535509,0.4386,0.4362,0.7986,0.1916,0.0712,0.1362,331.0,184.0,470.0,44.0,567.0,587,60,43.79818141673651,2025
669289,Santiago Espinal,551,0.028846579957615425,0.029582348760623812,0.035376718259022805,-0.032443922061797754,0.007176372546686522,0.05147472645706116,0.08684393640287505,0.4254,0.4246,0.8074,0.1964,0.0712,0.1286,334.0,183.0,465.0,42.0,565.0,587,101,72.09482767558691,2025
624512,Reese McGuire,261,0.02872939077290232,0.029687555498515438,0.03389990379863787,-0.029146685512912,0.007476217377733255,0.05097895997951871,0.08324914527695976,0.4266,0.4254,0.811,0.1864,0.0578,0.1204,335.0,188.0,461.0,53.0,563.0,587,40,35.530958755413,2025
665155,Nick Maton,114,0.02872086595708754,0.030035940166184143,0.03707387152603677,-0.034800196603951984,0.007147522827485866,0.05216817115848259,0.08812897937127996,0.4362,0.435,0.8008,0.2032,0.0722,0.1328,331.0,178.0,468.0,45.0,568.0500000000002,587,23,12.466333359193738,2025
671277,Luis García Jr.,970,0.02865897146650599,0.029876526757157976,0.03311418261274244,-0.027902438410537668,0.007583033204124753,0.050042381099229746,0.08197295656293796,0.4264,0.4272,0.8148,0.1752,0.0516,0.1178,333.0,194.0,462.0,58.0,560.0,587,137,117.9020698522694,2025
688363,Graham Pauley,315,0.028657286079660987,0.03007106840937015,0.03584132147653367,-0.03081531904617793,0.006029699802992207,0.051612146034627895,0.08592421799305078,0.437,0.4348,0.7982,0.1964,0.0684,0.1314,331.0,182.0,470.0,45.0,565.0,587,57,28.858867107731168,2025
696285,Jacob Young,550,0.028622931250617302,0.02943839927845568,0.033075005299926845,-0.02618139714333588,0.007888935184458561,0.050026858629276166,0.08235006547392737,0.4184,0.417,0.8184,0.182,0.0574,0.1106,334.0,192.0,461.25,54.0,559.0,587,107,70.44299854452416,2025
669477,Casey Schmitt,663,0.028587419975754643,0.02899600888023022,0.03409972442108742,-0.028507842019136455,0.007309848171555913,0.04980192368040169,0.08313914384508608,0.4212,0.4174,0.8116,0.1846,0.0602,0.1192,339.0,191.0,462.0,52.0,563.0,587,94,81.87396376665936,2025
663457,Lars Nootbaar,897,0.028509026284957155,0.02944286379916313,0.03244036714441815,-0.02636314835442792,0.007658475383494677,0.04936724471120723,0.0810798242628345,0.4164,0.4164,0.8182,0.1766,0.0526,0.1116,337.0,194.0,460.0,57.0,559.0,587,132,140.47682061262896,2025
691783,Jordan Lawlar,117,0.028478328016048958,0.029837661327810606,0.0360967917944199,-0.03232836233039249,0.006228854573447183,0.051092252927379,0.08649360907185563,0.4272,0.4274,0.8018,0.1908,0.0716,0.1346,335.0,185.0,470.0,46.0,565.0,587,24,9.933161935762733,2025
695578,James Wood,1145,0.02847006890308769,0.029187446033693956,0.03297313546181204,-0.026481397397165058,0.007296953934731577,0.049349733232949604,0.08237927032066077,0.4196,0.418,0.8166,0.1752,0.0576,0.115,336.0,196.0,463.25,52.0,560.0,587,157,197.38142395233038,2025
665833,Oneil Cruz,904,0.028432286499344418,0.029369937691578724,0.03378730623409796,-0.027847070550530276,0.0065746783585772395,0.0503001912534389,0.08261507894764064,0.4252,0.4248,0.8058,0.1818,0.0586,0.1224,332.0,192.0,468.0,51.0,561.0,587,133,131.31327570617526,2025
596146,Max Kepler,870,0.028382897902988712,0.02859646607037112,0.033032262914838274,-0.026591007904298407,0.0074858705584607355,0.04918811250201777,0.08340984574735195,0.4132,0.4116,0.8104,0.1752,0.0592,0.1104,341.0,198.75,464.25,52.95000000000002,558.0,587,126,111.63386849944052,2025
605137,Josh Bell,978,0.02836138891085097,0.028764287234979598,0.032037818988039174,-0.02535791501932787,0.00799370577558557,0.04914204811642276,0.0796065722779876,0.4138,0.4102,0.8262,0.1648,0.0542,0.1102,338.0,201.0,459.0,55.0,559.0,587,138,124.49386409034052,2025
669208,Ryan Bliss,65,0.02830900525626643,0.029564241717799106,0.03580280467641204,-0.0333523426075035,0.0062991238998377835,0.05089879000275544,0.085921643186082,0.4252,0.425,0.7994,0.192,0.0668,0.129,335.0,187.0,468.0,44.95000000000002,565.0500000000002,587,11,8.914472083742938,2025
642731,Thairo Estrada,297,0.02830039389146795,0.029105742070924888,0.035135928163628385,-0.029520606506896658,0.006131953875117607,0.05005073698600519,0.087125070308705,0.4206,0.4188,0.7946,0.1864,0.064,0.13,337.0,189.0,470.0,47.0,564.0,587,39,34.29506910997508,2025
671056,Iván Herrera,782,0.028296216679602453,0.02966987589924537,0.03545271225542029,-0.03044574185361865,0.005542020778665868,0.05086754964643651,0.08530960423376294,0.43,0.4304,0.7942,0.1882,0.069,0.1278,334.5,188.0,472.0,47.0,564.0,587,107,112.47246382427085,2025
682928,CJ Abrams,1149,0.02821743777901856,0.029223518499612286,0.033261559233774246,-0.02827133018500647,0.006923420272440264,0.049106289809979616,0.08304312449345076,0.4196,0.419,0.8094,0.1742,0.0574,0.1124,337.0,198.0,465.0,53.0,560.0,587,144,156.65912067319363,2025
605170,Victor Caratini,652,0.028164043994208812,0.029683799007172953,0.03424092344478209,-0.029495298818848367,0.006092583307009958,0.049901615236051286,0.08328749499680091,0.4288,0.4282,0.8036,0.1806,0.0594,0.1262,334.0,193.0,467.25,50.0,564.0,587,111,81.75517006103263,2025
681082,Bryson Stott,973,0.02807920612649624,0.028673719161918562,0.030988305175538793,-0.02313418036013506,0.007803488095167525,0.04807157817079362,0.0787119964725076,0.407,0.408,0.8218,0.1596,0.0438,0.1038,340.0,204.0,458.0,65.0,555.0,587,145,138.82559836811575,2025
683227,Cody Freeman,222,0.028067149864087298,0.028931326428258654,0.03585244170984228,-0.031884006885786,0.0056348087980845115,0.05154985377842583,0.0850957423794064,0.4202,0.4204,0.7948,0.1902,0.0684,0.1294,340.0,187.0,470.0,45.0,566.0,587,35,31.786171856350634,2025
656582,Connor Joe,134,0.027997243723437953,0.028840875375926917,0.03623974512448252,-0.03386321305613912,0.005521382238137258,0.050832428050929516,0.087145549798476,0.4208,0.4206,0.7972,0.1878,0.0684,0.1318,339.0,187.0,470.0,43.0,567.0,587,35,20.976994864493655,2025
645302,Victor Robles,207,0.027773819904744243,0.028798092521041187,0.036148330275580634,-0.03313658828682273,0.0060208480938096975,0.050429145567935194,0.08661473450407586,0.4114,0.4114,0.7974,0.1908,0.0712,0.136,342.5,191.0,470.0,43.0,568.0,587,29,21.432877714866414,2025
681987,Nate Eaton,152,0.027590608638877138,0.028663839638047552,0.03590543589404483,-0.032938326343196815,0.005441223799816326,0.05019253708616359,0.08602218567557389,0.4144,0.4144,0.792,0.1874,0.0678,0.1362,342.0,190.0,475.25,45.0,567.0,587,32,22.221834342639376,2025
686475,Tyler Tolbert,100,0.02757465751879564,0.028704776705195043,0.0362112111628455,-0.03352095751300051,0.00604665375903655,0.049963483036367905,0.08620491526125214,0.4182,0.4162,0.8,0.185,0.0642,0.133,342.0,192.0,470.0,49.0,568.0,587,34,9.308430763139512,2025
672284,Jarred Kelenic,128,0.02751806534751964,0.028896709799813486,0.03570334175306849,-0.03162013354706399,0.004682977210728725,0.05018819850670596,0.08500593635239818,0.42,0.4172,0.7908,0.1814,0.0654,0.135,338.0,192.0,475.0,47.0,566.0,587,23,13.577524428582032,2025
685301,Matt Gorski,89,0.027513386671784497,0.028496479818696525,0.03618991976022014,-0.0325404070695283,0.004858563346641623,0.05021695040607864,0.08560214643844719,0.4166,0.4158,0.7906,0.1922,0.0646,0.138,344.0,186.0,476.0,48.0,567.0,587,13,14.199157010491135,2025
570482,Gio Urshela,390,0.02744151916321669,0.028405552277046983,0.03485497133829804,-0.03170166757956017,0.006219086756084593,0.04905080190465706,0.08255906854951073,0.4164,0.419,0.8016,0.1752,0.0594,0.126,342.0,196.0,469.0,54.0,566.0,587,55,57.166625978592144,2025
663698,Joey Bart,521,0.027388616918133372,0.028781462873810428,0.03422130869205913,-0.03153257537218738,0.006185644781409143,0.04904623095457338,0.08226926656027098,0.418,0.4204,0.8012,0.1658,0.0534,0.1298,341.0,198.0,470.0,55.0,564.0,587,88,78.08028067862924,2025
807712,Luke Keaschall,302,0.027202308089624445,0.02800832246194315,0.03644877503976553,-0.034073494561720256,0.004675091925782233,0.04954628161505256,0.08590961319070226,0.4154,0.414,0.7928,0.1818,0.0668,0.1374,343.0,193.75,472.25,44.0,567.0,587,48,51.249500219380636,2025
663584,Hayden Senger,131,0.027194856313294383,0.028228608111050275,0.03540298443248961,-0.03257267726093175,0.0052591601415464375,0.04941132941018109,0.08475599504044665,0.4108,0.4076,0.7942,0.1782,0.0656,0.1336,343.0,196.0,472.0,47.0,566.0,587,28,13.133161558723675,2025
657041,Lane Thomas,235,0.02717846727014796,0.02865601342202722,0.03589626979696735,-0.0320408364816874,0.005669091434526317,0.04976504084834589,0.08402706193059534,0.4176,0.417,0.7912,0.182,0.0622,0.1382,344.0,193.0,471.0,49.0,567.0500000000002,587,38,28.674869539731535,2025
805367,Chase Meidroth,768,0.027173941267282623,0.028734571104116008,0.03452683091419193,-0.031246494853980553,0.005952720365953871,0.04917857938107369,0.08262905759836954,0.4134,0.4118,0.7998,0.1754,0.054,0.1322,342.0,197.0,472.0,56.0,567.0,587,118,102.96432585223123,2025
683766,Christian Koss,334,0.027110018267294703,0.02834807405112851,0.036101680949306894,-0.03344030507876252,0.005027879599557501,0.04979687941455907,0.08585338220045935,0.4112,0.4112,0.7892,0.1804,0.0632,0.1374,344.0,194.0,474.0,47.95000000000002,568.0,587,57,43.31830298999568,2025
672761,Wenceel Pérez,739,0.027076175647270988,0.027939758170903453,0.03207984502273903,-0.025868263916994674,0.0066317216052031456,0.047644230425751,0.08038369464842754,0.4044,0.4038,0.81,0.1598,0.0488,0.1146,342.0,205.75,467.0,61.0,560.0,587,98,106.42111241413485,2025
642201,Eli White,508,0.026990917720313392,0.027905876061516857,0.03460165826061423,-0.03156889270774903,0.005898779680824945,0.04931345690575928,0.08182485499061079,0.4018,0.3994,0.797,0.175,0.0574,0.135,346.0,198.0,470.0,53.0,567.0,587,89,68.5976422115452,2025
641933,Tyler O'Neill,382,0.026916381565258173,0.02850911272468752,0.03529570288907038,-0.03403628884114075,0.0043474863259230345,0.04960344031857074,0.08325651453652183,0.4142,0.4144,0.7886,0.1778,0.0604,0.1402,341.5,194.75,477.0,52.0,568.0,587,54,42.784676019677825,2025
641598,Mitch Garver,464,0.026887854358417417,0.027958073553892904,0.03636886619201107,-0.03439936924888033,0.004475927081678959,0.049939888186908865,0.08521636278041923,0.4142,0.4128,0.7898,0.1834,0.0656,0.141,348.0,190.75,478.0,46.0,568.0,587,84,49.880636268779426,2025
676439,Hunter Feduccia,200,0.026883005764193932,0.02819813917873463,0.03639272217656608,-0.03467493222856369,0.00461737179908066,0.050325572849172176,0.08558325019899733,0.4194,0.4168,0.7922,0.1792,0.065,0.1386,343.0,189.0,476.0,45.0,567.0500000000002,587,35,22.92425884125675,2025
456781,Donovan Solano,343,0.026796247327233704,0.027996409504700386,0.03508058312220672,-0.03113442997504856,0.005143966088949571,0.04859781887010073,0.08414013910072744,0.4026,0.399,0.7916,0.1738,0.0612,0.1348,348.5,201.0,474.0,49.0,566.0,587,66,37.85577406262492,2025
592663,J.T. Realmuto,1036,0.02667758168214695,0.0270845354964761,0.03296657779973542,-0.028166504835438352,0.005879472805620766,0.047866848309022256,0.0799856348087428,0.4036,0.4024,0.8022,0.1624,0.0528,0.1242,350.0,205.0,470.0,57.0,562.0,587,133,136.26230641175513,2025
673548,Seiya Suzuki,1100,0.026674685928469784,0.027227472259300063,0.03326375454838442,-0.02904757353850532,0.0064232504093820406,0.047368295951122345,0.08051298461832587,0.3962,0.3918,0.803,0.164,0.0528,0.1252,349.0,206.0,469.0,56.0,562.0,587,151,150.26185218138912,2025
665161,Jeremy Peña,897,0.02662492469560453,0.02729443470184537,0.03169855067179796,-0.02730370925797334,0.007362473530504156,0.046821305160639454,0.07732425692535726,0.3894,0.3876,0.8132,0.1516,0.0466,0.1168,349.0,214.0,463.0,64.0,560.0,587,125,124.7132348921818,2025
518595,Travis d'Arnaud,459,0.02658662993936456,0.027421356692429132,0.03483972359929755,-0.03326746819705769,0.005722992040368404,0.04865914328099575,0.08185466896890586,0.4018,0.4006,0.7928,0.1734,0.0544,0.136,350.0,200.0,473.0,56.0,567.0,587,67,48.779339255084025,2025
701675,Nathan Church,127,0.026442893651221322,0.027456495428635735,0.03618048634563549,-0.035739476561392806,0.004440312834215494,0.05016243327108602,0.08438546791513962,0.4048,0.4034,0.781,0.1802,0.0614,0.1404,353.5,193.0,477.0,50.0,568.0,587,19,13.383041987088006,2025
664238,Dylan Moore,480,0.0263798663206288,0.02760328585423005,0.03501156264105013,-0.0321343910537909,0.004856173936015629,0.04766126917010065,0.08334878174717675,0.3954,0.3948,0.788,0.167,0.06,0.1362,349.0,204.0,476.0,50.0,566.0,587,92,62.28992683726128,2025
691594,Javier Sanoja,525,0.026317123584154917,0.027748807305582192,0.03564960169171254,-0.03458596467894372,0.0034976672195302246,0.0491925979753437,0.08314355527842042,0.402,0.4034,0.7804,0.1772,0.056,0.1408,352.0,194.0,479.0,55.0,568.0,587,109,55.17542076938062,2025
670224,Kameron Misner,417,0.02623307084898024,0.026716036657222303,0.033596791144290566,-0.03025082405572378,0.005517131302908483,0.04762743781926353,0.08103417067943741,0.3864,0.3848,0.7976,0.1576,0.0518,0.1294,355.0,208.75,473.0,57.0,565.0,587,63,53.05749762064228,2025
701538,Jackson Merrill,947,0.026144300720473454,0.027439618221644507,0.032871382911289035,-0.02991330479704314,0.005568413576715553,0.04681522547829023,0.07841657235891525,0.3982,0.3956,0.8014,0.154,0.0426,0.1228,351.0,210.0,473.0,65.0,562.0500000000002,587,114,130.6906649389199,2025
808982,Jung Hoo Lee,1014,0.02613320250429486,0.02740323986852255,0.03486409404997902,-0.032026139069467045,0.00500169246936096,0.04778714858032394,0.08097363150377869,0.395,0.3942,0.7932,0.1702,0.055,0.1336,351.0,204.0,473.0,55.0,567.0,587,147,132.71208453331894,2025
573262,Mike Yastrzemski,936,0.026030196452889474,0.0266476436845577,0.031620420563518145,-0.02766985050506343,0.006102230035151942,0.04674895046500109,0.07721412786371293,0.3884,0.3882,0.8058,0.1518,0.041,0.1182,354.0,210.0,469.25,67.0,560.0,587,143,136.81354473279254,2025
656577,Alex Jackson,189,0.026028190961569497,0.02755783578503306,0.03586544933565484,-0.03478377260410638,0.004213965364628446,0.04849657741999521,0.08317907409604484,0.4038,0.4034,0.7842,0.1734,0.0552,0.1404,348.0,201.0,476.0,54.0,568.0,587,30,25.448387651703325,2025
656413,Stuart Fairchild,91,0.02576116005810152,0.02698439018322115,0.035954950798321415,-0.0335471708052013,0.0035809270866944496,0.04817718188553752,0.08423129090321584,0.3924,0.3906,0.7782,0.1706,0.0628,0.1444,353.0,201.0,479.0,49.0,569.0,587,21,9.907907740011025,2025
663538,Nico Hoerner,1095,0.0257039055123249,0.026858525904760587,0.032145154950728484,-0.02842712243340453,0.0047962251982641415,0.04708322492506841,0.07753040200646087,0.3916,0.3932,0.7928,0.1562,0.0432,0.1234,354.0,210.75,477.0,67.95000000000002,563.0,587,156,146.39634251286353,2025
607680,Kevin Pillar,88,0.025680429871351065,0.02759541689551756,0.037003146039312956,-0.0375764634851421,0.0026262685904272047,0.04866143199302167,0.08524995190269355,0.3994,0.403,0.7714,0.1758,0.0608,0.1594,349.0,197.75,484.0,48.95000000000002,572.0,587,19,8.75899856870163,2025
575929,Willson Contreras,1028,0.02564569619670483,0.02704458403784856,0.033570053143425545,-0.032208997976163035,0.0047436343679075395,0.04698599941801743,0.07938023388775256,0.3892,0.388,0.7888,0.155,0.0484,0.1328,352.0,211.0,475.0,61.95000000000002,565.0,587,135,153.49882898110764,2025
669257,Will Smith,729,0.025552061709562084,0.026759881570134283,0.03437247601141199,-0.03222904919424507,0.003742784539128159,0.0477741407683359,0.08101177094762055,0.3874,0.3874,0.7806,0.164,0.0528,0.144,353.0,204.0,478.0,57.0,565.0,587,109,91.49258906774185,2025
702284,Cole Young,439,0.025522295344291082,0.02660555609017383,0.034192848814560285,-0.03241619414969436,0.003960902114098357,0.046975811201554606,0.08063586544481016,0.3922,0.3888,0.785,0.1608,0.0498,0.1462,353.0,207.0,480.0,60.0,566.0500000000002,587,72,53.0624477530298,2025
693307,Dillon Dingler,862,0.025262622714745376,0.025938542228394167,0.0325757159916508,-0.02906409673940875,0.00452335898203709,0.0456819182858669,0.07829693188200357,0.375,0.3734,0.791,0.146,0.0462,0.1322,357.0,219.0,476.0,63.95000000000002,561.0,587,125,105.0884667798764,2025
660688,Keibert Ruiz,458,0.02499152551491254,0.02616165279164395,0.03528604086390854,-0.03578242513868013,0.0035384005324514438,0.046978733159514986,0.0811054396251646,0.383,0.3832,0.776,0.1662,0.0508,0.1484,357.0,210.0,480.0,59.0,569.0500000000002,587,68,54.03770264864825,2025
681146,Jonah Bride,170,0.024953034113639992,0.02639415758123243,0.03582084918349485,-0.03661702972659157,0.0034156745316731105,0.048135979326394455,0.08160309591081324,0.3886,0.3876,0.7748,0.1674,0.0538,0.1496,360.5,206.0,480.0,56.95000000000002,570.0,587,39,23.949843489482806,2025
609280,Miguel Andujar,640,0.02494358673763912,0.02596420902835839,0.03374056389820767,-0.03248828719677804,0.004151153657808405,0.04657910641397551,0.07906512552418929,0.377,0.375,0.7848,0.153,0.0498,0.141,358.0,211.0,476.0,60.0,567.0,587,93,86.24090922786719,2025
647351,Abraham Toro,534,0.024774519695406512,0.026077988369139077,0.03301362316886936,-0.03180543350580733,0.004531047199693649,0.04645567052100051,0.07738083914622412,0.377,0.3778,0.7838,0.1526,0.0418,0.1346,358.0,216.0,478.0,70.0,565.0,587,77,64.81302282386439,2025
663604,Brandon Lockridge,285,0.0246650121522224,0.026556670680670226,0.035851028455339766,-0.03559162480983786,0.0023762775848817533,0.04722551792184749,0.08139598883510067,0.3896,0.3916,0.771,0.1588,0.0528,0.1552,355.0,206.0,486.0,56.95000000000002,569.0500000000002,587,51,37.06268116496735,2025
668904,Royce Lewis,756,0.02461311869767098,0.026225701088813037,0.03317745850586646,-0.03210251781780819,0.003255338301775537,0.04649832528068221,0.07733517296178248,0.383,0.3826,0.7758,0.1494,0.0458,0.1368,360.0,210.75,481.0,65.0,566.0,587,105,85.9094113690595,2025
664023,Ian Happ,1154,0.02458581914417265,0.02568514760754497,0.031076864725604524,-0.02763459373876669,0.004642131536152284,0.04476155857973593,0.07460386589646745,0.3734,0.3714,0.7938,0.134,0.031,0.1264,362.0,226.0,477.0,76.0,561.0,587,150,162.40778768034855,2025
669221,Sean Murphy,640,0.0245048671388391,0.026311526735849973,0.036007385873738224,-0.037394241395812745,0.001935245620206956,0.04730508668400325,0.0825865675433737,0.3864,0.389,0.7662,0.163,0.0586,0.1554,359.0,208.0,487.0,52.0,570.0,587,93,77.07874725046196,2025
663647,Ke'Bryan Hayes,922,0.024464069521861004,0.025937153417480256,0.033082939040211666,-0.032383503725593114,0.00437196050520757,0.04571459795927792,0.07740030008485337,0.372,0.3738,0.7926,0.1416,0.0428,0.1376,360.0,221.0,476.0,67.0,566.0,587,149,113.5198749042876,2025
660644,Vidal Bruján,173,0.02445723901257586,0.02609353826954018,0.036577802543966115,-0.03825789935683741,0.0026308156504357455,0.0476380530516545,0.0817745727155946,0.3868,0.3872,0.7676,0.1704,0.0534,0.157,359.0,207.0,483.0,56.0,571.0500000000002,587,44,19.17457728529723,2025
694388,Joey Loperfido,196,0.024347781793931336,0.025762769599537355,0.035401435006666,-0.035979268668519845,0.003204034722162012,0.046878628657609715,0.08066818683372412,0.382,0.3816,0.7794,0.1572,0.0508,0.1518,357.0,212.0,483.0,59.0,570.0,587,38,23.002168921345824,2025
669394,Jake Burger,718,0.02395166109456166,0.025606178946160116,0.03280688630032274,-0.031806239486998115,0.0032205091663848684,0.04553385736689057,0.07542326720954257,0.3714,0.3716,0.78,0.1412,0.0392,0.139,361.0,218.75,479.0,70.0,566.0,587,102,112.47178394130351,2025
621566,Matt Olson,1385,0.023810963975732558,0.02503431066069083,0.031627522599104584,-0.0286991234815201,0.004160335430649529,0.04435642607803135,0.07475712150797478,0.3596,0.359,0.7854,0.1332,0.0384,0.1318,366.0,229.0,479.0,72.0,563.0,587,162,216.6415684338275,2025
621438,Tyrone Taylor,590,0.02360565130284388,0.025584478288423078,0.03426060829661477,-0.03459058262832758,0.0023948850831378215,0.04612373238158357,0.07714245549590977,0.3788,0.3772,0.7694,0.148,0.0434,0.1566,362.0,218.0,487.0,67.0,569.0500000000002,587,100,64.1522916868964,2025
683737,Michael Busch,1054,0.02360115470963887,0.02538697524270879,0.03455343472345043,-0.03530365726966653,0.002211092066044264,0.045569254400139675,0.07966587007302856,0.3718,0.372,0.7698,0.1482,0.049,0.1486,364.0,221.0,487.0,61.0,568.0,587,153,141.42120232846344,2025
571771,Enrique Hernández,517,0.02318515974405642,0.0245041486916059,0.0348998655983707,-0.03505022358947259,0.0013794430688611622,0.04565065102639328,0.08025873465728697,0.3688,0.3658,0.759,0.1464,0.0474,0.158,369.0,220.75,490.0,62.0,570.0,587,84,54.91787359306625,2025
592626,Joc Pederson,532,0.02316425228579943,0.02477048416199576,0.03515003805594083,-0.03656020105788872,0.0009018612932893825,0.04581376573174878,0.07978965187958699,0.3656,0.3668,0.7576,0.1534,0.0496,0.1554,368.0,217.0,490.0,60.0,570.0,587,95,74.21705364493445,2025
689172,Brett Wisely,123,0.02303019038364772,0.024878168702680867,0.036199788844150343,-0.03790390652317415,0.000159289345351792,0.04617429928305471,0.08033296889564462,0.3708,0.369,0.7514,0.1542,0.053,0.1598,370.0,220.0,493.0,57.0,571.0,587,21,12.453418795585502,2025
502054,Tommy Pham,715,0.02298695935539035,0.02498642811072441,0.03622494216031737,-0.03904887227288373,0.00029763446552744983,0.046463853879106745,0.07984266441378492,0.3754,0.3732,0.7532,0.156,0.0516,0.1622,368.0,216.0,492.0,57.95000000000002,572.0,587,115,99.5967352547686,2025
660271,Shohei Ohtani,1276,0.022893673651236266,0.024097328915309406,0.030758817867466037,-0.029875001418386588,0.003413290061661542,0.043181164592876055,0.07263736708447485,0.3436,0.3446,0.7834,0.1184,0.0314,0.1304,372.0,237.0,480.0,84.0,563.0,587,158,171.49513643680342,2025
608385,Jesse Winker,131,0.0228530919252973,0.02483886750061743,0.03586329393811379,-0.03738575351038967,0.0005631185070307864,0.04613579949965402,0.07985075673910386,0.3712,0.3712,0.7538,0.155,0.0496,0.1662,367.0,215.0,495.0,60.0,571.0,587,25,11.896831899963107,2025
672569,Gustavo Campero,123,0.022756395723029017,0.024875691859586165,0.0370019395975724,-0.03990251117675802,-0.0005009637773644056,0.04675967287817384,0.08122250640624676,0.3746,0.3748,0.7456,0.1544,0.0532,0.1716,368.0,216.0,495.25,58.0,573.0,587,25,20.303539892221142,2025
663757,Trent Grisham,895,0.02270779652015688,0.023535112122589116,0.03551490178342767,-0.03714893342500014,0.000778162152409955,0.04575052195180436,0.07930840881923738,0.3644,0.3642,0.758,0.1544,0.0452,0.161,375.0,218.0,491.0,63.0,571.0500000000002,587,134,132.64582420135656,2025
641680,Jonah Heim,821,0.022595244026462763,0.02398194019204649,0.033907000483641564,-0.03371967270594514,0.0007417795538228084,0.04468046442543168,0.07667241269689377,0.3542,0.3554,0.7582,0.1402,0.0426,0.1614,372.0,227.0,493.0,66.95000000000002,568.0,587,122,99.74147179864403,2025
643376,Danny Jansen,565,0.0225759982728361,0.024208756278143364,0.035984025961762235,-0.039280872526077086,0.000496061009089074,0.045931981301048176,0.079726913108724,0.3674,0.3654,0.755,0.1488,0.049,0.1644,371.0,221.0,493.0,60.0,573.0,587,97,69.00330949899929,2025
680977,Brendan Donovan,810,0.022470104242525015,0.023816084049175484,0.030895764938122263,-0.03014926157453637,0.002924389089919558,0.04229949829539195,0.0722617548328217,0.347,0.3436,0.7754,0.1182,0.0306,0.1358,374.0,243.0,483.0,82.0,563.0,587,118,122.9682962438066,2025
650859,Luis Rengifo,1007,0.022370516233999185,0.0242447445898107,0.03405645882084131,-0.036315225536360775,0.0012158295755431829,0.04459757544002426,0.07509644817054022,0.3572,0.3562,0.7608,0.134,0.0392,0.156,374.0,229.75,487.0,67.0,569.0,587,145,111.4292177310684,2025
666176,Jo Adell,1145,0.022096590329916514,0.023297264770491752,0.032825739269568804,-0.034498297772980684,0.002263893032630826,0.04353171129467613,0.07306254261646515,0.3466,0.346,0.7704,0.1246,0.0352,0.1536,373.0,235.0,488.0,77.0,569.0,587,149,146.87560112482333,2025
669016,Brandon Marsh,760,0.021725403271025477,0.023162970413960985,0.034680327213818724,-0.038230073421084275,0.0004223322510640383,0.04416208876170381,0.07614296078191277,0.3518,0.353,0.7538,0.1398,0.043,0.1656,378.0,230.75,493.0,66.0,571.0,587,126,86.84011714097346,2025
624585,Jorge Soler,571,0.021707124858662087,0.02298593968570753,0.033561446318480945,-0.035970852265776856,0.0002529665530137437,0.04402667931964297,0.07530449572616464,0.3436,0.3426,0.7546,0.1322,0.0374,0.1626,379.0,230.0,495.0,74.0,569.0,587,79,91.82845918947635,2025
656537,Derek Hill,296,0.02164598739216781,0.02394692307103004,0.033872804349016454,-0.035937029169139205,0.00024110700606859979,0.043743507914477675,0.07473056942669098,0.3498,0.3522,0.7518,0.128,0.0372,0.1576,373.0,233.0,492.0,74.0,570.0,587,48,43.00731849941878,2025
676694,Jake Meyers,585,0.021402020010870125,0.023286931047813098,0.03548068291070722,-0.03998833125728332,-0.00016384851073032784,0.044524424382004345,0.07618022988376232,0.3514,0.3518,0.7484,0.1388,0.0402,0.1718,376.0,227.0,495.0,71.0,572.0,587,97,74.80501122832396,2025
666310,Bo Naylor,774,0.021382667533390753,0.02273768342525883,0.03406914675527502,-0.03686511292401846,-0.00030339200280574363,0.04378537821799574,0.07459760642535074,0.3504,0.3496,0.7474,0.1446,0.037,0.163,380.0,229.0,494.0,75.0,570.0,587,119,93.52660331898095,2025
805779,Jacob Wilson,813,0.021152987760542776,0.022411952318770162,0.03373102532334531,-0.03577624988588438,0.0002777039597851723,0.04282214359844445,0.07514585404711183,0.3362,0.3346,0.7522,0.1302,0.0394,0.1584,384.0,240.0,494.0,70.0,571.0,587,123,133.29266367700987,2025
677594,Julio Rodríguez,1338,0.020923210103065894,0.022877933683606723,0.03299996138633224,-0.03494004216595078,0.00022624002476131897,0.042850198955333554,0.07208908543905095,0.3448,0.3438,0.7516,0.1228,0.0292,0.1678,376.0,239.0,495.0,84.95000000000002,570.0,587,158,179.69277559075675,2025
643565,Mike Tauchman,733,0.020764452101693344,0.021844296974633005,0.03378825920209103,-0.037357938911041624,0.0003508582041449365,0.042858305698263,0.07397189425546478,0.3366,0.3362,0.7512,0.1272,0.033,0.1646,387.0,238.0,493.0,77.0,572.0,587,93,100.74900835803393,2025
692585,Yanquiel Fernández,315,0.02049173636422786,0.022192827237476863,0.03580738284406991,-0.04073711038459444,-0.0012158577121377289,0.04314258900582489,0.07745563313729292,0.3354,0.339,0.7384,0.1322,0.0424,0.1764,385.5,235.0,502.0,68.0,573.0,587,52,39.520389393439046,2025
691185,Maximo Acosta,93,0.020455794423399627,0.02219460227513955,0.03592575350365429,-0.04054038661799856,-0.0024804216163738443,0.043983944623962816,0.07765542829176063,0.3408,0.3382,0.7282,0.1372,0.042,0.1818,382.5,232.0,501.0,67.0,574.0,587,18,10.877163317897605,2025
682177,Daniel Schneemann,728,0.020432255992328133,0.02134932384928001,0.03491983678385539,-0.03880549140621476,-0.0015870623339158563,0.04343189587286127,0.07697348540065681,0.3414,0.3372,0.7348,0.138,0.043,0.18,390.0,235.0,501.25,65.0,572.0,587,126,85.37580550322681,2025
682653,Warming Bernabel,281,0.01957413698304218,0.021112518446282775,0.035789909906294125,-0.042365445393763766,-0.0023556409862206047,0.04272859971988147,0.07691386560003755,0.3288,0.3268,0.7298,0.1306,0.0452,0.1858,388.0,241.0,504.0,65.0,574.0,587,39,33.05340251015413,2025
641487,J.P. Crawford,1181,0.019346471285838992,0.020969294485556945,0.03237299726515376,-0.03687449145658456,-0.0011128153696407417,0.040756101071306214,0.07016073048762266,0.3112,0.309,0.7434,0.1086,0.028,0.1638,392.0,257.0,499.0,89.0,570.0,587,153,166.2830698798349,2025
666149,Tyler Fitzgerald,459,0.019259846177149847,0.021152126178698844,0.035542115337893254,-0.04102672189083425,-0.002450898531329666,0.04258876958598835,0.07560771852462247,0.3306,0.3308,0.7284,0.1274,0.0384,0.1842,389.0,242.0,504.0,74.0,575.0,587,69,52.709241978912274,2025
676914,Davis Schneider,408,0.01924109959511962,0.020048406913676493,0.03514621483715382,-0.041256566634029955,-0.0027260918984564563,0.041556144893190816,0.07506095759626705,0.3198,0.3216,0.7238,0.129,0.04,0.183,397.0,245.0,502.0,69.0,574.0,587,77,51.799753644467586,2025
623993,Anthony Santander,446,0.019103014895661425,0.020987749123559704,0.035804819527306846,-0.041852785405942415,-0.0029551538056254998,0.04187808990057784,0.0758970575789311,0.3266,0.3218,0.7212,0.1282,0.0438,0.1934,391.5,244.75,506.0,69.0,575.0,587,52,63.15032714237636,2025
680718,Addison Barger,943,0.019083372956945555,0.02089750795725455,0.034655712904853773,-0.039354726521797515,-0.0030229629297661934,0.042128233748484095,0.0732219356240172,0.319,0.3192,0.7222,0.1202,0.0356,0.1894,392.0,248.0,507.0,79.95000000000002,573.0,587,133,108.37154252191922,2025
624641,Edmundo Sosa,523,0.019051916434848663,0.020582892463121952,0.034281420325679476,-0.03788219271056716,-0.0025631230151553965,0.04174757064988825,0.07205501427510774,0.3216,0.3238,0.727,0.1224,0.0354,0.1754,393.0,246.0,503.0,80.0,572.0,587,84,53.3248993472545,2025
694192,Jackson Chourio,1101,0.018891168368493458,0.021251764283943844,0.03365571595188559,-0.039216667123419875,-0.001976186566205574,0.04031828236916788,0.0721865271944919,0.3192,0.3156,0.734,0.1106,0.0348,0.183,388.5,253.0,502.0,79.95000000000002,572.0,587,131,153.97760831031533,2025
702616,Jackson Holliday,1105,0.01875856742402304,0.019886387008871804,0.033310121950810796,-0.03704311573035894,-0.0028125579426831887,0.04056164793882139,0.07240116437171239,0.314,0.3126,0.724,0.1146,0.0328,0.1738,399.0,251.0,501.0,83.0,571.0,587,148,165.26598438929904,2025
663898,Brendan Rodgers,226,0.018727297080512337,0.021020332660087907,0.03446406135712309,-0.04048383231044581,-0.003970571089167829,0.04148444407210904,0.07345133231224792,0.325,0.3234,0.7184,0.1176,0.0352,0.1868,391.0,248.0,505.0,79.95000000000002,574.0,587,36,28.457458793208794,2025
623168,Tyler Heineman,305,0.018292544190540168,0.020161475782456077,0.03539333019814289,-0.04315459170167753,-0.003813576380567361,0.04158694168586096,0.07329651102489694,0.3232,0.3218,0.7152,0.1264,0.0356,0.1968,396.0,248.0,509.0,73.0,575.0,587,52,41.704861923945145,2025
677347,Kyren Paris,244,0.017999885393763602,0.020754379428289595,0.036517081066719616,-0.045565675388593595,-0.004994596024323016,0.04188221446855356,0.07435079580973722,0.3244,0.3208,0.7134,0.128,0.037,0.212,395.0,246.0,512.0,78.95000000000002,576.0,587,42,36.519339593228864,2025
657077,Alex Verdugo,316,0.017919609396538905,0.020312845336084275,0.03585784753201393,-0.04489171553714583,-0.004109390122974205,0.04126278588638954,0.07376093441336644,0.316,0.3168,0.7134,0.1198,0.0372,0.1984,398.0,247.0,511.0,78.0,576.0,587,56,45.42855433160743,2025
571657,Kyle Farmer,525,0.017747064041313525,0.019971511924461727,0.03568761237132044,-0.04620997633742925,-0.004022948149616356,0.041335733803397494,0.07271475406906885,0.3172,0.316,0.711,0.121,0.033,0.198,400.0,249.0,510.0,79.0,575.0,587,96,57.48344620427225,2025
676059,Jordan Westburg,628,0.017704266503975184,0.01874197001464596,0.03393810521236381,-0.04079970452526889,-0.003773252994562984,0.040074283384192916,0.07108811007595632,0.3058,0.3038,0.7146,0.1168,0.0306,0.1908,404.0,260.0,507.0,85.95000000000002,575.0,587,84,78.97461788990552,2025
682998,Corbin Carroll,1200,0.01724893941093316,0.018923809543368947,0.032835455214328534,-0.03846845134634708,-0.003991837294442866,0.038897830096965805,0.06911619129679802,0.2954,0.2942,0.7126,0.1038,0.0276,0.1926,402.0,267.75,509.0,91.0,574.0,587,141,166.53950606689122,2025
686555,Isaac Collins,755,0.017238706767328884,0.019025191372582972,0.03434735976415441,-0.040572697226685876,-0.004501368278854505,0.03928990277599187,0.07099393221988679,0.2954,0.2918,0.7122,0.109,0.032,0.1958,403.0,263.0,510.0,83.0,574.0,587,124,96.00380314576745,2025
669364,Xavier Edwards,1036,0.016958803590779347,0.01839952712053914,0.033283656061816574,-0.0400056268699648,-0.004258507038914623,0.03899081976283267,0.06895749375827695,0.2898,0.2906,0.709,0.1014,0.0296,0.1946,408.0,265.0,507.0,91.0,573.0,587,137,142.1413606346045,2025
676391,Ernie Clement,956,0.01680334554802558,0.01919413278858435,0.0350730405179793,-0.04274097013503568,-0.005164490477249429,0.03987377735980741,0.07160840422259392,0.2994,0.2998,0.704,0.112,0.0316,0.2034,406.0,260.75,510.0,80.95000000000002,575.0,587,148,100.27172410832151,2025
677950,Alek Thomas,854,0.016712300199753338,0.019340411325313934,0.03524962900721424,-0.04336542540538863,-0.004708525384586646,0.03984087120021918,0.0714435174344762,0.3046,0.3042,0.708,0.1072,0.032,0.2046,403.0,259.75,512.0,83.0,575.0500000000002,587,134,100.82546285981223,2025
656716,Zach McKinstry,931,0.016401329215567403,0.01850232145746799,0.03371373389783262,-0.040299185862910085,-0.004921678504644048,0.03832740983105647,0.06949634129974591,0.2906,0.2894,0.7026,0.0952,0.028,0.2044,403.0,270.75,512.0,92.0,574.0,587,142,129.99988928643359,2025
665966,Carlos Narváez,879,0.01631439171257266,0.018228445180687315,0.033138666059694774,-0.04050224345997391,-0.004772640897760029,0.038326787801540814,0.06755146329338563,0.2858,0.2834,0.705,0.0998,0.0252,0.196,408.0,274.0,511.0,94.0,573.0,587,117,114.50543502939348,2025
691406,Junior Caminero,1205,0.01622724397511728,0.01833434957457274,0.03427109710292193,-0.042010086395651514,-0.00597919373208555,0.03890444959156987,0.06926448753291954,0.2964,0.2968,0.6972,0.1032,0.0272,0.2062,407.0,265.0,514.0,92.95000000000002,575.0,587,153,149.48744130031997,2025
641355,Cody Bellinger,1233,0.016005464643325064,0.017153952517047995,0.029457639423648332,-0.03493984036672648,-0.002976383802940091,0.035971677578127,0.06213924384933289,0.2566,0.2566,0.7214,0.0704,0.0158,0.1766,411.5,289.0,505.0,125.95000000000002,569.0,587,151,189.31759723607888,2025
695657,Colson Montgomery,545,0.015715547107812484,0.01764984203889608,0.03453314694015532,-0.04316467182450449,-0.0064132448034204415,0.03828198162565254,0.06888116297466751,0.285,0.285,0.6952,0.1006,0.0306,0.2094,411.0,270.75,515.0,88.0,576.0,587,71,70.63855625972639,2025
543760,Marcus Semien,966,0.01569387001647265,0.01745371087455428,0.03530449123830433,-0.04600466014713206,-0.006417524174865742,0.039166136900446194,0.07030681040992649,0.2944,0.2926,0.6952,0.1138,0.0294,0.2156,412.0,261.0,515.25,84.0,577.0,587,127,151.81216474949565,2025
646240,Rafael Devers,1408,0.015532343953788021,0.016955588780337552,0.03068807440566846,-0.03786869223007877,-0.0036459396544034537,0.03553287197374109,0.06335792243735489,0.2542,0.254,0.7152,0.0786,0.017,0.187,414.0,291.0,506.25,116.0,571.0,587,163,246.5584849129563,2025
457705,Andrew McCutchen,978,0.015504944168449802,0.016935646927572004,0.03384202153093345,-0.042068428082854485,-0.005786429153355305,0.03770336523049325,0.06909606013313904,0.279,0.2784,0.6966,0.0966,0.026,0.202,415.0,276.0,514.0,93.0,575.0500000000002,587,133,140.0927230123567,2025
657757,Gavin Sheets,1010,0.015317051495951629,0.017497494561940503,0.033760850060659174,-0.042681540934721415,-0.00538577976878126,0.03806526387868758,0.06672521610228387,0.279,0.2818,0.6952,0.0948,0.0248,0.2036,413.0,273.0,513.0,97.0,575.0,587,144,159.30011798173928,2025
624424,Michael Conforto,914,0.014688015081110157,0.017291471065042936,0.03440684899919239,-0.04497628169260613,-0.006492031645604714,0.037497129060634,0.0669476100311009,0.2732,0.2718,0.6874,0.0924,0.0278,0.2212,414.0,278.0,519.0,98.0,576.0,587,137,106.10029862829282,2025
521692,Salvador Perez,1277,0.014683267045912825,0.01622371614601821,0.032485383586491494,-0.04176690545860734,-0.006138974782296442,0.03660538720408623,0.06420441876981002,0.2622,0.2654,0.6944,0.083,0.0214,0.2076,417.0,285.0,514.0,110.0,574.0,587,154,160.58601743543528,2025
650333,Luis Arraez,1149,0.014598242302274403,0.015850011662759823,0.034431920222459216,-0.045039709699111426,-0.006523223377017558,0.037124375467378706,0.06786740410417615,0.2722,0.2738,0.6882,0.0894,0.03,0.2158,419.0,279.0,517.0,90.95000000000002,576.0,587,152,176.80502148112228,2025
666139,Josh Lowe,967,0.014235388452124294,0.01573838867606219,0.03437688120613109,-0.04482467331897914,-0.007073055116041882,0.037392930060112586,0.06725101398624775,0.278,0.276,0.677,0.0908,0.0236,0.222,421.0,275.0,518.25,98.95000000000002,577.0500000000002,587,108,127.85628919780275,2025
645444,Jose Herrera,306,0.013909252768210579,0.01623198135902237,0.0365227697589834,-0.04840469310330491,-0.008574983352459731,0.038050665132428746,0.06976214418174691,0.2782,0.278,0.6694,0.0964,0.0322,0.2332,422.0,271.0,523.0,87.0,578.0,587,57,31.82129339973858,2025
500743,Miguel Rojas,488,0.01352652332983222,0.016012872389535422,0.035551970867818056,-0.04860161731178998,-0.009375128609711302,0.037690695253694874,0.06782265683719485,0.2724,0.2736,0.673,0.0934,0.028,0.2294,422.0,279.0,522.0,98.0,578.0,587,108,53.075625968188305,2025
666018,Jonathan Aranda,815,0.01326046885762259,0.01583172096963019,0.03451621961689508,-0.046832559258540386,-0.007507146715715392,0.036216911827016966,0.06663905234268812,0.2604,0.2564,0.6808,0.0848,0.022,0.2278,420.5,288.75,521.0,103.0,577.0,587,106,104.96934033365243,2025
661388,William Contreras,1172,0.011650363333592883,0.013289496386466409,0.03173220794057177,-0.04294524195116131,-0.00866522396180258,0.03355020256678148,0.061310540361541196,0.2256,0.2256,0.6576,0.0654,0.0182,0.228,435.0,311.0,522.0,125.95000000000002,575.0,587,150,155.3745990596762,2025
683770,Will Robertson,139,0.010580808070796446,0.013616984235766422,0.03602232841095217,-0.05281013224651228,-0.011944186679064363,0.03475854525675776,0.06456985666084783,0.244,0.2418,0.65,0.08,0.0212,0.2624,435.0,298.0,533.0,105.0,580.0,587,25,14.729297574144667,2025
695391,Brett Harris,140,0.009776358244441606,0.012718247580580457,0.036492406506917305,-0.055096365031178825,-0.013402998828329564,0.0350284421133647,0.06543971957885948,0.249,0.248,0.63,0.0804,0.0222,0.2714,441.0,294.75,534.0,108.0,581.0,587,26,17.805630196011045,2025
687551,Drew Gilbert,186,0.009561489368026097,0.011783314517512583,0.03500096283548136,-0.052041860930340605,-0.012234602909794967,0.03321534653367637,0.06317951951461835,0.2262,0.2284,0.6352,0.0704,0.0196,0.2646,447.0,309.0,533.0,113.0,580.0,587,34,22.983472745414645,2025
621020,Dansby Swanson,1253,0.009039899218427842,0.011549584803629873,0.03347183764411816,-0.050092015057857875,-0.01211637862221521,0.032423847505828156,0.05938508860893774,0.2176,0.2168,0.6334,0.0664,0.0148,0.262,446.0,317.0,532.0,128.0,578.0,587,159,160.92682237404665,2025
691019,Kyle Teel,535,0.008199299260326651,0.01053439166674161,0.034590168086114814,-0.051435653035063644,-0.013871083967413976,0.03219069065876116,0.06237201837125597,0.2134,0.212,0.6176,0.0692,0.0178,0.273,450.5,321.0,535.0,115.0,579.0,587,77,76.49614935926954,2025
677588,José Tena,295,0.00808489699213145,0.009557705316811356,0.03476452064087243,-0.05239013184609243,-0.01371575586922283,0.03178057502786848,0.062304214227367705,0.2174,0.2158,0.6152,0.0708,0.0174,0.2758,456.0,322.0,536.0,115.0,580.0,587,48,35.20291582220528,2025
656811,Ryan O'Hearn,996,0.007697990553511654,0.0100923286009107,0.03403235070964031,-0.05077310331187553,-0.014311129925382197,0.030334288145776364,0.061949162442218916,0.1984,0.1966,0.6152,0.0714,0.0168,0.2766,456.0,331.75,536.0,123.0,580.0,587,143,157.10398009002245,2025
687263,Zach Neto,1026,0.007045031256565603,0.00813277566070866,0.03431983435525398,-0.05180661274865192,-0.014965732662298904,0.031006781359112792,0.06073834864271948,0.2078,0.2076,0.597,0.0664,0.0144,0.2952,459.0,326.0,539.0,124.0,580.0,587,128,172.33349702165617,2025
700337,Edgar Quero,725,0.004875703506766025,0.007552502199112236,0.035600664375448995,-0.05809843254426191,-0.01719968748056275,0.029099574385008525,0.05838999035786288,0.1918,0.1912,0.5858,0.0558,0.012,0.31,468.0,338.0,543.0,135.0,582.0,587,111,86.64823620241725,2025
694212,Samuel Basallo,237,0.00403587042195778,0.006445712399937592,0.03536560294739295,-0.05805931474599953,-0.017687861629254363,0.028154702135418156,0.05689123508275506,0.1754,0.1756,0.573,0.0554,0.012,0.3242,471.0,348.0,546.0,137.0,581.0,587,31,29.361211778007153,2025
696100,Hunter Goodman,1147,0.0030710308032364246,0.005069122243898005,0.03316137235989875,-0.054977228279426596,-0.018237556948829756,0.02675876737483627,0.05381021330490055,0.1614,0.163,0.5604,0.0408,0.0076,0.3256,475.0,360.0,546.0,162.0,581.0,587,141,154.67310644760056,2025
691026,Masyn Winn,990,0.002086907090321068,0.00442082000063101,0.034093541064653156,-0.0580035390330569,-0.020011467001438153,0.026252962148510462,0.05321090899370193,0.1586,0.157,0.5542,0.042,0.0088,0.3348,481.0,360.0,548.0,161.0,582.0,587,127,131.30119817919774,2025
686668,Brenton Doyle,960,0.0011882242068770896,0.003275752498983435,0.03417558878706306,-0.05747740776276376,-0.020600036443738434,0.02520174070100179,0.05354716097131659,0.1534,0.1524,0.54,0.0406,0.0084,0.347,484.0,371.0,550.0,164.95000000000002,582.0,587,138,136.506815995233,2025
672580,Maikel Garcia,987,0.001028537196991824,0.003518099494191621,0.03399396879003782,-0.0595766834531291,-0.020557800153126336,0.024717237057142162,0.05201839379432852,0.1516,0.152,0.5376,0.0358,0.0086,0.346,485.0,372.75,549.0,176.0,582.0,587,157,120.41978743284699,2025
664770,Nathan Lukes,773,-0.0012298251186212208,0.001376892544500961,0.03649040935426143,-0.06440580564587423,-0.024649949216159595,0.025244181774726985,0.052493789139358545,0.1524,0.1514,0.517,0.0402,0.0086,0.3748,493.0,369.0,556.0,169.0,584.0,587,124,97.40117902449843,2025
669288,Daniel Johnson,104,-0.008815482730105973,-0.004802854907905961,0.039035394683493235,-0.07752943268967365,-0.033854042882527996,0.019703194654953047,0.04712342789615995,0.1108,0.109,0.446,0.0282,0.0074,0.457,518.0,409.0,568.0,197.0,586.0,587,20,10.147847175587971,2025
678882,Ceddanne Rafaela,1224,-0.016275359876396032,-0.013776455370101727,0.035876131144370195,-0.07864761825006372,-0.039707288724918646,0.009490960891981686,0.03805937677427177,0.0616,0.0604,0.3464,0.0124,0.002,0.5574,540.5,465.0,574.0,275.0,586.0,587,150,134.5052734584839,2025
641487,J.P. Crawford,735,0.1123796260240199,0.11068230523008443,0.04144452567669073,0.04641698768133535,0.0833957227507452,0.14003837439284256,0.18295548609048837,0.9826,0.982,0.9988,0.9062,0.7334,0.0002,22.0,6.0,66.0,1.0,199.0,591,110,123.56445385811236,2026
686780,Pedro Pagés,402,0.0902803688688976,0.0878947000875444,0.04325515941544277,0.02262424152866638,0.06109804349375441,0.11845321114752319,0.16397677885647202,0.925,0.9248,0.9874,0.7684,0.5184,0.0022,56.0,17.0,139.0,2.0,342.0,591,65,69.76213429749305,2026
669065,Kyle Stowers,984,0.08973588786363473,0.08876133515361234,0.038234282232578916,0.029022862674998016,0.06314911999483808,0.11460760715623329,0.1548944199698847,0.9466,0.9472,0.9932,0.787,0.5184,0.0008,57.0,20.0,132.0,3.0,301.0,591,118,175.6067165496608,2026
668709,JJ Bleday,936,0.08453979852169917,0.08411374758170467,0.039581546805922775,0.02162288948834744,0.057364025366122874,0.11061980499889423,0.15023497532234062,0.9136,0.9132,0.9878,0.7318,0.4712,0.001,67.0,24.0,157.0,4.0,348.0,591,127,154.35689786590066,2026
666397,Edouard Julien,450,0.0833436337800717,0.08196891318487562,0.04276676628094721,0.016031093001574556,0.054118231697772815,0.11057497354127994,0.15731655608882406,0.902,0.9012,0.9806,0.7068,0.4496,0.0032,74.0,23.0,170.25,3.0,368.0,591,81,75.4747281544673,2026
702222,Justin Crawford,827,0.08291859861201581,0.08153670780368333,0.03986114048333946,0.018595185983731142,0.055993167518876244,0.1097655341086255,0.14977906086878492,0.9156,0.9136,0.9836,0.7226,0.4424,0.004,74.0,25.0,163.0,4.0,354.0,591,136,101.62735101040079,2026
677942,Blaze Alexander,594,0.07714953561888178,0.07614416164148102,0.04233195532126399,0.008695751575030938,0.04836798407141424,0.1045707199562041,0.14856819676674723,0.878,0.876,0.9676,0.6556,0.3894,0.005,91.0,30.0,198.0,4.0,407.0,591,83,77.28805494279446,2026
656484,Tristan Gray,390,0.0765438964424154,0.07553540137153822,0.04297639590420311,0.008328603014873426,0.04722540827819525,0.10413230582311953,0.1512455819048957,0.8688,0.8694,0.9678,0.6514,0.3902,0.0078,93.0,32.0,203.25,5.0,412.0,591,61,46.45927611030061,2026
668952,Ryan Kreidler,487,0.07488930688459074,0.07367016596020991,0.04210301990258604,0.007613916941616544,0.04589379276581392,0.10199858775969,0.14697852739027095,0.8634,0.8622,0.969,0.633,0.3758,0.0048,97.5,34.0,210.0,5.0,411.0,591,85,65.66297082983965,2026
677800,Wilyer Abreu,1255,0.07388730249049297,0.07338748805006118,0.03431068720186023,0.01820515952147216,0.0503044387643195,0.09618050175072705,0.131948760164648,0.9046,0.9034,0.989,0.6532,0.337,0.0012,100.0,43.0,189.0,9.0,359.0500000000002,591,151,226.57909504821544,2026
670623,Isaac Paredes,1127,0.07303033178225067,0.07222875718337271,0.03752483095033786,0.011849531928117586,0.047791376110349386,0.09757050167417282,0.13655317306948195,0.8772,0.8772,0.9774,0.6382,0.3406,0.0036,102.0,41.0,203.0,8.0,386.0,591,149,212.34006305017488,2026
666152,David Hamilton,580,0.0727070752145915,0.07106220240881916,0.042029971078028985,0.0062202703641833345,0.04370643953895966,0.10032826515338063,0.14403713204831614,0.8526,0.8506,0.9662,0.6144,0.3532,0.007,105.0,38.0,223.0,6.0,420.0,591,103,81.28273959801821,2026
694249,Cole Carrigg,641,0.07192131605012865,0.0691337249009592,0.04449346789986849,0.0027007695512936652,0.041161124546031824,0.1010819834016803,0.14976621850076763,0.8354,0.8328,0.9568,0.5898,0.3518,0.0118,111.0,36.0,235.0,5.0,436.0500000000002,591,81,109.77711394617461,2026
605170,Victor Caratini,593,0.07136265270003152,0.06953234526550421,0.043785984487624954,0.0027336020840614175,0.041876601293333635,0.09929023705633598,0.1455765806409342,0.8308,0.8304,0.9584,0.601,0.3418,0.0106,112.0,37.0,231.0,5.0,430.0500000000002,591,102,76.73290805922909,2026
683737,Michael Busch,1157,0.07110632771407467,0.07050251838290973,0.03585925931929782,0.014060984438412675,0.045822920827024244,0.09499756777174045,0.1309194242144054,0.877,0.8742,0.98,0.6188,0.3126,0.0028,107.5,47.0,209.25,10.0,378.0,591,154,189.43756907982555,2026
687637,Dylan Beavers,577,0.06971145691532338,0.06795302679713694,0.04150221138744839,0.0029975361015887945,0.0414075790649216,0.0971333892954601,0.1391010743908257,0.8386,0.8344,0.9584,0.5818,0.3236,0.0064,117.0,43.0,232.0,7.0,432.0500000000002,591,97,99.80661966700545,2026
663494,Bryan Torres,302,0.06952790082555872,0.06770726683446873,0.0426752193271568,0.0015272714953680374,0.04098060526338528,0.096984401935104,0.14296079936847986,0.8224,0.8214,0.9532,0.5784,0.3232,0.0082,115.0,42.0,237.25,6.0,434.0,591,63,55.78622112226749,2026
691785,Marcelo Mayer,413,0.06807157406892991,0.06731404141697725,0.043516314363275854,-0.0014150647472384197,0.03880599802462997,0.09666666337735741,0.13862042435974506,0.8102,0.8106,0.9458,0.571,0.3192,0.013,119.0,44.0,248.0,7.0,452.0,591,68,52.84501679429188,2026
805346,Ben Ross,41,0.0668680901520498,0.06614771482215145,0.0448268553606132,-0.005187952352606219,0.036664356578117854,0.09657397183718555,0.14156424599796635,0.801,0.8004,0.9354,0.5584,0.3148,0.018,122.0,43.0,254.0,6.0,464.0,591,8,12.241696903105137,2026
681481,Kerry Carpenter,507,0.0655378168377533,0.0653165780623578,0.040981373613908426,-0.0004347637804482748,0.03833578210189303,0.09242717939147639,0.133477878359052,0.8114,0.8096,0.9488,0.549,0.2906,0.0114,126.0,50.0,252.25,9.0,446.0500000000002,591,81,71.58886131521882,2026
668885,Austin Martin,524,0.06516272784064289,0.06414426790475494,0.04240266407392274,-0.0019676279558481936,0.03710104524709232,0.09253088830811443,0.13485628682133025,0.8044,0.8016,0.9456,0.5396,0.2904,0.0158,131.0,50.0,257.0,8.0,452.0500000000002,591,100,84.73082512504604,2026
628451,Andy Ibáñez,51,0.06422420587922023,0.0629957627302711,0.04466790860607049,-0.006250308899374696,0.033681229621744024,0.09313553657723597,0.1393112513914553,0.7764,0.7776,0.934,0.5282,0.2914,0.0156,135.0,49.0,275.0,7.0,471.0,591,12,9.44544415535361,2026
607043,Brandon Nimmo,1193,0.06392496987624452,0.06353305983206717,0.0419130262765463,-0.003146115267001058,0.03485227948859787,0.09129995300349829,0.13323455802285736,0.7914,0.788,0.94,0.5366,0.279,0.0136,133.0,53.0,268.0,9.0,463.0,591,149,185.06165578634602,2026
691723,Coby Mayo,769,0.06373028657972227,0.0628951259798956,0.041357913287413665,-0.002364951536459122,0.03524828272100384,0.09099693792200392,0.1328490017804352,0.7926,0.7946,0.9426,0.5326,0.2724,0.0102,136.0,54.0,267.0,9.0,455.0500000000002,591,121,124.20693016572888,2026
669127,Shea Langeliers,776,0.06372648776145408,0.06341411388231748,0.035948341662322573,0.006281087280720353,0.0388506673035109,0.08781868560100747,0.12422355162146795,0.8226,0.8214,0.965,0.5418,0.2474,0.0022,134.0,61.0,247.0,14.0,419.0,591,95,136.36361774116634,2026
665804,Miguel Amaya,432,0.06339467430194291,0.06261496830437191,0.04273148143507645,-0.0070742437033125116,0.03519370586076867,0.09144625308019114,0.13553055239199124,0.7944,0.791,0.9346,0.5314,0.2766,0.016,137.0,53.0,267.0,9.0,470.0,591,71,59.54170245652194,2026
641933,Tyler O'Neill,484,0.06329093807009332,0.06236100781052724,0.04145273582152202,-0.002036861740469471,0.035033885515058004,0.09022664968032708,0.13483029019243314,0.7916,0.7906,0.9448,0.5272,0.2636,0.012,138.0,56.0,265.0,9.0,456.0,591,83,66.69598686004814,2026
666182,Bo Bichette,1295,0.06318370082607043,0.06204587783691117,0.03868882775267387,0.002201834030770117,0.0364661263287321,0.08882991747171218,0.12824479740771363,0.8086,0.8088,0.954,0.5216,0.2582,0.0104,140.0,58.0,260.25,12.0,434.0,591,154,205.32744463743012,2026
656941,Kyle Schwarber,1250,0.0628515350958322,0.06273481481925881,0.03646399735022069,0.0046688222430760476,0.03754598439513618,0.08736464260635288,0.123076754685369,0.818,0.8194,0.961,0.5248,0.2446,0.0062,139.0,62.0,252.25,13.0,423.0500000000002,591,149,254.8901155377256,2026
802139,JJ Wetherholt,978,0.062193865387452446,0.06197804971691387,0.03634926881274873,0.0035904231714552733,0.03770889122064272,0.08636626380609728,0.12229285439573222,0.8164,0.8108,0.9594,0.52,0.2296,0.007,141.0,65.0,253.0,13.0,434.10000000000036,591,132,182.37574530552587,2026
695600,Carter Jensen,1045,0.062065492585550566,0.06151188386434631,0.04189247039455831,-0.006475873329671686,0.033531603115199864,0.0905335105002826,0.13061509703030333,0.7822,0.7818,0.9322,0.5146,0.2666,0.0168,142.0,56.0,276.0,10.0,467.0,591,143,166.45410086082282,2026
660670,Ronald Acuña Jr.,870,0.06071208202899433,0.05980396940192324,0.04056520750007738,-0.004057980215754745,0.03346763360169578,0.08712405567933387,0.12894542918012752,0.7814,0.7796,0.9362,0.506,0.245,0.0116,146.0,62.0,276.0,11.0,461.0500000000002,591,102,169.96762079225627,2026
666176,Jo Adell,1302,0.060643592306316864,0.06091754303423105,0.03696453678227626,0.0007201525625078581,0.03534842865968655,0.08515531976535975,0.12162528127941022,0.7988,0.7976,0.9518,0.5048,0.2272,0.009,147.0,68.0,266.0,14.0,441.0500000000002,591,153,213.4170512443053,2026
806198,Cooper Pratt,433,0.06046515298587872,0.05887682616103045,0.0442834058188369,-0.01148007188336201,0.03147251971442955,0.08996033687906838,0.13486681929632238,0.7622,0.7608,0.9164,0.501,0.2642,0.021,148.0,56.0,288.0,9.0,484.0,591,67,49.424775502383355,2026
665161,Jeremy Peña,914,0.06039169592781817,0.05918978021907544,0.035101696111015664,0.004420435628772429,0.03613767634294884,0.08424578166296093,0.11864875329071156,0.811,0.81,0.9614,0.4946,0.2228,0.0064,150.0,67.0,263.0,17.0,420.0,591,105,172.20882503834864,2026
681047,Christian Franklin,73,0.05969580982384905,0.05908767316400361,0.04674988540054532,-0.015997249800090166,0.028369074424018263,0.08932752913897518,0.1387938259649285,0.7434,0.7414,0.9046,0.4918,0.2636,0.0294,152.0,56.0,303.0,7.0,503.0,591,16,7.7617808522099745,2026
676724,Jared Young,614,0.05954170833277205,0.05878880265370877,0.041110543895916965,-0.005607257699859196,0.031793239732680646,0.086084939453345,0.12850257164532541,0.767,0.7666,0.9374,0.4928,0.2404,0.016,152.0,63.0,285.0,11.0,467.0500000000002,591,99,99.64021156077234,2026
665926,Andrés Giménez,976,0.059359311434295535,0.058032518589601415,0.03878719391818505,-0.0037837165391135606,0.033226140062595645,0.08453853513014839,0.1252106384277643,0.776,0.775,0.94,0.4814,0.2216,0.0116,156.0,69.0,278.0,13.0,456.0,591,137,118.16836372651446,2026
656537,Derek Hill,393,0.05926515190925013,0.05732182052888087,0.04253720392724474,-0.007522978816867574,0.03125921082479331,0.086495062207566,0.1327589325982607,0.7558,0.758,0.9268,0.4798,0.2426,0.0186,157.0,63.0,290.0,10.0,472.0,591,80,54.13960186898713,2026
691720,Kyle Karros,760,0.05881235693710928,0.058143747281982724,0.0393374396741692,-0.004112269917291167,0.032426585125261816,0.08577125842178611,0.1244573514159065,0.77,0.7712,0.937,0.4822,0.2252,0.0144,155.0,68.0,284.0,13.0,465.0500000000002,591,119,127.07333532795411,2026
686217,Sal Frelick,560,0.058312719114549875,0.056960063641101365,0.043660023055005215,-0.011760249406016473,0.02991057191717507,0.08660868819506044,0.1301126598185754,0.7508,0.7498,0.9132,0.4756,0.244,0.0234,161.0,63.0,296.0,10.0,489.0,591,101,73.31786655845357,2026
457705,Andrew McCutchen,157,0.0577822510951426,0.05666994619980463,0.04402985794769728,-0.012211079356590625,0.027682951250678878,0.08612064265658846,0.13227357190583197,0.7342,0.7358,0.9128,0.4712,0.2404,0.0246,163.0,65.0,306.0,10.0,491.0,591,35,24.241930601217184,2026
608324,Alex Bregman,1125,0.057509388382949625,0.05655324053458777,0.037862492316387907,-0.0024287862357614534,0.0322662245947087,0.0824947023296716,0.12080365076318281,0.7716,0.7748,0.9426,0.464,0.2042,0.0118,163.0,74.0,282.0,15.0,460.0,591,153,199.62740350974966,2026
805347,Jim Jarvis,192,0.05695179769162041,0.05586679701483126,0.04466178773153405,-0.014648845971431465,0.027077741715960713,0.085777866347564,0.13316286382880949,0.7258,0.7276,0.9046,0.4638,0.2376,0.026,164.0,64.0,310.25,9.0,499.0,591,38,17.06807301571409,2026
681715,Heriberto Hernández,852,0.05650150171225416,0.05547376345706506,0.04013347369510571,-0.006850123364540212,0.029383758783566513,0.08274393634110451,0.12414413821435556,0.7458,0.7444,0.928,0.4582,0.2168,0.0154,166.0,71.75,298.0,14.0,474.0,591,124,124.55870954459827,2026
665862,Jazz Chisholm Jr.,934,0.05603760815521689,0.05463895960346196,0.041676655265037214,-0.0105945451289628,0.02825751671386132,0.08311586312286279,0.12677311424815588,0.7384,0.7388,0.9134,0.4506,0.2136,0.0204,171.0,73.0,304.0,11.0,485.0,591,132,121.52650669394754,2026
608348,Carson Kelly,707,0.05581510360981988,0.055728255768689186,0.035571894629713004,-0.003064554007137591,0.03185355595645782,0.07912984577644189,0.11501697035307867,0.7706,0.7702,0.94,0.4544,0.1832,0.0082,166.0,81.0,284.0,20.0,455.0,591,110,99.25866483985763,2026
666160,Mickey Moniak,858,0.05562979240169135,0.05485528268322396,0.0371064968126174,-0.004065013589173261,0.0305954585702164,0.0794987875366423,0.11901653288208862,0.757,0.7554,0.936,0.4452,0.1902,0.0124,170.5,80.0,291.0,17.0,461.0,591,112,125.14629744111053,2026
660271,Shohei Ohtani,1049,0.05555139718277691,0.05543620669837125,0.03635022324714079,-0.0036051279434154483,0.031135609282083303,0.07931617122523424,0.11585794354709004,0.7672,0.7642,0.9368,0.4494,0.1856,0.0122,166.0,83.0,288.0,20.0,458.0,591,130,174.96442895658913,2026
545361,Mike Trout,1026,0.055347148262854466,0.05484158706453935,0.0395991255832076,-0.009721184203583469,0.02936645002894435,0.08188955910023646,0.12102278096578382,0.7418,0.7414,0.9204,0.4454,0.2054,0.02,172.0,74.0,300.25,16.0,479.0,591,137,175.61144286379118,2026
666018,Jonathan Aranda,1168,0.0552665115595959,0.05449271629098209,0.034886605187338805,-0.0021111967949532483,0.031723248560327134,0.07818285027361438,0.1127939771201237,0.7644,0.7638,0.9434,0.44,0.172,0.006,171.0,85.0,288.0,21.0,450.0,591,149,211.56455976787814,2026
680700,Richie Palacios,665,0.05525993001729702,0.05440082301605788,0.03831975633781898,-0.006761466791161547,0.029248311401176223,0.08110636500600633,0.11911342294749114,0.744,0.7452,0.926,0.4432,0.1974,0.0128,173.0,77.0,299.0,16.0,470.0500000000002,591,113,105.69273349887845,2026
691458,Blaze Jordan,382,0.05472158019437512,0.05366818324782269,0.04230526769041365,-0.013645779962493552,0.02620926395838296,0.08219287017766788,0.12727772842260074,0.7234,0.7228,0.9094,0.438,0.2098,0.022,176.0,75.0,315.0,13.0,492.0,591,57,55.2703236527648,2026
596142,Gary Sánchez,379,0.05431049446171868,0.053126080730764455,0.044416481054788744,-0.01614847145505361,0.024442080510150684,0.08280565813606444,0.1299781256051569,0.7064,0.7072,0.8942,0.4338,0.2172,0.03,175.0,73.0,325.0,11.0,502.0,591,80,46.464602949993306,2026
545341,Randal Grichuk,497,0.05375422919883716,0.05303377701012365,0.04196070038370327,-0.012397740321403072,0.026118987897752168,0.08029119098394963,0.12363871563418893,0.7178,0.7178,0.9068,0.4312,0.1982,0.0258,182.0,77.0,318.0,14.0,490.0,591,107,73.03363400978992,2026
671289,Tyler Freeman,472,0.05331515821866446,0.05286955593432204,0.041177043495212395,-0.013119869395749346,0.025917965350082325,0.07989733841829444,0.12173703859214574,0.7142,0.7112,0.9074,0.4318,0.1978,0.0226,179.0,79.0,319.0,16.0,491.0,591,76,73.23424639613435,2026
687952,Christian Encarnacion-Strand,418,0.05329929182066179,0.051504410455388214,0.042678759633436834,-0.014992687368852705,0.024272921322328937,0.08142850215159105,0.12561581243248693,0.7074,0.7088,0.8992,0.4282,0.2066,0.0248,183.0,77.0,325.0,14.0,501.0500000000002,591,53,55.9892009609886,2026
695731,Braden Montgomery,654,0.0531345651802577,0.051787180656024806,0.04215786269802823,-0.014674633957127927,0.024835594211011128,0.0799765583245313,0.12559076294093707,0.7074,0.708,0.904,0.4252,0.2016,0.0256,182.0,77.0,323.25,13.0,499.0,591,86,90.90504837705797,2026
681351,Logan O'Hoppe,494,0.05312757730942859,0.05149600403808709,0.04436903627313279,-0.01713590871950249,0.0234437942741384,0.08079351235188258,0.12953295792682695,0.703,0.7008,0.8886,0.4228,0.2044,0.0322,185.0,76.0,330.0,11.0,504.0,591,81,66.00397045665115,2026
678011,Anthony Seigler,293,0.052783492770636466,0.0512681468595433,0.04376036631722732,-0.015561819478290738,0.02247943393595429,0.08133703190116466,0.12752882832424442,0.691,0.6912,0.8928,0.4158,0.213,0.0288,187.0,77.0,331.0,12.0,502.0500000000002,591,48,50.32497973162374,2026
691777,Max Muncy,513,0.05274208098540455,0.05122607630067007,0.042532446652372435,-0.015436272700331481,0.02504934808628566,0.08045545837423389,0.12527128339010604,0.7068,0.7074,0.898,0.4226,0.1996,0.028,184.0,79.0,325.25,13.0,501.0500000000002,591,77,61.80335435107513,2026
808959,Munetaka Murakami,932,0.05162175796545752,0.051500715622263875,0.03821672778999049,-0.010261038871505732,0.024906194386253543,0.0774745560222092,0.11371197565090044,0.711,0.7076,0.9182,0.41,0.1712,0.019,187.0,87.0,320.0,21.0,480.0,591,121,181.01079919588915,2026
813841,Jonah Cox,250,0.05154383647589716,0.05064352912957318,0.044320358236641,-0.01999368083087971,0.021896632254733216,0.08048590035410298,0.12685242658910184,0.6878,0.684,0.8872,0.413,0.1972,0.0338,190.0,80.0,341.0,13.0,508.0500000000002,591,46,37.267024751983804,2026
669397,Nick Allen,243,0.05135966729563961,0.050358866283307865,0.0446937159853975,-0.0208998959957426,0.021757619470385823,0.08080647715919287,0.12626772273920392,0.6882,0.6878,0.879,0.4132,0.1974,0.0364,189.0,78.0,339.0,12.950000000000017,515.0,591,58,29.043304107916686,2026
681546,James Outman,345,0.050794132586256154,0.049637939747483026,0.04475923780586118,-0.020692417216215873,0.021498953823838027,0.07927964730360967,0.1254584382479154,0.6826,0.6802,0.8776,0.4028,0.1996,0.0376,194.0,80.0,341.25,13.0,517.0,591,61,48.786314812380176,2026
621438,Tyrone Taylor,407,0.05066066501193057,0.0499780890172149,0.04360194284302413,-0.01984606990314201,0.021903503118687908,0.07873811856402686,0.12285182555293815,0.6806,0.6804,0.8844,0.4108,0.1906,0.0334,190.5,83.0,337.0,14.0,513.0,591,84,67.42834903808384,2026
657041,Lane Thomas,623,0.05060025252437939,0.05007041675209732,0.03949880724583724,-0.01308756789257975,0.025090181239849723,0.07688917094152795,0.11565675840190666,0.701,0.701,0.898,0.3966,0.1778,0.0236,194.0,89.0,323.25,20.0,495.0,591,112,104.3569496261297,2026
701398,Sal Stewart,1254,0.0502331141237944,0.04954197676583992,0.038367657021082455,-0.011348842729327832,0.02477809194494073,0.07593829092043423,0.11440747271059698,0.7052,0.7048,0.9118,0.3914,0.1582,0.0212,197.0,94.0,325.0,21.0,488.10000000000036,591,156,206.05183870365119,2026
689414,Liam Hicks,789,0.04931155632312725,0.04900508593219416,0.04055040715970159,-0.01653017426345119,0.022740784602795345,0.07628247617929987,0.11686478769913584,0.688,0.689,0.8906,0.395,0.1634,0.0298,198.0,94.0,335.0,19.0,502.0500000000002,591,137,123.82932147615655,2026
693307,Dillon Dingler,1082,0.04927539545355396,0.0487290952739955,0.039345906476792286,-0.013596961009730776,0.022533791171020248,0.07580741591240239,0.11421884039451657,0.685,0.687,0.8928,0.392,0.1546,0.0264,199.0,92.0,335.25,20.0,495.0500000000002,591,141,163.19159405796674,2026
695490,Edwin Arroyo,311,0.04913928583614824,0.04925297557517041,0.04410281234593083,-0.022487946217952186,0.019592843600897098,0.07771706806448563,0.12323495675716543,0.6678,0.6678,0.8696,0.398,0.1836,0.0384,196.0,87.0,353.0,15.0,518.0,591,46,39.46959965436005,2026
695720,Tommy White,349,0.04910247334484161,0.04820435329630597,0.04366149538805606,-0.021154722387149938,0.020234223933182534,0.0764578693682219,0.12327195468414076,0.6718,0.6742,0.8774,0.3924,0.175,0.0372,201.0,89.0,343.0,15.0,515.0,591,50,51.67846482110798,2026
683011,Anthony Volpe,409,0.048920574332890356,0.047841489424556266,0.043944994447578274,-0.021112704657849913,0.018959681944964675,0.07677162653554118,0.12404160405431341,0.6692,0.6698,0.8718,0.3898,0.182,0.0362,201.0,89.0,355.0,15.0,514.0,591,65,52.38505261977915,2026
695734,Daylen Lile,1250,0.048894984304776457,0.04854732531886706,0.038090893801566446,-0.011978548955171248,0.022338434884016295,0.07390134664076356,0.1117415880959416,0.6832,0.6846,0.9036,0.3788,0.1544,0.0202,196.0,97.0,335.0,22.0,490.0,591,154,181.2792432193004,2026
553993,Eugenio Suárez,889,0.04884521518135837,0.04788921827951264,0.0408114464353524,-0.016792800424894633,0.0213032033368291,0.07509977315449798,0.11660389565684155,0.675,0.675,0.8846,0.3844,0.1646,0.0286,202.0,95.0,341.0,19.0,505.0,591,120,122.59747431535516,2026
668804,Bryan Reynolds,1228,0.048789857141179144,0.04784069267850602,0.04080335250884347,-0.016942372793546653,0.020853906214024352,0.07628733473318083,0.11590833535019267,0.6726,0.6732,0.8894,0.3878,0.1702,0.0256,204.0,90.0,345.0,19.0,503.0,591,156,185.23856999139846,2026
676356,Jonny DeLuca,627,0.048557336325489926,0.04733698714044997,0.04003665199468156,-0.016171650971615766,0.022252222994690568,0.0753686704958758,0.11507951058066297,0.681,0.6812,0.8878,0.3776,0.1582,0.029,204.0,95.0,338.0,21.0,505.0,591,97,81.76091348054338,2026
605137,Josh Bell,1164,0.04855732226271985,0.04903983316196724,0.036572908696447096,-0.012075392560938375,0.02496044318765267,0.07234854223283609,0.10902856933135492,0.7068,0.7002,0.908,0.3742,0.1406,0.0234,200.0,102.75,322.0,26.0,491.0,591,148,195.46824633006344,2026
681987,Nate Eaton,108,0.04828735811645747,0.047437381304916065,0.044660786121956016,-0.023575115866555942,0.01880173458458706,0.07747105318319901,0.12183934376019656,0.6604,0.6624,0.865,0.3874,0.1838,0.0418,205.0,86.0,352.0,15.0,520.0500000000002,591,19,19.61997527680458,2026
592663,J.T. Realmuto,780,0.048203209051943335,0.04829005462125892,0.04038547245721201,-0.017931446068072152,0.020661104368528558,0.07481341571785284,0.1153176235187583,0.672,0.6756,0.8876,0.3782,0.1592,0.0312,202.5,96.0,344.25,20.0,506.0500000000002,591,115,124.42728990427034,2026
516782,Starling Marte,336,0.0480998031345095,0.04723028686246229,0.043150363544781974,-0.0226224828052923,0.019105550104995477,0.07663598565916441,0.11953044505614459,0.6664,0.6654,0.877,0.3892,0.173,0.039,204.5,91.0,352.0,18.0,519.0,591,55,48.23930616589884,2026
807727,Charles McAdoo,170,0.048068668348250736,0.04757081449743462,0.04103719221115856,-0.018170912069839916,0.02035204859206058,0.07512733865074173,0.11633413358950487,0.6694,0.6692,0.882,0.377,0.1632,0.0308,203.0,97.0,346.0,20.0,507.0,591,31,23.25080292777138,2026
680474,Max Schuemann,138,0.04806388723971874,0.04739927905202648,0.045765355635474264,-0.024980018448456293,0.016981022726421872,0.07746410109143043,0.12456525261652664,0.6584,0.6556,0.858,0.3848,0.1814,0.0454,203.5,88.0,362.0,13.0,527.0,591,31,17.580095967798382,2026
701675,Nathan Church,922,0.04796385095005764,0.04738171005047723,0.04249612016107611,-0.020486188161712143,0.019658134275328448,0.0763489318216139,0.11746351965288783,0.6646,0.6662,0.8738,0.3854,0.173,0.036,205.0,90.0,353.0,18.0,513.0,591,125,137.85846529282762,2026
703607,Henry Bolte,783,0.047416083116309696,0.046666187545392396,0.03570372474262447,-0.01091249379211723,0.023376478079041373,0.07109402829808091,0.1064345685747688,0.6898,0.6868,0.909,0.3562,0.1302,0.018,208.0,107.0,328.0,28.0,483.0,591,104,145.39364540768233,2026
608701,Rob Refsnyder,227,0.04741044941136298,0.04623147758028961,0.04410403181133962,-0.022464240642740666,0.018723698525457022,0.07561381345831769,0.12121171044745546,0.6558,0.6538,0.8594,0.3712,0.1754,0.0408,208.0,91.0,356.0,16.0,521.0,591,52,30.34679489985033,2026
621550,Patrick Wisdom,104,0.047355025792813504,0.04647915676085401,0.04586973573999957,-0.025311908542533876,0.016426914190818275,0.07778411659009765,0.12304920035610789,0.6464,0.6448,0.8524,0.3838,0.1862,0.0472,209.0,88.0,362.25,14.0,526.0500000000002,591,18,11.962338815385586,2026
805805,Walker Jenkins,126,0.04710693510699258,0.04636623589917609,0.04478040773949372,-0.023614730894225573,0.017867758645117453,0.07616456278112527,0.12180740032863548,0.6528,0.65,0.8568,0.3744,0.1714,0.045,210.0,92.0,359.0,17.0,525.0500000000002,591,18,18.172699714573163,2026
691019,Kyle Teel,239,0.04697458416614409,0.04518481435347525,0.04347446521145145,-0.023133327425315566,0.01811326100092069,0.07534847774010157,0.11820982331582607,0.6494,0.651,0.8686,0.3752,0.1666,0.0382,215.0,92.0,360.0,17.0,519.0500000000002,591,34,31.935726504125498,2026
690984,Petey Halpin,354,0.04696461510139251,0.045870648715793536,0.04299919734512432,-0.022090451288297615,0.017329403942969883,0.07492782647559729,0.11829697201984302,0.6512,0.6504,0.8648,0.3734,0.1628,0.032,212.0,95.0,360.0,18.0,516.0500000000002,591,62,53.83398424126734,2026
687231,Darell Hernaiz,302,0.046178210268769906,0.04546237914148059,0.044725360765373784,-0.02639264031262793,0.0165087914781729,0.07603063609118808,0.12089135712843214,0.6386,0.64,0.8516,0.3762,0.1726,0.0466,216.0,92.0,366.0,16.0,528.0,591,49,43.2201538293055,2026
687957,Dustin Harris,205,0.04612468039314307,0.045384701771476424,0.044289105157146846,-0.0255733217700324,0.0167269402492999,0.07468299092633567,0.12075483868085844,0.6432,0.6426,0.8554,0.3686,0.1662,0.041,214.0,96.0,365.0,17.0,526.0,591,35,34.6434340269024,2026
663728,Cal Raleigh,1083,0.045951893213811476,0.04564032766848879,0.04271731248371807,-0.022620120697312365,0.017166527958061943,0.07314028447957191,0.1171877373622104,0.6394,0.638,0.8608,0.3576,0.1574,0.036,213.0,99.0,364.0,18.0,518.0,591,121,164.89484470052426,2026
694208,Moisés Ballesteros,626,0.04593859322168123,0.04532930703619504,0.040042526883380475,-0.01962077782228501,0.019122142339530204,0.07240562525971513,0.11289488028489199,0.6522,0.6472,0.876,0.3602,0.1474,0.0316,216.0,103.0,352.0,21.950000000000017,507.0500000000002,591,99,88.52162974867792,2026
642715,Willy Adames,939,0.045876430154152485,0.046021169658418695,0.038047015131057,-0.017220649443950027,0.020192349222411293,0.07070379196550537,0.1095098359941574,0.667,0.6672,0.8872,0.3478,0.13,0.0246,214.0,109.0,347.0,25.0,502.0,591,121,148.99609143819794,2026
702284,Cole Young,1105,0.04557407626037302,0.044338851254818984,0.03592709021554634,-0.013117035552955254,0.02149320948646095,0.06984780464669665,0.10477730916841597,0.665,0.6646,0.9054,0.343,0.1168,0.0192,218.5,111.0,339.0,31.0,491.0500000000002,591,153,152.44821426079494,2026
669384,Raynel Delgado,65,0.04555736611284311,0.043856097638729497,0.04449661225708095,-0.023149237782753893,0.015096220619683033,0.07430378387693551,0.12121838392694621,0.635,0.634,0.8468,0.3556,0.1658,0.0416,225.0,96.75,370.0,17.0,524.0,591,15,7.80321067959897,2026
669707,Jared Triolo,570,0.045529349673764985,0.04509451835769797,0.043876412077638795,-0.024813266734542806,0.015506489122391156,0.07361243490796202,0.11935840390051747,0.6344,0.6364,0.8538,0.366,0.163,0.0418,217.0,98.0,372.0,16.0,523.0,591,107,80.55551877932812,2026
702332,Caleb Durbin,922,0.045370704656926025,0.04467026835550844,0.03928954516007799,-0.0177037060051832,0.019076414252900506,0.07094047128629996,0.11098830107615636,0.6486,0.6494,0.8832,0.3506,0.1352,0.0296,219.0,108.0,352.0,25.0,504.0,591,146,125.37502709327035,2026
691026,Masyn Winn,837,0.04530711424315773,0.04456349525776959,0.037996078237285125,-0.016472619816552424,0.019250784158229554,0.07036253217262509,0.10893075431231188,0.657,0.6564,0.8876,0.3382,0.128,0.0252,218.0,113.0,350.0,25.0,503.0,591,127,105.31209562996675,2026
680977,Brendan Donovan,261,0.04523641908254427,0.04400244529795454,0.0442944966240793,-0.026847646818227627,0.016125897010502918,0.0745804362444088,0.11937072583211225,0.631,0.6308,0.8518,0.359,0.163,0.0478,222.0,97.0,368.25,16.0,530.0,591,37,38.305012578472144,2026
673548,Seiya Suzuki,1043,0.04522404449785008,0.04485786005329779,0.03709901622795376,-0.013699267581825837,0.02046747218417826,0.06885282740808342,0.10802565183594774,0.6606,0.66,0.8904,0.3378,0.1236,0.0248,220.0,114.0,344.0,28.0,496.0500000000002,591,138,180.14511526078655,2026
663647,Ke'Bryan Hayes,379,0.045216516492078175,0.04387900686350392,0.041166743733130624,-0.02111838673675208,0.01792290330150311,0.07173299238818272,0.11420880731344632,0.637,0.637,0.874,0.3416,0.1516,0.0374,221.0,106.0,360.0,20.0,516.0,591,73,51.87318575568855,2026
672012,Tyler Black,51,0.04520002166624946,0.04443053441815027,0.04463291912276813,-0.029101010958155732,0.01607137510943583,0.07401059483300287,0.11999973508912688,0.634,0.633,0.8512,0.3604,0.1654,0.0508,220.0,96.0,369.25,17.0,532.0,591,9,6.799639997960026,2026
701852,Drew Cavanaugh,276,0.04515949862109644,0.044522105377571584,0.041786187989874546,-0.021404520562922778,0.017039649752927603,0.07206655068328653,0.11645341525340987,0.64,0.6368,0.8618,0.354,0.1538,0.0356,221.0,103.0,362.0,21.0,517.0,591,52,41.40429118860619,2026
671732,Lawrence Butler,938,0.045108705413604434,0.044823537343702646,0.03764872585239612,-0.016694597112777234,0.020303673523457594,0.07029227790199198,0.10679604895394733,0.6602,0.6596,0.8884,0.3468,0.122,0.0278,219.0,109.0,348.0,27.950000000000017,503.0500000000002,591,136,148.91481392391725,2026
642350,Jose Siri,461,0.044906981224855175,0.043959903699025395,0.039716053846502584,-0.020872144619037757,0.018463600364790785,0.07178474356331525,0.11008177094428545,0.641,0.6438,0.8774,0.3476,0.138,0.0346,221.0,106.0,354.25,26.0,515.0,591,85,57.405969979026764,2026
543807,George Springer,933,0.04466927352912394,0.04466237740171852,0.039154743849311856,-0.018357339927642734,0.018471284184384245,0.07096209706771144,0.10743903702779067,0.6496,0.6466,0.8748,0.3408,0.1412,0.0292,220.0,106.0,355.0,27.0,507.0,591,120,161.15602340715753,2026
641584,Jake Fraley,171,0.04436401549340699,0.04368637293939226,0.04498256610888163,-0.028611951521132186,0.015441506209793702,0.07342923914905133,0.11961223081241837,0.634,0.6306,0.845,0.3586,0.1602,0.0532,223.0,98.0,374.0,18.0,534.0,591,31,27.44102115141887,2026
677060,Chad Stevens,64,0.04420722205212567,0.04308720847124298,0.044612249897794685,-0.025941502194456432,0.014105172681909814,0.07337656599577264,0.1201288392233188,0.6186,0.6178,0.8442,0.3544,0.1594,0.0458,228.0,100.0,378.0,17.0,528.0,591,14,8.716055627177658,2026
666211,Taylor Trammell,490,0.044179733310678,0.043389415411756074,0.043650428858560075,-0.02605033723380466,0.014490063320870852,0.07371031562503799,0.11494537169825707,0.622,0.6222,0.8458,0.363,0.1596,0.0484,225.0,98.0,377.0,21.0,531.0,591,87,75.61509762157765,2026
672356,Gabriel Arias,287,0.043921224306835954,0.04309004675512736,0.044697939117465946,-0.028389468155135964,0.014849880447441805,0.07206666068235562,0.11847269713102651,0.6226,0.6214,0.8418,0.3456,0.156,0.0526,226.0,102.0,376.0,17.0,534.0,591,45,34.76503328013119,2026
686948,Drake Baldwin,1155,0.04380204477928529,0.04329532345208993,0.03405176281443719,-0.011840928465354051,0.020975716460644788,0.06545177288850078,0.10171025220558895,0.65,0.651,0.9078,0.3106,0.098,0.0186,225.0,124.75,344.0,35.0,487.0,591,132,183.9790800425621,2026
694374,Tim Tawa,590,0.043590719146706466,0.04364771563308177,0.0402493298182605,-0.023410039730002198,0.01769273759654474,0.0697332741121045,0.1107005680487288,0.6332,0.6296,0.8672,0.3368,0.1266,0.0402,223.0,113.0,360.0,25.0,521.0,591,88,81.27395302897861,2026
701162,Ben Malgeri,211,0.043338562702832636,0.04333813199086409,0.04418952692604732,-0.03047367932844956,0.014352889068347158,0.0721989548209473,0.11711087629295648,0.6218,0.62,0.843,0.3476,0.153,0.056,225.0,102.75,377.0,20.0,537.0500000000002,591,45,25.641924810085076,2026
624428,Adam Frazier,285,0.04332409269163337,0.042788000655002434,0.04567807517347828,-0.0308282421274989,0.01349463611759583,0.07209351947877204,0.12073200423596436,0.6178,0.6168,0.8354,0.35,0.1592,0.0564,229.0,103.0,381.0,17.0,536.0500000000002,591,57,31.457357503552306,2026
687551,Drew Gilbert,614,0.04317582319254089,0.04275941457702413,0.04225955432501711,-0.025065876755057854,0.014906669974738579,0.07067461314197013,0.11397223466652068,0.623,0.623,0.8512,0.3382,0.1396,0.0458,231.5,107.0,373.0,23.0,527.0,591,125,88.31697048183645,2026
595879,Javier Báez,354,0.042940947951097465,0.04255599963906089,0.0438317785004059,-0.02763987313015393,0.013118029378640556,0.07150375289427785,0.11461605445531314,0.6164,0.614,0.8362,0.3412,0.147,0.0494,228.0,106.0,380.25,19.0,531.0,591,53,44.70133578798321,2026
672724,Oswald Peraza,743,0.04286051527575421,0.0424188458807708,0.039554197303284216,-0.021625561600667278,0.016684101393019894,0.06799529850041258,0.1089934318482842,0.6326,0.6306,0.8614,0.3244,0.1238,0.035,230.0,116.0,366.25,26.0,515.0,591,109,102.84865357802462,2026
682622,Noelvi Marte,391,0.04283617572857348,0.0414068209013607,0.04448156695893981,-0.02869613348908932,0.01252143317854799,0.07210038050775153,0.11773516051814231,0.6054,0.604,0.8352,0.3426,0.1546,0.0488,233.0,103.75,385.0,18.0,530.0500000000002,591,58,61.714396534049136,2026
542303,Marcell Ozuna,522,0.04280104508315057,0.04201956589939833,0.04220876814892196,-0.02451073767339421,0.014343827980434647,0.070412449955466,0.11472167529432895,0.6124,0.6114,0.843,0.3304,0.1408,0.042,234.0,108.0,377.25,22.0,526.0,591,69,80.53179470726499,2026
680664,Eduardo Valencia,234,0.04277808755632786,0.042021014573861155,0.04458915081125862,-0.02854804205605279,0.012417287914389093,0.07328670123536275,0.11725298933511215,0.6122,0.6122,0.8324,0.3452,0.1516,0.0492,233.0,102.75,386.0,19.0,531.0,591,35,27.012281308943937,2026
691406,Junior Caminero,1116,0.0427668690793499,0.04197397613363518,0.03876223572668094,-0.020957223557243023,0.016801138304260402,0.0684931483104436,0.10713129454005767,0.6304,0.63,0.8696,0.325,0.1184,0.0342,231.0,116.0,365.0,29.0,514.0500000000002,591,155,171.23225765403265,2026
643376,Danny Jansen,351,0.04269992019685173,0.042184062976908784,0.04409251783444098,-0.02815126087465872,0.013126380767427273,0.07155097706720506,0.11519127260511842,0.611,0.6108,0.8432,0.3428,0.1496,0.0518,230.0,104.75,384.0,20.0,533.0500000000002,591,59,49.666616879781834,2026
553869,Elias Díaz,476,0.042675997938011766,0.04249295998552988,0.04264172898845498,-0.024344251148153917,0.013775975024775754,0.07044518621097234,0.11279088925284779,0.6136,0.611,0.8458,0.3354,0.144,0.0446,232.0,108.0,378.25,20.0,526.0,591,71,52.22254064142757,2026
666126,Carlos Cortes,638,0.042667753837518446,0.042055576956613674,0.03957185502290596,-0.02238248292249378,0.01645847207815465,0.06799420890120052,0.10928389078723012,0.6286,0.6254,0.8658,0.3182,0.125,0.0376,231.0,116.75,364.0,26.0,518.0,591,111,100.7034576367474,2026
669398,Gage Workman,90,0.042406676943258476,0.043045240356918195,0.04651735055593098,-0.033283444096850606,0.011834120625375585,0.0721791640926562,0.11931372074554364,0.6104,0.6098,0.8252,0.3488,0.1538,0.0636,230.0,103.0,390.0,17.950000000000017,543.0,591,18,8.219626408346919,2026
805367,Chase Meidroth,1041,0.0423866039547538,0.04228713751062356,0.034666752331339264,-0.016181841972512382,0.019607669232204278,0.06546982585670638,0.09985447681276018,0.6462,0.6414,0.8888,0.3006,0.0946,0.0236,232.0,127.0,351.0,37.0,499.0,591,150,159.43232344212686,2026
666971,Lourdes Gurriel Jr.,363,0.04220245140818919,0.042471095557930764,0.044108892327261257,-0.030237021686939394,0.012942343994624614,0.0712242283277423,0.11551880677424824,0.6124,0.6102,0.8336,0.3472,0.1464,0.0562,231.0,107.0,386.0,19.0,538.0,591,49,43.708111426198755,2026
665052,Griffin Conine,545,0.041939693732943095,0.04143134528627541,0.04150726519047903,-0.025812544014392876,0.014523147535453067,0.06906281705871413,0.11078115949188162,0.6122,0.61,0.8508,0.3192,0.134,0.0466,233.0,113.0,378.0,24.0,526.0,591,86,79.35138651056819,2026
805300,Jakob Marsee,882,0.04187390480082869,0.040055501976175883,0.041808417102906115,-0.02405980597911263,0.013574067695227985,0.06925120167916424,0.11306537843969558,0.6046,0.6022,0.8452,0.3244,0.136,0.0426,242.0,111.0,379.0,22.0,525.0,591,145,130.75463954193287,2026
810938,Ben Williamson,426,0.041816758902917986,0.042247858130987984,0.042995499773933625,-0.027855859186330593,0.012701566046314049,0.069886064611051,0.11171606803568615,0.611,0.6126,0.8382,0.3288,0.1394,0.0466,232.0,110.0,383.0,22.0,527.0,591,81,57.08470895646763,2026
699912,Jose Fernandez,357,0.041727093641224754,0.04115730337244261,0.038948833198245936,-0.021709747612367148,0.01482198852660939,0.06780657992490816,0.1072238962455053,0.6116,0.6122,0.8648,0.319,0.1136,0.0382,237.0,119.0,372.0,28.0,517.0500000000002,591,62,50.47248486494406,2026
660844,Leo Rivas,207,0.04169753567627195,0.04117082262480476,0.04574126863111832,-0.034062633629731325,0.012750668614337783,0.07090799371992555,0.11733894103359292,0.6086,0.6074,0.8302,0.3404,0.149,0.0646,234.0,107.0,388.0,20.0,544.0,591,42,18.3755400512743,2026
605141,Mookie Betts,718,0.041660807953540754,0.04058756765899067,0.04421923128323354,-0.03013792972604079,0.012550272955979356,0.06991940904495954,0.11462928060168336,0.604,0.6034,0.8318,0.33,0.1456,0.0516,237.0,110.0,384.0,20.0,534.0,591,116,106.758980129154,2026
671218,Heliot Ramos,821,0.04153369874724903,0.04074099763707727,0.038605466056080374,-0.02070247808380871,0.015935775795228008,0.06710502976741728,0.10512257356087645,0.6146,0.6148,0.8554,0.3112,0.1206,0.0332,238.0,119.0,369.25,31.0,513.0,591,106,132.87185825134713,2026
695238,Will Wagner,69,0.041513960571676334,0.04103290180992597,0.04578752143494682,-0.03247798555464324,0.011429742299138996,0.07142837544175704,0.11631185314004751,0.6028,0.6024,0.821,0.34,0.1448,0.0644,236.0,107.0,392.0,19.0,543.0,591,16,10.195121934073402,2026
672580,Maikel Garcia,485,0.04147513227190478,0.040959956480413735,0.041859660017354715,-0.025749224795291813,0.013095988871844998,0.06923689366742729,0.11097078986880009,0.6086,0.6062,0.8452,0.3246,0.132,0.0458,237.0,113.0,380.0,25.0,527.0,591,77,56.77875314222545,2026
671056,Iván Herrera,1182,0.04143752196434154,0.041553609751301256,0.040517935382432965,-0.02496982707611801,0.014446676137037337,0.06777119362578557,0.10753727187366881,0.6136,0.6122,0.851,0.3168,0.1208,0.0462,235.0,117.0,378.0,29.0,528.0,591,155,186.0559551769212,2026
691011,Drew Romo,365,0.04125266556243821,0.04065241635937551,0.044320413584944644,-0.030382358136136454,0.011728744030392587,0.06908552738306417,0.11729828306641203,0.6036,0.6048,0.8302,0.321,0.1378,0.0524,239.0,114.0,388.0,20.0,534.0,591,58,53.717124848673876,2026
645305,Ali Sánchez,135,0.041193716296446255,0.040273369999175454,0.04509506173531681,-0.03164205802096047,0.01146829027620266,0.07060317099451414,0.11602503362732122,0.6046,0.6042,0.8202,0.3292,0.1476,0.0598,239.5,110.0,391.0,20.0,540.0,591,34,15.465604941626282,2026
669326,Bryce Teodosio,92,0.04116464050393705,0.03980079598097084,0.04547254000124663,-0.03209905490812142,0.011543624461514405,0.07068671185016662,0.11780503776389442,0.5882,0.589,0.8244,0.3274,0.1508,0.0602,245.0,108.0,389.0,19.0,540.0,591,21,12.708037756608839,2026
545121,Ildemaro Vargas,796,0.041164629383340624,0.040329591871659395,0.036279440188198314,-0.018249028745392342,0.016363881754713587,0.06546971725955149,0.10133349340165344,0.6258,0.6232,0.8762,0.2996,0.0958,0.03,240.0,128.0,364.0,35.0,509.0,591,127,102.7533311859716,2026
669392,Samad Taylor,232,0.041136372139831415,0.040656601324256615,0.045113110470022186,-0.03263807635722848,0.01128408942987776,0.07124780305582398,0.1156398211899563,0.5936,0.5938,0.8206,0.3404,0.1452,0.063,239.0,108.0,393.0,20.0,540.0,591,41,38.57838050325397,2026
575929,Willson Contreras,987,0.04110184135865356,0.040898620539246325,0.03617986369710049,-0.017638870022518068,0.016635276494680842,0.06450516504420015,0.10133656603787163,0.6292,0.6264,0.8688,0.294,0.097,0.0256,239.0,132.0,367.0,35.0,509.0,591,127,171.4731535375131,2026
669357,Nolan Gorman,587,0.04092859300021577,0.03950221792134523,0.039174629625300605,-0.02195994053020133,0.015021606793193743,0.06614297656974535,0.10846621544573459,0.6112,0.6082,0.8638,0.2968,0.1164,0.0378,244.0,127.0,373.25,29.0,521.0,591,82,92.9427733994992,2026
624413,Pete Alonso,1215,0.04088086423748053,0.04005483599169316,0.03499038158351385,-0.01726553124046473,0.01802680476417057,0.0643512007002591,0.09883095984693176,0.6236,0.6212,0.885,0.2826,0.0916,0.026,242.0,133.0,358.0,40.0,503.0,591,156,185.2425692671183,2026
686894,Joey Wiemer,129,0.04081393910213628,0.03998149818856771,0.04557536565840645,-0.031808643674046615,0.010907435078992972,0.070055290899117,0.11741402972258327,0.5874,0.5864,0.8242,0.3278,0.1378,0.0608,242.0,109.0,392.25,20.0,541.0500000000002,591,26,18.920544987466705,2026
677870,Leo Jiménez,320,0.04080497795009782,0.04020764949737311,0.042272258433092826,-0.028165685654904286,0.012550160868336283,0.06821667254223497,0.11037063348524462,0.6004,0.5976,0.8408,0.3178,0.1314,0.0502,242.0,117.0,382.0,23.0,532.0,591,62,42.82495160007467,2026
656811,Ryan O'Hearn,762,0.04074515099894082,0.04025023954982553,0.04015535981940532,-0.024007619978124155,0.013639946785116795,0.06689304207076546,0.10684536851393227,0.609,0.6098,0.8476,0.3062,0.1192,0.0424,239.0,123.0,381.0,28.0,523.0500000000002,591,104,101.36137657163376,2026
695336,Thomas Saggese,324,0.04071614696518149,0.04089597868100304,0.041678851525602224,-0.02696598634989568,0.013190216559337355,0.06823108223149668,0.10936995077990387,0.6012,0.5984,0.842,0.317,0.1288,0.0468,238.0,118.0,383.0,25.0,529.0,591,46,33.581005993894244,2026
667670,Brent Rooker,344,0.04009370586119329,0.039774321787812525,0.04331183761201023,-0.030652162729829697,0.011364093733862215,0.0686019923532911,0.1097770549286869,0.5948,0.5908,0.8244,0.3202,0.1378,0.0568,243.0,116.0,392.0,23.0,537.0,591,47,60.038234304079836,2026
645302,Victor Robles,265,0.03999938906591319,0.03912709104045424,0.04428923774073379,-0.031771747330869515,0.010732070956303581,0.06833225371331103,0.1153355637414701,0.59,0.5932,0.8198,0.3136,0.1368,0.0582,245.0,115.0,398.0,20.0,538.0500000000002,591,45,34.21499053572296,2026
685133,Wade Meckler,482,0.03988807025149742,0.04034585362673748,0.04093631094053533,-0.027257163827777094,0.01293553697230481,0.06620589206331348,0.1083358804284449,0.6048,0.6016,0.841,0.2976,0.1188,0.0496,240.0,124.0,383.0,26.0,531.0,591,88,74.58774688249736,2026
592518,Manny Machado,1177,0.03986724333973747,0.039674391500514536,0.04206266299972138,-0.02972702096792837,0.012524359934475777,0.06690307396515124,0.10838585246244405,0.5916,0.5922,0.8292,0.308,0.1198,0.052,242.5,120.0,386.25,27.0,533.0,591,150,199.5761697763121,2026
663968,Jake Mangum,934,0.039787009279762045,0.04018144966449663,0.03910543262997398,-0.024664841535974036,0.013510550166796406,0.06554937269196012,0.10386164825896715,0.6038,0.6034,0.845,0.3008,0.1036,0.0446,241.0,126.75,377.0,32.0,528.0,591,119,138.83736823787893,2026
596115,Trevor Story,511,0.03966696966863312,0.03877433714453771,0.04513601806521048,-0.03432307382948434,0.01029463583081238,0.06864522356505409,0.11380104867986787,0.5856,0.5846,0.8156,0.3158,0.1372,0.0668,248.0,118.0,397.0,20.950000000000017,543.0,591,60,69.0501318742557,2026
687093,Vaughn Grissom,797,0.03960588366949011,0.03916756585809594,0.03913839135924602,-0.022827910425024592,0.013142486448115099,0.06496981557808201,0.10450162026627058,0.5984,0.597,0.8442,0.2974,0.1062,0.039,248.0,127.0,381.0,33.0,518.0,591,112,117.0049822105823,2026
665966,Carlos Narváez,558,0.03940648204277686,0.038977012214274444,0.04240150713180401,-0.029602680492390007,0.010896713936931727,0.06747332122960553,0.1100676286695858,0.589,0.5874,0.8248,0.3122,0.1214,0.053,247.0,120.0,394.0,25.0,534.0,591,85,67.48854523627988,2026
592206,Nick Castellanos,263,0.03935405971880843,0.038345577067108144,0.04531302194950727,-0.033509801682513225,0.009186880172372652,0.06939751805288077,0.11468140910417045,0.5772,0.577,0.8088,0.3184,0.1404,0.0658,249.0,111.0,402.0,21.0,544.0,591,39,27.50483033804462,2026
694197,Angel Genao,217,0.03932013385829483,0.03792158851301287,0.04288330476615643,-0.029839907917020812,0.010537955900654532,0.06780049107354431,0.1115241850372942,0.575,0.576,0.824,0.3032,0.1272,0.0556,253.5,120.0,396.0,23.0,535.0500000000002,591,36,31.706539627557593,2026
683679,Jesus Rodriguez,106,0.039257740035720204,0.03819460459021068,0.04545440753069794,-0.03403925923842525,0.009410161029298739,0.06874418049529932,0.11698413314984453,0.5792,0.5766,0.8082,0.313,0.1392,0.0684,252.0,117.0,402.0,19.0,545.0,591,20,14.255137186857253,2026
676551,Brewer Hicklen,73,0.03919681308143419,0.039051257931258763,0.04581824002532127,-0.035843064806356406,0.009323405890311904,0.0689033981258002,0.1159555805099932,0.5806,0.5822,0.8136,0.3142,0.1414,0.0666,248.5,115.75,399.25,22.0,546.0,591,11,5.757752914693674,2026
669394,Jake Burger,1108,0.0391323773167568,0.04009986353987348,0.03667590383809993,-0.022487612139594725,0.014782215210341405,0.06342972121219509,0.09969187708668345,0.605,0.6028,0.8596,0.283,0.0902,0.0378,244.0,134.0,375.0,39.0,517.0500000000002,591,149,172.81482835996857,2026
679845,Nick Loftin,609,0.03912076815820999,0.03896186384729871,0.04011883511900913,-0.026324506418316945,0.012181302633485963,0.06588215916145154,0.10569767886214998,0.5918,0.5898,0.8388,0.2966,0.107,0.0466,248.0,126.75,386.0,30.0,528.0,591,115,98.00490654682787,2026
800325,Luis Lara,326,0.03881675099338073,0.03855621984116406,0.043539675844383896,-0.03161318180758261,0.009888259320233038,0.0681037443046892,0.11116788816919962,0.5796,0.5812,0.819,0.308,0.1254,0.0602,251.0,120.0,399.0,25.0,540.0,591,52,44.55761987123284,2026
686797,Brooks Lee,1153,0.038622788438506556,0.03818248175048447,0.03978526433599992,-0.02615675685163674,0.012004984505887245,0.06493343018774868,0.1047007998815074,0.5854,0.5822,0.843,0.2946,0.1048,0.0456,253.0,128.0,387.0,34.0,527.0,591,146,161.77844555504038,2026
656413,Stuart Fairchild,40,0.03861648468588745,0.0389848937939791,0.046838907112160454,-0.03634062036424699,0.008215852863349988,0.06888341403672656,0.11412216485180858,0.5774,0.5774,0.8052,0.3184,0.1408,0.0696,251.0,112.0,409.0,21.0,549.0,591,11,5.088587297382564,2026
571912,Luke Maile,70,0.03841830520340103,0.0380755014371454,0.04349855036476197,-0.033320429951703756,0.009535755261522599,0.06686585931118862,0.11038362802208583,0.577,0.5752,0.8172,0.3028,0.1236,0.0634,253.5,123.0,402.0,25.0,541.0,591,15,16.375593438957235,2026
694384,Nolan Schanuel,710,0.038336764178272295,0.03800295560474155,0.03923129574497647,-0.026096125149707838,0.012629924115549812,0.06440013056703213,0.1030781376333745,0.5856,0.5818,0.8408,0.2876,0.1008,0.0474,252.0,132.0,384.25,33.0,529.0500000000002,591,106,105.50174839720253,2026
665877,José Fermín,572,0.03832084821912678,0.03785610424723791,0.04163402790346238,-0.030333001882594232,0.011154934294796047,0.06636374295437283,0.10781015824176399,0.5776,0.5758,0.8308,0.2992,0.119,0.0508,253.0,127.0,395.0,28.0,532.0,591,108,90.9947778827775,2026
607208,Trea Turner,1236,0.03828998255393708,0.037990466012819565,0.037538645165904834,-0.02342454707833741,0.013242190912523124,0.06295676109729097,0.1010609894120619,0.5904,0.5876,0.8478,0.275,0.0932,0.0412,254.0,136.0,382.0,37.0,520.0500000000002,591,149,216.66348914794168,2026
592626,Joc Pederson,783,0.03810751126573607,0.03753179573551689,0.03829716055634289,-0.02573881351349652,0.013430540750269646,0.06262730452021899,0.1021918788069455,0.5878,0.586,0.8426,0.277,0.0938,0.044,257.0,137.75,383.0,35.0,525.0500000000002,591,134,132.9628478518469,2026
646240,Rafael Devers,1200,0.038098552669232254,0.03791274743259969,0.033638193218641144,-0.016711792582085064,0.015646757784553933,0.06085854846290522,0.09349684172637682,0.5952,0.5946,0.8746,0.2582,0.0686,0.0274,254.0,146.0,365.0,50.0,501.0,591,148,196.84950369803892,2026
686527,Dominic Canzone,900,0.03806736859509237,0.03858889192274265,0.036824536901392334,-0.023021496874267227,0.013042151873013868,0.06313878109644044,0.09731196423151901,0.5866,0.5878,0.8498,0.276,0.0826,0.0356,251.0,138.0,383.0,41.0,517.0,591,139,139.40587511965967,2026
695508,Cam Cauley,99,0.03806385584582918,0.03823925065843793,0.046234874257348846,-0.03616442564377743,0.0067410489142331834,0.0692667019267684,0.11376741471227349,0.569,0.5686,0.7934,0.3188,0.1354,0.073,251.5,113.0,412.0,21.0,550.0,591,26,14.863209561982792,2026
663853,Romy Gonzalez,148,0.038054237858043155,0.03750725656338619,0.0453649146604075,-0.03603260318109365,0.007396342595990083,0.06807271860838791,0.11183016868135327,0.5682,0.5668,0.802,0.3156,0.1368,0.07,256.0,117.0,413.0,22.0,546.0,591,19,24.884125049503158,2026
696100,Hunter Goodman,1058,0.03798044894939802,0.036888841470045036,0.03882614951366699,-0.02440369177106494,0.012039071453853864,0.06313991296213455,0.10331515868024903,0.5818,0.5796,0.8424,0.2784,0.0992,0.0444,256.5,134.0,387.0,35.0,527.0500000000002,591,129,158.11032811093838,2026
687282,Gabriel Rincones Jr.,197,0.037949298243821795,0.03674472010898347,0.04297082140737959,-0.03225595076917322,0.010117755780515346,0.06588000234740353,0.10828849822230523,0.5676,0.5698,0.821,0.2962,0.1186,0.061,259.0,124.0,397.0,26.0,541.0,591,29,26.409604286580112,2026
666969,Adolis García,488,0.03787240267131942,0.0376664605672416,0.042029138369258964,-0.03304375904378352,0.01129319779381414,0.06554396592040188,0.10627162042463058,0.5748,0.5752,0.8194,0.2952,0.1118,0.0614,253.0,128.0,394.0,30.0,539.0,591,67,66.22190392373136,2026
694025,Felix Reyes,69,0.03738542224772559,0.03689152008152151,0.046084079484955964,-0.03645782180784781,0.006509172675489761,0.06774136439789813,0.114128036557861,0.5626,0.5624,0.7916,0.3014,0.1338,0.0724,257.0,120.0,415.0,22.0,547.0,591,12,13.622996280073455,2026
641355,Cody Bellinger,950,0.03718348555906466,0.037200897516270634,0.03840666393168087,-0.025525423592103608,0.01053623257209869,0.06311306259405536,0.10010726303284076,0.5766,0.5774,0.8298,0.2774,0.0966,0.0456,257.0,136.0,395.25,35.0,527.0500000000002,591,128,124.3975401997011,2026
571771,Enrique Hernández,164,0.03713294302166296,0.03700071237149406,0.04478998320793557,-0.03639400887266786,0.007361124108893612,0.06741275554709816,0.11102415921484063,0.5626,0.5626,0.7998,0.3064,0.1246,0.072,258.0,120.0,411.0,24.0,548.0,591,33,22.96613445469351,2026
670156,Miles Mastrobuoni,42,0.037088276508349505,0.03755425385495506,0.04603207058700692,-0.038013642521330604,0.006694948773132682,0.06678004267219739,0.11238400902701642,0.568,0.5662,0.801,0.3002,0.1358,0.0768,259.0,122.0,412.0,23.0,552.0,591,10,5.701084154938935,2026
663662,Daz Cameron,49,0.03697851577736181,0.035604112197824805,0.0458495484508236,-0.03677932870454761,0.006217474355414827,0.06690400372536481,0.11310562705871299,0.5552,0.5538,0.7934,0.3024,0.131,0.0734,263.0,122.0,414.0,24.0,548.0500000000002,591,8,8.244103568526604,2026
680757,Steven Kwan,862,0.03685198051030781,0.03690105882309133,0.039337263344196426,-0.02750798846371147,0.01094683468054156,0.06286978983006193,0.10307685528609405,0.5716,0.5694,0.8308,0.2736,0.098,0.0496,260.0,136.0,392.0,34.0,531.0,591,145,152.84544061758464,2026
596117,Garrett Stubbs,113,0.03661964122321575,0.03598271010568809,0.044846164600021485,-0.03574625926952139,0.007274768141702119,0.06548565544798254,0.11149966346145156,0.5574,0.5538,0.801,0.293,0.1232,0.0688,265.0,127.75,412.0,23.0,547.0,591,20,14.124312475554069,2026
518692,Freddie Freeman,1302,0.036574284589312486,0.03695349008537963,0.03549727510497045,-0.021680882586933566,0.01223395299867448,0.06010815365351139,0.09532996024002702,0.5776,0.5784,0.8486,0.253,0.0744,0.0374,259.0,147.0,388.0,46.0,519.0,591,148,233.3682264294311,2026
683002,Gunnar Henderson,1272,0.036505814906601625,0.036425847297184774,0.03578085668538186,-0.023245780660816357,0.012298401405297922,0.060265383556442766,0.09564749187940307,0.5666,0.5688,0.8486,0.2562,0.0764,0.0356,261.0,146.0,387.0,42.0,519.0,591,153,208.3205998820656,2026
571448,Nolan Arenado,1030,0.036387110443556324,0.03646872333687445,0.03831550279109942,-0.025566583141329906,0.011010886680751931,0.06179662231907709,0.09994259638861896,0.5702,0.568,0.831,0.2648,0.0874,0.0464,261.5,142.0,394.25,39.0,528.0,591,144,161.1877705896864,2026
666181,Will Benson,201,0.036315227447879836,0.035278718695211146,0.04317432429439878,-0.03400849170211766,0.00804804511164516,0.06396483331170578,0.10807954169345327,0.5488,0.5514,0.8074,0.2752,0.1154,0.0678,268.0,134.0,408.0,28.950000000000017,545.0500000000002,591,44,35.493798717179885,2026
701358,Cam Smith,1076,0.03616268059083091,0.03559962100456335,0.04154606146369119,-0.03218040007904351,0.009605864277249748,0.06272271076891947,0.10410094051486656,0.551,0.552,0.817,0.2704,0.0996,0.0634,264.0,139.0,398.0,33.0,542.0,591,144,180.25317578252387,2026
663368,Blake Perkins,166,0.0361134856283274,0.03697019173740401,0.04552610574568983,-0.03740193513929039,0.005552077560063224,0.06582173245645641,0.11159368303656307,0.5612,0.5616,0.7822,0.2978,0.1218,0.0772,260.0,125.0,418.25,25.950000000000017,549.0,591,39,17.89309751202031,2026
686668,Brenton Doyle,382,0.035967242612492165,0.03557017963278995,0.0437656244972284,-0.035721153565362124,0.006623564402890151,0.06481797590139035,0.10943683477065674,0.5506,0.5542,0.7984,0.2888,0.1126,0.0684,266.0,130.0,412.0,27.0,545.0,591,68,51.905248760599015,2026
701538,Jackson Merrill,1258,0.03590348726018458,0.03569608273506611,0.040899013712111326,-0.03244171359947317,0.008941326317155284,0.06267407144412618,0.1034794808938328,0.5624,0.5624,0.8208,0.2692,0.0992,0.0608,264.5,136.0,402.0,34.0,542.0,591,150,185.03782040167872,2026
694371,Tommy Troy,239,0.03584009030169023,0.03587621078175335,0.04553098859180672,-0.038426618938021594,0.005112362345708759,0.06584599681687522,0.11213418594865442,0.5528,0.553,0.7876,0.2936,0.1262,0.0768,266.0,124.0,417.0,25.0,552.0,591,41,31.960736464704766,2026
806146,George Lombard Jr.,248,0.03546022146771469,0.03432722286934582,0.04266645089583735,-0.03311183911033944,0.0076380738758101245,0.06330141560160041,0.10611512548374309,0.5414,0.5408,0.8038,0.2726,0.1148,0.0624,272.0,135.0,409.0,30.0,541.0,591,37,49.88752859811244,2026
699024,Leo Bernal,133,0.03540428196009839,0.03569326025031902,0.0439665209865343,-0.036750312430082324,0.006853389836450102,0.06328830322037085,0.10719538792373806,0.554,0.5544,0.801,0.279,0.109,0.0712,265.0,135.75,413.0,29.0,547.0,591,18,24.17283260804801,2026
686823,Will Brennan,47,0.035398296663470524,0.03484864892223351,0.046551801793224004,-0.04061726288563107,0.005004817602725113,0.06636814873446226,0.11240131145563709,0.5442,0.5422,0.7838,0.2942,0.1228,0.0792,267.5,125.0,419.25,23.0,554.0,591,11,5.017986249868158,2026
669720,Austin Hays,186,0.03534670641858104,0.03513924528755548,0.04351354562576876,-0.0367916617245964,0.007465287493182542,0.0633624899720049,0.10751665947312561,0.5492,0.5468,0.7972,0.2738,0.111,0.071,270.0,136.75,410.0,28.0,547.0500000000002,591,33,24.6422485406226,2026
669016,Brandon Marsh,1039,0.03525776452311004,0.03460445270275485,0.03689451354485384,-0.02312919899113956,0.010416946210066131,0.06018509489534249,0.09571948224497065,0.5524,0.5502,0.8326,0.2542,0.0788,0.0382,272.0,146.0,398.0,44.0,520.0,591,146,149.58547902741427,2026
696135,Kahlil Watson,180,0.03522721401570089,0.034102528720566,0.04461379157607052,-0.0368428109923309,0.00586715225202483,0.06431193275435412,0.11047367773026281,0.539,0.5366,0.7902,0.281,0.1154,0.0698,274.0,133.0,417.0,25.0,548.0,591,27,23.14143718573199,2026
669003,Garrett Mitchell,867,0.03513769338844581,0.03465637307708671,0.03371059613592524,-0.019588865252135188,0.012481877805025453,0.057431594531060975,0.0921342561528095,0.5574,0.5542,0.858,0.224,0.066,0.0314,271.0,161.0,385.0,52.0,509.0500000000002,591,134,128.6378328802578,2026
677950,Alek Thomas,208,0.03511033712005367,0.03538638717407374,0.04504259103910372,-0.039112065506916927,0.006088653264873632,0.06517468341406232,0.10824520615756916,0.5476,0.547,0.7872,0.2846,0.1162,0.0808,268.0,131.0,418.0,29.0,553.0,591,32,19.86772835285559,2026
700337,Edgar Quero,402,0.0350412206892795,0.034880844299681635,0.043577071338167864,-0.0370581828389909,0.006321040390551741,0.06414181800495913,0.10508050541622868,0.5488,0.5482,0.7926,0.2812,0.105,0.0754,267.0,132.0,414.0,30.0,550.0,591,64,45.703874262657024,2026
691783,Jordan Lawlar,208,0.03503789091335872,0.03403369822956216,0.04404248379355129,-0.034989662240173976,0.006549886477254822,0.06296440657238313,0.10968973671223932,0.5398,0.5394,0.7972,0.276,0.1142,0.071,273.0,136.0,413.0,25.0,546.0,591,37,25.405420366655555,2026
668904,Royce Lewis,950,0.034905250854806454,0.034680195289209084,0.03708277589393601,-0.026489568793007293,0.010143596394729372,0.05965081675555708,0.09678575936341899,0.5546,0.555,0.8304,0.244,0.079,0.0472,271.0,151.0,394.0,43.0,528.0,591,119,142.50564758064868,2026
699625,Jimmy Crooks,275,0.03488724389001643,0.0351491796583611,0.04356124005563862,-0.034518245345304836,0.005426121879300194,0.06362318376442679,0.1055452949520275,0.543,0.5446,0.7876,0.2806,0.105,0.0682,270.0,132.0,421.0,29.0,544.0500000000002,591,51,33.7736822077109,2026
691373,Jhostynxon Garcia,109,0.03473926312840105,0.034634529788248894,0.041980656146884766,-0.0337290793773947,0.006488895771308988,0.06286952422456119,0.10359951306080403,0.549,0.5436,0.7972,0.2712,0.1014,0.0656,271.0,137.0,416.0,33.0,545.0,591,18,19.82976102182286,2026
671277,Luis García Jr.,1003,0.034621049961100166,0.034726046742454705,0.03810259671002658,-0.028112318883941584,0.00910031875871839,0.059738900682377076,0.09648297001836723,0.5544,0.5546,0.8214,0.251,0.0798,0.0502,270.0,147.0,399.0,43.0,532.0,591,142,147.68455390359117,2026
687859,Troy Johnston,802,0.03458373350137949,0.03404981504192522,0.0408529384209679,-0.03180787214247872,0.007955030446867616,0.06099219450846821,0.10236268277456106,0.546,0.543,0.8062,0.2604,0.0964,0.0614,274.0,143.0,409.0,35.0,538.0,591,120,105.80999883827747,2026
695020,Tanner Murray,47,0.03453123551985852,0.034816485277109226,0.046180459279864215,-0.04162723980106161,0.004630389209316575,0.06480263564697156,0.11051549373368277,0.5428,0.5444,0.7808,0.2836,0.1218,0.0884,269.0,130.0,424.0,24.0,556.0,591,12,5.738788711265827,2026
666464,Jerar Encarnacion,83,0.0345304497325021,0.034179006882055246,0.04674299687921861,-0.04125398647199281,0.0033717324749477796,0.06496335918971208,0.11223020120178775,0.5406,0.5388,0.7734,0.2864,0.1196,0.0846,274.0,129.0,425.0,24.0,552.0,591,15,10.620685175393174,2026
665019,Kody Clemens,1054,0.03441182230472903,0.03429676196488397,0.03345268274049564,-0.020079056674396974,0.011594817268522217,0.056627124634098844,0.09027260265420398,0.5542,0.5546,0.8486,0.2184,0.0614,0.033,274.0,164.0,388.25,52.0,515.0,591,134,165.90309224064143,2026
669004,MJ Melendez,284,0.0342377617866099,0.03412285624600424,0.04450667879072715,-0.039058770399937624,0.004778522530127609,0.06381765627021341,0.10736825521548964,0.545,0.542,0.7834,0.282,0.1116,0.08,272.0,130.0,422.25,27.0,552.0,591,55,48.18383242359367,2026
643289,Mauricio Dubón,1153,0.03421754032765906,0.03380639257203184,0.037274124040362,-0.026332927521219875,0.009253673453059623,0.05874871801694302,0.0957399392362745,0.5472,0.5462,0.8182,0.24,0.0734,0.0466,273.0,154.0,400.0,42.95000000000002,529.0,591,147,155.760227169505,2026
805779,Jacob Wilson,596,0.034189279805725045,0.033621527717284105,0.04243390908496818,-0.03673218231887243,0.006688831471531114,0.06235137585655711,0.10412690575695957,0.533,0.5304,0.7984,0.2694,0.104,0.07,277.5,138.0,414.0,31.0,548.0,591,77,85.18898857213449,2026
823550,Sung-Mun Song,232,0.03417664654624142,0.0337324773355563,0.04460286210152,-0.03871300048904443,0.005335114383759226,0.0638117993356873,0.10916908958861091,0.5362,0.536,0.785,0.2746,0.1106,0.0784,275.0,135.0,422.0,27.0,552.0,591,52,32.96914556203797,2026
664774,LaMonte Wade Jr.,254,0.03411533897628167,0.03433198089439991,0.04235396926918281,-0.033953406189747085,0.00616954280755135,0.06143415894445076,0.10483910998189004,0.5442,0.5424,0.7936,0.2578,0.099,0.0664,273.0,144.0,417.0,30.950000000000017,543.0,591,52,45.469054853096736,2026
696285,Jacob Young,708,0.034110286154181636,0.03433311005174931,0.035934756023522266,-0.025324532493519666,0.009625296500977286,0.05803443926657256,0.09370645789714588,0.5488,0.5482,0.8296,0.2322,0.07,0.048,272.0,157.0,397.0,49.0,528.0,591,126,98.58928899207714,2026
695391,Brett Harris,46,0.03410884226831316,0.03352793162390968,0.04598594531500525,-0.03944203660235048,0.003347957145233187,0.0646778410623334,0.10812535344029382,0.5358,0.533,0.7728,0.2832,0.1204,0.0838,276.0,129.0,429.0,28.0,554.0,591,12,5.727279392609953,2026
683734,Andrew Vaughn,495,0.03401709754889149,0.0340295822613894,0.04509374945353909,-0.04094013537003308,0.004320129379681061,0.0635698242804216,0.10930156440680183,0.5346,0.5354,0.7816,0.2756,0.1142,0.0842,274.0,134.75,425.0,27.0,554.0,591,99,65.62368048919592,2026
543309,Kyle Higashioka,326,0.034013791169943276,0.033831724602117474,0.043115368061091584,-0.03719428537072268,0.005498065073037261,0.061791247014158744,0.10397767964374252,0.5382,0.5362,0.7892,0.2688,0.1066,0.0738,276.0,139.0,419.0,33.0,548.0,591,53,43.557333454374465,2026
691907,Tsung-Che Cheng,74,0.03400250630860186,0.03298049460903049,0.04609539943409511,-0.041567441810783326,0.003851329693048903,0.06440074640360892,0.11082316618091834,0.5282,0.5256,0.7802,0.2846,0.1178,0.083,280.0,132.0,427.0,25.0,556.0,591,13,9.245450949710243,2026
695681,Christian Moore,237,0.033976791612858624,0.03322156312105552,0.042942509855622764,-0.035481273008793196,0.005294509419062135,0.0616050443408186,0.10660652949618847,0.5334,0.5316,0.7918,0.265,0.1102,0.0694,277.5,140.0,419.25,30.0,546.0,591,31,40.21055919859778,2026
666023,Freddy Fermin,476,0.03395322952099236,0.03462886714347112,0.04496935186711048,-0.04094191567286643,0.005351433276893617,0.06286064366789745,0.10682489404871595,0.5422,0.5432,0.7858,0.2726,0.1116,0.0836,271.0,135.0,418.0,28.0,554.0,591,75,65.94196804471989,2026
678489,Jorge Barrosa,280,0.03394217579143052,0.033455953010909124,0.04602394420713008,-0.043551469815780314,0.005571267457421753,0.06437954262472254,0.1091507137633147,0.5324,0.529,0.7852,0.2786,0.12,0.0872,279.0,130.0,418.0,24.0,557.0,591,62,32.51630751655415,2026
519317,Giancarlo Stanton,172,0.03390456514288958,0.03400919965780475,0.04480276435227044,-0.039680970990044744,0.0035920293618512166,0.0638290502218678,0.10651688909482974,0.5394,0.5382,0.776,0.2826,0.109,0.082,271.0,133.0,427.0,30.0,551.0,591,24,30.790591820545355,2026
621043,Carlos Correa,254,0.03384419578837527,0.03383562342167623,0.0446167002033305,-0.039345597764154486,0.005101678264268293,0.06276874339098579,0.10729796941453029,0.5378,0.5352,0.786,0.2696,0.1082,0.0788,276.5,137.0,421.0,30.950000000000017,551.0,591,32,38.6086384194829,2026
668939,Adley Rutschman,642,0.03374784452408008,0.033547713035441344,0.04050843069196348,-0.030999856230674402,0.006689226827526389,0.06024923928473236,0.1009615339642732,0.539,0.5358,0.8016,0.2544,0.0862,0.0602,275.0,147.0,416.0,37.0,539.0,591,94,93.61314840302157,2026
696030,Alejandro Osuna,368,0.03371862143038113,0.03280806167132855,0.042792232279164295,-0.035288364071523096,0.005452558091839664,0.06134590579000873,0.10504017756304439,0.5246,0.5262,0.7918,0.261,0.099,0.0696,282.0,143.0,419.0,33.0,546.0,591,72,46.68196352585734,2026
663697,Jonathan India,91,0.033666295347674645,0.03349805526981288,0.046004413013270344,-0.04104621447865167,0.0038103712741771583,0.06350650532536924,0.10887679651402488,0.5352,0.5326,0.7744,0.2714,0.1158,0.0842,276.0,135.0,426.25,25.0,556.0,591,16,6.999473756621325,2026
663457,Lars Nootbaar,475,0.033641869690136744,0.03296731129826623,0.04316905954405646,-0.035419892296626086,0.005305498066294631,0.06242471181089265,0.1067727999884167,0.5296,0.525,0.7888,0.2612,0.1016,0.0738,282.0,140.75,421.0,30.950000000000017,549.0,591,85,76.17766121953915,2026
608070,José Ramírez,918,0.033608167222052066,0.03326729106990106,0.039453309048178085,-0.03148985505513924,0.007280469574053677,0.0594208688106106,0.09939899546473749,0.5336,0.5344,0.8138,0.2474,0.0878,0.059,279.0,150.0,409.0,40.0,538.0500000000002,591,119,147.42012585536924,2026
683766,Christian Koss,344,0.03360309693448209,0.033539591458023904,0.044580343723326615,-0.04106849509696898,0.004442124673434741,0.06290505334802726,0.10691469979776631,0.5336,0.5304,0.7806,0.2748,0.1072,0.0828,278.0,136.0,425.0,28.0,555.0,591,61,39.19863977322565,2026
805999,A.J. Ewing,824,0.03355039084946668,0.034008595176338544,0.039892871647695796,-0.03356475010903476,0.007597454431571049,0.05964762169876384,0.09838206870265351,0.5388,0.5382,0.8064,0.2474,0.0846,0.0658,275.0,149.0,406.0,40.0,544.0,591,114,115.58927183856576,2026
807726,John Peck,116,0.033501708503594775,0.0333880251908248,0.04397540981268981,-0.03817717365827583,0.004305795458227076,0.06274581377361471,0.10594291543588519,0.5322,0.5326,0.7778,0.2714,0.1044,0.0766,276.5,137.75,424.0,31.0,551.0,591,15,15.095080157546109,2026
650490,Yandy Díaz,1154,0.033304562691174315,0.033701331320607056,0.034955517877448765,-0.024912934812574943,0.010035486398549573,0.0564497515329662,0.09015404778966529,0.5404,0.5404,0.8318,0.2192,0.062,0.04,277.0,163.0,397.0,51.0,523.0,591,149,197.51626205099797,2026
663757,Trent Grisham,748,0.033284954640655014,0.03236659256136108,0.0399588831642378,-0.03243976615291819,0.008026154015567938,0.05979990959464376,0.09833984292686279,0.5282,0.5282,0.81,0.2496,0.0866,0.0608,283.0,149.0,408.0,38.0,539.0,591,119,126.25728285269321,2026
669911,Michael Toglia,46,0.03321842305085027,0.033681115792526556,0.046283145184997945,-0.043075757069599284,0.0030068658154693705,0.06416370573508633,0.10673404674407305,0.5358,0.5376,0.7722,0.2804,0.1126,0.093,273.0,133.0,428.0,28.0,559.0,591,9,4.463795223975366,2026
805249,Otto Kemp,57,0.03321456045733243,0.033073716957593605,0.04603849791281649,-0.04465929725515147,0.0038745061487796767,0.06305689849223362,0.10890143966452046,0.5288,0.5288,0.7784,0.2748,0.1136,0.089,280.0,134.0,427.0,27.0,556.0500000000002,591,10,10.293644700360733,2026
680737,Michael Helman,58,0.03308810960442977,0.032321239107459224,0.04584091249477484,-0.04155388089777246,0.003515903184754759,0.06335250650632401,0.10932641736643901,0.5262,0.526,0.7782,0.2746,0.1168,0.0894,281.0,136.0,427.0,26.0,557.0,591,11,7.7119476465860455,2026
808975,Hyeseong Kim,239,0.03307634121742704,0.03221002490744765,0.04421104459798947,-0.03870117844727426,0.0033324554446507166,0.06244504438338564,0.10730216337154197,0.5252,0.5226,0.7726,0.2672,0.108,0.0764,283.0,138.0,428.0,28.0,551.0,591,40,29.95481774640269,2026
680716,Jonathan Ornelas,51,0.03302959944492414,0.03298444252421851,0.04605264017459512,-0.042558611891882474,0.0030455227249086194,0.06299115951966591,0.10806008469187048,0.5306,0.5298,0.7696,0.2708,0.117,0.0906,278.0,136.0,429.25,26.0,559.0,591,9,10.321994239455414,2026
683227,Cody Freeman,156,0.03300677461986955,0.03257562091661788,0.04464373887335351,-0.038696128363748986,0.0032851898871260814,0.06164848142503159,0.10730545546965158,0.529,0.5292,0.7748,0.2608,0.1116,0.0792,280.0,144.0,427.0,29.0,551.0,591,31,24.186216138036674,2026
682998,Corbin Carroll,1118,0.032882688954158114,0.03215743036687206,0.03526271517102298,-0.023579113625444688,0.008754788739639882,0.056448224977649786,0.0914303873933522,0.5274,0.529,0.828,0.2188,0.0606,0.043,284.0,164.0,403.0,52.0,524.0,591,148,183.04380064048323,2026
672284,Jarred Kelenic,147,0.032876169716316454,0.033026553915593726,0.045239691456059654,-0.04119996946500217,0.003622983294036155,0.061568988447222354,0.10888958397048173,0.53,0.5296,0.7784,0.2578,0.11,0.0838,281.0,143.0,428.0,26.0,556.0,591,31,18.262732228093967,2026
663604,Brandon Lockridge,201,0.03280972231054242,0.033807469855345273,0.04224448861189314,-0.037633780274018175,0.005439669349591818,0.06086309013301644,0.1022050821800586,0.5346,0.5332,0.7894,0.2514,0.0928,0.0756,278.0,148.0,417.25,33.0,551.0,591,34,28.311765534785714,2026
687529,Grant McCray,150,0.03279267316075538,0.03390208593409397,0.0449291924886524,-0.0408359302759911,0.002835596596632132,0.06246033747197746,0.10497697919797365,0.532,0.5296,0.768,0.2644,0.106,0.0878,276.0,141.0,427.0,30.0,555.0,591,29,19.68957111699642,2026
682928,CJ Abrams,1232,0.032790343671360765,0.032720528804718624,0.03821446775587854,-0.029301932469639913,0.007472154433336746,0.05830573290663105,0.09719419157526815,0.5246,0.5252,0.8056,0.2368,0.0764,0.0564,282.0,155.75,411.0,43.95000000000002,537.0,591,146,191.94215749770774,2026
695257,Billy Cook,104,0.032773078855813625,0.03350281683635482,0.04568503062734091,-0.04372679204175722,0.003347660471148927,0.06239743697076731,0.10728899707650838,0.5314,0.5308,0.7708,0.272,0.1084,0.0908,275.0,137.0,428.0,29.0,559.0,591,27,13.154715163836222,2026
664034,Ty France,983,0.03276850628454325,0.03299237033176587,0.03737843798566386,-0.02943909997764615,0.008134247530950708,0.05708139149031454,0.094387412574421,0.5282,0.5304,0.82,0.225,0.0708,0.0544,280.5,160.0,407.0,47.0,535.0,591,121,160.76433318691446,2026
682877,Juan Brito,209,0.032765560840591346,0.033336068336155524,0.04548966188383758,-0.04186204364070513,0.003296644041635987,0.06325289638489373,0.10575740333189335,0.5348,0.5302,0.7698,0.2712,0.111,0.0858,279.0,138.0,429.0,28.0,557.0,591,27,21.5036619544872,2026
640459,Brian Navarreto,113,0.032756567973916836,0.03381469116916637,0.044722460417513994,-0.042002348602594185,0.00372196307658026,0.061712715926171585,0.1053771112938103,0.5356,0.5342,0.7732,0.264,0.0998,0.0878,276.0,142.0,425.0,31.0,556.0500000000002,591,22,17.777011894714818,2026
676439,Hunter Feduccia,392,0.03271736602028705,0.03287404148103733,0.04148924861234998,-0.03481576967546301,0.0056787701302707895,0.05958364147940936,0.10034461876651414,0.5252,0.528,0.788,0.2466,0.0904,0.073,279.0,150.0,418.0,37.0,546.0,591,84,54.44043289076547,2026
676475,Alec Burleson,1248,0.032665782901651015,0.03259079915710279,0.03835631935679411,-0.029995042594063583,0.0071146745175284885,0.05752636630186472,0.09667527157386571,0.5244,0.5244,0.8012,0.2352,0.078,0.0562,283.0,155.0,412.0,43.0,536.0,591,154,182.80655566482199,2026
677592,Everson Pereira,211,0.03265040804855141,0.03289480372844702,0.04453327958400527,-0.04012001436764129,0.003122150996232506,0.062450281022657275,0.10346397787768982,0.5332,0.5326,0.7718,0.2714,0.1026,0.08,279.0,137.0,429.0,31.0,552.0,591,34,34.09769909370151,2026
690924,Braxton Fulford,140,0.032624373567986115,0.032723544601315324,0.04462826038137818,-0.040588210873239265,0.003584518002096378,0.06086805017442117,0.10646957143680912,0.5236,0.5248,0.7762,0.2592,0.1034,0.085,281.0,143.75,428.0,28.0,554.0,591,35,17.222049869883502,2026
502054,Tommy Pham,45,0.03262341039316351,0.03250157631775043,0.04608670826076176,-0.04197401088002749,0.001503128609611592,0.062670719151653,0.10961473085181286,0.5228,0.5218,0.7602,0.2676,0.114,0.09,282.0,139.0,434.0,24.0,556.0,591,12,7.025109327961217,2026
680728,Adrian Del Castillo,358,0.03248552493750945,0.03240094207319362,0.042111010385265955,-0.0378333362374383,0.0045631049235075275,0.060595064724879626,0.10204839281831435,0.525,0.5234,0.7826,0.2522,0.0932,0.0706,283.0,147.0,423.0,36.0,547.0,591,57,52.80509110939863,2026
701762,Nick Kurtz,736,0.03247541272179473,0.032530335602982144,0.03708613288779101,-0.02998691252588308,0.007880116248448248,0.05707749954202351,0.09338378791540647,0.5326,0.5292,0.812,0.2242,0.0644,0.0556,280.5,161.0,408.0,50.0,537.0,591,93,147.2443006029589,2026
681807,David Fry,362,0.03236027932962267,0.032268783639026924,0.04413589733786661,-0.039537886246315296,0.0028682251427705483,0.06104964979049479,0.10466081349803365,0.5226,0.5212,0.7674,0.2648,0.1038,0.0796,284.0,140.0,428.25,32.0,552.0,591,80,63.26535267607952,2026
806956,Ethan Salas,54,0.0321970288556131,0.032594663101406796,0.0439617360249957,-0.04024007447551747,0.0036787198923880636,0.06077546519131978,0.10506103587075595,0.5244,0.5224,0.7774,0.2548,0.1048,0.0852,285.0,146.0,425.25,33.0,556.0,591,12,12.479006828452851,2026
677951,Bobby Witt Jr.,1046,0.032176789431652385,0.03248584199435492,0.03644928468567806,-0.02793941091472357,0.0076388073058646375,0.055812551929021736,0.09151759025566317,0.525,0.5234,0.8132,0.2174,0.064,0.0512,283.0,164.75,407.0,49.0,532.0,591,137,170.7790544185068,2026
672761,Wenceel Pérez,305,0.03209756301749991,0.03313814907567823,0.044398912343533145,-0.04130421828738038,0.002741778483880179,0.060945116912770096,0.10379016912258326,0.5292,0.5292,0.769,0.2574,0.1034,0.087,282.0,144.0,429.0,32.0,555.0,591,53,30.44121651931822,2026
621566,Matt Olson,1293,0.03207720268695632,0.032476970079821144,0.036619949509359664,-0.02666845397816394,0.007332268430250966,0.055596536126515515,0.09373749369232454,0.5308,0.523,0.81,0.2092,0.0686,0.045,283.0,167.0,410.25,49.0,528.0,591,155,221.5934738064527,2026
506702,Sandy León,98,0.032019036731851656,0.03199220527554875,0.045448241383460715,-0.042501465043598634,0.001300511389100051,0.06256069332051964,0.1057450225592676,0.5228,0.5198,0.7608,0.2646,0.1012,0.0908,283.5,140.0,436.0,30.0,557.0,591,19,9.90182951944638,2026
602104,Ramón Urías,171,0.03188763262660039,0.03220488217688621,0.044941877590539255,-0.04223511607454122,0.0012785553297069486,0.061492398218564864,0.10605584470130491,0.5212,0.5202,0.7594,0.2644,0.101,0.093,283.5,141.0,434.0,30.0,557.0,591,34,19.32893119014078,2026
828599,Lucas Spence,76,0.031870451314663074,0.031806554454191435,0.04434716780054177,-0.041592086330646955,0.003033367243169798,0.0608032605082846,0.10385397885631842,0.5172,0.5174,0.7736,0.2568,0.0984,0.0834,286.0,145.0,431.0,32.0,557.0,591,12,9.39654434653638,2026
814430,Brett Callahan,145,0.031719623399176826,0.03221554210039733,0.046057041772693715,-0.04503755275007751,0.002001690265525467,0.06182638993499689,0.10661752926945282,0.519,0.5192,0.761,0.2652,0.107,0.0964,284.0,140.0,435.0,29.0,560.0,591,26,15.536766260389836,2026
691788,Joe Mack,575,0.03161156234538627,0.03179092696706206,0.03924133680931855,-0.030663773703437303,0.00619150433131427,0.05665327720426096,0.09551607234314388,0.516,0.516,0.7966,0.2238,0.074,0.0568,288.0,162.0,417.0,44.0,537.0,591,99,89.28574762743492,2026
665742,Juan Soto,693,0.03149463896868355,0.03144078927922448,0.043356463830804395,-0.04047888908793649,0.0026817784739245863,0.06028915280849582,0.10294339748543671,0.5134,0.5104,0.7718,0.2514,0.0932,0.0852,289.0,147.0,431.0,33.0,552.0,591,104,113.47772002589777,2026
673490,Ha-Seong Kim,237,0.03139964731697641,0.03069527016874202,0.04465856146902468,-0.041255692324046536,0.002654901577418928,0.05988837433820662,0.10657441281714755,0.511,0.5094,0.7694,0.2554,0.1036,0.0832,290.0,147.0,431.0,29.950000000000017,555.0,591,41,31.904788310647767,2026
641598,Mitch Garver,258,0.031381048802322314,0.030747716231650152,0.043484965464614736,-0.04012126496895748,0.0033964019545897495,0.06033419519274755,0.10165880564396236,0.5102,0.5114,0.774,0.2538,0.0972,0.0816,289.0,146.0,432.0,34.0,551.0,591,47,36.724666070977655,2026
682927,Ronny Simon,95,0.03137980028400226,0.0312521908848197,0.04490658564459879,-0.041945155175523774,0.0016131898164526378,0.06039246846046134,0.10687655222449069,0.5152,0.5096,0.7634,0.2546,0.0984,0.091,289.0,146.0,436.0,30.950000000000017,555.0,591,15,11.468217688731759,2026
681198,TJ Rumfield,1073,0.031304477451065904,0.03138409816898291,0.03802913225016095,-0.031516746083423836,0.006308532463669146,0.05601329194201639,0.09392078793034368,0.5168,0.5152,0.7954,0.216,0.0706,0.0604,289.0,167.0,413.0,47.0,538.0,591,147,175.95577506946424,2026
670097,Zack Short,117,0.031244827724678226,0.031177019138796922,0.04535872570646598,-0.042673830249612334,0.0010916159057561764,0.061102566599805994,0.10558243607155077,0.5082,0.5068,0.7572,0.2604,0.1048,0.0898,291.0,142.0,438.0,28.0,556.0,591,24,20.021541088241285,2026
680718,Addison Barger,51,0.031144664232754395,0.031362657998828536,0.04624175204599643,-0.045503623101785885,0.0012226465995597608,0.06113259230562078,0.10666007091575971,0.5118,0.511,0.7556,0.2608,0.1048,0.0962,290.0,142.0,436.25,29.0,561.0,591,8,11.716232830381191,2026
682641,Luis Matos,43,0.031058275955896806,0.030657777921853438,0.04524763187289588,-0.04220676234344394,0.001162292357969788,0.06054724605461393,0.10643127731619753,0.5054,0.5044,0.7572,0.2598,0.1008,0.0952,292.0,143.0,435.0,31.0,560.0,591,8,4.528082907702252,2026
669242,Tommy Edman,524,0.0310582143631331,0.03095623103332591,0.03751585835891985,-0.0301452930592509,0.0063061937347770715,0.05556018190368003,0.0928306937921844,0.5088,0.5078,0.8038,0.2124,0.0666,0.059,292.0,170.0,416.0,50.0,538.0500000000002,591,76,78.01897823050854,2026
815873,Sean Keys,119,0.03090961773058896,0.03125330503928202,0.04561762858192786,-0.044029263010180494,0.0012506562327385137,0.06114466939216355,0.10465405916576691,0.5116,0.511,0.7594,0.258,0.1042,0.0954,290.0,144.0,441.0,32.0,559.0500000000002,591,19,19.57430481105642,2026
665750,Leody Taveras,832,0.030828906307010663,0.0310434402734531,0.03962969177635553,-0.03438357407782201,0.004780065451336303,0.056394100656425736,0.09597701052025799,0.5128,0.5124,0.7852,0.2222,0.0712,0.07,289.0,162.0,421.25,44.0,544.0,591,129,102.89904245435321,2026
543510,James McCann,273,0.03065291124460266,0.029948089939004496,0.04486806249893141,-0.04296046536631456,0.000315065634691376,0.0599160515946446,0.1061863498038866,0.5034,0.5024,0.7526,0.2472,0.1,0.0912,294.0,150.0,437.25,30.0,556.0,591,42,30.209562171210052,2026
681297,Colton Cowser,698,0.030645970424600922,0.030698916601359764,0.041014283408516206,-0.036299034281559305,0.003792453789090234,0.05788532846277915,0.09870911139071277,0.5042,0.5072,0.777,0.2334,0.0808,0.0738,292.0,158.0,428.0,41.0,547.0,591,125,106.34988929705266,2026
800543,Josue De Paula,56,0.03063750579289136,0.030539190164685412,0.04623396552830923,-0.045350909401825464,0.000400237900434329,0.061659151889748645,0.10517266675367626,0.5042,0.5036,0.753,0.2598,0.1058,0.0968,294.0,143.0,439.0,31.0,560.0,591,10,9.245346903954484,2026
660821,Jesús Sánchez,579,0.030622124153772842,0.029780898958383817,0.045233207328056406,-0.042719563405667314,0.0006260993556079766,0.06088872890891238,0.10446771564172838,0.4982,0.4974,0.753,0.253,0.0976,0.0948,297.0,146.0,440.0,31.950000000000017,558.0,591,101,81.34857970134014,2026
805904,Zach Cole,94,0.030621459352085448,0.031849091427747236,0.04444589561726257,-0.04462217195091096,0.0014371613451926956,0.05958706930564719,0.10224998798878761,0.515,0.5154,0.7602,0.2462,0.0936,0.0938,287.5,151.0,435.0,35.0,558.0,591,18,9.780221199419803,2026
691277,Deyvison De Los Santos,52,0.030620331957467106,0.030990247172076296,0.04651595489177761,-0.04546839958952222,0.00010226473897842344,0.06070459643301484,0.10826521238963006,0.5046,0.505,0.7502,0.2622,0.1028,0.1008,292.0,141.0,442.0,28.0,562.0,591,11,6.188249267249084,2026
682674,Victor Bericoto,204,0.030468878235681337,0.030898111710024316,0.044022688906804705,-0.04119220621890106,0.0013529427830581643,0.059940992852797165,0.10276383001756753,0.5076,0.51,0.7576,0.2476,0.0932,0.089,290.0,150.0,437.0,33.0,555.0,591,33,33.14523393711369,2026
670042,Luke Raley,580,0.030317757741078526,0.030153238775664795,0.04209061167502466,-0.03914408267956012,0.003238280730891826,0.058445841005290156,0.09862896493305914,0.5056,0.5042,0.7728,0.2336,0.0816,0.084,293.5,157.0,428.0,41.0,551.0,591,92,71.57032215569969,2026
593428,Xander Bogaerts,828,0.030190884870230434,0.031080084133789806,0.04080183887946123,-0.036902415903911336,0.003371361296515801,0.05716588601552024,0.09628560400524099,0.5124,0.5104,0.7726,0.2248,0.0746,0.075,291.0,162.0,430.0,42.95000000000002,548.0,591,145,122.79581556253189,2026
695491,Joshua Báez,206,0.030165841929249693,0.030310091019270402,0.04264786040067632,-0.041721138010694166,0.0017481755616399657,0.058840012225537044,0.09933891591655804,0.4984,0.501,0.7614,0.2412,0.0874,0.0846,295.0,153.0,435.0,39.0,554.0,591,29,22.752537374469394,2026
683953,Travis Bazzana,835,0.02983908014458186,0.02969131605134714,0.03983686090118513,-0.03566501633640847,0.0036019966088883925,0.05622894096019767,0.0957014329163105,0.499,0.5016,0.7764,0.2224,0.0692,0.0696,295.0,164.0,427.0,45.95000000000002,546.0,591,118,128.82900197116567,2026
682988,Tyler Locklear,84,0.02977415675119138,0.029015529982832678,0.0457781986888859,-0.0448611183788122,-0.00030464952509576097,0.059409399014334445,0.10515443551717252,0.4954,0.4948,0.7476,0.2446,0.0976,0.1022,299.0,151.75,445.0,31.0,561.0,591,14,7.098515334892966,2026
676914,Davis Schneider,238,0.029758324339870024,0.02947246636990632,0.04484717605142283,-0.04369048216167812,0.00038038226684236414,0.05915339546945039,0.1038099663895369,0.4956,0.4944,0.7516,0.2436,0.098,0.0958,299.5,153.0,441.0,32.0,560.0,591,55,33.33586602405284,2026
676369,Nelson Velázquez,208,0.029740890279976947,0.029845017609824796,0.04510132644678706,-0.044125573783042236,0.0006713414762866752,0.05939648139233743,0.10489543359696013,0.4968,0.4932,0.7548,0.2442,0.096,0.0966,299.0,153.0,441.25,34.0,559.0,591,46,24.951701979263238,2026
688363,Graham Pauley,278,0.02971133682348335,0.02984458736667326,0.04338476364833143,-0.04060857844209225,0.002088332295371705,0.05807886668924389,0.10124167944531863,0.4974,0.4986,0.7648,0.2348,0.0864,0.091,297.0,155.0,433.25,38.0,556.0500000000002,591,50,39.10906294195776,2026
672613,Eliezer Alfonzo,49,0.02962769574963641,0.029689816764390774,0.046359887177823016,-0.0470098111313489,-0.0004910189538662875,0.05993454367592091,0.10523750961017621,0.4988,0.4956,0.7468,0.2498,0.104,0.0966,298.0,149.0,445.0,30.0,562.0,591,13,4.553750048660879,2026
677956,Rece Hinds,128,0.02955743401750486,0.029730961547079396,0.04344604908213883,-0.04384477480513578,0.000990315916550555,0.05822310965114108,0.09908953205019297,0.5012,0.5016,0.7562,0.2366,0.085,0.0914,294.0,156.0,437.0,37.0,557.0,591,21,21.293866535943366,2026
682848,Endy Rodríguez,270,0.02951087531608759,0.030098941426973662,0.04408330106827244,-0.04301953533432918,0.0006762834335244874,0.057438533461483934,0.10187130531560057,0.5018,0.4996,0.7546,0.2332,0.0934,0.092,296.0,158.0,441.0,36.0,558.0,591,45,29.256673992631054,2026
669224,Austin Wells,699,0.029478941688940826,0.02978168922749792,0.043018972251024384,-0.04173859460738153,0.000913094544923835,0.05813850727588374,0.09892410997488471,0.496,0.4964,0.757,0.2324,0.0886,0.0908,298.0,158.0,437.0,38.95000000000002,557.0,591,117,100.83445997603522,2026
657136,Connor Wong,402,0.029434866325665592,0.02915988137813036,0.04374270675500324,-0.04235597717933922,0.001238584115488669,0.05752271615576032,0.10114930314928323,0.4906,0.4886,0.7586,0.2334,0.0898,0.0928,301.0,159.0,439.0,35.0,556.0,591,68,62.570165974655616,2026
694362,Blake Dunn,239,0.029426274833846723,0.029404501927757797,0.043690690308748545,-0.042483916183617555,0.0007339125617145068,0.057427934585177545,0.10195679611090186,0.4954,0.4942,0.7558,0.2354,0.0876,0.0906,298.0,156.0,439.0,36.0,555.0500000000002,591,35,42.17245384669138,2026
691182,Adael Amador,141,0.02929626967501484,0.029548750779640594,0.04515874657594327,-0.04544247983574498,-0.000672341158860049,0.05872950778212368,0.10301661767208552,0.4956,0.4974,0.7462,0.2398,0.0976,0.0956,297.0,154.0,446.0,32.0,560.0,591,21,21.6380986449065,2026
676572,Eric Wagaman,96,0.0292321513437396,0.029306059809883815,0.04512787082511555,-0.04642074342083338,-0.0001946221462887395,0.058567158037136774,0.1035625674541981,0.4906,0.4902,0.7486,0.24,0.094,0.0986,302.5,155.0,442.0,33.0,559.0,591,22,14.799381256943416,2026
668942,Josh Rojas,194,0.02890332704660089,0.028879785567910585,0.04424060987760487,-0.0434783825741331,-0.0008436106315137161,0.057762964036468585,0.10217115886862907,0.494,0.4934,0.7446,0.2316,0.0938,0.0954,299.0,159.0,446.0,36.0,559.0500000000002,591,38,27.775549872192705,2026
663538,Nico Hoerner,1096,0.028710546236908992,0.028222771576967384,0.03439436493735382,-0.027634597459475406,0.005939852849702203,0.051295901260849645,0.0852434501417363,0.4824,0.481,0.8026,0.1748,0.0468,0.0496,304.0,188.0,418.0,64.0,531.0,591,153,168.80195467398974,2026
650391,Eloy Jiménez,66,0.028606070086265305,0.028324346079232815,0.04442190219632186,-0.0457084798979743,-0.0009571238373409887,0.05817565505058839,0.1014736719575686,0.4832,0.483,0.7418,0.2364,0.0932,0.0962,305.0,156.0,445.0,34.95000000000002,559.0,591,12,10.208356339723448,2026
805808,Kevin McGonigle,1146,0.02852848329220406,0.028581068528028997,0.03595724032722968,-0.030517685528353534,0.00481645578774364,0.051606483627639664,0.08844453151108551,0.4808,0.477,0.7928,0.1826,0.0528,0.0588,305.0,185.0,419.0,59.0,538.0,591,151,178.97167122360156,2026
624585,Jorge Soler,685,0.02845678989670782,0.027964063785864156,0.03839283911159376,-0.033738483988922305,0.0032973472325333944,0.05313477376408136,0.09155261307046243,0.479,0.478,0.7816,0.1986,0.0584,0.0662,306.0,176.0,428.0,54.0,544.0500000000002,591,86,118.52569819993904,2026
641857,Ryan McMahon,638,0.028418087987592166,0.028235429861530728,0.039843414724623744,-0.0382514577519106,0.0025493313518664446,0.05457972211741732,0.09384463920369661,0.4854,0.487,0.7716,0.207,0.0656,0.079,303.0,172.0,429.0,49.0,550.0,591,109,90.67086490460981,2026
664040,Brandon Lowe,1268,0.028401118139601056,0.02862898241763917,0.04174030457220199,-0.04060624192144201,0.0013654073081865857,0.0547426720770019,0.0973528795668495,0.487,0.4864,0.76,0.2124,0.075,0.0882,302.5,170.0,436.0,41.0,553.0,591,145,220.2737611230004,2026
467793,Carlos Santana,54,0.028397820294779955,0.02862033802712622,0.04483818298265967,-0.04596162609245696,-0.0015526820262162363,0.05772433661408799,0.10046211761546667,0.4886,0.4892,0.7386,0.2306,0.0902,0.101,302.0,159.0,445.0,35.0,561.0,591,8,7.070759406568742,2026
673237,Yainer Diaz,608,0.028182310054753856,0.02877525435194104,0.04161823135209811,-0.04016153897544068,0.00048119273673367436,0.05617297088266293,0.09485718834155807,0.4898,0.4866,0.7532,0.221,0.0704,0.0894,302.0,163.0,439.0,45.0,555.0,591,87,89.67787126148791,2026
670541,Yordan Alvarez,1080,0.02813375301204848,0.027734197995351654,0.034575314873581134,-0.027299345430881805,0.004929081043085787,0.0513324496489282,0.086281648812469,0.4786,0.4724,0.7976,0.171,0.0434,0.0522,307.0,188.0,419.0,65.0,533.0,591,152,193.68446451313534,2026
663743,Nick Fortes,525,0.028103046757071967,0.028407549159474257,0.043205089855886905,-0.04261133419372332,9.88762036457266e-05,0.05620990397282231,0.10014315347330421,0.4918,0.4902,0.7508,0.225,0.0874,0.093,302.0,162.0,443.0,37.0,557.0500000000002,591,97,76.3462460071887,2026
665923,Esteury Ruiz,420,0.028084226677788177,0.02784988930537719,0.042777459775770375,-0.04254844151238064,-0.0007052534393182176,0.056319625058605605,0.09935924893178982,0.486,0.483,0.7456,0.2262,0.0798,0.0922,304.0,164.0,445.0,41.0,557.0,591,87,54.819421398278436,2026
665861,Sebastián Rivero,133,0.02805972852669368,0.02900666304568967,0.04399453392954043,-0.04465727316442784,-0.0011101549647552997,0.056785090457543715,0.09992493645675413,0.4896,0.4894,0.741,0.2224,0.0852,0.0996,302.0,165.0,448.0,37.0,560.0,591,19,13.20935564238972,2026
669257,Will Smith,446,0.02800015359765337,0.027798901153263732,0.04206335649319218,-0.041688484635965216,0.0006313884360204264,0.05619334988818348,0.09670833880089182,0.4808,0.4816,0.7544,0.2228,0.0758,0.0882,306.0,165.75,439.0,42.0,556.0,591,67,65.63870343472334,2026
669134,Luis Campusano,411,0.02798141111101325,0.027920136061085184,0.043613193685696834,-0.042763986212587445,-0.0013863939439610735,0.056957019822547084,0.09854857550111482,0.483,0.4808,0.7396,0.232,0.0806,0.096,307.0,159.0,448.0,39.0,558.0,591,66,58.55095765829495,2026
694497,Evan Carter,656,0.02791647691829259,0.028222216354903663,0.04304708103359867,-0.04374035296108677,-0.0005798314535672048,0.057516910581256436,0.09715709020322191,0.4868,0.4828,0.7452,0.2336,0.0774,0.0992,304.0,157.75,445.0,42.0,557.0,591,132,109.19460849705399,2026
682729,Jonatan Clase,45,0.027888125147296224,0.027906561517965493,0.045597396999431605,-0.04641366503360483,-0.0018616356093338622,0.05749669941944037,0.10184122869546336,0.4768,0.477,0.7372,0.2346,0.0908,0.101,310.0,158.0,450.0,33.0,564.0,591,9,6.025720654530369,2026
679822,Justin Foscue,429,0.027761704546285237,0.028098592799320615,0.04377136263502275,-0.04530432825239871,-0.0009174118029611609,0.05625285668240265,0.09944711733019618,0.4814,0.4782,0.7424,0.2252,0.0804,0.0954,305.0,165.0,445.0,39.0,559.0500000000002,591,92,80.20787800049293,2026
664728,Kyle Isbel,481,0.0277224729183561,0.027674803635838848,0.04058930927067242,-0.03820602689582263,3.2772788489744306e-05,0.05486829250123896,0.0932459920285281,0.4774,0.4736,0.7502,0.2122,0.067,0.0816,308.0,172.0,441.0,48.0,553.0,591,92,57.43180492903214,2026
686611,Dylan Crews,778,0.027696688130046665,0.027335862487411766,0.040919965044161025,-0.03903228602743584,9.82386494109277e-05,0.05517152027532442,0.09589692746655508,0.4726,0.4714,0.7508,0.2144,0.0708,0.0774,310.0,169.0,441.25,45.0,551.0,591,101,112.67857430452025,2026
669364,Xavier Edwards,958,0.027661239549228344,0.02765747728176405,0.0373307093845899,-0.03293481799988479,0.0027183247190890897,0.0522337507800743,0.08955461445908623,0.4754,0.4734,0.7724,0.193,0.0522,0.0708,308.0,183.0,430.0,58.95000000000002,545.0,591,139,147.29226005628124,2026
669699,Braden Shewmake,177,0.027607231266961317,0.02843484877198954,0.04480793786592797,-0.04688546786704025,-0.002116981504128796,0.05738185199869544,0.10068313358801825,0.491,0.4884,0.7362,0.2332,0.089,0.1084,302.0,158.0,451.0,37.0,563.0,591,28,19.749962209086878,2026
694378,Jacob Gonzalez,466,0.027435907400825733,0.02761577662940848,0.0419672778825781,-0.04184203600007649,-0.0003681230809718818,0.05485197033253775,0.09633315940297782,0.4786,0.4768,0.7466,0.2108,0.0736,0.0898,309.0,172.0,443.0,43.0,556.0,591,76,70.68096741953376,2026
521692,Salvador Perez,1245,0.027391333225407936,0.027015213807836773,0.03852858781469649,-0.036447288010645965,0.003268413411017133,0.052344228310236496,0.09159724650145767,0.4702,0.4732,0.772,0.1888,0.0576,0.0726,309.0,182.0,429.0,55.0,549.0,591,146,195.69844513389359,2026
672960,Kazuma Okamoto,1200,0.027365697433992336,0.027585067509420996,0.038450200101667775,-0.03686092298358314,0.0026450673170054432,0.052833084830458454,0.08953201912138972,0.4744,0.475,0.7708,0.191,0.0572,0.0702,311.0,181.0,433.0,55.0,546.0,591,149,178.4347824966414,2026
703492,Nick Morabito,58,0.027270477061526275,0.02713370919423895,0.04495017681924488,-0.047004455922918624,-0.0018640257064197053,0.056689434417991555,0.09973978242671361,0.4718,0.4736,0.7366,0.226,0.0856,0.103,311.0,162.0,449.0,35.0,562.0,591,13,9.700547630895286,2026
694673,Abimelec Ortiz,275,0.027257589040730185,0.028348513543087504,0.044061585017582,-0.047678772165840384,-0.0012110667820659717,0.05650790679073854,0.09952223503707622,0.4858,0.4852,0.7424,0.226,0.0778,0.1046,304.0,162.0,448.0,39.0,563.0,591,41,44.855923152234325,2026
661388,William Contreras,998,0.027174338034228144,0.026845601661635052,0.039169305043161594,-0.0364388189331297,0.001358222843015489,0.05299174048177796,0.09120868890361725,0.4642,0.4672,0.7612,0.1956,0.059,0.0752,311.0,178.75,437.0,54.0,547.0500000000002,591,137,156.8917037075551,2026
669087,Sam Huff,73,0.02716617956155217,0.02791965746369492,0.0448799503846866,-0.04729387784932787,-0.0023237571206371,0.05652403469890839,0.09969950542019436,0.4784,0.4784,0.733,0.2264,0.0856,0.1032,308.0,164.0,452.0,38.0,565.0,591,12,9.338406113979694,2026
678577,Junior Perez,69,0.02703411425171559,0.02758198678185199,0.04448448357909675,-0.046338785905940136,-0.0018963607769709422,0.05629028518951493,0.10033752797029846,0.478,0.4754,0.7344,0.2252,0.0878,0.1046,311.0,163.0,450.0,37.0,562.0,591,16,12.238241139944831,2026
695657,Colson Montgomery,1211,0.026987601298448176,0.026881261952755094,0.03752398464393058,-0.035119626756121666,0.0025914163494943814,0.05164532790382188,0.08862346918767819,0.4656,0.4656,0.77,0.184,0.0542,0.0682,313.0,186.0,431.0,56.0,545.0,591,147,181.52412845511336,2026
703520,Brett Bateman,273,0.02686976535571877,0.027427878102658173,0.04300244512051626,-0.04461185138755005,-0.000813808985710756,0.05541593907364106,0.09676319237955203,0.4734,0.4726,0.7414,0.217,0.0762,0.0992,309.0,168.0,445.0,41.0,558.0,591,37,46.28210104434177,2026
664056,Harrison Bader,222,0.026825925646814477,0.026671125663502705,0.04573937386999573,-0.0486805361130435,-0.002707086624029786,0.05692324893098703,0.10209645710458375,0.4736,0.4736,0.7298,0.2286,0.089,0.1118,311.0,161.0,454.0,37.0,565.0,591,30,24.728189680487233,2026
672016,Denzel Clarke,127,0.026627848560494976,0.027735970793593044,0.04472764637667885,-0.048556885468306464,-0.002936856126259644,0.05624919410015112,0.09866141200885267,0.479,0.4808,0.7266,0.221,0.0848,0.1074,308.0,165.0,454.25,36.0,564.0,591,28,13.9904663958283,2026
677588,José Tena,548,0.026569849184042305,0.02692191859548299,0.04026801696744864,-0.03912027800035239,-0.00020429146260982398,0.05271149972532077,0.09322124234175705,0.4646,0.4676,0.7488,0.198,0.0612,0.0842,312.0,181.0,441.0,50.0,552.0,591,108,74.89893427926037,2026
624641,Edmundo Sosa,526,0.02636932393500519,0.026764784906361246,0.04034998110263766,-0.04130900509734203,-5.4218858407400014e-05,0.052582776996453605,0.09276958556003342,0.472,0.472,0.7494,0.1978,0.061,0.0942,313.0,180.75,441.0,50.0,554.0,591,80,74.52305008610492,2026
801501,Nate Furman,65,0.026165162889024082,0.026146072263744317,0.04538147173769122,-0.04951254356503689,-0.003445292867054769,0.055900039342428855,0.09885304473235236,0.471,0.47,0.7244,0.2206,0.0802,0.1104,314.0,165.0,459.0,38.0,566.0,591,18,7.949463709202945,2026
683357,Owen Caissie,622,0.026110459910015208,0.026170526807944614,0.03966153658413007,-0.038291367659862525,0.00039106497409593683,0.05183325490634961,0.09136277073446739,0.4644,0.4618,0.7546,0.19,0.059,0.0788,318.0,185.75,439.0,54.0,554.0,591,107,100.74663376575637,2026
680779,Henry Davis,550,0.026104658588878824,0.02728714093965397,0.04458729856514128,-0.04724613349365509,-0.0033478087980958887,0.054842369472985285,0.09788734171725305,0.4702,0.4728,0.7248,0.2156,0.082,0.1086,310.0,169.0,455.0,39.0,563.0,591,85,83.73088932445876,2026
663698,Joey Bart,224,0.02606680810170977,0.026125878552206196,0.043922332067530614,-0.04877519920411092,-0.002045035373207424,0.054941859734238103,0.096485508053791,0.4664,0.465,0.734,0.2126,0.0768,0.1098,316.5,170.0,451.0,44.0,563.0,591,42,28.639187061208947,2026
694376,Shay Whitcomb,182,0.025945062184681705,0.026029119495620746,0.04504000105803726,-0.04756167018736333,-0.0035229479795457746,0.05553505391589361,0.09926845434278686,0.4688,0.465,0.7234,0.2168,0.0842,0.1144,315.5,168.0,455.0,38.0,564.0,591,38,23.471711326250237,2026
641680,Jonah Heim,653,0.02590137627994265,0.02626071003127719,0.03860045170203702,-0.03806932566808734,0.0003299549804697871,0.052050979469303524,0.08863691622081393,0.4602,0.4592,0.7538,0.1876,0.0542,0.0812,315.5,183.0,441.25,57.95000000000002,549.0,591,94,96.47289437956721,2026
643396,Isiah Kiner-Falefa,278,0.025895119271959942,0.026600508149670576,0.04410993573865051,-0.045852089149452775,-0.003989599759992485,0.05568558091943983,0.09780363606107652,0.4664,0.4636,0.7222,0.2166,0.0792,0.1088,315.0,170.0,458.0,41.0,563.0,591,52,35.18945692238375,2026
660162,Yoán Moncada,210,0.025894477889050478,0.026282224069578204,0.04479899571693222,-0.048282687479645606,-0.0029446579251113823,0.055209852661680964,0.09864039151950857,0.4632,0.4632,0.7256,0.221,0.0826,0.1144,317.0,168.0,454.0,39.0,562.0,591,41,30.823243062839722,2026
672386,Alejandro Kirk,485,0.025834591599660815,0.025941811456266513,0.04186010568338941,-0.04268647003407635,-0.0021009957276822257,0.05260936629763863,0.09615253847066721,0.4606,0.4588,0.735,0.194,0.0724,0.094,316.5,182.0,451.0,47.0,556.0,591,72,80.59168929075528,2026
518595,Travis d'Arnaud,151,0.025793040243386623,0.02680337990075725,0.045487420380808344,-0.0507545455612254,-0.0036039213659541493,0.055112736101010286,0.09974693363891038,0.4694,0.4696,0.7228,0.218,0.081,0.1182,314.5,170.0,455.0,38.0,567.0,591,30,16.975473999920197,2026
656582,Connor Joe,83,0.02569144834974537,0.025612753068277604,0.0454425613910603,-0.049098232037540664,-0.004181953858363499,0.05525630416753499,0.10096949070022264,0.4616,0.461,0.715,0.217,0.0806,0.1134,320.0,170.75,459.0,37.95000000000002,565.0,591,18,8.611914239445749,2026
663886,Tyler Stephenson,799,0.025675385404214705,0.025183336757139102,0.04126162809540225,-0.04073785332231778,-0.0012573086471438842,0.053322264004922196,0.09422933711771937,0.4534,0.4542,0.7388,0.1984,0.0698,0.0888,319.0,180.0,447.0,48.0,555.0,591,124,121.32211909190649,2026
686475,Tyler Tolbert,222,0.025633587024658226,0.02563185152113879,0.042385493969517574,-0.045130900338862016,-0.0015728225132608806,0.05422425978221828,0.09427325783135106,0.4602,0.4572,0.736,0.2082,0.067,0.0976,318.0,175.0,451.0,47.0,561.0500000000002,591,53,27.374702163175012,2026
664954,Brett Sullivan,389,0.02549296041505098,0.025430454761858505,0.04249806078902003,-0.04441130390573551,-0.0025711711890580354,0.05398618733331732,0.09425669939266894,0.4608,0.4566,0.729,0.2076,0.0656,0.1014,321.0,175.0,452.0,47.0,561.0,591,69,47.483818328695676,2026
683021,Michael Stefanic,48,0.02545347932588195,0.025022925866116867,0.04566333257290147,-0.049669695931867874,-0.004106197340741732,0.0556956870293675,0.09914325802863029,0.4522,0.4496,0.7174,0.2162,0.0796,0.1148,322.5,168.0,460.0,39.0,565.0,591,10,9.334185767688979,2026
623168,Tyler Heineman,343,0.025446023846305656,0.02598567264625313,0.042702921626541906,-0.04566413468743227,-0.00265063292477668,0.053664874114902075,0.09616057377230659,0.4598,0.462,0.731,0.2008,0.0712,0.1008,316.0,180.0,452.0,45.0,560.0,591,64,36.618380718942724,2026
687221,Dalton Rushing,456,0.025396906183923932,0.025891101123014508,0.03915703712445309,-0.038808916412759575,6.642044252597693e-05,0.051252026045200905,0.0891969101062668,0.4626,0.4594,0.7506,0.1858,0.0534,0.0856,317.0,188.75,441.0,56.0,552.0,591,74,60.78944508795516,2026
703601,Max Clark,304,0.025336976704122164,0.026455219924857835,0.04428132446040435,-0.04759049393237827,-0.0035112105764602344,0.05396882588065074,0.09737020043792684,0.4632,0.4596,0.7224,0.2054,0.0754,0.11,317.0,176.75,457.0,41.0,563.0,591,46,44.222048610483924,2026
592450,Aaron Judge,516,0.025315591514651056,0.025463541582999717,0.03937104710357823,-0.03850544899357028,-0.0005423893622466748,0.050731043332971085,0.09096626392704199,0.4482,0.4468,0.7464,0.185,0.0588,0.0858,320.0,186.0,444.0,53.95000000000002,552.0,591,66,91.92506475314636,2026
665833,Oneil Cruz,699,0.02531136389279356,0.026426080178382633,0.040339202433365945,-0.04130486394808692,-0.0012589359551537192,0.05210265657893534,0.09155472438860106,0.4636,0.4594,0.7388,0.1916,0.0598,0.0908,316.0,183.0,449.0,54.0,554.0,591,92,113.49129176054485,2026
686681,Michael Massey,806,0.025203100199564545,0.025013799458607607,0.035741260465439295,-0.03486358835300469,0.0024673423962210668,0.04948587903113076,0.0831792538984038,0.4422,0.444,0.768,0.163,0.0424,0.0682,323.0,196.0,434.0,68.95000000000002,544.0,591,123,108.57606050740475,2026
666163,Ben Rortvedt,43,0.02519300502137996,0.02521511151013458,0.04585975949698817,-0.04988816413290129,-0.003851197517830371,0.05549661393809123,0.09917270246460447,0.4546,0.4554,0.7242,0.2244,0.0802,0.1162,321.5,166.0,459.0,39.95000000000002,566.0,591,11,4.011729421963015,2026
673962,Josh Jung,722,0.025108300850543778,0.026077339465964095,0.042433503036518654,-0.04669055070305853,-0.002093838466345855,0.05306001374571117,0.09389056274540986,0.4618,0.4632,0.7344,0.2004,0.0678,0.101,315.0,176.0,452.0,48.0,561.0,591,100,91.46915995698464,2026
678246,Miguel Vargas,1177,0.025102690488736985,0.0255114813834348,0.036289476627845825,-0.03374048646374831,0.0009051580472236925,0.0491371108293152,0.08346938062979418,0.4548,0.4512,0.7596,0.1636,0.0444,0.07,318.0,196.75,439.0,65.0,544.0500000000002,591,154,189.00485208538564,2026
675961,Alika Williams,369,0.025079195064654423,0.02576810209821081,0.04229397111983686,-0.0455839633439723,-0.0026637474675336313,0.05380794985306918,0.0934348082081069,0.4626,0.4616,0.7306,0.1998,0.0714,0.1064,319.0,177.0,453.0,45.95000000000002,561.0500000000002,591,70,52.79313595914576,2026
677594,Julio Rodríguez,1186,0.025076574067496013,0.024426250616978153,0.03618402571916404,-0.033961186828338354,0.001339954530777614,0.04901592150139238,0.08459543597744137,0.4436,0.4418,0.7608,0.1688,0.0404,0.0684,323.0,198.0,437.0,71.0,542.0,591,145,191.83929656880633,2026
665561,Rafael Marchán,181,0.02507234658800978,0.025601830964335867,0.046574328899629196,-0.04989820113337984,-0.006244062226340268,0.0560909581728513,0.10009707261503663,0.463,0.463,0.7112,0.2246,0.0864,0.1298,317.0,165.0,468.0,36.0,566.0,591,31,18.705773721882366,2026
644433,Chadwick Tromp,93,0.025064498560998842,0.0258719397000755,0.04663277658897984,-0.05221802641603707,-0.005142715652521906,0.055591703515317885,0.10194758865783643,0.4652,0.4672,0.714,0.222,0.0898,0.1286,317.0,170.0,465.0,36.0,568.0,591,21,10.390786772865006,2026
664059,Sam Haggerty,83,0.025003138935501403,0.025233841933490264,0.04667030376112621,-0.05145270517006092,-0.006212302370473381,0.05678447471578584,0.0987170432396798,0.4598,0.4568,0.7094,0.2288,0.0848,0.1228,321.0,162.0,467.0,36.0,568.0,591,26,10.064841662942953,2026
669289,Santiago Espinal,105,0.02497974788407429,0.024930094609395062,0.045363738695349515,-0.04930146665187632,-0.004515184774903759,0.054823450806812564,0.10017114659153284,0.4592,0.4568,0.7154,0.215,0.0824,0.1154,321.0,170.0,463.0,38.0,565.0,591,26,18.660469251270353,2026
699115,Carlos Jorge,56,0.024944823484977015,0.02468102935669389,0.04457565541616169,-0.04842279491357649,-0.0038380200570330525,0.05370246975456196,0.09758731619615679,0.4486,0.4504,0.7206,0.2116,0.0786,0.1116,321.5,175.0,458.0,42.0,565.0,591,11,8.173775922502841,2026
678882,Ceddanne Rafaela,1167,0.024874750486463672,0.025111032527460657,0.035472536208449854,-0.033053652033314514,0.0018534076762647795,0.04863888572417961,0.08307327735941979,0.441,0.4426,0.7674,0.1616,0.0386,0.0684,322.0,201.0,435.0,70.0,541.0,591,133,157.7604159142251,2026
673357,Luis Robert Jr.,440,0.024809187123364558,0.025210213894577716,0.04020202354589762,-0.04192067211200714,-0.0009226484923824245,0.051229420437213215,0.0913004730830288,0.4522,0.4508,0.7424,0.188,0.0588,0.0972,322.0,186.0,447.0,53.0,556.0,591,59,64.21781794879237,2026
670032,Nicky Lopez,461,0.024719784892775026,0.024795581603102322,0.040627543320321105,-0.04155864406691358,-0.0024477524836401077,0.05111018252228619,0.09153107016449122,0.4466,0.4462,0.7296,0.191,0.061,0.0918,322.0,186.0,451.0,52.95000000000002,557.0,591,88,51.452308597958314,2026
642851,Austin Wynns,173,0.024671646867252404,0.024896155242197064,0.04265665673491406,-0.045716958826413204,-0.004009262506096496,0.053045620595817494,0.09388430398318012,0.4554,0.4548,0.7236,0.1964,0.0646,0.1026,321.0,179.0,457.25,48.0,561.0,591,28,21.31465379957242,2026
690976,Alex Freeland,431,0.024620837803678696,0.024943502438648176,0.04451739369473825,-0.049101107784148376,-0.004918001031424778,0.054280612388034236,0.09753403637052864,0.4544,0.4512,0.7134,0.2134,0.078,0.1138,324.0,174.0,463.0,42.0,565.0,591,88,54.292936690148835,2026
669477,Casey Schmitt,765,0.02451849079208362,0.025062648773449873,0.04633610319704014,-0.05264909207467738,-0.004202948228016008,0.05472626119234779,0.09915773510530525,0.4542,0.4522,0.7196,0.2078,0.0832,0.1176,324.0,173.0,461.0,37.0,569.0,591,97,121.93879642059466,2026
650968,Yohel Pozo,116,0.02445549615010816,0.0248709459617864,0.045368130986848526,-0.05104196556129398,-0.005562923252614059,0.054402759096717684,0.09722466196775421,0.4538,0.4558,0.71,0.2124,0.0778,0.12,321.0,171.0,465.0,40.0,566.0,591,27,11.467423713255403,2026
640902,Jhonny Pereda,181,0.024418475245693953,0.024342676004672846,0.04223160076661743,-0.04538087110472723,-0.003432320883968459,0.05281730121889809,0.0930861434016048,0.4442,0.4444,0.724,0.1984,0.0692,0.104,326.0,182.0,456.0,49.0,561.0,591,28,31.673115513019738,2026
642215,Weston Wilson,329,0.024334245728316942,0.024636399263721243,0.04312393908293597,-0.04615645065568911,-0.0037220571730518168,0.052746663738606765,0.0937214153051953,0.4522,0.45,0.7248,0.198,0.067,0.1088,323.0,179.0,458.0,47.0,562.0,591,60,51.555763015058645,2026
682997,Tyler Callihan,223,0.024321163316288582,0.023685623432230123,0.04634513680556731,-0.05192272476934251,-0.00529461192458464,0.05460338998757065,0.10179703936014227,0.4386,0.4416,0.7058,0.2148,0.082,0.1256,327.5,171.0,465.0,38.0,568.0,591,36,30.532720448846412,2026
655316,Andruw Monasterio,652,0.024264810874370057,0.02482703043295994,0.03842957701440605,-0.0389672759083361,-0.0012190879280262038,0.05060177726970297,0.08646806837459248,0.4432,0.4422,0.7418,0.1728,0.0498,0.089,322.0,193.0,447.0,61.0,553.0,591,98,102.00000898532542,2026
670242,Matt Wallner,291,0.024250670517029765,0.023966808767766426,0.0453011499471352,-0.05052360459255123,-0.005183320985056649,0.0538937971078528,0.09868981899767347,0.4436,0.4432,0.7084,0.211,0.0788,0.1174,326.0,175.0,462.25,40.0,565.0,591,34,43.60078596765621,2026
687605,Andrew Pinckney,42,0.024192533375544237,0.024641119888317485,0.04639233968085712,-0.051681690461157156,-0.006068505799167231,0.05369978671028516,0.10079007115877592,0.452,0.4504,0.7066,0.2114,0.0866,0.1286,324.5,176.0,468.0,36.0,568.0,591,12,6.789165766850946,2026
803011,Sam Antonacci,867,0.024043061036519854,0.02421772442952247,0.039655990835583466,-0.041645387199089556,-0.002325378341704777,0.050907845234511376,0.08679685606118748,0.4406,0.4398,0.7294,0.1764,0.0528,0.0962,325.0,189.0,449.0,58.0,556.0,591,134,154.5283950840598,2026
814439,Ryan Waldschmidt,464,0.02401071971872841,0.02434041349697929,0.04304025221355225,-0.04778926341863774,-0.0044351521855301255,0.051897523540956315,0.09366263441558864,0.4442,0.4456,0.7172,0.1972,0.069,0.1108,324.0,180.75,460.0,47.0,565.0,591,78,63.60314066594405,2026
606992,Eric Haase,149,0.023983806067535487,0.024449743832184002,0.0457010069798518,-0.051437238577602185,-0.00531065389765334,0.05398953210670596,0.09858036452123718,0.4522,0.4504,0.7114,0.209,0.077,0.1296,324.5,174.0,464.0,41.0,569.0,591,26,20.329184665307928,2026
807713,Matt Shaw,326,0.023838015379017696,0.023474048077824182,0.042936988558173426,-0.04779035597494522,-0.003629179999959811,0.052239117197348736,0.09393898860951842,0.4438,0.4426,0.7222,0.1914,0.0688,0.1086,330.0,185.0,459.0,45.0,564.0500000000002,591,63,54.72036698733423,2026
660710,Rodolfo Durán,153,0.02379929672242952,0.02461771221629621,0.0447906072890202,-0.04720037704616411,-0.006250840166282441,0.05306606876397284,0.09788312321642094,0.4452,0.444,0.707,0.202,0.0766,0.1194,327.5,178.0,469.0,41.0,566.0,591,30,23.222885506511304,2026
693409,César Prieto,49,0.023791677125867525,0.024237106766654862,0.04553216544916774,-0.05032827450549558,-0.006028364931660553,0.05383825926010078,0.09773262586693644,0.4488,0.4446,0.7106,0.2088,0.0766,0.1222,327.0,175.0,466.0,41.0,568.0,591,14,3.769574161692944,2026
656555,Rhys Hoskins,548,0.023780452424514337,0.02346838078940071,0.04278751392525961,-0.04700028147020191,-0.004135007144585343,0.05258221757600257,0.09325595648976046,0.4394,0.437,0.7178,0.1964,0.0654,0.112,330.0,182.0,460.0,48.0,564.0,591,93,94.86126234877122,2026
682177,Daniel Schneemann,551,0.023759836490794627,0.023678799543454455,0.03991200194370707,-0.041533522296995945,-0.00284064858890271,0.049868523820484505,0.0909097275353359,0.4346,0.4306,0.7284,0.176,0.06,0.092,329.0,197.0,454.0,52.0,555.0,591,84,74.60595651553024,2026
668800,Andrew Knizner,119,0.023724227489624442,0.02383474738408265,0.045992946979470505,-0.052152335439771116,-0.006598506893136637,0.05423091449650348,0.09831862564385832,0.4422,0.442,0.7038,0.209,0.0758,0.126,329.0,173.0,469.0,41.0,567.0500000000002,591,23,14.873074961674073,2026
650402,Gleyber Torres,724,0.02371465633726834,0.024500104603700716,0.04024183365204521,-0.04242115223600469,-0.002393849734105449,0.049736250494088724,0.08978770110145336,0.441,0.4398,0.7288,0.1792,0.0562,0.0984,325.0,193.0,453.0,55.95000000000002,557.0,591,92,118.19288264401422,2026
694388,Joey Loperfido,226,0.02370566301101374,0.023591385867769293,0.04557057377123089,-0.0515080302787307,-0.006081278361643204,0.05349049264084334,0.09966409283002364,0.4424,0.4382,0.7044,0.2058,0.0802,0.1238,331.0,179.75,467.0,40.0,567.0,591,39,40.99110967708526,2026
680777,Ryan Jeffers,579,0.023703951376738586,0.02401429459126211,0.041185452404796916,-0.044572993124531085,-0.003374524208853467,0.05136076903921378,0.09099476267946924,0.4444,0.4396,0.7246,0.1866,0.0598,0.1032,325.0,189.0,456.0,54.0,561.0,591,84,102.27873905849253,2026
687401,Joey Ortiz,658,0.023663837202832216,0.02343597630352027,0.041244587778400565,-0.04446075248573064,-0.003087132397745249,0.05035025991894866,0.09261522989306821,0.4348,0.4374,0.7226,0.187,0.06,0.0996,329.0,191.0,457.0,52.0,559.0,591,112,88.95974815171633,2026
649966,Luis Urías,115,0.023607144861446015,0.024826525975981117,0.046553637470472996,-0.05472556079498081,-0.005959746251565802,0.05360767206428323,0.09854405276752189,0.4476,0.4474,0.7046,0.2048,0.081,0.1272,324.0,179.0,466.0,40.95000000000002,571.0,591,22,16.187360621135447,2026
642020,Chuckie Robinson,45,0.02359860144672328,0.023396177691201697,0.04564663422158741,-0.05197663351294982,-0.006009136328715949,0.05357138490894641,0.0984962728939133,0.444,0.4426,0.7056,0.209,0.0762,0.1264,331.0,175.75,466.0,38.0,569.0,591,8,7.359109801788955,2026
656976,Pavin Smith,186,0.023552779762996266,0.023589527909501154,0.04446915383161913,-0.050742629406992514,-0.005669364100462911,0.053181087103179675,0.09569208838417295,0.445,0.4438,0.7094,0.2016,0.0706,0.1182,329.0,178.0,463.0,42.0,566.0,591,34,24.378454133733364,2026
682634,Kevin Alcántara,48,0.023521254357553253,0.023695822231651245,0.047190506820462504,-0.05496214660698812,-0.007426111127241988,0.055205651954924925,0.10098484923762689,0.4472,0.4482,0.7008,0.2136,0.0828,0.1332,329.5,172.0,471.0,35.95000000000002,572.0,591,18,2.856489126537439,2026
678545,Osleivis Basabe,230,0.02338948651515406,0.023639533430991965,0.04470878963124396,-0.05017128029917456,-0.005598954683524118,0.052018781165658244,0.09678054981101801,0.4414,0.4392,0.7128,0.1978,0.073,0.1156,329.0,182.0,466.0,42.0,566.0,591,39,41.6685483998837,2026
596103,Austin Slater,131,0.023388439583109977,0.022769962506945463,0.04544833925649382,-0.05164447894160805,-0.005952954269980265,0.052820905237145256,0.09729602011664114,0.4462,0.443,0.7066,0.2016,0.0812,0.1218,332.0,179.0,468.0,41.0,567.0,591,28,21.039854216438805,2026
656716,Zach McKinstry,732,0.02337861174585639,0.024334533242301046,0.03932547082101785,-0.042357978475760914,-0.002477787985970664,0.049009166491523266,0.08721836285417493,0.4388,0.4382,0.7306,0.1738,0.0478,0.097,326.0,196.0,451.25,62.0,557.0,591,119,101.0188406040563,2026
668670,Jake Rogers,282,0.023364876276956367,0.02343262999736086,0.04347723420868828,-0.05029045255568342,-0.004766876129515266,0.052340537715173135,0.09494070269520191,0.4382,0.438,0.7084,0.1968,0.067,0.114,331.0,181.0,464.0,46.0,564.0,591,54,40.4576549355284,2026
606192,Teoscar Hernández,869,0.023299187551768803,0.023976488600650648,0.03990259390066613,-0.04210972372496624,-0.0029306451118490924,0.050124817758513046,0.09022817001843172,0.4344,0.4358,0.7264,0.1744,0.054,0.0984,327.0,193.0,454.0,57.0,555.0500000000002,591,119,124.14496319758824,2026
543877,Christian Vázquez,468,0.023042533360271143,0.02342107945354019,0.041390676523265675,-0.04629194992400471,-0.004316581538243437,0.05057368497837246,0.08978607942668627,0.4352,0.4352,0.7172,0.1782,0.0566,0.1062,330.0,192.0,459.0,56.0,560.0500000000002,591,82,68.00933914133296,2026
668227,Randy Arozarena,1161,0.02281336187913623,0.02304548415774685,0.04001909268589777,-0.04327536509758396,-0.002493769002948738,0.04969706677382456,0.08923559520229381,0.4236,0.424,0.7248,0.1716,0.0506,0.099,333.0,197.0,453.0,60.0,558.0,591,148,194.17052396712108,2026
641343,Jake Bauers,887,0.022785122029474237,0.021737009094501304,0.03912978420766962,-0.04148190818309875,-0.0025840235701400493,0.048016066433363355,0.08822074076674385,0.42,0.4176,0.7252,0.168,0.0534,0.0934,338.0,202.0,451.0,58.0,555.0,591,133,158.55789919512284,2026
683748,Victor Mesa Jr.,448,0.022736112188539728,0.023561573895980285,0.04110989522062016,-0.04596994585944915,-0.004938773600065802,0.04960316089476278,0.09124727319120703,0.438,0.4374,0.7138,0.1794,0.0574,0.1058,329.0,193.0,461.0,56.0,561.0,591,68,72.60820814217686,2026
663611,Nick Madrigal,110,0.022468054587269085,0.02282003119359414,0.044984993780193404,-0.052258056748378384,-0.006259527058097624,0.052574656019337335,0.09528119385479354,0.4322,0.4352,0.6996,0.1994,0.0698,0.125,334.0,184.0,469.0,44.0,568.0,591,19,19.8350190446756,2026
694514,Sterlin Thompson,132,0.022241907856783476,0.022199928295231264,0.03912619492052448,-0.04269811037688858,-0.0030525153450599463,0.04835285385743299,0.085953768689872,0.4258,0.4252,0.7226,0.1648,0.0466,0.095,333.0,202.0,456.0,63.0,558.0,591,23,19.97270480861902,2026
805811,Bryce Eldridge,799,0.02222986732488418,0.02250069254817518,0.03964137999208298,-0.04267624086927133,-0.003963462314610521,0.04880871312189235,0.08687154593567396,0.4222,0.4184,0.7176,0.1644,0.0458,0.097,336.0,198.75,458.0,63.95000000000002,558.0,591,107,139.7823836792258,2026
671976,Tristan Peters,860,0.02208892539963091,0.022306156045776446,0.04022464274392878,-0.045545603501539654,-0.0038526644117509497,0.0486480125196047,0.0871769751815077,0.425,0.4236,0.7188,0.169,0.0512,0.1058,336.0,200.0,458.0,60.0,560.0,591,143,107.32046149227699,2026
687363,Victor Scott II,289,0.021889064142245607,0.022462259804485088,0.04301821346591912,-0.05042254841977927,-0.006148283731799469,0.050504451940335704,0.09224884191211917,0.4278,0.4248,0.701,0.1818,0.0594,0.117,337.0,192.0,465.0,53.0,565.0,591,63,37.27957259523302,2026
801126,Brock Rodden,127,0.021820264637070656,0.02187181618076286,0.04327732983462081,-0.050282162408356736,-0.006768026987059885,0.05115046737987221,0.09183982029954138,0.4288,0.4274,0.6948,0.1878,0.062,0.1202,338.0,186.0,467.0,52.0,565.0,591,24,22.81471534939719,2026
702616,Jackson Holliday,590,0.02158988375936157,0.02190204264484375,0.041392033963836686,-0.0457830376126509,-0.006195519063387751,0.04846619745040628,0.08953877939021386,0.4246,0.4222,0.7026,0.173,0.0556,0.116,339.0,200.75,466.0,55.0,563.0,591,96,82.49149573685247,2026
676694,Jake Meyers,267,0.021573339798653963,0.022342691538283263,0.044393178440339236,-0.05224095269035207,-0.005992034815530424,0.05048492871543542,0.09473939147741647,0.434,0.4274,0.7028,0.1798,0.0678,0.126,335.0,194.0,468.25,47.0,567.0500000000002,591,46,35.9117591101625,2026
669236,Jeremiah Jackson,554,0.021517659080211575,0.021770699934712458,0.04349144945528311,-0.05122504057698727,-0.0064040267439405,0.04994944613201771,0.09246648056367157,0.4268,0.4278,0.6998,0.1838,0.065,0.1194,339.0,193.0,466.0,51.0,567.0,591,86,64.54824599977867,2026
670770,TJ Friedl,396,0.02147184683666404,0.022485350071522973,0.045635279029862474,-0.05459563796487594,-0.009144996566499815,0.05235847274370926,0.0954782030944595,0.4316,0.4312,0.6814,0.199,0.0712,0.135,337.0,184.0,479.0,46.0,571.0,591,80,66.99467382936629,2026
595978,Austin Hedges,381,0.02130566466565125,0.02196869577881766,0.04431160581648435,-0.05202145011033345,-0.007984181261359621,0.05122791662436427,0.09293623783228477,0.4256,0.4236,0.695,0.1878,0.0626,0.1296,339.0,187.0,474.25,50.0,569.0,591,71,53.51496396583346,2026
657757,Gavin Sheets,733,0.021281691401135127,0.021822046608655627,0.04384207267685411,-0.05212613661191961,-0.007839883245164143,0.05039909319206623,0.09231600872091121,0.4228,0.425,0.6958,0.1832,0.06,0.1232,340.0,190.0,474.25,51.0,568.0,591,120,121.00258172864649,2026
620443,Luis Torrens,498,0.021047360842537076,0.021063490558958432,0.042999254121780885,-0.04993951866801892,-0.0077317921547068085,0.04971724052063295,0.09044028313477974,0.4186,0.4194,0.6918,0.1808,0.0564,0.1216,343.0,196.75,473.0,55.0,565.0,591,83,63.01674469910737,2026
679529,Spencer Torkelson,1056,0.02104316146663442,0.02173799554881427,0.04096510355173966,-0.046521211977293565,-0.005219741526920328,0.04779645049298132,0.08587936896906101,0.4186,0.4152,0.7068,0.1632,0.0468,0.1168,342.0,204.0,463.0,63.0,561.0,591,153,147.67796491313564,2026
650859,Luis Rengifo,630,0.020817242133754355,0.02088547181763364,0.04162632103355387,-0.04694515582552156,-0.007379837277313226,0.048672660411114316,0.08857661675129619,0.4154,0.4148,0.6928,0.175,0.052,0.1172,345.0,198.0,468.0,59.0,562.0500000000002,591,91,83.28698451604629,2026
700250,Ben Rice,1104,0.02080873764152511,0.02121402983815594,0.03939049267456927,-0.044405382522216576,-0.005706845779905457,0.0474543903562336,0.08470722359651492,0.4116,0.4094,0.701,0.1538,0.0454,0.1074,344.0,206.0,462.0,66.95000000000002,558.0,591,148,189.29079250663668,2026
663993,Nathaniel Lowe,775,0.02077730197865079,0.02202050159748566,0.04105116763786715,-0.048236794511241105,-0.0056433566832961085,0.048394070022243905,0.0867116056197063,0.4156,0.4118,0.7036,0.1602,0.0506,0.1116,339.0,200.0,466.0,60.0,563.0,591,117,112.09269036075959,2026
699302,Héctor Rodríguez,265,0.020747410575255712,0.021375000838752004,0.0422577517822112,-0.048881166887609566,-0.006721959767362441,0.04857300344132603,0.08884217134412602,0.4162,0.4136,0.6946,0.1668,0.055,0.1176,341.0,199.0,469.0,56.0,565.0,591,36,40.27653292943104,2026
573262,Mike Yastrzemski,691,0.020746060425634864,0.021151302422911678,0.03904358834004935,-0.044251190340421125,-0.005177201044465377,0.04680376060332528,0.08360355527501084,0.4132,0.414,0.7048,0.1552,0.044,0.1022,343.0,208.0,462.0,68.0,559.0,591,130,99.93225650562992,2026
596019,Francisco Lindor,840,0.020618028174036972,0.020838827322680976,0.03848395802920878,-0.042640102357157754,-0.005052887878720093,0.04629986958881818,0.08320028125084766,0.407,0.4046,0.7062,0.1522,0.0372,0.097,342.0,212.0,462.0,72.0,559.0,591,98,135.62468891071816,2026
806367,Turner Hill,164,0.02053588784215447,0.020351544686367344,0.044609452166112847,-0.05375744809491718,-0.00765645566789565,0.049949663054846334,0.09235717659239837,0.4116,0.4126,0.6846,0.1892,0.065,0.1296,343.0,192.0,473.25,48.0,568.0,591,28,20.226874458730634,2026
693304,Nick Gonzales,1100,0.020216569144931678,0.020684901522307553,0.04035769970980346,-0.04780868430611729,-0.005972323966631626,0.04743993564216323,0.08567153554100976,0.4064,0.405,0.7054,0.1616,0.0446,0.1142,346.0,205.0,466.0,65.0,566.0,591,142,167.84005729440793,2026
514888,Jose Altuve,888,0.020190349896152145,0.021126594292152003,0.04022256488120589,-0.046383087118145976,-0.006432952629011711,0.04702608408287189,0.08420992506641584,0.4082,0.4106,0.6962,0.1546,0.0444,0.1128,344.0,207.0,465.0,66.95000000000002,561.0,591,129,142.12113284887192,2026
642201,Eli White,409,0.019949939042582843,0.02057627253106182,0.03916090187465695,-0.04355977352091931,-0.006379141224040751,0.04575465740592516,0.0822226088189261,0.398,0.3998,0.6994,0.1552,0.0416,0.1088,347.0,212.0,465.0,69.0,560.0,591,80,64.92517159399168,2026
621493,Taylor Ward,835,0.019930683989298356,0.019766103701632183,0.04014562376079591,-0.04633705508156781,-0.006502716468337118,0.046091368131256284,0.08660948649670772,0.3992,0.3986,0.6998,0.1506,0.0494,0.1166,350.0,213.0,466.25,61.0,562.0,591,139,142.52689073263556,2026
669701,Josh Smith,410,0.019896995379682078,0.021181311516381387,0.04501468599300285,-0.05487068069517625,-0.009165522094122556,0.04932365392178452,0.09228478999437956,0.415,0.4152,0.6792,0.1734,0.0628,0.135,341.0,196.0,478.0,51.0,571.0,591,71,48.50467488560414,2026
686555,Isaac Collins,775,0.019873780792134258,0.019916352155508917,0.03995276648338267,-0.046687168260888215,-0.0069457679886798995,0.046806774842833146,0.08320259166326194,0.3998,0.3986,0.698,0.158,0.0424,0.1102,346.5,209.0,466.25,68.0,563.0,591,138,126.83687131510933,2026
691176,Jasson Domínguez,414,0.01979656673463762,0.01991321448599219,0.0416219867642104,-0.049729151431132004,-0.007940995728960384,0.0478394342905709,0.0874240239593956,0.4046,0.4044,0.6864,0.169,0.0484,0.1236,349.0,204.0,472.0,61.95000000000002,565.0,591,55,65.3091875959029,2026
692216,CJ Kayfus,55,0.019758269088543463,0.019925266297478206,0.04565943661074443,-0.05572554790851485,-0.011043368453712671,0.04965423126715051,0.09461553858910388,0.4192,0.421,0.671,0.1844,0.0688,0.1452,349.0,193.0,481.25,44.0,571.0,591,8,6.7353059042458865,2026
701785,Kaelen Culpepper,234,0.019743353902738354,0.020598310035148584,0.04404359960073283,-0.05280435149446105,-0.009363460762608116,0.04962706987190627,0.09006639985243736,0.4104,0.4088,0.6826,0.1788,0.0592,0.1318,347.0,194.0,478.0,54.0,569.0,591,30,28.937508405044994,2026
624424,Michael Conforto,498,0.019632897036705763,0.019838250763405205,0.04179402609531402,-0.050109377433135815,-0.007965623565916166,0.04678167784841513,0.08717351014371429,0.4034,0.4022,0.689,0.1588,0.0498,0.1204,349.0,210.0,472.0,61.0,567.0,591,104,80.8172362291269,2026
683146,Brett Baty,885,0.019475587947968897,0.01941396817452371,0.03932767730125935,-0.04498705851287485,-0.005855140319705115,0.044821649004625486,0.08372544672807236,0.39,0.3904,0.6998,0.1468,0.0438,0.11,351.0,218.0,464.0,66.0,562.0,591,134,111.46956261315215,2026
666310,Bo Naylor,187,0.019431086955233295,0.019924275777778402,0.04518218020110463,-0.05311819532441393,-0.009816073729415118,0.04890437370059455,0.09174794813252597,0.4022,0.3994,0.6706,0.1746,0.0606,0.1326,352.0,200.0,478.0,51.0,571.0,591,28,21.595089600639337,2026
808982,Jung Hoo Lee,986,0.0192732543346214,0.019716870576891258,0.039844532666406494,-0.04608119308870568,-0.007588617110412732,0.04592467376704688,0.08464096412006117,0.3964,0.3966,0.6882,0.1514,0.041,0.1138,350.0,211.0,472.0,69.0,561.0500000000002,591,143,142.2538829904566,2026
665487,Fernando Tatis Jr.,1063,0.01919051463344102,0.018548567950182275,0.042141279002014746,-0.05121810124167411,-0.00861149516608041,0.047444157813752726,0.0885762569736377,0.3982,0.397,0.6846,0.1676,0.0512,0.1248,354.0,208.0,475.0,60.0,567.0,591,151,168.75538136801993,2026
686469,Vinnie Pasquantino,825,0.019176108420820296,0.01944252694777062,0.04052909470457524,-0.04916361295363271,-0.006768830561476752,0.04649876307660073,0.08555000797174055,0.3938,0.3932,0.6898,0.1544,0.046,0.1188,349.0,210.0,469.0,64.0,564.0,591,108,123.61471824500332,2026
669743,Alex Call,344,0.019113445616073598,0.01948097393891419,0.043693079021143534,-0.053211527939162326,-0.008596118977570413,0.04811236644940181,0.09039094542786975,0.3992,0.4004,0.6802,0.1694,0.0562,0.1298,351.0,204.0,475.0,55.95000000000002,570.0,591,70,46.005648773251366,2026
672275,Patrick Bailey,623,0.018965395522628707,0.01962077202600295,0.04328189075295429,-0.053352194191896636,-0.009174898668917155,0.04721193422849425,0.08916492143461088,0.3948,0.3956,0.682,0.1686,0.0524,0.1326,350.0,206.0,477.0,58.0,569.0,591,99,83.16151239751136,2026
702176,Alan Roden,128,0.0189607853706305,0.020225040938503122,0.044731924754975984,-0.05646343472411759,-0.01029066871818204,0.04822312382323245,0.0913739805588782,0.4084,0.408,0.6746,0.1702,0.0604,0.1404,348.0,201.0,482.0,51.0,571.0,591,28,19.154504928992107,2026
668930,Brice Turang,1125,0.018931129325122666,0.019599433009701635,0.03692975606756821,-0.043798100863352306,-0.005171762286065476,0.043241966732981994,0.0790723003149622,0.385,0.381,0.7074,0.1272,0.0314,0.097,351.0,227.0,462.0,80.0,557.0,591,140,195.29780134085405,2026
647304,Josh Naylor,1034,0.018778764461056936,0.018831149519161875,0.04213621398095635,-0.05093894848032387,-0.008556198898800063,0.04743956139181156,0.08722937155747093,0.3916,0.3908,0.6804,0.1564,0.0514,0.1274,353.0,206.0,475.0,59.0,568.0,591,146,147.48596087006297,2026
700246,Carson Williams,79,0.018716526708839335,0.019092497099276923,0.04437907294321258,-0.054875338737221106,-0.009981657140980957,0.04796579260478236,0.08943158613841098,0.4034,0.3998,0.6706,0.1688,0.0576,0.1362,354.0,203.0,479.0,54.0,571.0,591,13,9.550826305575445,2026
663330,Jahmai Jones,296,0.018696095402901687,0.019220979865474434,0.04407384757979343,-0.05414064264199805,-0.010420826747905034,0.04838769912085311,0.08969140893866434,0.4032,0.4024,0.6696,0.1686,0.0564,0.1398,354.0,198.0,482.0,54.0,571.0,591,87,30.185649605825688,2026
691740,Daniel Susac,307,0.018648770526448973,0.018635786361748997,0.040464533688799334,-0.04778218152775706,-0.007562230965152678,0.04521375820210334,0.08386736066360684,0.3884,0.3876,0.687,0.148,0.0426,0.1224,354.0,217.0,472.0,68.0,566.0,591,47,44.716066935800924,2026
682987,Spencer Jones,595,0.018648452314810104,0.01943705849836006,0.040066648553055396,-0.04774489639741913,-0.007987509879136425,0.04563405180164105,0.08371745887139677,0.3924,0.392,0.6856,0.146,0.0414,0.117,353.0,215.0,472.0,71.0,563.0,591,79,112.02122890678908,2026
641555,J.C. Escarra,154,0.018582343174828923,0.019018351575900448,0.045207360660979745,-0.05702172352804746,-0.009826863785254606,0.04805630489026992,0.09200115994593662,0.4014,0.4,0.6728,0.17,0.0604,0.1434,352.0,201.0,479.0,50.0,573.0,591,28,19.220263241888958,2026
609280,Miguel Andujar,480,0.01851977435744657,0.01926529616947931,0.04402585499862797,-0.05457368684780729,-0.010553796904404602,0.04758618612877294,0.08954229722921148,0.3992,0.3984,0.6692,0.1704,0.0564,0.1382,354.5,206.0,482.0,54.0,568.0,591,70,62.7718015964227,2026
683083,Nasim Nuñez,862,0.01844344094349502,0.018298669037273445,0.04208729494601791,-0.05104251429414333,-0.009060376121340603,0.045737271224602485,0.08842922300051449,0.3846,0.3824,0.6714,0.1582,0.0534,0.126,360.5,213.0,477.25,58.0,567.0500000000002,591,131,117.66296474352853,2026
699013,Esmerlyn Valdez,512,0.018279582415389285,0.018996086228899714,0.044326019506117253,-0.05569371657051478,-0.010385620478344383,0.04794042122904236,0.09026088703807782,0.3994,0.3956,0.6724,0.1708,0.054,0.1464,353.0,203.0,481.0,58.0,572.0,591,72,91.49886518585555,2026
671083,Buddy Kennedy,99,0.018134905558933094,0.018864165049475117,0.04455931893125267,-0.05554587823291774,-0.010838198069706609,0.04763579654352341,0.09009623481232437,0.3906,0.392,0.6678,0.1674,0.056,0.142,355.0,206.0,483.0,53.0,570.0,591,21,14.406798599333296,2026
657656,Ramón Laureano,397,0.017991543521252717,0.01842474890837397,0.043140010430952475,-0.05385558961410838,-0.010237638681492871,0.046365682704174266,0.08846989164531908,0.3904,0.3926,0.6702,0.1624,0.0544,0.1336,358.0,211.0,481.0,57.95000000000002,570.0,591,51,54.84909843344012,2026
804606,Konnor Griffin,621,0.017903084209953346,0.01824473797083563,0.04266448473559674,-0.052271146551174645,-0.010605399835837274,0.047357781481665036,0.08745878155815072,0.3898,0.39,0.6622,0.1596,0.0482,0.138,355.0,207.0,483.0,62.95000000000002,569.0,591,73,90.5869113604632,2026
691023,Jordan Walker,1168,0.01780016146158522,0.018304922192987225,0.03978121244577197,-0.047301413139493945,-0.008326339680483928,0.04453037425684217,0.08181136059357329,0.3806,0.3786,0.6756,0.1414,0.0388,0.1226,357.0,221.75,473.0,73.95000000000002,565.0,591,152,176.10613281431642,2026
701678,Hao-Yu Lee,580,0.017797404484389587,0.01963943941941844,0.043950775398683604,-0.056743066934327534,-0.010166478646236023,0.0471207090308804,0.08756190946625081,0.3946,0.3914,0.6778,0.162,0.051,0.1448,350.0,208.0,481.25,59.0,572.0,591,103,74.67682112113897,2026
624431,Jose Trevino,255,0.017777862987743785,0.019213569397567742,0.04472076846799605,-0.056602469393293976,-0.011897837695173736,0.04800440350073578,0.08796454907468634,0.4008,0.399,0.6654,0.1654,0.0542,0.146,354.0,202.0,487.0,57.0,574.0,591,46,26.70914096925415,2026
650489,Willi Castro,974,0.017447743855404,0.017414817131652008,0.04012814548031899,-0.04904732748470251,-0.008727412318671413,0.0440185463108633,0.08298539600458285,0.3766,0.3772,0.6826,0.138,0.0396,0.1262,361.0,219.0,476.0,71.0,565.0,591,116,154.21758379410716,2026
682663,Agustín Ramírez,446,0.01708104742936353,0.017476823296374358,0.042994189702483046,-0.0552572859683515,-0.0109821410957134,0.04500304150634508,0.08713531144580634,0.3862,0.382,0.6608,0.1508,0.0502,0.144,361.0,215.0,483.0,60.0,570.0,591,64,75.1992481858365,2026
670231,John Rave,227,0.017003519803423482,0.016867430793295998,0.043432621843014135,-0.05464872983578982,-0.010160483833742821,0.045155344854648574,0.09018544831802613,0.3758,0.3696,0.661,0.1552,0.0502,0.1364,365.0,216.0,483.0,60.0,571.0,591,44,33.5330988394926,2026
681393,Connor Norby,704,0.016986860157495554,0.018158868587005248,0.04018519223570076,-0.05021242117916483,-0.009182074867390404,0.04338892453825135,0.08234009692072171,0.3728,0.3708,0.6762,0.1372,0.036,0.1292,360.0,225.75,478.0,73.0,566.0,591,99,110.04576051174453,2026
666139,Josh Lowe,753,0.016695422872348743,0.017367678434936737,0.039706098882929725,-0.04923475491671962,-0.008889775136634661,0.042795896520625036,0.08067301949901096,0.3658,0.3684,0.6754,0.1272,0.0354,0.127,362.0,227.0,476.0,79.0,565.0,591,103,118.53700378664988,2026
664731,P.J. Higgins,47,0.016675752611611683,0.017212417081282783,0.04686064770845215,-0.06137478349500824,-0.013506046750164842,0.047304849295742274,0.09261810690672903,0.388,0.3864,0.6538,0.1674,0.0618,0.1626,362.0,206.0,494.0,48.0,576.0,591,10,4.803943019170388,2026
686765,Nick Sogard,386,0.01644552996534686,0.017040281451277457,0.04201765591690647,-0.054388736008135014,-0.01087360009758137,0.043883259479201096,0.08500881402730018,0.373,0.3738,0.6598,0.1428,0.0458,0.1372,364.0,223.0,483.25,64.95000000000002,568.0500000000002,591,59,61.03128510337605,2026
670764,Taylor Walls,646,0.016432452773604663,0.01712966936459606,0.042102682427209916,-0.05440408612639479,-0.011401914264578287,0.044815777177659,0.08467519423367616,0.379,0.3766,0.6602,0.1484,0.0446,0.1416,364.0,219.0,485.0,65.0,570.0,591,115,74.47966071205275,2026
664702,Myles Straw,455,0.016374028012577757,0.01770313562111838,0.042344376640962654,-0.05624404249963009,-0.01114370637183906,0.04417849436241227,0.08424694329058198,0.378,0.3788,0.6632,0.1464,0.0444,0.1436,360.5,222.0,484.0,67.0,572.0,591,119,63.93753200482666,2026
694203,Denzer Guzman,544,0.01632529620091648,0.01736907506272379,0.04221639055500714,-0.05381197552318784,-0.011899506892707525,0.04507958502756203,0.08394122030487101,0.377,0.3772,0.657,0.1466,0.044,0.1486,361.5,220.0,487.0,67.0,570.0,591,74,74.76600906147769,2026
691181,Emmanuel Rodriguez,57,0.016305984456448572,0.017453439984118677,0.04377113573173579,-0.05658631761278376,-0.013180897280545799,0.04566192881246708,0.08723353527168222,0.3816,0.3804,0.6528,0.1536,0.0484,0.151,362.0,214.0,491.0,63.0,572.0,591,9,10.143235578890243,2026
677595,Ronny Mauricio,118,0.01628039474335642,0.017023250215537432,0.04330839269071724,-0.05480553940998082,-0.012392935255322406,0.04476717199739065,0.0866812819191291,0.376,0.373,0.6504,0.1462,0.0496,0.1488,363.0,217.0,488.0,61.0,570.0,591,18,23.965965502174182,2026
686452,Drew Millas,249,0.01622421022745074,0.016745665811507576,0.04417256268994704,-0.054782153804508696,-0.01275087116255483,0.04501732754953677,0.08763664900074312,0.3774,0.375,0.6488,0.1552,0.0482,0.1528,366.0,214.0,488.0,62.0,572.0,591,43,24.685751686307064,2026
669369,Bryce Johnson,81,0.015992692825068273,0.016392609456794275,0.044865393167535295,-0.05774442145490092,-0.013445337439728757,0.04567010498819027,0.08929940553051496,0.3802,0.3792,0.6448,0.1584,0.0558,0.164,367.0,215.0,491.0,56.0,574.0,591,20,7.598676589392202,2026
650559,Bryan De La Cruz,148,0.01596632733890391,0.016767364353546775,0.04566022451989374,-0.05900884751803134,-0.013982345806835623,0.04597605089035665,0.0899934004201243,0.3792,0.3762,0.6422,0.1608,0.0552,0.1638,365.0,214.0,494.0,56.0,572.0,591,26,18.498148384117762,2026
663837,Matt Vierling,522,0.015849440092186064,0.016963797810149932,0.03751956236730352,-0.04662682319532079,-0.00848909821497029,0.04060651391882804,0.07743185193419079,0.3488,0.3498,0.674,0.1168,0.0284,0.117,367.5,240.0,475.0,84.0,562.0,591,84,80.16396784595838,2026
668901,Mark Vientos,543,0.015433843744930871,0.015485002417944697,0.03970241426867197,-0.04976180253665166,-0.011278261931565812,0.04225077391328407,0.08061555582855895,0.3616,0.3616,0.6522,0.1298,0.0324,0.1364,369.0,231.75,485.0,77.0,565.0,591,83,69.27128657879344,2026
643217,Andrew Benintendi,872,0.015375263110489366,0.016657739335571336,0.04406821659640783,-0.05825516261500808,-0.013365887663667838,0.044883444749602104,0.08744192714293846,0.3744,0.3746,0.6466,0.1484,0.0476,0.1588,367.0,218.0,491.0,62.0,574.0,591,136,126.91846592601144,2026
572233,Christian Walker,1183,0.015373633877621145,0.01597560728308218,0.037573300501180136,-0.048390593362462105,-0.009053725435830468,0.04011860923966194,0.07548733811736977,0.3496,0.35,0.662,0.1176,0.024,0.1222,368.5,242.0,476.0,90.0,563.0,591,149,183.07021477679734,2026
682985,Riley Greene,1075,0.015134218167838708,0.015333820050081812,0.04005076318735862,-0.05061337215392025,-0.011321845250852135,0.04176950606923667,0.08107074648273424,0.357,0.3572,0.65,0.131,0.0356,0.1358,372.0,235.0,485.0,77.0,567.0,591,135,161.6141886012274,2026
694377,Nick Yorke,223,0.01510271295184389,0.015876015393996745,0.043149206651341775,-0.05827758094034826,-0.012401659964453275,0.04380136154107982,0.08404446607330844,0.3636,0.364,0.6534,0.1476,0.046,0.1532,368.0,222.75,488.25,65.0,572.0,591,36,32.03798614241187,2026
680574,Matt McLain,814,0.01505509054144645,0.015202791811468521,0.03729247988795234,-0.04504004624039129,-0.010123818007220259,0.03960446212371219,0.0771213713664076,0.3392,0.341,0.6606,0.1138,0.028,0.122,373.0,246.75,480.0,88.0,562.0,591,124,118.20134437142502,2026
687515,Colby Thomas,231,0.01499114321400266,0.014865894314153884,0.04300043041197784,-0.056206215269921964,-0.012773750950758736,0.043139102362394315,0.08570676431748889,0.36,0.3592,0.6454,0.1448,0.0486,0.1514,374.0,229.0,489.0,62.0,571.0,591,45,39.055719899411145,2026
669221,Sean Murphy,186,0.014945394580461298,0.015075282980999583,0.044464899811092216,-0.05902562033911045,-0.013578582032266782,0.043660719705600884,0.08745957337342546,0.361,0.3612,0.643,0.1534,0.0492,0.1614,374.5,221.0,492.25,61.0,574.0,591,27,22.148219065153782,2026
687597,Jordan Beck,322,0.014909450734364373,0.015532597707366747,0.04420391389325533,-0.05848956891449913,-0.013531431364256882,0.04450473621396808,0.08679481121427197,0.3718,0.3692,0.6454,0.143,0.0482,0.1614,372.0,220.0,491.0,62.0,575.0,591,57,42.65108600044925,2026
671739,Michael Harris II,1157,0.01490908257731052,0.015339855739434935,0.037650846005953684,-0.04597284844009071,-0.009596232667598046,0.03996760048519789,0.07678500893525346,0.3504,0.3484,0.6578,0.111,0.0272,0.1256,370.5,240.75,478.25,89.0,563.0,591,149,179.43548992156616,2026
678218,Brandon Valenzuela,520,0.014879018705040003,0.015133191060648064,0.043252120238346764,-0.057854823248463055,-0.0135657583734571,0.04419503926059172,0.08483839127083392,0.3732,0.369,0.642,0.143,0.0456,0.1568,373.0,221.0,491.0,65.0,574.0,591,76,77.97706565052093,2026
606466,Ketel Marte,1019,0.014728369851982084,0.014660782196381776,0.03521499556303588,-0.04492465796633452,-0.007579331701805006,0.03876251859915464,0.07123429212688649,0.3356,0.3342,0.671,0.099,0.0186,0.1106,374.0,249.0,473.0,105.0,561.0,591,133,171.16501081354102,2026
672515,Gabriel Moreno,940,0.014638172415415892,0.01566762952510406,0.034439997462177546,-0.041696671430002864,-0.008497881275436226,0.03728408725162352,0.07166776277840083,0.3312,0.3268,0.6728,0.0912,0.0192,0.1062,372.0,257.0,475.0,106.0,558.0,591,125,137.76458364205723,2026
665489,Vladimir Guerrero Jr.,998,0.014560350022247735,0.014916259813027712,0.03838806309203633,-0.04964949995014881,-0.010612505437885892,0.04078752564248308,0.07635525708715561,0.3492,0.3486,0.651,0.1176,0.029,0.126,375.0,241.0,484.0,85.0,565.0,591,141,127.3109242266081,2026
672640,Otto Lopez,1070,0.01397077953615954,0.014261793007303597,0.038484660423707295,-0.049643970853603045,-0.010967369689699528,0.04002297828575809,0.07509812111347734,0.3448,0.3412,0.6496,0.108,0.0268,0.133,376.0,242.0,484.0,91.95000000000002,567.0,591,152,181.05861562542515,2026
661531,Brian Serven,147,0.013734649805985552,0.015082633205072806,0.04486581691317554,-0.05887305145306264,-0.015176770573420505,0.043693752973210154,0.08560649284352666,0.364,0.3624,0.6288,0.1446,0.0444,0.168,374.0,223.0,499.0,66.0,575.0,591,23,18.33331774242503,2026
691594,Javier Sanoja,792,0.013578037139046453,0.014259145138215093,0.04150109898935996,-0.055812126110911825,-0.013151919521059915,0.041247061620825025,0.07990021256163787,0.35,0.3484,0.64,0.1242,0.0346,0.154,376.0,239.75,492.0,79.0,571.0,591,126,115.03341205704106,2026
699393,Pedro Ramírez,444,0.012792203488918841,0.013334061310664308,0.042723599030522724,-0.05823841755289337,-0.014955175648718014,0.0409403238005388,0.08245676921900921,0.338,0.339,0.631,0.1286,0.0384,0.166,381.0,239.0,497.0,71.0,573.0,591,73,56.99423757512643,2026
691728,Zac Veen,136,0.012759188396193406,0.013536373596358568,0.04449624293927165,-0.06304988812680229,-0.01532535473746837,0.041971961873668334,0.08502784319487895,0.3532,0.3512,0.6244,0.1358,0.0472,0.1698,381.0,234.0,498.0,63.95000000000002,577.0,591,28,22.189155142691423,2026
694410,LuJames Groover,86,0.012699860485784016,0.013724502846314626,0.04122586926951403,-0.05808344321849967,-0.0143999311738927,0.0411965163678652,0.0783702966677677,0.344,0.3454,0.6354,0.1176,0.0288,0.1644,377.0,237.75,493.0,84.0,573.0,591,15,16.521420528707853,2026
656775,Cedric Mullins,892,0.012599802407426449,0.013368616025669692,0.03985530098249456,-0.051953631260691926,-0.01408554490026365,0.03905052778442191,0.07734189535607557,0.3264,0.3232,0.6374,0.1168,0.0298,0.1488,383.0,248.0,493.0,86.0,567.0500000000002,591,125,112.79102213590758,2026
682626,Francisco Alvarez,753,0.012438843651196609,0.013063687839453615,0.04064022690819682,-0.0557283683228784,-0.013838313452950928,0.0386621769746166,0.07864366149983922,0.3322,0.3274,0.6344,0.1168,0.036,0.1564,384.0,251.0,493.0,80.0,572.0,591,107,111.30365282607917,2026
664983,Jake McCarthy,1015,0.012325420905334254,0.01295780976768504,0.041013205353164786,-0.05452876222365495,-0.014303198467165218,0.03955853926673644,0.07857563008548754,0.335,0.3334,0.6264,0.1186,0.0316,0.1602,383.0,246.0,493.0,80.95000000000002,572.0,591,136,162.82406091683606,2026
645277,Ozzie Albies,1333,0.012234731839997896,0.012722091228609905,0.038515009615540635,-0.05194161186458993,-0.013318943291944673,0.03825339647136097,0.07458190324646627,0.3248,0.324,0.6314,0.1016,0.0272,0.1488,384.0,252.0,493.0,91.0,567.0,591,155,208.81511683047336,2026
596146,Max Kepler,275,0.012168254227811657,0.012693571163033886,0.04538113609296125,-0.06353261608766728,-0.016685932801473246,0.0429907851703827,0.08555688350435318,0.349,0.3488,0.6104,0.1408,0.0482,0.1764,388.0,227.0,501.0,63.0,578.0,591,40,42.005141746517936,2026
680776,Jarren Duran,1086,0.012016974843557356,0.012502321354496073,0.03906620859028067,-0.05348803329710218,-0.013862006108195693,0.03857221315109662,0.07536059253590825,0.328,0.3244,0.6262,0.1078,0.0254,0.1496,389.0,252.0,494.0,89.0,569.0,591,145,163.6880595948958,2026
663586,Austin Riley,1162,0.011884223916591932,0.012093372565311233,0.03674638375168934,-0.0488438232551574,-0.01219566460331711,0.03618896394225519,0.07153929970934012,0.3098,0.3084,0.639,0.093,0.0206,0.1374,386.0,263.0,486.0,103.0,565.0,591,152,188.97140484931188,2026
687462,Spencer Horwitz,679,0.01170376024935782,0.012250891463532691,0.04055700710602376,-0.05705311607810088,-0.013982338375913237,0.038419685683120264,0.07593915207400971,0.3212,0.323,0.6226,0.1156,0.0276,0.1598,385.5,250.0,496.0,91.0,573.0500000000002,591,108,91.24053045906629,2026
643446,Jeff McNeil,983,0.011646680394460112,0.011712131997863336,0.040198712669544376,-0.053710667554942755,-0.01536551837651917,0.038996089399007595,0.07738937713710708,0.3212,0.324,0.6166,0.1122,0.0288,0.1568,389.0,247.0,496.25,85.0,569.0,591,133,131.46933067585076,2026
811965,Joshua Kuroda-Grauer,118,0.01160035307023032,0.012858603072370871,0.04577123694782491,-0.06534015936189538,-0.01782399617754609,0.04150897899005797,0.08470185516615397,0.3366,0.335,0.6088,0.1436,0.0424,0.1858,386.0,234.75,505.0,66.95000000000002,577.0,591,16,18.16560450463841,2026
703197,Michael Arroyo,41,0.011567703573160558,0.013350541116421841,0.04499689252792859,-0.06377273707194892,-0.017801362235141373,0.041638099913806716,0.08218598205622833,0.3464,0.3448,0.6122,0.1376,0.039,0.1836,383.0,234.0,505.0,72.0,578.0,591,9,6.6533581126536365,2026
687263,Zach Neto,1333,0.011156569262888136,0.011821765482730265,0.03750341412603186,-0.05256811562822016,-0.012870775654128544,0.03557507963661635,0.07231591529476095,0.3088,0.3048,0.6248,0.0928,0.0194,0.1408,390.0,266.0,491.0,104.0,568.0,591,151,236.47265040046136,2026
701807,Carson Benge,1141,0.01089132182331445,0.011083632827654427,0.037742212967970916,-0.052158129546249585,-0.013537070570503705,0.035624120937668494,0.07095329699333888,0.308,0.3062,0.6132,0.0936,0.0248,0.1572,391.0,263.0,493.25,100.0,567.0,591,149,177.4442325892138,2026
678009,Parker Meadows,73,0.010688971591960651,0.012375036444156913,0.04561867881101699,-0.06567658026655895,-0.01875880937386022,0.04083390458569887,0.08426355895228986,0.3382,0.3372,0.6056,0.133,0.0414,0.1914,386.0,238.0,508.0,70.0,579.0,591,12,8.904118195525614,2026
800050,Chase DeLauter,859,0.010418100985136227,0.01127036605880196,0.04479826025574583,-0.06429434938336522,-0.01937865140582402,0.040107673275075424,0.08306548970472515,0.3292,0.3282,0.597,0.135,0.0414,0.1908,392.0,242.0,509.0,70.0,577.0,591,128,121.83618282083826,2026
678554,Curtis Mead,557,0.01007197049282396,0.010251317426491227,0.04256836974619226,-0.05958917029153209,-0.017770304895979194,0.0381989470735937,0.07928135181048723,0.3194,0.318,0.5972,0.1138,0.0368,0.178,398.0,252.0,504.0,80.0,576.0500000000002,591,88,88.99808830662879,2026
672820,Lenyn Sosa,239,0.009744881799914314,0.011421292994592314,0.044916420435874814,-0.06621563782615135,-0.019725846263020083,0.03964688191039945,0.08088126863942546,0.3326,0.331,0.6062,0.1228,0.0394,0.1976,392.0,243.0,509.0,74.0,579.0,591,39,41.52216765243775,2026
802415,Chandler Simpson,845,0.009673050998078893,0.010660455788908944,0.0428382745059043,-0.0613311877015092,-0.018630856536362705,0.03803695017162545,0.07927259996997993,0.3186,0.317,0.5956,0.1178,0.0356,0.1802,398.0,253.0,506.0,79.0,575.0,591,143,117.19822880230296,2026
677587,Brayan Rocchio,1053,0.009426254317329314,0.010361979938360168,0.03846511384303999,-0.05608761780481583,-0.015802749755953128,0.03629441865704287,0.07059828593542426,0.3074,0.3046,0.6026,0.0912,0.0204,0.158,397.0,262.0,499.0,102.0,571.0500000000002,591,148,145.87774580505254,2026
656305,Matt Chapman,607,0.009236158369136454,0.009621495112880638,0.039981655929517856,-0.05650050873047751,-0.01702096878952488,0.03630172281510028,0.07507159591972314,0.3032,0.3014,0.6002,0.0962,0.0262,0.1672,400.5,262.0,501.25,96.0,572.0,591,84,102.0108399348401,2026
666624,Christopher Morel,180,0.00918822379171882,0.01012764148697919,0.04610300586044707,-0.06943479239467805,-0.020122893698093315,0.039220617852569695,0.08255480397635193,0.3252,0.325,0.5886,0.126,0.0408,0.1914,399.0,246.75,511.0,72.0,580.0500000000002,591,34,25.32206611705917,2026
694671,Wyatt Langford,820,0.009052199226724941,0.010190652104192986,0.03952497082879775,-0.05701469567435443,-0.016921148526043064,0.03536783316001933,0.07279114818018621,0.3014,0.302,0.599,0.0934,0.0226,0.1766,397.0,266.75,504.0,102.0,573.0,591,104,139.37778739355798,2026
665953,Andrés Chaparro,397,0.008997887544241604,0.009609232488956506,0.04359694566803875,-0.06426738432423504,-0.018753910594781226,0.03828857780902836,0.07877284554375656,0.3168,0.3158,0.5926,0.1168,0.0328,0.1912,400.0,252.75,511.0,82.0,577.0,591,75,56.504821479021096,2026
663656,Kyle Tucker,1130,0.00848153587365658,0.00937469646219153,0.03853307323906764,-0.054758413797752196,-0.017356971462711947,0.034356582130925226,0.07111869252721756,0.2888,0.2886,0.5936,0.0868,0.019,0.1712,401.0,270.0,503.0,108.0,571.0,591,147,174.0720029022848,2026
682829,Elly De La Cruz,1001,0.008395536835698394,0.009459500071373427,0.0390673928120347,-0.05631271716817528,-0.017128083356594343,0.034282003026389854,0.07106051607706904,0.2866,0.2894,0.6006,0.0874,0.0226,0.1628,402.0,273.75,502.0,108.0,572.0,591,137,171.53654959843607,2026
807799,Masataka Yoshida,455,0.008373458616658584,0.009213947159553922,0.04187868872305275,-0.06184563597683292,-0.019149492837306575,0.03704530496794903,0.07525886029476665,0.3038,0.3036,0.5898,0.1044,0.0258,0.1866,401.0,259.0,507.0,93.0,576.0,591,84,61.055156911706966,2026
804668,Rafael Flores Jr.,263,0.008222659351423854,0.00934929689475095,0.0446100955422555,-0.0668962176468213,-0.021547169272414325,0.03876039619459453,0.08086151521396227,0.3126,0.3166,0.5832,0.1166,0.0356,0.2032,404.0,249.0,516.0,77.95000000000002,579.0,591,41,31.633942973697557,2026
642086,Dominic Smith,540,0.008077464221308282,0.008987683810495781,0.04391898835889142,-0.06492340682004441,-0.02141087401404841,0.037564439494149664,0.07863366696741703,0.3156,0.3128,0.5796,0.1146,0.032,0.1976,404.0,257.0,513.0,83.0,578.0,591,99,64.52106716710912,2026
593871,Jorge Polanco,251,0.007945356203937725,0.010356260769560883,0.044199829705018116,-0.06677896236981795,-0.020884788600403086,0.03713033607990427,0.07821681007062346,0.308,0.3104,0.5836,0.1134,0.0336,0.2092,398.0,256.0,515.0,81.95000000000002,580.0,591,37,40.302419663536114,2026
701305,Zach Dezenzo,153,0.007842015780583361,0.009021949823828344,0.045778167762721214,-0.06891530680463409,-0.022143569480234594,0.03773711603520909,0.08062288377719488,0.3118,0.311,0.5764,0.1204,0.0378,0.2026,405.0,254.0,514.0,75.95000000000002,580.0,591,34,20.629044108011716,2026
622268,Donovan Walton,473,0.0077824946840335,0.008544671203310436,0.04387467184089465,-0.06582220169887257,-0.021182088737095633,0.03815707414663486,0.07711462546536955,0.3096,0.3096,0.578,0.1116,0.0322,0.1978,406.5,251.75,515.0,88.0,579.0,591,76,67.59075509117429,2026
668723,Ryan Vilade,486,0.007582364089810795,0.008366077483277846,0.04165261622453202,-0.06301080249010688,-0.01946102232493348,0.0350542300063066,0.0748473618855647,0.2916,0.294,0.5866,0.098,0.0264,0.1854,407.0,269.0,509.0,94.0,576.0500000000002,591,84,85.5427913388337,2026
676609,José Caballero,845,0.007557832880036869,0.00881686324048546,0.040934182510116615,-0.060979066516741794,-0.018914658084662354,0.03457044008104294,0.07293500914073035,0.2892,0.2908,0.587,0.0966,0.0238,0.1866,405.0,268.0,510.0,99.0,576.0,591,122,122.24186101006975,2026
621439,Byron Buxton,762,0.007241266422348359,0.007764061717762262,0.040863021117098074,-0.0617775164582522,-0.018738998916753548,0.03409542541957421,0.07443537953261309,0.2848,0.2844,0.5808,0.0958,0.0252,0.1814,409.0,274.0,509.0,93.0,576.0,591,92,113.17577074164771,2026
700932,Kyle Manzardo,661,0.007239144949828242,0.00835869561316908,0.0412527019977547,-0.061948259956571425,-0.01943376401200518,0.034628210713167656,0.07445480839059058,0.291,0.2898,0.5784,0.0964,0.0252,0.1906,409.0,270.0,510.0,96.0,576.0,591,101,115.5962720008826,2026
682818,Yohendrick Piñango,350,0.0068647518087584115,0.006736922715093013,0.04293080063521651,-0.06432318901439171,-0.020666560063979527,0.035037910292951224,0.07594303472339353,0.2918,0.2934,0.5716,0.1032,0.0314,0.2012,410.0,269.0,514.0,87.95000000000002,578.0,591,56,46.36550433929608,2026
694192,Jackson Chourio,955,0.006708152277940425,0.0071013096582871645,0.0370836821325059,-0.05539682031482421,-0.01714986886716969,0.031620343573862286,0.06592560785380841,0.2694,0.266,0.5772,0.0732,0.0134,0.1704,410.0,286.0,503.0,122.95000000000002,572.0,591,117,161.6871007221108,2026
701350,Roman Anthony,336,0.006542674127438684,0.007078148373340351,0.04178641186857656,-0.06382161880538145,-0.02115524795209537,0.03405163194019527,0.07443995604797099,0.2846,0.286,0.5706,0.0984,0.0274,0.1938,413.0,273.0,513.0,92.0,577.0,591,50,49.81027317900461,2026
695578,James Wood,936,0.006418221714214543,0.006909377905391289,0.03811205607492942,-0.05756131581087443,-0.018154221500250766,0.03236287384664781,0.06782750788058597,0.2682,0.2714,0.5704,0.078,0.0142,0.1764,413.0,285.0,505.0,118.95000000000002,574.0,591,129,165.042039066827,2026
624512,Reese McGuire,53,0.006176590450474729,0.008488197262403765,0.04586632746865141,-0.07111004682413848,-0.02263981906826028,0.03577190322354761,0.08030175157871336,0.2978,0.297,0.5806,0.1058,0.0354,0.2194,407.0,265.0,520.0,77.95000000000002,581.0,591,10,4.194968722878082,2026
543760,Marcus Semien,965,0.005994403299119618,0.006942396265386874,0.03855560891718222,-0.060614067723414766,-0.01911584684221326,0.03194719039391861,0.06685499934954223,0.262,0.2612,0.5784,0.0778,0.0156,0.1846,412.0,289.0,508.0,119.95000000000002,575.0,591,134,137.35072288386863,2026
670224,Kameron Misner,92,0.005241485855723237,0.0058790808314441775,0.044356769600210254,-0.06829846308360202,-0.023375033524515636,0.03551655820418642,0.07639307875649755,0.2876,0.2858,0.5552,0.107,0.0292,0.2204,416.0,269.0,522.0,88.0,581.0,591,14,12.077511988429023,2026
687749,Jase Bowen,153,0.004590982913010945,0.005484494755056758,0.046284365275344304,-0.07191777745305002,-0.025350112916178086,0.03474128978123162,0.07927585410435758,0.2864,0.286,0.544,0.1096,0.0354,0.2356,418.0,270.0,527.0,78.0,582.0,591,42,14.419163074925116,2026
662139,Daulton Varsho,996,0.004397390914575886,0.004659792308999004,0.03584654903228121,-0.05454555398980235,-0.020034199508388587,0.028525821755842472,0.06259664381273848,0.2344,0.2334,0.5536,0.0594,0.01,0.1848,422.0,306.0,510.0,136.0,572.0,591,133,146.49211255824017,2026
660688,Keibert Ruiz,561,0.004285416488865926,0.005748442913382007,0.04109859179769629,-0.06593246927717618,-0.021939044884891575,0.03148064233943221,0.06939320646302427,0.2676,0.2638,0.5626,0.08,0.021,0.2056,417.0,286.0,516.0,112.95000000000002,579.0,591,97,70.4033192805098,2026
677649,Ezequiel Duran,1128,0.004075514238666873,0.004849538807490002,0.040202537517655935,-0.06482069208784608,-0.021897942061045676,0.03110399882510445,0.06885714098678464,0.2594,0.2564,0.5474,0.0786,0.017,0.2048,423.0,291.0,517.0,113.0,578.0,591,145,183.62461475843628,2026
678662,Ezequiel Tovar,1037,0.004036406937565823,0.004516808500852534,0.03852551369749818,-0.058486725602997586,-0.02192970884791098,0.030172568617765995,0.06592145550614845,0.248,0.2496,0.5472,0.0732,0.0154,0.1956,425.0,296.0,515.0,123.0,576.0,591,136,143.36126087619,2026
681624,Andy Pages,1051,0.0032884114911555535,0.0034881920966224897,0.03826992693102834,-0.060932501167163866,-0.02191333664773181,0.029170816370692566,0.06595033523103634,0.2392,0.2382,0.5374,0.066,0.0148,0.1962,429.0,302.0,514.0,127.95000000000002,576.0,591,125,178.57054987602316,2026
682657,Angel Martínez,730,0.0032815660488047316,0.004409176066667018,0.04097590095649271,-0.06651226487168357,-0.02352563800598906,0.030649028702571825,0.06908352147132642,0.2588,0.2552,0.5442,0.0798,0.0184,0.2092,424.0,293.0,520.0,111.0,579.0,591,101,89.34121365912657,2026
681508,Mickey Gasper,312,0.002864336448430892,0.0036993110171495112,0.043417582902637704,-0.07035351099482859,-0.026257669304191815,0.033010804906387754,0.07293377243764274,0.2738,0.2736,0.5348,0.0924,0.0206,0.2412,427.0,280.0,528.0,102.95000000000002,581.0,591,60,50.09389026111534,2026
672695,Geraldo Perdomo,1018,0.0019820401266141033,0.002253076632672513,0.03961479058010071,-0.06389317021888452,-0.024330533793791714,0.02912893831462645,0.06592720124936509,0.2414,0.2404,0.5214,0.0716,0.0146,0.2206,432.0,302.0,523.0,120.0,578.0,591,150,184.91092458994976,2026
694728,Brice Matthews,412,0.0016071049076204534,0.001962882620665002,0.04280643327383831,-0.06993300967420664,-0.02591287912350364,0.030983515669472595,0.07146056799636602,0.2574,0.2588,0.5156,0.0848,0.0226,0.2406,435.0,291.0,528.0,109.95000000000002,581.0,591,72,57.201003984491216,2026
807712,Luke Keaschall,868,0.0012347179334436498,0.001734015740255594,0.04315001071436477,-0.07093630605693736,-0.026923840118874238,0.030043866919629694,0.0714188272919128,0.2504,0.2496,0.5172,0.083,0.0204,0.2408,435.0,296.0,529.0,102.95000000000002,582.0,591,144,137.2570245481735,2026
691718,Pete Crow-Armstrong,1355,0.00021302239238948917,0.0012213595470006735,0.04229172583329277,-0.07164551630931412,-0.027016652073860767,0.028524074600267346,0.06668048390964024,0.2384,0.238,0.5106,0.0708,0.0176,0.2358,437.0,303.0,528.0,117.0,582.0,591,156,256.59062734947577,2026
668715,Spencer Steer,676,8.510338545701251e-05,0.0007492264834474456,0.04067866167315488,-0.06900056594476395,-0.026427635814197804,0.027697217044608743,0.06656208893028506,0.2336,0.2316,0.5068,0.0698,0.0142,0.2406,441.0,308.0,529.0,120.0,580.0,591,97,94.41567786889868,2026
642708,Amed Rosario,453,-5.7214971292905844e-05,0.0005381581233506196,0.04188220518878089,-0.07032819913637665,-0.02631063686636969,0.027410031250710704,0.06824075788281135,0.229,0.2252,0.5062,0.0748,0.019,0.2412,440.0,311.0,529.0,117.0,581.0,591,81,72.5498661964366,2026
650333,Luis Arraez,1119,-0.0002484259416494967,0.0008828613797616599,0.03915411668016241,-0.06604654701922062,-0.026124526199239575,0.026356927806244105,0.06290660183405074,0.2208,0.2224,0.5132,0.0614,0.0108,0.2366,439.0,315.75,527.0,133.0,580.0,591,147,168.55049677992645,2026
667472,Dane Myers,524,-0.0004588369624212732,0.00031481799105861067,0.041745268139035875,-0.06861630300919759,-0.027900967649610905,0.027910016310629285,0.06745538211420532,0.2298,0.232,0.5032,0.071,0.0162,0.2468,441.0,309.75,530.0,122.0,581.0,591,101,87.203914749323,2026
502671,Paul Goldschmidt,694,-0.0004922818822479553,9.017582545222202e-05,0.04092619717515343,-0.06896616414779766,-0.02733619414705354,0.026673337496897744,0.06657919877881106,0.2282,0.2272,0.5014,0.0692,0.0164,0.242,443.0,312.0,530.0,121.0,581.0,591,97,108.13927014606179,2026
691016,Tyler Soderstrom,740,-0.0005179635642297228,0.0005830517934126714,0.04045678809309135,-0.06767289638015682,-0.026799144451295703,0.026296910190712293,0.06420379312119978,0.2208,0.2204,0.5062,0.0676,0.017,0.2394,441.0,316.0,528.0,125.95000000000002,580.0,591,103,117.54328737334147,2026
695506,Jac Caglianone,1026,-0.0007565599753167244,0.0002491249945474756,0.038445492837899116,-0.06622590600462715,-0.026484101609514827,0.024938994924504018,0.060687014981484516,0.2076,0.2058,0.5022,0.053,0.0096,0.2384,441.5,323.0,528.0,144.0,579.0,591,138,157.73445672443017,2026
678391,Jorbit Vivas,617,-0.001288073358670385,-0.00024178481111433335,0.042742798080261976,-0.07462691917613234,-0.0287675512330581,0.028276927620831553,0.0675587487129071,0.2368,0.2354,0.4982,0.0748,0.017,0.2542,446.0,304.0,533.0,118.0,583.0,591,113,81.50725508615511,2026
630105,Jake Cronenworth,695,-0.002630915696555413,-0.0012426396066707013,0.04153072891772749,-0.07233705674825086,-0.029926262542032997,0.024930606510130713,0.06453347779059895,0.211,0.211,0.4884,0.063,0.0142,0.265,447.0,322.0,536.0,130.95000000000002,582.0,591,100,120.12492241863137,2026
681082,Bryson Stott,985,-0.0026856352262190054,-0.0018998791332842852,0.0397377773173262,-0.07143616537260757,-0.028011652007764436,0.024903942741504703,0.059954976299193004,0.2056,0.2032,0.4804,0.0512,0.0092,0.2544,450.0,326.0,533.0,146.95000000000002,581.0,591,148,155.16425962768105,2026
664023,Ian Happ,1128,-0.0030830771104267884,-0.002536048603343401,0.038774950852918454,-0.06845765032906996,-0.028469835836586903,0.02325550415009893,0.059870832297417534,0.1964,0.195,0.4744,0.0528,0.0094,0.2496,452.5,332.0,531.0,146.0,580.0,591,149,180.42283424190344,2026
656577,Alex Jackson,142,-0.004629336597971532,-0.0027744880685372777,0.044276293956909775,-0.08105597204764012,-0.03318901609764328,0.025796121954176115,0.06572325873519355,0.2206,0.2184,0.472,0.0676,0.0142,0.2882,456.0,321.0,542.0,123.0,586.0,591,26,16.71551583167039,2026
622761,Jorge Mateo,418,-0.0050534715261195745,-0.00364674315568025,0.04111100293566416,-0.07321684154062358,-0.032015412420927744,0.023176247842753104,0.060061628347603174,0.197,0.1948,0.463,0.0522,0.012,0.2788,458.0,335.0,539.0,146.90000000000003,583.0,591,73,69.16517043881589,2026
547180,Bryce Harper,1285,-0.0066890534632870445,-0.00586484101366053,0.03609367828884282,-0.06734115771131154,-0.030335677157902526,0.01859220027531417,0.05015597305615683,0.1542,0.1552,0.4386,0.03,0.0046,0.2716,466.0,357.0,537.0,189.0,581.0,591,154,230.7415763033842,2026
695670,Harry Ford,208,-0.007981982594723398,-0.0065565349173428294,0.0443031787404043,-0.08227441062979485,-0.03640955906200563,0.02196942439589466,0.06189891523938142,0.1942,0.1916,0.4398,0.0564,0.0132,0.3112,470.0,341.0,549.0,136.95000000000002,586.0,591,33,34.41667332255107,2026
806068,Colt Emerson,507,-0.009120770660289974,-0.008854437536272049,0.041157581488989695,-0.07823251436607935,-0.035560230072718746,0.018527589315230835,0.057776405632485844,0.1672,0.165,0.4064,0.0446,0.011,0.3108,478.5,358.0,546.0,156.0,585.0,591,68,68.31781730089205,2026
680869,Zack Gelof,673,-0.009789633902607118,-0.008315423690468508,0.03873132970572185,-0.07505368701626908,-0.035454302834903806,0.016630564015036875,0.05117381171271575,0.1502,0.148,0.4148,0.0306,0.006,0.3104,475.0,369.0,547.0,192.95000000000002,584.0,591,94,93.79126844214221,2026
676391,Ernie Clement,1038,-0.010993067441983416,-0.009698397189746185,0.04236088697263351,-0.08253645549449849,-0.03858870882031979,0.017291187230529845,0.055107047150381144,0.163,0.1624,0.4042,0.0404,0.0116,0.3254,480.0,363.75,550.0,164.0,586.0,591,151,130.49763152105984,2026
664761,Alec Bohm,996,-0.013574964705534506,-0.01232122486070278,0.041967925040231085,-0.08442655190562658,-0.04183800591251724,0.01526039577279881,0.05342765488898797,0.144,0.1454,0.3876,0.0378,0.0064,0.3624,490.0,373.0,555.0,175.95000000000002,586.0,591,146,142.70926294622714,2026
691781,Brady House,614,-0.01393793016017504,-0.01298534227382937,0.04230291446764667,-0.0846904199005752,-0.041158134201895416,0.014690326651919432,0.05293141247238114,0.146,0.1456,0.379,0.0364,0.0094,0.3662,492.0,376.0,555.0,172.0,586.0,591,89,88.13040604781636,2026
663616,Trevor Larnach,722,-0.015306447826288717,-0.013653641554245512,0.04230632405119658,-0.08859749123718766,-0.04246921652796965,0.013548902516230862,0.05132487926817666,0.1336,0.1342,0.3652,0.0346,0.005,0.3606,495.0,384.0,557.0,182.95000000000002,587.0,591,119,124.06462861691415,2026
500743,Miguel Rojas,397,-0.015583341555072952,-0.014020377609049027,0.04569515632840801,-0.09340820152781294,-0.044975347893909196,0.01547190124098632,0.056109581255056495,0.1544,0.1538,0.3808,0.0446,0.0104,0.3834,494.0,372.0,560.0,160.95000000000002,588.0,591,94,51.20534798581053,2026
682668,Luisangel Acuña,366,-0.015612902063884835,-0.013948355716113863,0.04358256161396254,-0.08875536823690569,-0.045055476584650485,0.01404961482575532,0.05340713660316193,0.147,0.148,0.3686,0.0376,0.0066,0.3764,495.0,382.0,560.0,172.95000000000002,587.0,591,76,43.910371386949876,2026
664770,Nathan Lukes,803,-0.01577043889575076,-0.014599773575422768,0.0403750532149427,-0.08366037522861648,-0.04254418612221506,0.01222026053495637,0.04940932705618212,0.1246,0.1252,0.354,0.0286,0.0048,0.373,499.0,391.0,557.0,191.0,586.0,591,115,124.26952076878378,2026
690993,Colt Keith,697,-0.015799535745642954,-0.014091832114877082,0.039970949901904626,-0.0827358136988469,-0.04249664500659197,0.012399310801257644,0.045984945599535275,0.123,0.1212,0.359,0.0252,0.004,0.3688,498.0,390.0,556.0,207.0,586.0,591,138,112.79698293036203,2026
671655,George Valera,67,-0.01584909859690937,-0.013854533020544974,0.045853285617735676,-0.09439304682571359,-0.04534500303491986,0.014581614919470359,0.05740950531086563,0.1544,0.1544,0.3764,0.0436,0.01,0.3814,497.0,380.0,561.0,161.95000000000002,588.0,591,13,7.4134909777895,2026
621020,Dansby Swanson,842,-0.016107921426276855,-0.014867169332061746,0.03911535312646427,-0.0823102315374051,-0.04173068476427699,0.010159052528511694,0.04732742022306647,0.1118,0.1106,0.3446,0.023,0.003,0.372,499.0,399.75,556.0,204.0,586.0,591,120,119.89568952392867,2026
694212,Samuel Basallo,753,-0.016132815494809365,-0.015576096029698153,0.03779365982907194,-0.07925169072635418,-0.04084720719473153,0.008998416701888052,0.044813151241678055,0.11,0.1076,0.3388,0.0218,0.0036,0.3648,500.0,404.0,555.0,215.0,585.0,591,110,116.76517606475012,2026
691002,Yohandy Morales,65,-0.01791677360894256,-0.01692553274133441,0.042890903578565745,-0.08947550501114236,-0.046614255891093616,0.012089782356847456,0.05017928606319611,0.127,0.1268,0.3434,0.03,0.0072,0.4016,506.0,393.0,562.0,188.0,587.0,591,12,14.774678071522025,2026
608369,Corey Seager,777,-0.019319242182568898,-0.018148969072085255,0.03988614675590461,-0.08754238250545217,-0.04480924429722473,0.008130281898739416,0.04452796786479901,0.1042,0.103,0.3232,0.0188,0.0032,0.4018,508.0,408.0,560.25,220.0,587.0,591,95,133.89047433631123,2026
571970,Max Muncy,951,-0.02201975562054894,-0.021056134257074054,0.042333087135060524,-0.09353244055210119,-0.04952801155472408,0.00778371499604007,0.04529715971073056,0.1042,0.1062,0.3098,0.0206,0.0034,0.4422,517.0,413.0,567.0,213.0,588.0,591,143,147.55685772743834,2026
669899,Ryan Ward,132,-0.027408496264469125,-0.025920710887085086,0.04609504325838707,-0.10667079953122775,-0.05652873362187709,0.004330907920866144,0.04540856751713339,0.1002,0.0998,0.2812,0.0244,0.0042,0.4856,528.0,429.0,573.0,211.0,590.0,591,20,23.103092909462553,2026
606115,Orlando Arcia,83,-0.0314449077648159,-0.029974007196952493,0.0457174443942656,-0.10946421005221273,-0.060257465713093324,-0.00013329588891016804,0.04135694298149721,0.082,0.0812,0.2492,0.0168,0.003,0.5256,538.0,445.0,576.0,234.0,590.0,591,17,15.956723654883524,2026
703155,Lazaro Montes,91,-0.03746227046277374,-0.035816053586224736,0.04702860341336116,-0.11834689157690974,-0.06805930408712721,-0.004862856553271235,0.036571240487666225,0.0688,0.0672,0.2134,0.0134,0.0028,0.5738,550.0,470.0,580.25,260.0,591.0,591,15,17.68802596710533,2026
592885,Christian Yelich,848,-0.041592601083670716,-0.041055083198778,0.0410857522238983,-0.11111077148702393,-0.06891032873148706,-0.01298840477082613,0.0248460926961679,0.0386,0.038,0.1512,0.0054,0.0006,0.6354,556.0,496.0,581.0,320.90000000000003,590.0,591,108,156.5087194945283,2026
