stage,specification,x,y,restriction,high_information,negative_control,method,bins,baseline_group,n,mean_followup_percentile,mean_percentile_ci90_low,mean_percentile_ci90_high,top_quartile_followup_rate
full_year,distortion__log_exposure_pitcher,log_exposure_pitcher,distortion,all,False,False,unpooled,4,1,105,0.5198372411570381,0.4777729433566997,0.5637216984932721,0.24761904761904763
full_year,distortion__log_exposure_pitcher,log_exposure_pitcher,distortion,all,False,False,unpooled,4,2,130,0.5007939606924378,0.4621840426916569,0.5410907197709228,0.2153846153846154
full_year,distortion__log_exposure_pitcher,log_exposure_pitcher,distortion,all,False,False,unpooled,4,3,125,0.4731573604060914,0.43601489001692045,0.513034856175973,0.216
full_year,distortion__log_exposure_pitcher,log_exposure_pitcher,distortion,all,False,False,unpooled,4,4,105,0.4860929820320683,0.43964386431391506,0.5361413262428492,0.24761904761904763
full_year,distortion__log_exposure_pitcher,log_exposure_pitcher,distortion,all,False,False,unpooled,10,1,34,0.5346869712351945,0.4504279884542649,0.6162560963471683,0.3235294117647059
full_year,distortion__log_exposure_pitcher,log_exposure_pitcher,distortion,all,False,False,unpooled,10,2,48,0.47817963902989274,0.4217710095882684,0.5426184433164128,0.14583333333333334
full_year,distortion__log_exposure_pitcher,log_exposure_pitcher,distortion,all,False,False,unpooled,10,3,49,0.5309057633205567,0.4688162574674539,0.5874391380917849,0.2653061224489796
full_year,distortion__log_exposure_pitcher,log_exposure_pitcher,distortion,all,False,False,unpooled,10,4,54,0.51347371059723,0.45378203923043176,0.5780049508052892,0.2037037037037037
full_year,distortion__log_exposure_pitcher,log_exposure_pitcher,distortion,all,False,False,unpooled,10,5,50,0.496243654822335,0.43018443316412863,0.5651184433164129,0.24
full_year,distortion__log_exposure_pitcher,log_exposure_pitcher,distortion,all,False,False,unpooled,10,6,51,0.46015394313393715,0.40420523539364994,0.5218771772668458,0.1568627450980392
full_year,distortion__log_exposure_pitcher,log_exposure_pitcher,distortion,all,False,False,unpooled,10,7,53,0.49543466462343966,0.4351035979950835,0.5581074609711714,0.2641509433962264
full_year,distortion__log_exposure_pitcher,log_exposure_pitcher,distortion,all,False,False,unpooled,10,8,43,0.4373548970999095,0.36800062959902413,0.5148093495455083,0.23255813953488372
full_year,distortion__log_exposure_pitcher,log_exposure_pitcher,distortion,all,False,False,unpooled,10,9,45,0.5520398571159992,0.48562135739800716,0.6240571536003008,0.3111111111111111
full_year,distortion__log_exposure_pitcher,log_exposure_pitcher,distortion,all,False,False,unpooled,10,10,38,0.44238133404577434,0.37091014337875144,0.5188885920384718,0.18421052631578946
full_year,distortion__log_exposure_pitcher,log_exposure_pitcher,distortion,all,False,False,pooled,4,1,118,0.5171499039261234,0.47290143107057847,0.5605265422008088,0.2542372881355932
full_year,distortion__log_exposure_pitcher,log_exposure_pitcher,distortion,all,False,False,pooled,4,2,117,0.5028490028490028,0.45684049922628606,0.5505980013594227,0.27350427350427353
full_year,distortion__log_exposure_pitcher,log_exposure_pitcher,distortion,all,False,False,pooled,4,3,113,0.5069179282152644,0.46361648922630005,0.5520506715780962,0.25663716814159293
full_year,distortion__log_exposure_pitcher,log_exposure_pitcher,distortion,all,False,False,pooled,4,4,117,0.4587111516045526,0.4119245954271335,0.5030109766150376,0.23931623931623933
full_year,distortion__log_exposure_pitcher,log_exposure_pitcher,distortion,all,False,False,pooled,10,1,47,0.465259027252763,0.39779853835907414,0.5296486301616445,0.19148936170212766
full_year,distortion__log_exposure_pitcher,log_exposure_pitcher,distortion,all,False,False,pooled,10,2,46,0.5725373353932169,0.4993654822335026,0.6448337379533583,0.34782608695652173
full_year,distortion__log_exposure_pitcher,log_exposure_pitcher,distortion,all,False,False,pooled,10,3,43,0.4952780073190886,0.4240546177153425,0.5638433085428718,0.23255813953488372
full_year,distortion__log_exposure_pitcher,log_exposure_pitcher,distortion,all,False,False,pooled,10,4,54,0.5207119132669048,0.4569514946418501,0.5780958200162938,0.25925925925925924
full_year,distortion__log_exposure_pitcher,log_exposure_pitcher,distortion,all,False,False,pooled,10,5,45,0.4941718368114308,0.40975559315660853,0.5713179169016732,0.28888888888888886
full_year,distortion__log_exposure_pitcher,log_exposure_pitcher,distortion,all,False,False,pooled,10,6,39,0.5172675604147685,0.4504859212981041,0.5859993925983774,0.2564102564102564
full_year,distortion__log_exposure_pitcher,log_exposure_pitcher,distortion,all,False,False,pooled,10,7,48,0.49266779469825156,0.4247356175972927,0.5565126198533559,0.25
full_year,distortion__log_exposure_pitcher,log_exposure_pitcher,distortion,all,False,False,pooled,10,8,48,0.5261914833615341,0.4514347151720249,0.5964290750141004,0.375
full_year,distortion__log_exposure_pitcher,log_exposure_pitcher,distortion,all,False,False,pooled,10,9,45,0.4380710659898477,0.36227110359090053,0.5098101146832111,0.17777777777777778
full_year,distortion__log_exposure_pitcher,log_exposure_pitcher,distortion,all,False,False,pooled,10,10,50,0.44318104906937394,0.3735211505922165,0.5183164128595601,0.18
full_year,distortion__log_exposure_pa,log_exposure_pa,distortion,all,False,False,unpooled,4,1,111,0.49959535806993427,0.45069628950984875,0.5469491525423729,0.27927927927927926
full_year,distortion__log_exposure_pa,log_exposure_pa,distortion,all,False,False,unpooled,4,2,121,0.5217187281131811,0.4825479759069898,0.5583555119764674,0.2066115702479339
full_year,distortion__log_exposure_pa,log_exposure_pa,distortion,all,False,False,unpooled,4,3,129,0.49853501510970966,0.46170411246879517,0.5380344238602023,0.2248062015503876
full_year,distortion__log_exposure_pa,log_exposure_pa,distortion,all,False,False,unpooled,4,4,103,0.4974905380944545,0.44659947342438705,0.5444232351489221,0.24271844660194175
full_year,distortion__log_exposure_pa,log_exposure_pa,distortion,all,False,False,unpooled,10,1,39,0.5551716644936985,0.4749891351586267,0.6364841373315949,0.41025641025641024
full_year,distortion__log_exposure_pa,log_exposure_pa,distortion,all,False,False,unpooled,10,2,47,0.44523981247746114,0.3769834114677245,0.5147349441038588,0.1702127659574468
full_year,distortion__log_exposure_pa,log_exposure_pa,distortion,all,False,False,unpooled,10,3,49,0.52564856451055,0.4579194050501556,0.5870044967139397,0.24489795918367346
full_year,distortion__log_exposure_pa,log_exposure_pa,distortion,all,False,False,unpooled,10,4,51,0.5080923894981721,0.44332003988035884,0.5675141242937853,0.21568627450980393
full_year,distortion__log_exposure_pa,log_exposure_pa,distortion,all,False,False,unpooled,10,5,46,0.5290346352247606,0.4728058216654385,0.5890825350036845,0.1956521739130435
full_year,distortion__log_exposure_pa,log_exposure_pa,distortion,all,False,False,unpooled,10,6,53,0.4977454429165335,0.4352974096578191,0.555919411576591,0.22641509433962265
full_year,distortion__log_exposure_pa,log_exposure_pa,distortion,all,False,False,unpooled,10,7,52,0.5017601043024771,0.4496414602346806,0.5566313559322035,0.21153846153846154
full_year,distortion__log_exposure_pa,log_exposure_pa,distortion,all,False,False,unpooled,10,8,47,0.47419761990623877,0.4083014785430941,0.538166245943022,0.2127659574468085
full_year,distortion__log_exposure_pa,log_exposure_pa,distortion,all,False,False,unpooled,10,9,42,0.574455205811138,0.510318805488297,0.6464951573849879,0.30952380952380953
full_year,distortion__log_exposure_pa,log_exposure_pa,distortion,all,False,False,unpooled,10,10,38,0.4385816235504015,0.35898974130240857,0.5199620874219448,0.21052631578947367
full_year,distortion__log_exposure_pa,log_exposure_pa,distortion,all,False,False,pooled,4,1,122,0.4865101417060295,0.4429938871908863,0.5303042511808836,0.2540983606557377
full_year,distortion__log_exposure_pa,log_exposure_pa,distortion,all,False,False,pooled,4,2,111,0.5439227362956176,0.4982959230416857,0.5851755993281417,0.2882882882882883
full_year,distortion__log_exposure_pa,log_exposure_pa,distortion,all,False,False,pooled,4,3,110,0.4718489984591679,0.42439907550077044,0.5155385208012326,0.23636363636363636
full_year,distortion__log_exposure_pa,log_exposure_pa,distortion,all,False,False,pooled,4,4,121,0.5156254377363777,0.4729976187141056,0.5585677265723491,0.2809917355371901
full_year,distortion__log_exposure_pa,log_exposure_pa,distortion,all,False,False,pooled,10,1,49,0.45650294015911447,0.381245243860256,0.5268401937046006,0.22448979591836735
full_year,distortion__log_exposure_pa,log_exposure_pa,distortion,all,False,False,pooled,10,2,49,0.46414735385679695,0.39398996886890353,0.5289104116222759,0.20408163265306123
full_year,distortion__log_exposure_pa,log_exposure_pa,distortion,all,False,False,pooled,10,3,50,0.5292542372881356,0.46432711864406784,0.5937644067796611,0.3
full_year,distortion__log_exposure_pa,log_exposure_pa,distortion,all,False,False,pooled,10,4,45,0.5871374764595103,0.519361581920904,0.6536760828625235,0.37777777777777777
full_year,distortion__log_exposure_pa,log_exposure_pa,distortion,all,False,False,pooled,10,5,40,0.5433474576271187,0.46901271186440674,0.6123389830508474,0.25
full_year,distortion__log_exposure_pa,log_exposure_pa,distortion,all,False,False,pooled,10,6,41,0.5490905332782141,0.4727304671351799,0.6214820173625465,0.34146341463414637
full_year,distortion__log_exposure_pa,log_exposure_pa,distortion,all,False,False,pooled,10,7,47,0.4387847097006851,0.36894518571943735,0.5067237648755858,0.1702127659574468
full_year,distortion__log_exposure_pa,log_exposure_pa,distortion,all,False,False,pooled,10,8,43,0.39923137564052036,0.3286243594797004,0.47089081592432,0.16279069767441862
full_year,distortion__log_exposure_pa,log_exposure_pa,distortion,all,False,False,pooled,10,9,46,0.5401252763448784,0.47294583640383203,0.6098857774502578,0.3695652173913043
full_year,distortion__log_exposure_pa,log_exposure_pa,distortion,all,False,False,pooled,10,10,54,0.5397363465160074,0.4745103578154425,0.6022347771500313,0.25925925925925924
full_year,distortion__log_exposure_type,log_exposure_type,distortion,all,False,False,unpooled,4,1,115,0.47211800191274916,0.43066872655043037,0.5136754211726624,0.17391304347826086
full_year,distortion__log_exposure_type,log_exposure_type,distortion,all,False,False,unpooled,4,2,122,0.5294027904912486,0.4913809603062328,0.5681999112368589,0.2540983606557377
full_year,distortion__log_exposure_type,log_exposure_type,distortion,all,False,False,unpooled,4,3,126,0.491123465742755,0.4534391534391534,0.5338577337308301,0.2222222222222222
full_year,distortion__log_exposure_type,log_exposure_type,distortion,all,False,False,unpooled,4,4,102,0.4669718987425765,0.4182674761952158,0.515373577518994,0.23529411764705882
full_year,distortion__log_exposure_type,log_exposure_type,distortion,all,False,False,unpooled,10,1,41,0.44626717840782476,0.3792167058726425,0.5145722421691222,0.14634146341463414
full_year,distortion__log_exposure_type,log_exposure_type,distortion,all,False,False,unpooled,10,2,47,0.4607589012492351,0.40168124707491815,0.5237318644922059,0.14893617021276595
full_year,distortion__log_exposure_type,log_exposure_type,distortion,all,False,False,unpooled,10,3,50,0.5380710659898478,0.4780693739424704,0.5918392554991538,0.28
full_year,distortion__log_exposure_type,log_exposure_type,distortion,all,False,False,unpooled,10,4,46,0.5421908335172516,0.4781100566468035,0.6029316559994116,0.2608695652173913
full_year,distortion__log_exposure_type,log_exposure_type,distortion,all,False,False,unpooled,10,5,53,0.5110142706637295,0.45297066053698565,0.5702423139546021,0.22641509433962265
full_year,distortion__log_exposure_type,log_exposure_type,distortion,all,False,False,unpooled,10,6,53,0.4561983207227915,0.40076301759090766,0.5174344730709063,0.16981132075471697
full_year,distortion__log_exposure_type,log_exposure_type,distortion,all,False,False,unpooled,10,7,47,0.5473773265651438,0.4747380926665947,0.6142077978183389,0.3191489361702128
full_year,distortion__log_exposure_type,log_exposure_type,distortion,all,False,False,unpooled,10,8,47,0.4562587752457069,0.39033912949562594,0.5192659394463044,0.19148936170212766
full_year,distortion__log_exposure_type,log_exposure_type,distortion,all,False,False,unpooled,10,9,48,0.5106105470953186,0.4418905104342921,0.574016497461929,0.25
full_year,distortion__log_exposure_type,log_exposure_type,distortion,all,False,False,unpooled,10,10,33,0.41375685791929445,0.32115571963287703,0.5078654565964211,0.21212121212121213
full_year,distortion__log_exposure_type,log_exposure_type,distortion,all,False,False,pooled,4,1,126,0.49179491311471013,0.44971597776166305,0.533248730964467,0.23015873015873015
full_year,distortion__log_exposure_type,log_exposure_type,distortion,all,False,False,pooled,4,2,110,0.5132133517920321,0.47243116443624067,0.5571012151976619,0.23636363636363636
full_year,distortion__log_exposure_type,log_exposure_type,distortion,all,False,False,pooled,4,3,108,0.4696528169455411,0.42106050636084486,0.5193292912201541,0.23148148148148148
full_year,distortion__log_exposure_type,log_exposure_type,distortion,all,False,False,pooled,4,4,121,0.5009928542461999,0.45427836276936423,0.5453063165107467,0.2892561983471074
full_year,distortion__log_exposure_type,log_exposure_type,distortion,all,False,False,pooled,10,1,50,0.45049069373942474,0.38472419627749577,0.5186446700507614,0.18
full_year,distortion__log_exposure_type,log_exposure_type,distortion,all,False,False,pooled,10,2,49,0.5444076107600401,0.47471597776166297,0.6091595013639974,0.2857142857142857
full_year,distortion__log_exposure_type,log_exposure_type,distortion,all,False,False,pooled,10,3,50,0.4936717428087987,0.433502538071066,0.5530050761421319,0.22
full_year,distortion__log_exposure_type,log_exposure_type,distortion,all,False,False,pooled,10,4,43,0.5397434383976705,0.4670562310628419,0.610030299453036,0.3023255813953488
full_year,distortion__log_exposure_type,log_exposure_type,distortion,all,False,False,pooled,10,5,44,0.4846946623596369,0.4180010767574219,0.5534686971235193,0.18181818181818182
full_year,distortion__log_exposure_type,log_exposure_type,distortion,all,False,False,pooled,10,6,45,0.5110171084790375,0.4365914645610077,0.579488625681519,0.28888888888888886
full_year,distortion__log_exposure_type,log_exposure_type,distortion,all,False,False,pooled,10,7,42,0.4235758601240834,0.34784465393602454,0.504443638707598,0.21428571428571427
full_year,distortion__log_exposure_type,log_exposure_type,distortion,all,False,False,pooled,10,8,46,0.5137202972118002,0.4495438828808945,0.578505480762157,0.2391304347826087
full_year,distortion__log_exposure_type,log_exposure_type,distortion,all,False,False,pooled,10,9,45,0.4883436736228615,0.41828351193833424,0.5627674374882498,0.28888888888888886
full_year,distortion__log_exposure_type,log_exposure_type,distortion,all,False,False,pooled,10,10,51,0.4892173451444876,0.4104160445904249,0.5596529644006504,0.27450980392156865
full_year,distortion__log_kernel_exposure,log_kernel_exposure,distortion,all,False,False,unpooled,4,1,106,0.5153561280847939,0.4731068224627271,0.5589710436420522,0.25471698113207547
full_year,distortion__log_kernel_exposure,log_kernel_exposure,distortion,all,False,False,unpooled,4,2,130,0.4913835741246909,0.45527528309254195,0.528137446310035,0.2
full_year,distortion__log_kernel_exposure,log_kernel_exposure,distortion,all,False,False,unpooled,4,3,124,0.5152693630260357,0.47511666939577535,0.553586048796463,0.24193548387096775
full_year,distortion__log_kernel_exposure,log_kernel_exposure,distortion,all,False,False,unpooled,4,4,105,0.4833051325437112,0.43798646362098137,0.5338248328096044,0.21904761904761905
full_year,distortion__log_kernel_exposure,log_kernel_exposure,distortion,all,False,False,unpooled,10,1,36,0.5352509870276367,0.4423246850911826,0.6236722128219591,0.4166666666666667
full_year,distortion__log_kernel_exposure,log_kernel_exposure,distortion,all,False,False,unpooled,10,2,43,0.4902412151261166,0.4266320387203401,0.5524967536300318,0.18604651162790697
full_year,distortion__log_kernel_exposure,log_kernel_exposure,distortion,all,False,False,unpooled,10,3,53,0.5115250774191488,0.45229384158605496,0.5688359991060882,0.20754716981132076
full_year,distortion__log_kernel_exposure,log_kernel_exposure,distortion,all,False,False,unpooled,10,4,48,0.5074027072758037,0.4524217428087986,0.5632649464184998,0.16666666666666666
full_year,distortion__log_kernel_exposure,log_kernel_exposure,distortion,all,False,False,unpooled,10,5,56,0.47664370316654575,0.4114182982837805,0.5394503867536863,0.19642857142857142
full_year,distortion__log_kernel_exposure,log_kernel_exposure,distortion,all,False,False,unpooled,10,6,52,0.5081348431602238,0.4541194845763374,0.5628676949108421,0.21153846153846154
full_year,distortion__log_kernel_exposure,log_kernel_exposure,distortion,all,False,False,unpooled,10,7,51,0.48991407053515146,0.43244749676520355,0.5508111874191302,0.19607843137254902
full_year,distortion__log_kernel_exposure,log_kernel_exposure,distortion,all,False,False,unpooled,10,8,44,0.5414167051222889,0.4663897861867405,0.6172146592831872,0.3409090909090909
full_year,distortion__log_kernel_exposure,log_kernel_exposure,distortion,all,False,False,unpooled,10,9,43,0.5057057411561012,0.43243025223310905,0.5782296462440482,0.2558139534883721
full_year,distortion__log_kernel_exposure,log_kernel_exposure,distortion,all,False,False,unpooled,10,10,39,0.45292637424617116,0.38461538461538464,0.5268579981777951,0.15384615384615385
full_year,distortion__log_kernel_exposure,log_kernel_exposure,distortion,all,False,False,pooled,4,1,120,0.5070783981951494,0.4621439650310209,0.5531902143260011,0.2916666666666667
full_year,distortion__log_kernel_exposure,log_kernel_exposure,distortion,all,False,False,pooled,4,2,116,0.5136968317871521,0.4691471206021354,0.5526503880039676,0.2413793103448276
full_year,distortion__log_kernel_exposure,log_kernel_exposure,distortion,all,False,False,pooled,4,3,106,0.5345433068352329,0.49221259138652107,0.5820036394981324,0.27358490566037735
full_year,distortion__log_kernel_exposure,log_kernel_exposure,distortion,all,False,False,pooled,4,4,123,0.46421938838677734,0.42196910293976037,0.5096034006025338,0.21138211382113822
full_year,distortion__log_kernel_exposure,log_kernel_exposure,distortion,all,False,False,pooled,10,1,51,0.49087621512225865,0.4173816396270861,0.5646362098138747,0.27450980392156865
full_year,distortion__log_kernel_exposure,log_kernel_exposure,distortion,all,False,False,pooled,10,2,45,0.49605188945290474,0.42223162248542956,0.5673115247226922,0.26666666666666666
full_year,distortion__log_kernel_exposure,log_kernel_exposure,distortion,all,False,False,pooled,10,3,48,0.5469190637337845,0.47465454032712917,0.6190443457416808,0.3541666666666667
full_year,distortion__log_kernel_exposure,log_kernel_exposure,distortion,all,False,False,pooled,10,4,43,0.5233738637705112,0.454031401251328,0.5893263290441899,0.20930232558139536
full_year,distortion__log_kernel_exposure,log_kernel_exposure,distortion,all,False,False,pooled,10,5,49,0.49640871577057216,0.43171034911426504,0.5587520287302739,0.22448979591836735
full_year,distortion__log_kernel_exposure,log_kernel_exposure,distortion,all,False,False,pooled,10,6,42,0.5311417291112722,0.46474901297236326,0.5933546853597615,0.21428571428571427
full_year,distortion__log_kernel_exposure,log_kernel_exposure,distortion,all,False,False,pooled,10,7,45,0.5000376010528295,0.4284715172024817,0.5691577364166197,0.26666666666666666
full_year,distortion__log_kernel_exposure,log_kernel_exposure,distortion,all,False,False,pooled,10,8,43,0.5641797505213867,0.4889761145870224,0.6397473733915713,0.32558139534883723
full_year,distortion__log_kernel_exposure,log_kernel_exposure,distortion,all,False,False,pooled,10,9,48,0.46978990411731525,0.40279540327129165,0.5394511421319798,0.20833333333333334
full_year,distortion__log_kernel_exposure,log_kernel_exposure,distortion,all,False,False,pooled,10,10,51,0.4341428618824856,0.3665223449786006,0.5014946418499717,0.19607843137254902
full_year,distortion__log_exposure_sequence,log_exposure_sequence,distortion,all,False,False,unpooled,4,1,104,0.4945171157100091,0.4483917415072237,0.5382418976962123,0.2403846153846154
full_year,distortion__log_exposure_sequence,log_exposure_sequence,distortion,all,False,False,unpooled,4,2,127,0.4901941191361232,0.45062552460130306,0.5301597452602689,0.2283464566929134
full_year,distortion__log_exposure_sequence,log_exposure_sequence,distortion,all,False,False,unpooled,4,3,124,0.5280961737896404,0.48746861525025925,0.5656630369521315,0.25
full_year,distortion__log_exposure_sequence,log_exposure_sequence,distortion,all,False,False,unpooled,4,4,110,0.5151515151515151,0.46637209660052303,0.555979849253961,0.2909090909090909
full_year,distortion__log_exposure_sequence,log_exposure_sequence,distortion,all,False,False,unpooled,10,1,35,0.5054145516074449,0.4250471356055112,0.5907493352671017,0.2857142857142857
full_year,distortion__log_exposure_sequence,log_exposure_sequence,distortion,all,False,False,unpooled,10,2,42,0.49629361050680854,0.43204616872129564,0.5646080090242526,0.21428571428571427
full_year,distortion__log_exposure_sequence,log_exposure_sequence,distortion,all,False,False,unpooled,10,3,53,0.4943492002681735,0.4320339686492353,0.5599511541040129,0.22641509433962265
full_year,distortion__log_exposure_sequence,log_exposure_sequence,distortion,all,False,False,unpooled,10,4,50,0.4759729272419628,0.4110812182741117,0.5354111675126902,0.24
full_year,distortion__log_exposure_sequence,log_exposure_sequence,distortion,all,False,False,unpooled,10,5,51,0.49316545569158293,0.4264523406655387,0.5598088981785607,0.21568627450980393
full_year,distortion__log_exposure_sequence,log_exposure_sequence,distortion,all,False,False,unpooled,10,6,47,0.5779061813730785,0.5111729128415595,0.6358912049537386,0.3404255319148936
full_year,distortion__log_exposure_sequence,log_exposure_sequence,distortion,all,False,False,unpooled,10,7,53,0.49473230533473805,0.4378459917632411,0.5519777799061393,0.20754716981132076
full_year,distortion__log_exposure_sequence,log_exposure_sequence,distortion,all,False,False,unpooled,10,8,50,0.48304568527918784,0.42037055837563453,0.5484500846023688,0.22
full_year,distortion__log_exposure_sequence,log_exposure_sequence,distortion,all,False,False,unpooled,10,9,49,0.5796298214717359,0.5094202147864222,0.6470889878794157,0.3673469387755102
full_year,distortion__log_exposure_sequence,log_exposure_sequence,distortion,all,False,False,unpooled,10,10,35,0.4632583998066232,0.38908145999516563,0.5405656272661349,0.2
full_year,distortion__log_exposure_sequence,log_exposure_sequence,distortion,all,False,False,pooled,4,1,121,0.48379270322048357,0.4342555690732895,0.5310868258030234,0.30578512396694213
full_year,distortion__log_exposure_sequence,log_exposure_sequence,distortion,all,False,False,pooled,4,2,111,0.49996951265986805,0.45320040853035776,0.5462973125409675,0.25225225225225223
full_year,distortion__log_exposure_sequence,log_exposure_sequence,distortion,all,False,False,pooled,4,3,111,0.5555784210606545,0.5138229600158533,0.6002545692901023,0.2882882882882883
full_year,distortion__log_exposure_sequence,log_exposure_sequence,distortion,all,False,False,pooled,4,4,122,0.49319020276830045,0.44642034895009847,0.5386459460209149,0.2540983606557377
full_year,distortion__log_exposure_sequence,log_exposure_sequence,distortion,all,False,False,pooled,10,1,48,0.4656655386350818,0.39607127749576987,0.5363508178228991,0.2916666666666667
full_year,distortion__log_exposure_sequence,log_exposure_sequence,distortion,all,False,False,pooled,10,2,48,0.48061195713479976,0.4056383953750705,0.5614160321489001,0.2708333333333333
full_year,distortion__log_exposure_sequence,log_exposure_sequence,distortion,all,False,False,pooled,10,3,50,0.5061928934010153,0.4399661590524535,0.5744230118443316,0.3
full_year,distortion__log_exposure_sequence,log_exposure_sequence,distortion,all,False,False,pooled,10,4,41,0.5055713755107094,0.42467706656762,0.5875634517766498,0.2926829268292683
full_year,distortion__log_exposure_sequence,log_exposure_sequence,distortion,all,False,False,pooled,10,5,45,0.5016920473773265,0.4327317164880617,0.5712013536379018,0.24444444444444444
full_year,distortion__log_exposure_sequence,log_exposure_sequence,distortion,all,False,False,pooled,10,6,41,0.6018529982254137,0.5323139779621147,0.6709401180306219,0.2926829268292683
full_year,distortion__log_exposure_sequence,log_exposure_sequence,distortion,all,False,False,pooled,10,7,46,0.5389906569557862,0.4708250570146399,0.6062587361141765,0.2826086956521739
full_year,distortion__log_exposure_sequence,log_exposure_sequence,distortion,all,False,False,pooled,10,8,47,0.4809914677610973,0.40165424631889685,0.5563973791266156,0.2765957446808511
full_year,distortion__log_exposure_sequence,log_exposure_sequence,distortion,all,False,False,pooled,10,9,49,0.5051106737111087,0.4333834041230706,0.5777167719879831,0.22448979591836735
full_year,distortion__log_exposure_sequence,log_exposure_sequence,distortion,all,False,False,pooled,10,10,50,0.5002368866328257,0.4380084602368866,0.5649424703891708,0.28
full_year,distortion__log_kernel_h0.5_m5,log_kernel_h0.5_m5,distortion,all,False,False,unpooled,4,1,107,0.5141699437978633,0.46635514018691593,0.5578149628237992,0.2897196261682243
full_year,distortion__log_kernel_h0.5_m5,log_kernel_h0.5_m5,distortion,all,False,False,unpooled,4,2,126,0.5093426354073713,0.4748823720288796,0.547992888239907,0.21428571428571427
full_year,distortion__log_kernel_h0.5_m5,log_kernel_h0.5_m5,distortion,all,False,False,unpooled,4,3,120,0.4985235661555934,0.45655877342419077,0.5404443498012493,0.225
full_year,distortion__log_kernel_h0.5_m5,log_kernel_h0.5_m5,distortion,all,False,False,unpooled,4,4,110,0.48446647049713487,0.44166950596252125,0.5273687470961747,0.20909090909090908
full_year,distortion__log_kernel_h0.5_m5,log_kernel_h0.5_m5,distortion,all,False,False,unpooled,10,1,38,0.5393616067425805,0.461673989061239,0.6166704025822648,0.3684210526315789
full_year,distortion__log_kernel_h0.5_m5,log_kernel_h0.5_m5,distortion,all,False,False,unpooled,10,2,43,0.49290836337704524,0.4232062913513727,0.5650271383859592,0.23255813953488372
full_year,distortion__log_kernel_h0.5_m5,log_kernel_h0.5_m5,distortion,all,False,False,unpooled,10,3,53,0.511957185561377,0.44840410144321957,0.5760261643791585,0.2641509433962264
full_year,distortion__log_kernel_h0.5_m5,log_kernel_h0.5_m5,distortion,all,False,False,unpooled,10,4,47,0.5101852187466019,0.4477636014353546,0.5724636630541158,0.1702127659574468
full_year,distortion__log_kernel_h0.5_m5,log_kernel_h0.5_m5,distortion,all,False,False,unpooled,10,5,52,0.507502293277421,0.45078299043375714,0.5638432053466125,0.23076923076923078
full_year,distortion__log_kernel_h0.5_m5,log_kernel_h0.5_m5,distortion,all,False,False,unpooled,10,6,48,0.4532580919931857,0.3947260079500283,0.5162035065303804,0.125
full_year,distortion__log_kernel_h0.5_m5,log_kernel_h0.5_m5,distortion,all,False,False,unpooled,10,7,48,0.5165034071550255,0.44820414537194775,0.5808187819420783,0.2916666666666667
full_year,distortion__log_kernel_h0.5_m5,log_kernel_h0.5_m5,distortion,all,False,False,unpooled,10,8,49,0.4816083162396135,0.41736606056391895,0.5458001599276848,0.22448979591836735
full_year,distortion__log_kernel_h0.5_m5,log_kernel_h0.5_m5,distortion,all,False,False,unpooled,10,9,45,0.5498958924853304,0.4855404126443309,0.6190819610070036,0.28888888888888886
full_year,distortion__log_kernel_h0.5_m5,log_kernel_h0.5_m5,distortion,all,False,False,unpooled,10,10,40,0.45553662691652475,0.3828662691652471,0.5238586030664395,0.15
full_year,distortion__log_kernel_h0.5_m5,log_kernel_h0.5_m5,distortion,all,False,False,pooled,4,1,121,0.5195277852084419,0.4715558871978262,0.5667802385008517,0.32231404958677684
full_year,distortion__log_kernel_h0.5_m5,log_kernel_h0.5_m5,distortion,all,False,False,pooled,4,2,112,0.5038330494037478,0.4634947675833536,0.5443607021173035,0.22321428571428573
full_year,distortion__log_kernel_h0.5_m5,log_kernel_h0.5_m5,distortion,all,False,False,pooled,4,3,108,0.4881380528739983,0.44392627295097487,0.5306667613098617,0.18518518518518517
full_year,distortion__log_kernel_h0.5_m5,log_kernel_h0.5_m5,distortion,all,False,False,pooled,4,4,122,0.5031697712737733,0.4622818164046137,0.5462207110341554,0.27049180327868855
full_year,distortion__log_kernel_h0.5_m5,log_kernel_h0.5_m5,distortion,all,False,False,pooled,10,1,50,0.4717546848381602,0.4011124361158433,0.5448824531516184,0.26
full_year,distortion__log_kernel_h0.5_m5,log_kernel_h0.5_m5,distortion,all,False,False,pooled,10,2,49,0.5625108646525049,0.4839794180022946,0.6324601049960018,0.3877551020408163
full_year,distortion__log_kernel_h0.5_m5,log_kernel_h0.5_m5,distortion,all,False,False,pooled,10,3,46,0.5481445818828234,0.47898859343752326,0.6193763424931487,0.3695652173913043
full_year,distortion__log_kernel_h0.5_m5,log_kernel_h0.5_m5,distortion,all,False,False,pooled,10,4,46,0.4653729353381232,0.4067254277460929,0.5201114732242055,0.15217391304347827
full_year,distortion__log_kernel_h0.5_m5,log_kernel_h0.5_m5,distortion,all,False,False,pooled,10,5,42,0.512371217652308,0.4391498336983857,0.5810456721018902,0.19047619047619047
full_year,distortion__log_kernel_h0.5_m5,log_kernel_h0.5_m5,distortion,all,False,False,pooled,10,6,39,0.46758834578255376,0.3984405713536889,0.5411523173022321,0.1794871794871795
full_year,distortion__log_kernel_h0.5_m5,log_kernel_h0.5_m5,distortion,all,False,False,pooled,10,7,46,0.5078142359825197,0.4432245759573365,0.5706299533367898,0.1956521739130435
full_year,distortion__log_kernel_h0.5_m5,log_kernel_h0.5_m5,distortion,all,False,False,pooled,10,8,44,0.46116617624283723,0.3902683134582623,0.5337327706365185,0.20454545454545456
full_year,distortion__log_kernel_h0.5_m5,log_kernel_h0.5_m5,distortion,all,False,False,pooled,10,9,50,0.5011243611584328,0.43548040885860306,0.5668671209540034,0.26
full_year,distortion__log_kernel_h0.5_m5,log_kernel_h0.5_m5,distortion,all,False,False,pooled,10,10,51,0.5326017971072585,0.46500150315662897,0.6001787086214383,0.29411764705882354
full_year,distortion__log_kernel_h0.5_m20,log_kernel_h0.5_m20,distortion,all,False,False,unpooled,4,1,107,0.5075430523269605,0.4624254787545266,0.5515860967471575,0.24299065420560748
full_year,distortion__log_kernel_h0.5_m20,log_kernel_h0.5_m20,distortion,all,False,False,unpooled,4,2,128,0.4967745346869712,0.4599784528341793,0.5357074873096446,0.2109375
full_year,distortion__log_kernel_h0.5_m20,log_kernel_h0.5_m20,distortion,all,False,False,unpooled,4,3,121,0.5272964998391856,0.48454643341583814,0.5698528897652109,0.2396694214876033
full_year,distortion__log_kernel_h0.5_m20,log_kernel_h0.5_m20,distortion,all,False,False,unpooled,4,4,109,0.47435539204272026,0.43043822474735727,0.5199638305468882,0.24770642201834864
full_year,distortion__log_kernel_h0.5_m20,log_kernel_h0.5_m20,distortion,all,False,False,unpooled,10,1,36,0.5450272607633013,0.4553463996991916,0.6300690919345742,0.3611111111111111
full_year,distortion__log_kernel_h0.5_m20,log_kernel_h0.5_m20,distortion,all,False,False,unpooled,10,2,44,0.49069373942470396,0.4278495616059068,0.5582621904322412,0.1590909090909091
full_year,distortion__log_kernel_h0.5_m20,log_kernel_h0.5_m20,distortion,all,False,False,unpooled,10,3,52,0.5025380710659898,0.4409019914096056,0.5578615124300403,0.21153846153846154
full_year,distortion__log_kernel_h0.5_m20,log_kernel_h0.5_m20,distortion,all,False,False,unpooled,10,4,50,0.5140101522842639,0.4571455160744501,0.5718561759729273,0.24
full_year,distortion__log_kernel_h0.5_m20,log_kernel_h0.5_m20,distortion,all,False,False,unpooled,10,5,53,0.4688727133416339,0.41095999744596623,0.5345656546307824,0.18867924528301888
full_year,distortion__log_kernel_h0.5_m20,log_kernel_h0.5_m20,distortion,all,False,False,unpooled,10,6,49,0.5066300631927898,0.45303532580544903,0.5633965261231396,0.1836734693877551
full_year,distortion__log_kernel_h0.5_m20,log_kernel_h0.5_m20,distortion,all,False,False,unpooled,10,7,47,0.539385102782878,0.46668466717068086,0.6106328977211362,0.2553191489361702
full_year,distortion__log_kernel_h0.5_m20,log_kernel_h0.5_m20,distortion,all,False,False,unpooled,10,8,52,0.47107249772224385,0.4039893270857738,0.5387251073799296,0.2692307692307692
full_year,distortion__log_kernel_h0.5_m20,log_kernel_h0.5_m20,distortion,all,False,False,unpooled,10,9,43,0.5186912210286075,0.4446543107858183,0.5888560972730491,0.27906976744186046
full_year,distortion__log_kernel_h0.5_m20,log_kernel_h0.5_m20,distortion,all,False,False,unpooled,10,10,39,0.47518330513254387,0.3942513775001085,0.5502863464792399,0.23076923076923078
full_year,distortion__log_kernel_h0.5_m20,log_kernel_h0.5_m20,distortion,all,False,False,pooled,4,1,121,0.5148788298303757,0.4690795821621848,0.5597915006082981,0.33884297520661155
full_year,distortion__log_kernel_h0.5_m20,log_kernel_h0.5_m20,distortion,all,False,False,pooled,4,2,114,0.5003116929379287,0.45602457921453377,0.5437757888799833,0.21052631578947367
full_year,distortion__log_kernel_h0.5_m20,log_kernel_h0.5_m20,distortion,all,False,False,pooled,4,3,109,0.5162684922150298,0.4711009174311927,0.5602267964420434,0.23853211009174313
full_year,distortion__log_kernel_h0.5_m20,log_kernel_h0.5_m20,distortion,all,False,False,pooled,4,4,121,0.48380668708310615,0.43797597572401453,0.5283592733984981,0.23140495867768596
full_year,distortion__log_kernel_h0.5_m20,log_kernel_h0.5_m20,distortion,all,False,False,pooled,10,1,53,0.47969543147208127,0.4095105832774638,0.5473789228362546,0.2641509433962264
full_year,distortion__log_kernel_h0.5_m20,log_kernel_h0.5_m20,distortion,all,False,False,pooled,10,2,44,0.5586063682510383,0.47977041993539454,0.6377788032610365,0.38636363636363635
full_year,distortion__log_kernel_h0.5_m20,log_kernel_h0.5_m20,distortion,all,False,False,pooled,10,3,48,0.5166737168640722,0.4491240129723632,0.5819232938522277,0.3333333333333333
full_year,distortion__log_kernel_h0.5_m20,log_kernel_h0.5_m20,distortion,all,False,False,pooled,10,4,44,0.5321873557914167,0.459727349638517,0.6048357944931548,0.25
full_year,distortion__log_kernel_h0.5_m20,log_kernel_h0.5_m20,distortion,all,False,False,pooled,10,5,46,0.45905981019642456,0.39648716251011545,0.5239608622084897,0.15217391304347827
full_year,distortion__log_kernel_h0.5_m20,log_kernel_h0.5_m20,distortion,all,False,False,pooled,10,6,42,0.5382725002014342,0.47998348239464983,0.5954113286600596,0.19047619047619047
full_year,distortion__log_kernel_h0.5_m20,log_kernel_h0.5_m20,distortion,all,False,False,pooled,10,7,46,0.5495843448833958,0.47634444199220183,0.6167806959464429,0.34782608695652173
full_year,distortion__log_kernel_h0.5_m20,log_kernel_h0.5_m20,distortion,all,False,False,pooled,10,8,42,0.4345338812343889,0.3666827814035936,0.5006043026347594,0.14285714285714285
full_year,distortion__log_kernel_h0.5_m20,log_kernel_h0.5_m20,distortion,all,False,False,pooled,10,9,48,0.49192752397067113,0.4202957557811619,0.56681119571348,0.25
full_year,distortion__log_kernel_h0.5_m20,log_kernel_h0.5_m20,distortion,all,False,False,pooled,10,10,52,0.4819731875569439,0.4112325914356372,0.548657750878563,0.23076923076923078
full_year,distortion__log_kernel_h1_m5,log_kernel_h1_m5,distortion,all,False,False,unpooled,4,1,103,0.5105561954911965,0.4648263946026,0.5575596511436564,0.2912621359223301
full_year,distortion__log_kernel_h1_m5,log_kernel_h1_m5,distortion,all,False,False,unpooled,4,2,130,0.5142112125162973,0.48035006518904827,0.5493617992177314,0.2076923076923077
full_year,distortion__log_kernel_h1_m5,log_kernel_h1_m5,distortion,all,False,False,unpooled,4,3,125,0.4819593220338984,0.43929152542372873,0.5235308474576271,0.216
full_year,distortion__log_kernel_h1_m5,log_kernel_h1_m5,distortion,all,False,False,unpooled,4,4,107,0.5056312371297323,0.46031126247425946,0.5516196736892127,0.205607476635514
full_year,distortion__log_kernel_h1_m5,log_kernel_h1_m5,distortion,all,False,False,unpooled,10,1,38,0.5165477252453167,0.44219446922390726,0.5904393398751114,0.3684210526315789
full_year,distortion__log_kernel_h1_m5,log_kernel_h1_m5,distortion,all,False,False,unpooled,10,2,42,0.5161824051654561,0.4415415657788539,0.5868462469733656,0.30952380952380953
full_year,distortion__log_kernel_h1_m5,log_kernel_h1_m5,distortion,all,False,False,unpooled,10,3,51,0.5009471585244267,0.4479727484214025,0.5493752077102027,0.1568627450980392
full_year,distortion__log_kernel_h1_m5,log_kernel_h1_m5,distortion,all,False,False,unpooled,10,4,50,0.4870508474576271,0.4349813559322034,0.5426220338983051,0.16
full_year,distortion__log_kernel_h1_m5,log_kernel_h1_m5,distortion,all,False,False,unpooled,10,5,52,0.5427966101694915,0.49005378096479796,0.6004335071707952,0.2692307692307692
full_year,distortion__log_kernel_h1_m5,log_kernel_h1_m5,distortion,all,False,False,unpooled,10,6,54,0.41691776522285007,0.36135122410546144,0.4759887005649717,0.14814814814814814
full_year,distortion__log_kernel_h1_m5,log_kernel_h1_m5,distortion,all,False,False,unpooled,10,7,47,0.5496754417598269,0.48429138117562215,0.6156364947710061,0.2765957446808511
full_year,distortion__log_kernel_h1_m5,log_kernel_h1_m5,distortion,all,False,False,unpooled,10,8,49,0.5374437910757524,0.46963680387409207,0.6063161535800761,0.2653061224489796
full_year,distortion__log_kernel_h1_m5,log_kernel_h1_m5,distortion,all,False,False,unpooled,10,9,43,0.48705163579030347,0.41870713441072127,0.5589495467087111,0.20930232558139536
full_year,distortion__log_kernel_h1_m5,log_kernel_h1_m5,distortion,all,False,False,unpooled,10,10,39,0.48003042155584524,0.4073229030856149,0.5472598870056498,0.15384615384615385
full_year,distortion__log_kernel_h1_m5,log_kernel_h1_m5,distortion,all,False,False,pooled,4,1,118,0.500129273197357,0.45407785119218613,0.5500351910370584,0.2966101694915254
full_year,distortion__log_kernel_h1_m5,log_kernel_h1_m5,distortion,all,False,False,pooled,4,2,115,0.5454016212232867,0.5035342667649226,0.5854458364038319,0.2608695652173913
full_year,distortion__log_kernel_h1_m5,log_kernel_h1_m5,distortion,all,False,False,pooled,4,3,106,0.4747201790853855,0.429593859929645,0.5200111928365846,0.19811320754716982
full_year,distortion__log_kernel_h1_m5,log_kernel_h1_m5,distortion,all,False,False,pooled,4,4,126,0.4983454398708636,0.4560909335485607,0.5415133171912835,0.25396825396825395
full_year,distortion__log_kernel_h1_m5,log_kernel_h1_m5,distortion,all,False,False,pooled,10,1,50,0.47837288135593226,0.40752203389830505,0.5492898305084746,0.26
full_year,distortion__log_kernel_h1_m5,log_kernel_h1_m5,distortion,all,False,False,pooled,10,2,45,0.53015065913371,0.45225423728813563,0.6094915254237286,0.3111111111111111
full_year,distortion__log_kernel_h1_m5,log_kernel_h1_m5,distortion,all,False,False,pooled,10,3,48,0.5274011299435029,0.455850988700565,0.6015307203389831,0.3541666666666667
full_year,distortion__log_kernel_h1_m5,log_kernel_h1_m5,distortion,all,False,False,pooled,10,4,46,0.5521370670596905,0.4931816507000737,0.6120504789977893,0.2608695652173913
full_year,distortion__log_kernel_h1_m5,log_kernel_h1_m5,distortion,all,False,False,pooled,10,5,44,0.528351309707242,0.47364214175654845,0.5866197996918335,0.20454545454545456
full_year,distortion__log_kernel_h1_m5,log_kernel_h1_m5,distortion,all,False,False,pooled,10,6,47,0.42190768121168404,0.3602542372881356,0.4779949513162639,0.1276595744680851
full_year,distortion__log_kernel_h1_m5,log_kernel_h1_m5,distortion,all,False,False,pooled,10,7,41,0.49249689954526665,0.4174038859032658,0.5656035551880942,0.24390243902439024
full_year,distortion__log_kernel_h1_m5,log_kernel_h1_m5,distortion,all,False,False,pooled,10,8,44,0.5517719568567027,0.4787326656394452,0.6252812018489984,0.2727272727272727
full_year,distortion__log_kernel_h1_m5,log_kernel_h1_m5,distortion,all,False,False,pooled,10,9,49,0.5138533379453476,0.442798339674853,0.579399861639571,0.2653061224489796
full_year,distortion__log_kernel_h1_m5,log_kernel_h1_m5,distortion,all,False,False,pooled,10,10,51,0.4633931538717182,0.39214024592888,0.5292605516782984,0.23529411764705882
full_year,distortion__log_kernel_h2_m5,log_kernel_h2_m5,distortion,all,False,False,unpooled,4,1,107,0.488487752423423,0.4449894840046176,0.5331451523633317,0.21495327102803738
full_year,distortion__log_kernel_h2_m5,log_kernel_h2_m5,distortion,all,False,False,unpooled,4,2,123,0.4974963201408664,0.46046042947739124,0.5350246928865228,0.2032520325203252
full_year,distortion__log_kernel_h2_m5,log_kernel_h2_m5,distortion,all,False,False,unpooled,4,3,129,0.515136609871588,0.4755066304647228,0.5574869817285116,0.26356589147286824
full_year,distortion__log_kernel_h2_m5,log_kernel_h2_m5,distortion,all,False,False,unpooled,4,4,106,0.4984516170226351,0.4506265364109441,0.5438224308016474,0.22641509433962265
full_year,distortion__log_kernel_h2_m5,log_kernel_h2_m5,distortion,all,False,False,unpooled,10,1,38,0.47987354172232605,0.39709457654288005,0.5636009439843263,0.3157894736842105
full_year,distortion__log_kernel_h2_m5,log_kernel_h2_m5,distortion,all,False,False,unpooled,10,2,43,0.5347066462046984,0.47263998740801955,0.5910203439184669,0.23255813953488372
full_year,distortion__log_kernel_h2_m5,log_kernel_h2_m5,distortion,all,False,False,unpooled,10,3,46,0.465276245126168,0.41200617965129116,0.5135345398366806,0.08695652173913043
full_year,distortion__log_kernel_h2_m5,log_kernel_h2_m5,distortion,all,False,False,unpooled,10,4,53,0.4533569581457716,0.3953436771701306,0.5137614532452192,0.1509433962264151
full_year,distortion__log_kernel_h2_m5,log_kernel_h2_m5,distortion,all,False,False,unpooled,10,5,50,0.5360406091370558,0.48213197969543153,0.591746192893401,0.28
full_year,distortion__log_kernel_h2_m5,log_kernel_h2_m5,distortion,all,False,False,unpooled,10,6,55,0.5046146746654361,0.4439470850638364,0.5668374096292877,0.23636363636363636
full_year,distortion__log_kernel_h2_m5,log_kernel_h2_m5,distortion,all,False,False,unpooled,10,7,49,0.5077005421457923,0.4432231775959114,0.5688128043095411,0.24489795918367346
full_year,distortion__log_kernel_h2_m5,log_kernel_h2_m5,distortion,all,False,False,unpooled,10,8,53,0.5458449062988857,0.48034830635635156,0.6125163617788846,0.3018867924528302
full_year,distortion__log_kernel_h2_m5,log_kernel_h2_m5,distortion,all,False,False,unpooled,10,9,36,0.48044745252867077,0.4055673058845648,0.5579549727392367,0.2222222222222222
full_year,distortion__log_kernel_h2_m5,log_kernel_h2_m5,distortion,all,False,False,unpooled,10,10,42,0.48646362098138746,0.41293811941020064,0.5591491418902587,0.21428571428571427
full_year,distortion__log_kernel_h2_m5,log_kernel_h2_m5,distortion,all,False,False,pooled,4,1,118,0.5060798990507327,0.46439530815337404,0.5530442513407324,0.2627118644067797
full_year,distortion__log_kernel_h2_m5,log_kernel_h2_m5,distortion,all,False,False,pooled,4,2,111,0.49282023139891157,0.44708312373286996,0.5354583009405346,0.23423423423423423
full_year,distortion__log_kernel_h2_m5,log_kernel_h2_m5,distortion,all,False,False,pooled,4,3,109,0.5125118365699561,0.46608454027538454,0.5669732532327418,0.27522935779816515
full_year,distortion__log_kernel_h2_m5,log_kernel_h2_m5,distortion,all,False,False,pooled,4,4,127,0.5048896172242427,0.46182967611282083,0.5484338569353958,0.25196850393700787
full_year,distortion__log_kernel_h2_m5,log_kernel_h2_m5,distortion,all,False,False,pooled,10,1,50,0.43692047377326565,0.3620626057529611,0.5118324873096447,0.2
full_year,distortion__log_kernel_h2_m5,log_kernel_h2_m5,distortion,all,False,False,pooled,10,2,47,0.5412571552003457,0.4693109407063398,0.6088580480253446,0.2978723404255319
full_year,distortion__log_kernel_h2_m5,log_kernel_h2_m5,distortion,all,False,False,pooled,10,3,45,0.5198909569467945,0.4430607257003197,0.5909043053205489,0.3111111111111111
full_year,distortion__log_kernel_h2_m5,log_kernel_h2_m5,distortion,all,False,False,pooled,10,4,45,0.49311900733220526,0.43162624553487494,0.5618556119571348,0.24444444444444444
full_year,distortion__log_kernel_h2_m5,log_kernel_h2_m5,distortion,all,False,False,pooled,10,5,42,0.5130932237531223,0.45113004592700023,0.5814458947707678,0.19047619047619047
full_year,distortion__log_kernel_h2_m5,log_kernel_h2_m5,distortion,all,False,False,pooled,10,6,50,0.5350592216582064,0.46341624365482237,0.6011675126903552,0.32
full_year,distortion__log_kernel_h2_m5,log_kernel_h2_m5,distortion,all,False,False,pooled,10,7,39,0.551021736300924,0.4704043559373509,0.6210724977222437,0.28205128205128205
full_year,distortion__log_kernel_h2_m5,log_kernel_h2_m5,distortion,all,False,False,pooled,10,8,47,0.48905569355941964,0.4209759873276452,0.5533660942506391,0.2127659574468085
full_year,distortion__log_kernel_h2_m5,log_kernel_h2_m5,distortion,all,False,False,pooled,10,9,48,0.5230188945290468,0.44971446700507617,0.5957822194021434,0.3333333333333333
full_year,distortion__log_kernel_h2_m5,log_kernel_h2_m5,distortion,all,False,False,pooled,10,10,52,0.4548353507744371,0.38709976571651694,0.5219396720031237,0.17307692307692307
full_year,distortion__log_kernel_h2_m20,log_kernel_h2_m20,distortion,all,False,False,unpooled,4,1,105,0.4897187978406253,0.44751027314479097,0.5312045765852873,0.20952380952380953
full_year,distortion__log_kernel_h2_m20,log_kernel_h2_m20,distortion,all,False,False,unpooled,4,2,129,0.5023216464014482,0.4633593042930784,0.5398483715683575,0.20930232558139536
full_year,distortion__log_kernel_h2_m20,log_kernel_h2_m20,distortion,all,False,False,unpooled,4,3,124,0.5278914906391573,0.48713771082364504,0.5683286938485891,0.24193548387096775
full_year,distortion__log_kernel_h2_m20,log_kernel_h2_m20,distortion,all,False,False,unpooled,4,4,107,0.47292724196277497,0.4266821639230198,0.5191976216455556,0.21495327102803738
full_year,distortion__log_kernel_h2_m20,log_kernel_h2_m20,distortion,all,False,False,unpooled,10,1,34,0.530755449387877,0.4498382601771673,0.6146386981188413,0.3235294117647059
full_year,distortion__log_kernel_h2_m20,log_kernel_h2_m20,distortion,all,False,False,unpooled,10,2,47,0.49675990927745967,0.43521978615401236,0.5602782877920581,0.19148936170212766
full_year,distortion__log_kernel_h2_m20,log_kernel_h2_m20,distortion,all,False,False,unpooled,10,3,48,0.477192611393119,0.41827411167512696,0.5416666666666666,0.1875
full_year,distortion__log_kernel_h2_m20,log_kernel_h2_m20,distortion,all,False,False,unpooled,10,4,53,0.4855377837371899,0.4295022826676883,0.5399530696293459,0.1320754716981132
full_year,distortion__log_kernel_h2_m20,log_kernel_h2_m20,distortion,all,False,False,unpooled,10,5,52,0.5036118703631394,0.4423581283352857,0.5681830014317323,0.25
full_year,distortion__log_kernel_h2_m20,log_kernel_h2_m20,distortion,all,False,False,unpooled,10,6,51,0.5372250423011845,0.47136126870375894,0.5992103778905807,0.29411764705882354
full_year,distortion__log_kernel_h2_m20,log_kernel_h2_m20,distortion,all,False,False,unpooled,10,7,49,0.5131565316481923,0.4524776408025139,0.573488380123623,0.16326530612244897
full_year,distortion__log_kernel_h2_m20,log_kernel_h2_m20,distortion,all,False,False,unpooled,10,8,50,0.5281556683587141,0.4579593908629442,0.5996057529610829,0.26
full_year,distortion__log_kernel_h2_m20,log_kernel_h2_m20,distortion,all,False,False,unpooled,10,9,41,0.4498988898518426,0.37594197515579214,0.5225331187322025,0.17073170731707318
full_year,distortion__log_kernel_h2_m20,log_kernel_h2_m20,distortion,all,False,False,unpooled,10,10,40,0.46662436548223346,0.39400803722504224,0.5401861252115059,0.25
full_year,distortion__log_kernel_h2_m20,log_kernel_h2_m20,distortion,all,False,False,pooled,4,1,119,0.4868190931194813,0.44588363264087355,0.528076611355202,0.24369747899159663
full_year,distortion__log_kernel_h2_m20,log_kernel_h2_m20,distortion,all,False,False,pooled,4,2,116,0.5169058871579438,0.47440851274870177,0.5609465254682304,0.2413793103448276
full_year,distortion__log_kernel_h2_m20,log_kernel_h2_m20,distortion,all,False,False,pooled,4,3,108,0.5415491633765745,0.49760763301372435,0.5870033527605438,0.28703703703703703
full_year,distortion__log_kernel_h2_m20,log_kernel_h2_m20,distortion,all,False,False,pooled,4,4,122,0.47038917089678517,0.4263092563313084,0.5118970347563174,0.22131147540983606
full_year,distortion__log_kernel_h2_m20,log_kernel_h2_m20,distortion,all,False,False,pooled,10,1,52,0.45086554731224776,0.3895548613822725,0.515047832877782,0.19230769230769232
full_year,distortion__log_kernel_h2_m20,log_kernel_h2_m20,distortion,all,False,False,pooled,10,2,46,0.5275877289781505,0.46036562936805714,0.5942801441918635,0.2608695652173913
full_year,distortion__log_kernel_h2_m20,log_kernel_h2_m20,distortion,all,False,False,pooled,10,3,43,0.49303506079565584,0.42030850352181964,0.56326486443946,0.3023255813953488
full_year,distortion__log_kernel_h2_m20,log_kernel_h2_m20,distortion,all,False,False,pooled,10,4,50,0.5033840947546531,0.43376818950930623,0.5702267343485617,0.24
full_year,distortion__log_kernel_h2_m20,log_kernel_h2_m20,distortion,all,False,False,pooled,10,5,44,0.541109060144593,0.47672088909398547,0.6090697584986925,0.22727272727272727
full_year,distortion__log_kernel_h2_m20,log_kernel_h2_m20,distortion,all,False,False,pooled,10,6,43,0.48099397945933187,0.41152362963837397,0.556518317396608,0.2558139534883721
full_year,distortion__log_kernel_h2_m20,log_kernel_h2_m20,distortion,all,False,False,pooled,10,7,41,0.604287895670835,0.5225289917873798,0.677646403367587,0.36585365853658536
full_year,distortion__log_kernel_h2_m20,log_kernel_h2_m20,distortion,all,False,False,pooled,10,8,44,0.5141132133517919,0.4475023073373327,0.5816259037071219,0.1590909090909091
full_year,distortion__log_kernel_h2_m20,log_kernel_h2_m20,distortion,all,False,False,pooled,10,9,49,0.520062847474015,0.4519855657999241,0.5860216167685348,0.30612244897959184
full_year,distortion__log_kernel_h2_m20,log_kernel_h2_m20,distortion,all,False,False,pooled,10,10,53,0.42098458002107075,0.3517942087284105,0.4865035277591546,0.18867924528301888
full_year,distortion__linear_exposure_pitcher,linear_exposure_pitcher,distortion,all,False,False,unpooled,4,1,107,0.4897686481015861,0.4470792415832504,0.536358461027563,0.2523364485981308
full_year,distortion__linear_exposure_pitcher,linear_exposure_pitcher,distortion,all,False,False,unpooled,4,2,125,0.5068494077834179,0.4666632825719121,0.5460534686971235,0.184
full_year,distortion__linear_exposure_pitcher,linear_exposure_pitcher,distortion,all,False,False,unpooled,4,3,128,0.4957302241962775,0.4578171266920474,0.536316888747885,0.2109375
full_year,distortion__linear_exposure_pitcher,linear_exposure_pitcher,distortion,all,False,False,unpooled,4,4,105,0.49134638627024424,0.4452163403432439,0.5381677544114092,0.2857142857142857
full_year,distortion__linear_exposure_pitcher,linear_exposure_pitcher,distortion,all,False,False,unpooled,10,1,34,0.46919478451278984,0.3794092764009157,0.5634194286851796,0.2647058823529412
full_year,distortion__linear_exposure_pitcher,linear_exposure_pitcher,distortion,all,False,False,unpooled,10,2,45,0.49827035156984395,0.4335363790186126,0.5622861440120324,0.28888888888888886
full_year,distortion__linear_exposure_pitcher,linear_exposure_pitcher,distortion,all,False,False,unpooled,10,3,51,0.4940944228791347,0.43969509969808573,0.5514581467104609,0.1568627450980392
full_year,distortion__linear_exposure_pitcher,linear_exposure_pitcher,distortion,all,False,False,unpooled,10,4,51,0.5330778673567567,0.472658505026376,0.5878006701834709,0.17647058823529413
full_year,distortion__linear_exposure_pitcher,linear_exposure_pitcher,distortion,all,False,False,unpooled,10,5,51,0.4902126671311502,0.42879798281410697,0.5516572111077933,0.21568627450980393
full_year,distortion__linear_exposure_pitcher,linear_exposure_pitcher,distortion,all,False,False,unpooled,10,6,54,0.5108416368991664,0.44832518643855357,0.5682568778592466,0.2222222222222222
full_year,distortion__linear_exposure_pitcher,linear_exposure_pitcher,distortion,all,False,False,unpooled,10,7,54,0.4962398947170521,0.42902644607382345,0.5601663846587704,0.2222222222222222
full_year,distortion__linear_exposure_pitcher,linear_exposure_pitcher,distortion,all,False,False,unpooled,10,8,47,0.4419303740504735,0.3827393167008677,0.504075314108795,0.14893617021276595
full_year,distortion__linear_exposure_pitcher,linear_exposure_pitcher,distortion,all,False,False,unpooled,10,9,39,0.5528873269990021,0.4676471864289124,0.6305870102824418,0.4358974358974359
full_year,distortion__linear_exposure_pitcher,linear_exposure_pitcher,distortion,all,False,False,unpooled,10,10,39,0.4699770055100005,0.39430560978784335,0.5423597553039177,0.23076923076923078
full_year,distortion__linear_exposure_pitcher,linear_exposure_pitcher,distortion,all,False,False,pooled,4,1,117,0.508084226358338,0.46891260647605826,0.5524606996688216,0.23076923076923078
full_year,distortion__linear_exposure_pitcher,linear_exposure_pitcher,distortion,all,False,False,pooled,4,2,115,0.4987052159199588,0.45695431472081216,0.5470264106525417,0.23478260869565218
full_year,distortion__linear_exposure_pitcher,linear_exposure_pitcher,distortion,all,False,False,pooled,4,3,115,0.5297653203854925,0.48573530493636435,0.5716721842124625,0.2956521739130435
full_year,distortion__linear_exposure_pitcher,linear_exposure_pitcher,distortion,all,False,False,pooled,4,4,118,0.45278040666494584,0.40461226304167036,0.5010202472109898,0.2288135593220339
full_year,distortion__linear_exposure_pitcher,linear_exposure_pitcher,distortion,all,False,False,pooled,10,1,49,0.4914016367968507,0.42178597327255773,0.5626506440139507,0.20408163265306123
full_year,distortion__linear_exposure_pitcher,linear_exposure_pitcher,distortion,all,False,False,pooled,10,2,43,0.46722150080667374,0.39748750639436503,0.5350312832015109,0.18604651162790697
full_year,distortion__linear_exposure_pitcher,linear_exposure_pitcher,distortion,all,False,False,pooled,10,3,48,0.5713127467569091,0.5094737027636773,0.6317488014664411,0.2708333333333333
full_year,distortion__linear_exposure_pitcher,linear_exposure_pitcher,distortion,all,False,False,pooled,10,4,47,0.4601828851207834,0.3901807250603017,0.5343143608021024,0.23404255319148937
full_year,distortion__linear_exposure_pitcher,linear_exposure_pitcher,distortion,all,False,False,pooled,10,5,45,0.5239142695995488,0.4495243466817071,0.5947020116563265,0.26666666666666666
full_year,distortion__linear_exposure_pitcher,linear_exposure_pitcher,distortion,all,False,False,pooled,10,6,48,0.5341229554427525,0.46614671460800905,0.602021644106035,0.3125
full_year,distortion__linear_exposure_pitcher,linear_exposure_pitcher,distortion,all,False,False,pooled,10,7,44,0.5373019535456083,0.4686798184894632,0.6080218427934164,0.2727272727272727
full_year,distortion__linear_exposure_pitcher,linear_exposure_pitcher,distortion,all,False,False,pooled,10,8,47,0.48624761493321805,0.4193379414623608,0.5553803506498182,0.2553191489361702
full_year,distortion__linear_exposure_pitcher,linear_exposure_pitcher,distortion,all,False,False,pooled,10,9,42,0.45475787607767304,0.3789783256788333,0.532876077673032,0.2619047619047619
full_year,distortion__linear_exposure_pitcher,linear_exposure_pitcher,distortion,all,False,False,pooled,10,10,52,0.44458544839255487,0.3789942079916699,0.5108339841207862,0.21153846153846154
full_year,distortion__saturating_exposure_pitcher,saturating_exposure_pitcher,distortion,all,False,False,unpooled,4,1,104,0.5146535827186512,0.4707356427818757,0.5565595363540569,0.2403846153846154
full_year,distortion__saturating_exposure_pitcher,saturating_exposure_pitcher,distortion,all,False,False,unpooled,4,2,126,0.5059387910415307,0.4658621439443357,0.5469572189606436,0.23015873015873015
full_year,distortion__saturating_exposure_pitcher,saturating_exposure_pitcher,distortion,all,False,False,unpooled,4,3,125,0.47923972602739723,0.43583561643835617,0.5168815068493149,0.232
full_year,distortion__saturating_exposure_pitcher,saturating_exposure_pitcher,distortion,all,False,False,unpooled,4,4,105,0.47342628832354855,0.4259205805609915,0.5179280821917808,0.21904761904761905
full_year,distortion__saturating_exposure_pitcher,saturating_exposure_pitcher,distortion,all,False,False,unpooled,10,1,34,0.5094681708299759,0.4212026591458501,0.5914635374697824,0.29411764705882354
full_year,distortion__saturating_exposure_pitcher,saturating_exposure_pitcher,distortion,all,False,False,unpooled,10,2,48,0.49546946347031967,0.4317886700913242,0.5480896832191781,0.14583333333333334
full_year,distortion__saturating_exposure_pitcher,saturating_exposure_pitcher,distortion,all,False,False,unpooled,10,3,49,0.5492556611685769,0.48765725468269505,0.6115949119373777,0.30612244897959184
full_year,distortion__saturating_exposure_pitcher,saturating_exposure_pitcher,distortion,all,False,False,unpooled,10,4,50,0.5365068493150684,0.4735428082191781,0.6005873287671233,0.24
full_year,distortion__saturating_exposure_pitcher,saturating_exposure_pitcher,distortion,all,False,False,unpooled,10,5,49,0.45773343584008946,0.3969929410120213,0.5239166899636566,0.20408163265306123
full_year,distortion__saturating_exposure_pitcher,saturating_exposure_pitcher,distortion,all,False,False,unpooled,10,6,50,0.4676712328767123,0.40358047945205483,0.5293407534246575,0.2
full_year,distortion__saturating_exposure_pitcher,saturating_exposure_pitcher,distortion,all,False,False,unpooled,10,7,54,0.47865930999492645,0.4212138508371385,0.5359652460679858,0.2222222222222222
full_year,distortion__saturating_exposure_pitcher,saturating_exposure_pitcher,distortion,all,False,False,unpooled,10,8,45,0.4318683409436834,0.35723363774733635,0.505888508371385,0.2222222222222222
full_year,distortion__saturating_exposure_pitcher,saturating_exposure_pitcher,distortion,all,False,False,unpooled,10,9,43,0.5614248168206436,0.49196400127429113,0.6268556865243708,0.3023255813953488
full_year,distortion__saturating_exposure_pitcher,saturating_exposure_pitcher,distortion,all,False,False,unpooled,10,10,38,0.44232155731795236,0.3642213410237923,0.5230826423936553,0.18421052631578946
full_year,distortion__saturating_exposure_pitcher,saturating_exposure_pitcher,distortion,all,False,False,pooled,4,1,116,0.5063326641473783,0.46324028696268305,0.548988840340104,0.2413793103448276
full_year,distortion__saturating_exposure_pitcher,saturating_exposure_pitcher,distortion,all,False,False,pooled,4,2,114,0.5217345590002403,0.47933114035087715,0.563805275174237,0.2894736842105263
full_year,distortion__saturating_exposure_pitcher,saturating_exposure_pitcher,distortion,all,False,False,pooled,4,3,114,0.5088770728190338,0.4607846671473204,0.5526248197548667,0.2807017543859649
full_year,distortion__saturating_exposure_pitcher,saturating_exposure_pitcher,distortion,all,False,False,pooled,4,4,116,0.4500177137458668,0.403463037316958,0.4922399031648559,0.21551724137931033
full_year,distortion__saturating_exposure_pitcher,saturating_exposure_pitcher,distortion,all,False,False,pooled,10,1,46,0.4674657534246576,0.40032199225729614,0.5361971411554497,0.17391304347826086
full_year,distortion__saturating_exposure_pitcher,saturating_exposure_pitcher,distortion,all,False,False,pooled,10,2,46,0.5385646217986898,0.47019989577129245,0.6023153662894578,0.2608695652173913
full_year,distortion__saturating_exposure_pitcher,saturating_exposure_pitcher,distortion,all,False,False,pooled,10,3,42,0.5445205479452054,0.47025644161774305,0.6155699608610568,0.35714285714285715
full_year,distortion__saturating_exposure_pitcher,saturating_exposure_pitcher,distortion,all,False,False,pooled,10,4,51,0.5241236905721193,0.458435737308622,0.5868083534783777,0.27450980392156865
full_year,distortion__saturating_exposure_pitcher,saturating_exposure_pitcher,distortion,all,False,False,pooled,10,5,45,0.49632800608828004,0.4190391933028918,0.5744292237442923,0.26666666666666666
full_year,distortion__saturating_exposure_pitcher,saturating_exposure_pitcher,distortion,all,False,False,pooled,10,6,39,0.48206445381102914,0.40230944854232525,0.562284861257464,0.2564102564102564
full_year,distortion__saturating_exposure_pitcher,saturating_exposure_pitcher,distortion,all,False,False,pooled,10,7,49,0.5305947721554376,0.46701495666759857,0.5945345261392229,0.2857142857142857
full_year,distortion__saturating_exposure_pitcher,saturating_exposure_pitcher,distortion,all,False,False,pooled,10,8,49,0.5020093653899916,0.42007443388314236,0.5752376292982947,0.32653061224489793
full_year,distortion__saturating_exposure_pitcher,saturating_exposure_pitcher,distortion,all,False,False,pooled,10,9,43,0.438336253583944,0.36507844855049376,0.5131650207072317,0.18604651162790697
full_year,distortion__saturating_exposure_pitcher,saturating_exposure_pitcher,distortion,all,False,False,pooled,10,10,50,0.4393493150684932,0.3746797945205479,0.5060051369863013,0.18
full_year,absz_attack_angle__log_exposure_pitcher,log_exposure_pitcher,absz_attack_angle,all,False,False,unpooled,4,1,105,0.46885021352026424,0.4274280879864636,0.5133446136491823,0.20952380952380953
full_year,absz_attack_angle__log_exposure_pitcher,log_exposure_pitcher,absz_attack_angle,all,False,False,unpooled,4,2,126,0.5272070475116161,0.48644750624446054,0.5674079445653049,0.24603174603174602
full_year,absz_attack_angle__log_exposure_pitcher,log_exposure_pitcher,absz_attack_angle,all,False,False,unpooled,4,3,123,0.5012105704813393,0.4604074670188326,0.5396902040086391,0.23577235772357724
full_year,absz_attack_angle__log_exposure_pitcher,log_exposure_pitcher,absz_attack_angle,all,False,False,unpooled,4,4,111,0.4923324339567994,0.4468643770674228,0.5349956555540312,0.24324324324324326
full_year,absz_attack_angle__log_exposure_pitcher,log_exposure_pitcher,absz_attack_angle,all,False,False,unpooled,10,1,39,0.4451603106425441,0.3656557768232896,0.529016443229641,0.23076923076923078
full_year,absz_attack_angle__log_exposure_pitcher,log_exposure_pitcher,absz_attack_angle,all,False,False,unpooled,10,2,43,0.4903592649431393,0.4307952622673435,0.5532581749498287,0.23255813953488372
full_year,absz_attack_angle__log_exposure_pitcher,log_exposure_pitcher,absz_attack_angle,all,False,False,unpooled,10,3,48,0.4904117315284828,0.43385152284263956,0.5489371827411167,0.14583333333333334
full_year,absz_attack_angle__log_exposure_pitcher,log_exposure_pitcher,absz_attack_angle,all,False,False,unpooled,10,4,50,0.49824027072758037,0.4351133671742808,0.5606548223350254,0.18
full_year,absz_attack_angle__log_exposure_pitcher,log_exposure_pitcher,absz_attack_angle,all,False,False,unpooled,10,5,51,0.5638996715437444,0.5066006436415514,0.627956935735377,0.35294117647058826
full_year,absz_attack_angle__log_exposure_pitcher,log_exposure_pitcher,absz_attack_angle,all,False,False,unpooled,10,6,51,0.4960518894529046,0.4262200988686507,0.5581367572409675,0.23529411764705882
full_year,absz_attack_angle__log_exposure_pitcher,log_exposure_pitcher,absz_attack_angle,all,False,False,unpooled,10,7,50,0.5002368866328257,0.43292554991539767,0.5659729272419628,0.28
full_year,absz_attack_angle__log_exposure_pitcher,log_exposure_pitcher,absz_attack_angle,all,False,False,unpooled,10,8,48,0.4682388606880992,0.4105717710095882,0.527229624929498,0.14583333333333334
full_year,absz_attack_angle__log_exposure_pitcher,log_exposure_pitcher,absz_attack_angle,all,False,False,unpooled,10,9,44,0.5323411782802646,0.4594620058452546,0.6004114751576681,0.2727272727272727
full_year,absz_attack_angle__log_exposure_pitcher,log_exposure_pitcher,absz_attack_angle,all,False,False,unpooled,10,10,41,0.489971524080723,0.4102141884363006,0.5648900169204737,0.2682926829268293
full_year,absz_attack_angle__log_exposure_pitcher,log_exposure_pitcher,absz_attack_angle,all,False,False,pooled,4,1,131,0.46571989511889544,0.4245269371359192,0.5080720993012232,0.24427480916030533
full_year,absz_attack_angle__log_exposure_pitcher,log_exposure_pitcher,absz_attack_angle,all,False,False,pooled,4,2,99,0.5361141021039498,0.49099454784733976,0.5841545745099045,0.2828282828282828
full_year,absz_attack_angle__log_exposure_pitcher,log_exposure_pitcher,absz_attack_angle,all,False,False,pooled,4,3,111,0.5381701498452767,0.4902509108092864,0.5859262816115608,0.3063063063063063
full_year,absz_attack_angle__log_exposure_pitcher,log_exposure_pitcher,absz_attack_angle,all,False,False,pooled,4,4,124,0.4696113749249496,0.42705706566235463,0.5143851318159489,0.23387096774193547
full_year,absz_attack_angle__log_exposure_pitcher,log_exposure_pitcher,absz_attack_angle,all,False,False,pooled,10,1,55,0.4413321027534226,0.37235348407937247,0.5111752038147978,0.2
full_year,absz_attack_angle__log_exposure_pitcher,log_exposure_pitcher,absz_attack_angle,all,False,False,pooled,10,2,51,0.4085299094256992,0.3427573736770512,0.471651570949869,0.1568627450980392
full_year,absz_attack_angle__log_exposure_pitcher,log_exposure_pitcher,absz_attack_angle,all,False,False,pooled,10,3,46,0.5320385492532922,0.4528948723607738,0.6094736261310969,0.3695652173913043
full_year,absz_attack_angle__log_exposure_pitcher,log_exposure_pitcher,absz_attack_angle,all,False,False,pooled,10,4,37,0.5474687885855398,0.4712283349339188,0.6278273197054923,0.32432432432432434
full_year,absz_attack_angle__log_exposure_pitcher,log_exposure_pitcher,absz_attack_angle,all,False,False,pooled,10,5,41,0.5913705583756345,0.5273121208369443,0.6564566051751888,0.2926829268292683
full_year,absz_attack_angle__log_exposure_pitcher,log_exposure_pitcher,absz_attack_angle,all,False,False,pooled,10,6,41,0.5366885394742271,0.46776030704469473,0.6070364409227849,0.36585365853658536
full_year,absz_attack_angle__log_exposure_pitcher,log_exposure_pitcher,absz_attack_angle,all,False,False,pooled,10,7,46,0.5038990656955785,0.4412877951887,0.5728481571397043,0.21739130434782608
full_year,absz_attack_angle__log_exposure_pitcher,log_exposure_pitcher,absz_attack_angle,all,False,False,pooled,10,8,49,0.5786284056769916,0.5143116129700611,0.6444179702337787,0.3469387755102041
full_year,absz_attack_angle__log_exposure_pitcher,log_exposure_pitcher,absz_attack_angle,all,False,False,pooled,10,9,47,0.4226698347553731,0.35538395075062096,0.49417863700183595,0.19148936170212766
full_year,absz_attack_angle__log_exposure_pitcher,log_exposure_pitcher,absz_attack_angle,all,False,False,pooled,10,10,52,0.4724391513731615,0.4066087465833659,0.5370688533125081,0.23076923076923078
full_year,absz_attack_angle__log_exposure_pa,log_exposure_pa,absz_attack_angle,all,False,False,unpooled,4,1,104,0.5089146023468056,0.46577737940026076,0.551831812255541,0.23076923076923078
full_year,absz_attack_angle__log_exposure_pa,log_exposure_pa,absz_attack_angle,all,False,False,unpooled,4,2,130,0.4937418513689699,0.45281616688396353,0.5342783572359844,0.23076923076923078
full_year,absz_attack_angle__log_exposure_pa,log_exposure_pa,absz_attack_angle,all,False,False,unpooled,4,3,120,0.4982909604519774,0.4573926553672316,0.5384696327683617,0.21666666666666667
full_year,absz_attack_angle__log_exposure_pa,log_exposure_pa,absz_attack_angle,all,False,False,unpooled,4,4,110,0.5205701078582434,0.4779537750385209,0.5593035439137133,0.2727272727272727
full_year,absz_attack_angle__log_exposure_pa,log_exposure_pa,absz_attack_angle,all,False,False,unpooled,10,1,40,0.45004237288135585,0.3679025423728814,0.5286271186440678,0.225
full_year,absz_attack_angle__log_exposure_pa,log_exposure_pa,absz_attack_angle,all,False,False,unpooled,10,2,40,0.5559745762711865,0.49732415254237294,0.6144936440677965,0.25
full_year,absz_attack_angle__log_exposure_pa,log_exposure_pa,absz_attack_angle,all,False,False,unpooled,10,3,49,0.5749048772051193,0.5179643721895537,0.6311968177101349,0.2653061224489796
full_year,absz_attack_angle__log_exposure_pa,log_exposure_pa,absz_attack_angle,all,False,False,unpooled,10,4,50,0.4693559322033899,0.4111338983050847,0.5291288135593221,0.22
full_year,absz_attack_angle__log_exposure_pa,log_exposure_pa,absz_attack_angle,all,False,False,unpooled,10,5,55,0.45881355932203377,0.40220184899845923,0.5193189522342063,0.2
full_year,absz_attack_angle__log_exposure_pa,log_exposure_pa,absz_attack_angle,all,False,False,unpooled,10,6,50,0.5094576271186441,0.44904406779661016,0.5729966101694914,0.2
full_year,absz_attack_angle__log_exposure_pa,log_exposure_pa,absz_attack_angle,all,False,False,unpooled,10,7,48,0.5107697740112994,0.43621822033898305,0.5795921610169491,0.2708333333333333
full_year,absz_attack_angle__log_exposure_pa,log_exposure_pa,absz_attack_angle,all,False,False,unpooled,10,8,47,0.5152001442481069,0.4532383699963938,0.5787883159033539,0.2553191489361702
full_year,absz_attack_angle__log_exposure_pa,log_exposure_pa,absz_attack_angle,all,False,False,unpooled,10,9,48,0.5106991525423729,0.4512217514124294,0.5708739406779662,0.25
full_year,absz_attack_angle__log_exposure_pa,log_exposure_pa,absz_attack_angle,all,False,False,unpooled,10,10,37,0.49567109482363725,0.41422583600549706,0.5794709115895557,0.24324324324324326
full_year,absz_attack_angle__log_exposure_pa,log_exposure_pa,absz_attack_angle,all,False,False,pooled,4,1,122,0.4961517088080022,0.4536405946096137,0.5376382328424563,0.22950819672131148
full_year,absz_attack_angle__log_exposure_pa,log_exposure_pa,absz_attack_angle,all,False,False,pooled,4,2,112,0.4934322033898305,0.4483588075060532,0.5415178571428572,0.29464285714285715
full_year,absz_attack_angle__log_exposure_pa,log_exposure_pa,absz_attack_angle,all,False,False,pooled,4,3,109,0.5443710153941845,0.4944759757424973,0.5941945265122065,0.3302752293577982
full_year,absz_attack_angle__log_exposure_pa,log_exposure_pa,absz_attack_angle,all,False,False,pooled,4,4,121,0.4867558481580054,0.4446484101414764,0.5279121725731896,0.23140495867768596
full_year,absz_attack_angle__log_exposure_pa,log_exposure_pa,absz_attack_angle,all,False,False,pooled,10,1,53,0.469027822193796,0.3999072593540134,0.5415861848417013,0.24528301886792453
full_year,absz_attack_angle__log_exposure_pa,log_exposure_pa,absz_attack_angle,all,False,False,pooled,10,2,47,0.5170032455824016,0.453777497295348,0.5839776415434546,0.23404255319148937
full_year,absz_attack_angle__log_exposure_pa,log_exposure_pa,absz_attack_angle,all,False,False,pooled,10,3,44,0.49156394453004604,0.42401386748844366,0.5604198767334361,0.22727272727272727
full_year,absz_attack_angle__log_exposure_pa,log_exposure_pa,absz_attack_angle,all,False,False,pooled,10,4,43,0.48255813953488375,0.4129621600315333,0.557020102483248,0.2558139534883721
full_year,absz_attack_angle__log_exposure_pa,log_exposure_pa,absz_attack_angle,all,False,False,pooled,10,5,47,0.5161377569419402,0.4344446447890372,0.5949855751893256,0.3404255319148936
full_year,absz_attack_angle__log_exposure_pa,log_exposure_pa,absz_attack_angle,all,False,False,pooled,10,6,39,0.5313993915688829,0.44017601043024773,0.6116883963494133,0.3333333333333333
full_year,absz_attack_angle__log_exposure_pa,log_exposure_pa,absz_attack_angle,all,False,False,pooled,10,7,47,0.5730075730256041,0.501235124413992,0.636161197259286,0.3404255319148936
full_year,absz_attack_angle__log_exposure_pa,log_exposure_pa,absz_attack_angle,all,False,False,pooled,10,8,44,0.5259630200308166,0.461213405238829,0.5939175654853621,0.3181818181818182
full_year,absz_attack_angle__log_exposure_pa,log_exposure_pa,absz_attack_angle,all,False,False,pooled,10,9,50,0.4328474576271186,0.3622169491525424,0.4968389830508474,0.18
full_year,absz_attack_angle__log_exposure_pa,log_exposure_pa,absz_attack_angle,all,False,False,pooled,10,10,50,0.515864406779661,0.4508101694915254,0.5765101694915254,0.24
full_year,absz_attack_angle__log_exposure_type,log_exposure_type,absz_attack_angle,all,False,False,unpooled,4,1,113,0.49466930206789156,0.451769162810895,0.538559962864801,0.23008849557522124
full_year,absz_attack_angle__log_exposure_type,log_exposure_type,absz_attack_angle,all,False,False,unpooled,4,2,122,0.5518709605836177,0.5106758481040747,0.5907422817674961,0.2540983606557377
full_year,absz_attack_angle__log_exposure_type,log_exposure_type,absz_attack_angle,all,False,False,unpooled,4,3,122,0.4929821641563341,0.45345760173088134,0.5332910321489003,0.21311475409836064
full_year,absz_attack_angle__log_exposure_type,log_exposure_type,absz_attack_angle,all,False,False,unpooled,4,4,108,0.5073165381964029,0.4614040859810742,0.5537922228489064,0.2962962962962963
full_year,absz_attack_angle__log_exposure_type,log_exposure_type,absz_attack_angle,all,False,False,unpooled,10,1,39,0.5024729923207081,0.4205974228816868,0.5858236799861166,0.3076923076923077
full_year,absz_attack_angle__log_exposure_type,log_exposure_type,absz_attack_angle,all,False,False,unpooled,10,2,48,0.44878031584884376,0.38349196277495773,0.5120205865764241,0.16666666666666666
full_year,absz_attack_angle__log_exposure_type,log_exposure_type,absz_attack_angle,all,False,False,unpooled,10,3,53,0.5754716981132074,0.5180969255818408,0.6311496344539156,0.2641509433962264
full_year,absz_attack_angle__log_exposure_type,log_exposure_type,absz_attack_angle,all,False,False,unpooled,10,4,49,0.545305431817397,0.478300355675265,0.6088832487309644,0.2653061224489796
full_year,absz_attack_angle__log_exposure_type,log_exposure_type,absz_attack_angle,all,False,False,unpooled,10,5,46,0.5406091370558376,0.4794471419112779,0.6017141175605091,0.21739130434782608
full_year,absz_attack_angle__log_exposure_type,log_exposure_type,absz_attack_angle,all,False,False,unpooled,10,6,49,0.5159190579785214,0.450405746054767,0.5860906799267931,0.24489795918367346
full_year,absz_attack_angle__log_exposure_type,log_exposure_type,absz_attack_angle,all,False,False,unpooled,10,7,48,0.472045967287084,0.40688804286520025,0.5326477016356459,0.1875
full_year,absz_attack_angle__log_exposure_type,log_exposure_type,absz_attack_angle,all,False,False,unpooled,10,8,47,0.44419843755625155,0.37855779961838937,0.5086132411707527,0.19148936170212766
full_year,absz_attack_angle__log_exposure_type,log_exposure_type,absz_attack_angle,all,False,False,unpooled,10,9,43,0.5548538149765868,0.48173769330657534,0.6245307519773343,0.37209302325581395
full_year,absz_attack_angle__log_exposure_type,log_exposure_type,absz_attack_angle,all,False,False,unpooled,10,10,43,0.5176681226144099,0.44880179435721873,0.5855723448628655,0.27906976744186046
full_year,absz_attack_angle__log_exposure_type,log_exposure_type,absz_attack_angle,all,False,False,pooled,4,1,122,0.4673934148844693,0.4214633435965715,0.5157783417935704,0.2459016393442623
full_year,absz_attack_angle__log_exposure_type,log_exposure_type,absz_attack_angle,all,False,False,pooled,4,2,109,0.5431394464366103,0.49926108756733273,0.5864900107111256,0.29357798165137616
full_year,absz_attack_angle__log_exposure_type,log_exposure_type,absz_attack_angle,all,False,False,pooled,4,3,108,0.50914958952184,0.463339756846525,0.5527010089615843,0.26851851851851855
full_year,absz_attack_angle__log_exposure_type,log_exposure_type,absz_attack_angle,all,False,False,pooled,4,4,126,0.5170279053527784,0.4727110359090054,0.5622216850643247,0.30158730158730157
full_year,absz_attack_angle__log_exposure_type,log_exposure_type,absz_attack_angle,all,False,False,pooled,10,1,49,0.4939569736524051,0.422283228012017,0.5597171863669326,0.24489795918367346
full_year,absz_attack_angle__log_exposure_type,log_exposure_type,absz_attack_angle,all,False,False,pooled,10,2,50,0.39458544839255505,0.32256514382402707,0.4680609137055837,0.16
full_year,absz_attack_angle__log_exposure_type,log_exposure_type,absz_attack_angle,all,False,False,pooled,10,3,51,0.5106167678577352,0.44472313460070995,0.5784214193291529,0.29411764705882354
full_year,absz_attack_angle__log_exposure_type,log_exposure_type,absz_attack_angle,all,False,False,pooled,10,4,47,0.5532094898657163,0.4842477589372502,0.6302444468445116,0.3191489361702128
full_year,absz_attack_angle__log_exposure_type,log_exposure_type,absz_attack_angle,all,False,False,pooled,10,5,34,0.5955509107196177,0.5216930426993133,0.6731412361899074,0.35294117647058826
full_year,absz_attack_angle__log_exposure_type,log_exposure_type,absz_attack_angle,all,False,False,pooled,10,6,44,0.48804030149207817,0.4176972773419474,0.5616885863713275,0.25
full_year,absz_attack_angle__log_exposure_type,log_exposure_type,absz_attack_angle,all,False,False,pooled,10,7,41,0.5846849077627833,0.5113078288143288,0.6518529982254138,0.36585365853658536
full_year,absz_attack_angle__log_exposure_type,log_exposure_type,absz_attack_angle,all,False,False,pooled,10,8,50,0.4650423011844332,0.4080964467005076,0.5228104906937394,0.22
full_year,absz_attack_angle__log_exposure_type,log_exposure_type,absz_attack_angle,all,False,False,pooled,10,9,46,0.5420069153240638,0.4749834473626131,0.6135584492017951,0.2608695652173913
full_year,absz_attack_angle__log_exposure_type,log_exposure_type,absz_attack_angle,all,False,False,pooled,10,10,53,0.5000638508444274,0.42449797273568945,0.5779650735880981,0.33962264150943394
full_year,absz_attack_angle__log_kernel_exposure,log_kernel_exposure,absz_attack_angle,all,False,False,unpooled,4,1,105,0.4840947546531303,0.44276528885665944,0.5299049230521311,0.23809523809523808
full_year,absz_attack_angle__log_kernel_exposure,log_kernel_exposure,absz_attack_angle,all,False,False,unpooled,4,2,123,0.5332219058231193,0.49538538786403097,0.572894226404193,0.2601626016260163
full_year,absz_attack_angle__log_kernel_exposure,log_kernel_exposure,absz_attack_angle,all,False,False,unpooled,4,3,123,0.4670257108662457,0.4214601130782882,0.5123959665992599,0.22764227642276422
full_year,absz_attack_angle__log_kernel_exposure,log_kernel_exposure,absz_attack_angle,all,False,False,unpooled,4,4,114,0.5477187045447799,0.5068691186511118,0.5869267076320243,0.2719298245614035
full_year,absz_attack_angle__log_kernel_exposure,log_kernel_exposure,absz_attack_angle,all,False,False,unpooled,10,1,37,0.5209905336808891,0.4455778113138519,0.5980998765262723,0.32432432432432434
full_year,absz_attack_angle__log_kernel_exposure,log_kernel_exposure,absz_attack_angle,all,False,False,unpooled,10,2,46,0.4823438534539836,0.41022769072316634,0.5465717648789818,0.2391304347826087
full_year,absz_attack_angle__log_kernel_exposure,log_kernel_exposure,absz_attack_angle,all,False,False,unpooled,10,3,48,0.5356387478849408,0.47580901015228433,0.5954984489565708,0.2708333333333333
full_year,absz_attack_angle__log_kernel_exposure,log_kernel_exposure,absz_attack_angle,all,False,False,unpooled,10,4,49,0.4898131841569115,0.4281294243585759,0.5556424600296971,0.24489795918367346
full_year,absz_attack_angle__log_kernel_exposure,log_kernel_exposure,absz_attack_angle,all,False,False,unpooled,10,5,48,0.5258389734912577,0.4694973209249859,0.5812253243090806,0.1875
full_year,absz_attack_angle__log_kernel_exposure,log_kernel_exposure,absz_attack_angle,all,False,False,unpooled,10,6,49,0.5086674263614075,0.4441209986532685,0.5769052798784489,0.2857142857142857
full_year,absz_attack_angle__log_kernel_exposure,log_kernel_exposure,absz_attack_angle,all,False,False,unpooled,10,7,51,0.4450250489366644,0.381538436017385,0.5103181712617365,0.17647058823529413
full_year,absz_attack_angle__log_kernel_exposure,log_kernel_exposure,absz_attack_angle,all,False,False,unpooled,10,8,48,0.5086717428087987,0.4366169627749577,0.5792124929498025,0.25
full_year,absz_attack_angle__log_kernel_exposure,log_kernel_exposure,absz_attack_angle,all,False,False,unpooled,10,9,48,0.5351804850535815,0.47313346023688657,0.5900733220530175,0.22916666666666666
full_year,absz_attack_angle__log_kernel_exposure,log_kernel_exposure,absz_attack_angle,all,False,False,unpooled,10,10,41,0.5404440592629276,0.46776443398951745,0.6109632289216292,0.3170731707317073
full_year,absz_attack_angle__log_kernel_exposure,log_kernel_exposure,absz_attack_angle,all,False,False,pooled,4,1,121,0.48951210303309983,0.44415404623064986,0.5327117506397617,0.2809917355371901
full_year,absz_attack_angle__log_kernel_exposure,log_kernel_exposure,absz_attack_angle,all,False,False,pooled,4,2,107,0.5259974382086436,0.47741591157075763,0.5791190284169079,0.27102803738317754
full_year,absz_attack_angle__log_kernel_exposure,log_kernel_exposure,absz_attack_angle,all,False,False,pooled,4,3,114,0.5183305132543712,0.4722148009617953,0.5627141033633153,0.2807017543859649
full_year,absz_attack_angle__log_kernel_exposure,log_kernel_exposure,absz_attack_angle,all,False,False,pooled,4,4,123,0.4892974564263409,0.4432937146630349,0.5296919923513956,0.24390243902439024
full_year,absz_attack_angle__log_kernel_exposure,log_kernel_exposure,absz_attack_angle,all,False,False,pooled,10,1,54,0.43911762862693493,0.3633123394121702,0.5093407282070566,0.2777777777777778
full_year,absz_attack_angle__log_kernel_exposure,log_kernel_exposure,absz_attack_angle,all,False,False,pooled,10,2,48,0.509024252679075,0.4419469120135363,0.5749294980259446,0.2708333333333333
full_year,absz_attack_angle__log_kernel_exposure,log_kernel_exposure,absz_attack_angle,all,False,False,pooled,10,3,44,0.5562605752961084,0.48407552684202426,0.6212659590832179,0.2727272727272727
full_year,absz_attack_angle__log_kernel_exposure,log_kernel_exposure,absz_attack_angle,all,False,False,pooled,10,4,40,0.5219543147208123,0.44600042301184434,0.6003807106598984,0.25
full_year,absz_attack_angle__log_kernel_exposure,log_kernel_exposure,absz_attack_angle,all,False,False,pooled,10,5,42,0.5241318185480621,0.4522721779066956,0.5952703247119491,0.30952380952380953
full_year,absz_attack_angle__log_kernel_exposure,log_kernel_exposure,absz_attack_angle,all,False,False,pooled,10,6,41,0.5444059262927655,0.46581445256076925,0.620554248689695,0.2682926829268293
full_year,absz_attack_angle__log_kernel_exposure,log_kernel_exposure,absz_attack_angle,all,False,False,pooled,10,7,48,0.4970741680767062,0.4359013677382967,0.5671830936266214,0.2708333333333333
full_year,absz_attack_angle__log_kernel_exposure,log_kernel_exposure,absz_attack_angle,all,False,False,pooled,10,8,51,0.48991407053515146,0.42667462924255994,0.5544988553797152,0.23529411764705882
full_year,absz_attack_angle__log_kernel_exposure,log_kernel_exposure,absz_attack_angle,all,False,False,pooled,10,9,45,0.46886632825719116,0.3999191577364167,0.5377533370934385,0.2
full_year,absz_attack_angle__log_kernel_exposure,log_kernel_exposure,absz_attack_angle,all,False,False,pooled,10,10,52,0.5193934660939737,0.450911102433945,0.5838051542366262,0.3269230769230769
full_year,absz_attack_angle__log_exposure_sequence,log_exposure_sequence,absz_attack_angle,all,False,False,unpooled,4,1,105,0.5307146885827089,0.48551204576585283,0.5784811860446378,0.2857142857142857
full_year,absz_attack_angle__log_exposure_sequence,log_exposure_sequence,absz_attack_angle,all,False,False,unpooled,4,2,124,0.4920582937612576,0.45424717537252324,0.5329840074231756,0.22580645161290322
full_year,absz_attack_angle__log_exposure_sequence,log_exposure_sequence,absz_attack_angle,all,False,False,unpooled,4,3,128,0.5176078680203047,0.4803676237309645,0.5540939615059222,0.234375
full_year,absz_attack_angle__log_exposure_sequence,log_exposure_sequence,absz_attack_angle,all,False,False,unpooled,4,4,108,0.540515134423764,0.49616077583505674,0.5871827411167513,0.2962962962962963
full_year,absz_attack_angle__log_exposure_sequence,log_exposure_sequence,absz_attack_angle,all,False,False,unpooled,10,1,35,0.529683345419386,0.4530408508581097,0.6124051244863428,0.2857142857142857
full_year,absz_attack_angle__log_exposure_sequence,log_exposure_sequence,absz_attack_angle,all,False,False,unpooled,10,2,45,0.5095506674186877,0.42987403647302136,0.5800338409475465,0.28888888888888886
full_year,absz_attack_angle__log_exposure_sequence,log_exposure_sequence,absz_attack_angle,all,False,False,unpooled,10,3,52,0.5567161265130808,0.49622543277365616,0.6175777691006117,0.2692307692307692
full_year,absz_attack_angle__log_exposure_sequence,log_exposure_sequence,absz_attack_angle,all,False,False,unpooled,10,4,47,0.474223278251791,0.411507722216222,0.5395273067645893,0.2127659574468085
full_year,absz_attack_angle__log_exposure_sequence,log_exposure_sequence,absz_attack_angle,all,False,False,unpooled,10,5,50,0.4806768189509305,0.4189576988155668,0.544844331641286,0.22
full_year,absz_attack_angle__log_exposure_sequence,log_exposure_sequence,absz_attack_angle,all,False,False,unpooled,10,6,56,0.4843485617597293,0.4298057167029248,0.5379804205946338,0.23214285714285715
full_year,absz_attack_angle__log_exposure_sequence,log_exposure_sequence,absz_attack_angle,all,False,False,unpooled,10,7,49,0.5343589212334681,0.47439656065471875,0.5885165233606133,0.20408163265306123
full_year,absz_attack_angle__log_exposure_sequence,log_exposure_sequence,absz_attack_angle,all,False,False,unpooled,10,8,47,0.5366130251647045,0.46791950174604896,0.6016002448068545,0.2553191489361702
full_year,absz_attack_angle__log_exposure_sequence,log_exposure_sequence,absz_attack_angle,all,False,False,unpooled,10,9,46,0.5606930037519312,0.49441072610902675,0.6311575811079232,0.32608695652173914
full_year,absz_attack_angle__log_exposure_sequence,log_exposure_sequence,absz_attack_angle,all,False,False,unpooled,10,10,38,0.5344643334223884,0.4465402083889928,0.6198726511710747,0.3157894736842105
full_year,absz_attack_angle__log_exposure_sequence,log_exposure_sequence,absz_attack_angle,all,False,False,pooled,4,1,125,0.46541455160744505,0.4183607445008461,0.5090199661590524,0.256
full_year,absz_attack_angle__log_exposure_sequence,log_exposure_sequence,absz_attack_angle,all,False,False,pooled,4,2,104,0.5173434856175974,0.47080974228816863,0.5641530001301575,0.25961538461538464
full_year,absz_attack_angle__log_exposure_sequence,log_exposure_sequence,absz_attack_angle,all,False,False,pooled,4,3,116,0.5530952797712818,0.5113228601435322,0.5944352062547404,0.3448275862068966
full_year,absz_attack_angle__log_exposure_sequence,log_exposure_sequence,absz_attack_angle,all,False,False,pooled,4,4,120,0.5278341793570219,0.48694091934574174,0.5702834179357023,0.26666666666666666
full_year,absz_attack_angle__log_exposure_sequence,log_exposure_sequence,absz_attack_angle,all,False,False,pooled,10,1,51,0.4333466042931554,0.3693706247304337,0.5008891543080853,0.23529411764705882
full_year,absz_attack_angle__log_exposure_sequence,log_exposure_sequence,absz_attack_angle,all,False,False,pooled,10,2,50,0.5165482233502537,0.44245346869712354,0.5861607445008461,0.3
full_year,absz_attack_angle__log_exposure_sequence,log_exposure_sequence,absz_attack_angle,all,False,False,pooled,10,3,48,0.5138183869148336,0.44017026226734346,0.5838867738296672,0.25
full_year,absz_attack_angle__log_exposure_sequence,log_exposure_sequence,absz_attack_angle,all,False,False,pooled,10,4,43,0.5345885963876756,0.4569806791799472,0.6133514343052768,0.2558139534883721
full_year,absz_attack_angle__log_exposure_sequence,log_exposure_sequence,absz_attack_angle,all,False,False,pooled,10,5,37,0.44329354735446114,0.36221017972287,0.5263456349750766,0.24324324324324326
full_year,absz_attack_angle__log_exposure_sequence,log_exposure_sequence,absz_attack_angle,all,False,False,pooled,10,6,48,0.5386703327693175,0.47306648336153406,0.6060296813310772,0.2916666666666667
full_year,absz_attack_angle__log_exposure_sequence,log_exposure_sequence,absz_attack_angle,all,False,False,pooled,10,7,46,0.5500257485470462,0.47558853821820063,0.6222081218274111,0.3695652173913043
full_year,absz_attack_angle__log_exposure_sequence,log_exposure_sequence,absz_attack_angle,all,False,False,pooled,10,8,47,0.5270367570291967,0.4605410951506641,0.5940040321128991,0.2978723404255319
full_year,absz_attack_angle__log_exposure_sequence,log_exposure_sequence,absz_attack_angle,all,False,False,pooled,10,9,50,0.5387478849407783,0.46808121827411175,0.6087834179357021,0.3
full_year,absz_attack_angle__log_exposure_sequence,log_exposure_sequence,absz_attack_angle,all,False,False,pooled,10,10,45,0.5474149276179733,0.47738108667042684,0.618127467569092,0.26666666666666666
full_year,absz_attack_angle__log_kernel_h0.5_m5,log_kernel_h0.5_m5,absz_attack_angle,all,False,False,unpooled,4,1,104,0.5216223299698598,0.47763890708950335,0.5657859389332984,0.25961538461538464
full_year,absz_attack_angle__log_kernel_h0.5_m5,log_kernel_h0.5_m5,absz_attack_angle,all,False,False,unpooled,4,2,122,0.5218951601642137,0.48331401681235514,0.5618566202139246,0.27049180327868855
full_year,absz_attack_angle__log_kernel_h0.5_m5,log_kernel_h0.5_m5,absz_attack_angle,all,False,False,unpooled,4,3,130,0.4671078495610012,0.42691128292491154,0.505436377932119,0.2076923076923077
full_year,absz_attack_angle__log_kernel_h0.5_m5,log_kernel_h0.5_m5,absz_attack_angle,all,False,False,unpooled,4,4,107,0.5101896225063287,0.46556862869970866,0.5512991768695569,0.24299065420560748
full_year,absz_attack_angle__log_kernel_h0.5_m5,log_kernel_h0.5_m5,absz_attack_angle,all,False,False,unpooled,10,1,38,0.543934367434771,0.4588406706715682,0.6272325831614811,0.3684210526315789
full_year,absz_attack_angle__log_kernel_h0.5_m5,log_kernel_h0.5_m5,absz_attack_angle,all,False,False,unpooled,10,2,44,0.5130091373702957,0.4561696608332043,0.5747715657426049,0.22727272727272727
full_year,absz_attack_angle__log_kernel_h0.5_m5,log_kernel_h0.5_m5,absz_attack_angle,all,False,False,unpooled,10,3,50,0.5102214650766609,0.45105621805792157,0.5693730834752981,0.18
full_year,absz_attack_angle__log_kernel_h0.5_m5,log_kernel_h0.5_m5,absz_attack_angle,all,False,False,unpooled,10,4,46,0.5125546255832901,0.44692800533293836,0.5801736908377156,0.21739130434782608
full_year,absz_attack_angle__log_kernel_h0.5_m5,log_kernel_h0.5_m5,absz_attack_angle,all,False,False,unpooled,10,5,48,0.5331132879045997,0.4613394378194208,0.605304159568427,0.3541666666666667
full_year,absz_attack_angle__log_kernel_h0.5_m5,log_kernel_h0.5_m5,absz_attack_angle,all,False,False,unpooled,10,6,53,0.4799427855099482,0.41570987753527694,0.5406078235993699,0.20754716981132076
full_year,absz_attack_angle__log_kernel_h0.5_m5,log_kernel_h0.5_m5,absz_attack_angle,all,False,False,unpooled,10,7,51,0.4257774660119585,0.3617196111834853,0.4932224337775996,0.17647058823529413
full_year,absz_attack_angle__log_kernel_h0.5_m5,log_kernel_h0.5_m5,absz_attack_angle,all,False,False,unpooled,10,8,47,0.49517923810214215,0.42186559860814093,0.5607869078255827,0.2553191489361702
full_year,absz_attack_angle__log_kernel_h0.5_m5,log_kernel_h0.5_m5,absz_attack_angle,all,False,False,unpooled,10,9,45,0.5319893999621428,0.46616695059625207,0.5952243043725156,0.24444444444444444
full_year,absz_attack_angle__log_kernel_h0.5_m5,log_kernel_h0.5_m5,absz_attack_angle,all,False,False,unpooled,10,10,41,0.510969377155441,0.4382079195579009,0.5840528524535671,0.24390243902439024
full_year,absz_attack_angle__log_kernel_h0.5_m5,log_kernel_h0.5_m5,absz_attack_angle,all,False,False,pooled,4,1,119,0.49367242638111464,0.4473272443560047,0.5421528066081628,0.2773109243697479
full_year,absz_attack_angle__log_kernel_h0.5_m5,log_kernel_h0.5_m5,absz_attack_angle,all,False,False,pooled,4,2,104,0.560804612763727,0.5136736666229853,0.6065407548158827,0.3269230769230769
full_year,absz_attack_angle__log_kernel_h0.5_m5,log_kernel_h0.5_m5,absz_attack_angle,all,False,False,pooled,4,3,123,0.45009764407695185,0.4083163668093239,0.48806872480990565,0.2032520325203252
full_year,absz_attack_angle__log_kernel_h0.5_m5,log_kernel_h0.5_m5,absz_attack_angle,all,False,False,pooled,4,4,117,0.518273416910555,0.47599411756140886,0.5639074535156305,0.28205128205128205
full_year,absz_attack_angle__log_kernel_h0.5_m5,log_kernel_h0.5_m5,absz_attack_angle,all,False,False,pooled,10,1,51,0.45032902428433036,0.3800597922303504,0.5270117246217056,0.23529411764705882
full_year,absz_attack_angle__log_kernel_h0.5_m5,log_kernel_h0.5_m5,absz_attack_angle,all,False,False,pooled,10,2,47,0.49992750733988195,0.42841349813331403,0.5681449128275763,0.2765957446808511
full_year,absz_attack_angle__log_kernel_h0.5_m5,log_kernel_h0.5_m5,absz_attack_angle,all,False,False,pooled,10,3,45,0.5397122846867312,0.46951542684081016,0.6127597955706984,0.2222222222222222
full_year,absz_attack_angle__log_kernel_h0.5_m5,log_kernel_h0.5_m5,absz_attack_angle,all,False,False,pooled,10,4,42,0.6122738703658636,0.5230307455179687,0.6981848787215056,0.5
full_year,absz_attack_angle__log_kernel_h0.5_m5,log_kernel_h0.5_m5,absz_attack_angle,all,False,False,pooled,10,5,38,0.5422307899219941,0.4687326279924684,0.6142472877252758,0.2894736842105263
full_year,absz_attack_angle__log_kernel_h0.5_m5,log_kernel_h0.5_m5,absz_attack_angle,all,False,False,pooled,10,6,49,0.48654521433786463,0.42155894725863086,0.5518374300316379,0.24489795918367346
full_year,absz_attack_angle__log_kernel_h0.5_m5,log_kernel_h0.5_m5,absz_attack_angle,all,False,False,pooled,10,7,47,0.4189169596578346,0.3513501757947008,0.48895393091449485,0.1276595744680851
full_year,absz_attack_angle__log_kernel_h0.5_m5,log_kernel_h0.5_m5,absz_attack_angle,all,False,False,pooled,10,8,52,0.46533874983619444,0.39394247149783784,0.5333426156467042,0.23076923076923078
full_year,absz_attack_angle__log_kernel_h0.5_m5,log_kernel_h0.5_m5,absz_attack_angle,all,False,False,pooled,10,9,39,0.534552046477089,0.4493185689948893,0.6119883807277333,0.358974358974359
full_year,absz_attack_angle__log_kernel_h0.5_m5,log_kernel_h0.5_m5,absz_attack_angle,all,False,False,pooled,10,10,53,0.5174536337629777,0.4566166307736814,0.5838352994117837,0.2641509433962264
full_year,absz_attack_angle__log_kernel_h0.5_m20,log_kernel_h0.5_m20,absz_attack_angle,all,False,False,unpooled,4,1,109,0.5192024092270915,0.47490414318756885,0.5629511479532436,0.25688073394495414
full_year,absz_attack_angle__log_kernel_h0.5_m20,log_kernel_h0.5_m20,absz_attack_angle,all,False,False,unpooled,4,2,119,0.5280680800238877,0.4884421789020178,0.568075047277794,0.2605042016806723
full_year,absz_attack_angle__log_kernel_h0.5_m20,log_kernel_h0.5_m20,absz_attack_angle,all,False,False,unpooled,4,3,128,0.4627485194585449,0.42485194585448394,0.5035004230118443,0.1953125
full_year,absz_attack_angle__log_kernel_h0.5_m20,log_kernel_h0.5_m20,absz_attack_angle,all,False,False,unpooled,4,4,109,0.5201959049348794,0.47492898058026356,0.5644243158074482,0.24770642201834864
full_year,absz_attack_angle__log_kernel_h0.5_m20,log_kernel_h0.5_m20,absz_attack_angle,all,False,False,unpooled,10,1,35,0.5250906453952139,0.4476770606719846,0.6063572637176697,0.2857142857142857
full_year,absz_attack_angle__log_kernel_h0.5_m20,log_kernel_h0.5_m20,absz_attack_angle,all,False,False,unpooled,10,2,48,0.5205513254371122,0.4535673998871968,0.5861851381838691,0.2708333333333333
full_year,absz_attack_angle__log_kernel_h0.5_m20,log_kernel_h0.5_m20,absz_attack_angle,all,False,False,unpooled,10,3,52,0.4795652739815176,0.41829526226734354,0.5333870232981908,0.17307692307692307
full_year,absz_attack_angle__log_kernel_h0.5_m20,log_kernel_h0.5_m20,absz_attack_angle,all,False,False,unpooled,10,4,47,0.5595816682867121,0.4939050293408216,0.6201911653526297,0.2765957446808511
full_year,absz_attack_angle__log_kernel_h0.5_m20,log_kernel_h0.5_m20,absz_attack_angle,all,False,False,unpooled,10,5,46,0.5397998970058119,0.4770414919443832,0.6095196056793938,0.30434782608695654
full_year,absz_attack_angle__log_kernel_h0.5_m20,log_kernel_h0.5_m20,absz_attack_angle,all,False,False,unpooled,10,6,51,0.4802594472645234,0.41466772834345234,0.5411532464085465,0.19607843137254902
full_year,absz_attack_angle__log_kernel_h0.5_m20,log_kernel_h0.5_m20,absz_attack_angle,all,False,False,unpooled,10,7,52,0.4074254848366524,0.34792236105687885,0.469875048809059,0.1346153846153846
full_year,absz_attack_angle__log_kernel_h0.5_m20,log_kernel_h0.5_m20,absz_attack_angle,all,False,False,unpooled,10,8,49,0.5475845160399185,0.4847802064988432,0.6100176111053558,0.2857142857142857
full_year,absz_attack_angle__log_kernel_h0.5_m20,log_kernel_h0.5_m20,absz_attack_angle,all,False,False,unpooled,10,9,45,0.533502538071066,0.4590618537319046,0.5938992291784171,0.28888888888888886
full_year,absz_attack_angle__log_kernel_h0.5_m20,log_kernel_h0.5_m20,absz_attack_angle,all,False,False,unpooled,10,10,40,0.48536379018612524,0.41201142131979696,0.5592533840947547,0.2
full_year,absz_attack_angle__log_kernel_h0.5_m20,log_kernel_h0.5_m20,absz_attack_angle,all,False,False,pooled,4,1,122,0.5118443316412858,0.4652589387256941,0.5569692935008738,0.2786885245901639
full_year,absz_attack_angle__log_kernel_h0.5_m20,log_kernel_h0.5_m20,absz_attack_angle,all,False,False,pooled,4,2,104,0.5304243134192372,0.4815737667577769,0.5781766562540674,0.2980769230769231
full_year,absz_attack_angle__log_kernel_h0.5_m20,log_kernel_h0.5_m20,absz_attack_angle,all,False,False,pooled,4,3,120,0.4777072758037226,0.4323716864072194,0.5207000846023689,0.23333333333333334
full_year,absz_attack_angle__log_kernel_h0.5_m20,log_kernel_h0.5_m20,absz_attack_angle,all,False,False,pooled,4,4,119,0.4997440600605725,0.45387820102660353,0.5452082355784954,0.25210084033613445
full_year,absz_attack_angle__log_kernel_h0.5_m20,log_kernel_h0.5_m20,absz_attack_angle,all,False,False,pooled,10,1,53,0.44805733805829584,0.3744804137534719,0.5173849886664751,0.20754716981132076
full_year,absz_attack_angle__log_kernel_h0.5_m20,log_kernel_h0.5_m20,absz_attack_angle,all,False,False,pooled,10,2,47,0.5402851279835835,0.47439068293912234,0.6126201533642942,0.3404255319148936
full_year,absz_attack_angle__log_kernel_h0.5_m20,log_kernel_h0.5_m20,absz_attack_angle,all,False,False,pooled,10,3,45,0.5821206993795827,0.5130005640157925,0.6482665914645609,0.26666666666666666
full_year,absz_attack_angle__log_kernel_h0.5_m20,log_kernel_h0.5_m20,absz_attack_angle,all,False,False,pooled,10,4,44,0.5158437163513305,0.44103407168127984,0.5903014920781418,0.36363636363636365
full_year,absz_attack_angle__log_kernel_h0.5_m20,log_kernel_h0.5_m20,absz_attack_angle,all,False,False,pooled,10,5,37,0.5290849224859376,0.448088443773723,0.6090387341656377,0.2702702702702703
full_year,absz_attack_angle__log_kernel_h0.5_m20,log_kernel_h0.5_m20,absz_attack_angle,all,False,False,pooled,10,6,45,0.5118819326941154,0.43909757473209254,0.5861590524534686,0.28888888888888886
full_year,absz_attack_angle__log_kernel_h0.5_m20,log_kernel_h0.5_m20,absz_attack_angle,all,False,False,pooled,10,7,50,0.45983079526226733,0.39781556683587144,0.5306040609137056,0.2
full_year,absz_attack_angle__log_kernel_h0.5_m20,log_kernel_h0.5_m20,absz_attack_angle,all,False,False,pooled,10,8,50,0.43908629441624364,0.3732064297800338,0.5078426395939085,0.18
full_year,absz_attack_angle__log_kernel_h0.5_m20,log_kernel_h0.5_m20,absz_attack_angle,all,False,False,pooled,10,9,42,0.5404077028442511,0.4654902908710016,0.6097494158407863,0.30952380952380953
full_year,absz_attack_angle__log_kernel_h0.5_m20,log_kernel_h0.5_m20,absz_attack_angle,all,False,False,pooled,10,10,52,0.5022452167122219,0.4369956397240661,0.5645597422881686,0.25
full_year,absz_attack_angle__log_kernel_h1_m5,log_kernel_h1_m5,absz_attack_angle,all,False,False,unpooled,4,1,105,0.5098708635996771,0.46877723970944307,0.5507263922518159,0.23809523809523808
full_year,absz_attack_angle__log_kernel_h1_m5,log_kernel_h1_m5,absz_attack_angle,all,False,False,unpooled,4,2,124,0.5298250410060142,0.48915049207217065,0.5704285128485511,0.28225806451612906
full_year,absz_attack_angle__log_kernel_h1_m5,log_kernel_h1_m5,absz_attack_angle,all,False,False,unpooled,4,3,124,0.44091033351558223,0.39957832148715144,0.4806219245489339,0.1935483870967742
full_year,absz_attack_angle__log_kernel_h1_m5,log_kernel_h1_m5,absz_attack_angle,all,False,False,unpooled,4,4,112,0.5494854721549637,0.5083444309927361,0.5904827481840194,0.25892857142857145
full_year,absz_attack_angle__log_kernel_h1_m5,log_kernel_h1_m5,absz_attack_angle,all,False,False,unpooled,10,1,38,0.5172167707404104,0.44383809099018734,0.5913113291703835,0.2894736842105263
full_year,absz_attack_angle__log_kernel_h1_m5,log_kernel_h1_m5,absz_attack_angle,all,False,False,unpooled,10,2,42,0.5173527037933818,0.4520399515738499,0.5902421307506054,0.23809523809523808
full_year,absz_attack_angle__log_kernel_h1_m5,log_kernel_h1_m5,absz_attack_angle,all,False,False,unpooled,10,3,49,0.47746454514008996,0.41603078519543407,0.5409633344863368,0.1836734693877551
full_year,absz_attack_angle__log_kernel_h1_m5,log_kernel_h1_m5,absz_attack_angle,all,False,False,unpooled,10,4,49,0.49379107575233483,0.4315375302663439,0.5570373573158076,0.24489795918367346
full_year,absz_attack_angle__log_kernel_h1_m5,log_kernel_h1_m5,absz_attack_angle,all,False,False,unpooled,10,5,51,0.593336656696577,0.5308757062146893,0.6578065802592225,0.35294117647058826
full_year,absz_attack_angle__log_kernel_h1_m5,log_kernel_h1_m5,absz_attack_angle,all,False,False,unpooled,10,6,49,0.38787616741611897,0.33539259771705293,0.44890868211691454,0.10204081632653061
full_year,absz_attack_angle__log_kernel_h1_m5,log_kernel_h1_m5,absz_attack_angle,all,False,False,unpooled,10,7,50,0.4611525423728813,0.39496440677966105,0.5285779661016949,0.24
full_year,absz_attack_angle__log_kernel_h1_m5,log_kernel_h1_m5,absz_attack_angle,all,False,False,unpooled,10,8,49,0.5128848149429264,0.4544932549290903,0.5712071947423036,0.20408163265306123
full_year,absz_attack_angle__log_kernel_h1_m5,log_kernel_h1_m5,absz_attack_angle,all,False,False,unpooled,10,9,46,0.6056005895357405,0.542737656595431,0.6627579218865144,0.32608695652173914
full_year,absz_attack_angle__log_kernel_h1_m5,log_kernel_h1_m5,absz_attack_angle,all,False,False,unpooled,10,10,42,0.5038740920096851,0.4315778853914447,0.571228813559322,0.2619047619047619
full_year,absz_attack_angle__log_kernel_h1_m5,log_kernel_h1_m5,absz_attack_angle,all,False,False,pooled,4,1,121,0.4793598543213336,0.43495447541672505,0.5272012886958958,0.2644628099173554
full_year,absz_attack_angle__log_kernel_h1_m5,log_kernel_h1_m5,absz_attack_angle,all,False,False,pooled,4,2,108,0.5529033270558694,0.502478028876334,0.6006206842435655,0.3425925925925926
full_year,absz_attack_angle__log_kernel_h1_m5,log_kernel_h1_m5,absz_attack_angle,all,False,False,pooled,4,3,114,0.4675735950044603,0.42336901575973834,0.5133757062146893,0.21052631578947367
full_year,absz_attack_angle__log_kernel_h1_m5,log_kernel_h1_m5,absz_attack_angle,all,False,False,pooled,4,4,122,0.516976938038344,0.47293414837454845,0.5586072520144485,0.2540983606557377
full_year,absz_attack_angle__log_kernel_h1_m5,log_kernel_h1_m5,absz_attack_angle,all,False,False,pooled,10,1,53,0.45847457627118654,0.3805020786696514,0.5372433642468819,0.2830188679245283
full_year,absz_attack_angle__log_kernel_h1_m5,log_kernel_h1_m5,absz_attack_angle,all,False,False,pooled,10,2,47,0.5366209880995313,0.46835016227911996,0.6126884240894338,0.3191489361702128
full_year,absz_attack_angle__log_kernel_h1_m5,log_kernel_h1_m5,absz_attack_angle,all,False,False,pooled,10,3,44,0.4671032357473036,0.39884052388289676,0.5358127889060093,0.18181818181818182
full_year,absz_attack_angle__log_kernel_h1_m5,log_kernel_h1_m5,absz_attack_angle,all,False,False,pooled,10,4,40,0.5792796610169492,0.4977478813559322,0.6589639830508475,0.375
full_year,absz_attack_angle__log_kernel_h1_m5,log_kernel_h1_m5,absz_attack_angle,all,False,False,pooled,10,5,45,0.5438229755178908,0.46891902071563085,0.6171638418079096,0.35555555555555557
full_year,absz_attack_angle__log_kernel_h1_m5,log_kernel_h1_m5,absz_attack_angle,all,False,False,pooled,10,6,39,0.4469578444154715,0.3756236418948283,0.5190764884832682,0.15384615384615385
full_year,absz_attack_angle__log_kernel_h1_m5,log_kernel_h1_m5,absz_attack_angle,all,False,False,pooled,10,7,49,0.46259079903147704,0.3980716015219647,0.5322448979591837,0.22448979591836735
full_year,absz_attack_angle__log_kernel_h1_m5,log_kernel_h1_m5,absz_attack_angle,all,False,False,pooled,10,8,51,0.5013791957460951,0.4368328348288468,0.5652392821535394,0.27450980392156865
full_year,absz_attack_angle__log_kernel_h1_m5,log_kernel_h1_m5,absz_attack_angle,all,False,False,pooled,10,9,46,0.5271186440677967,0.4587214443625645,0.5941433308769345,0.2391304347826087
full_year,absz_attack_angle__log_kernel_h1_m5,log_kernel_h1_m5,absz_attack_angle,all,False,False,pooled,10,10,51,0.5187936191425723,0.4536141575274177,0.5886556995679627,0.2549019607843137
full_year,absz_attack_angle__log_kernel_h2_m5,log_kernel_h2_m5,absz_attack_angle,all,False,False,unpooled,4,1,109,0.5031512441981403,0.4572424284760708,0.5461191573914528,0.22935779816513763
full_year,absz_attack_angle__log_kernel_h2_m5,log_kernel_h2_m5,absz_attack_angle,all,False,False,unpooled,4,2,115,0.4918781725888326,0.4525115868461708,0.5305627896711543,0.21739130434782608
full_year,absz_attack_angle__log_kernel_h2_m5,log_kernel_h2_m5,absz_attack_angle,all,False,False,unpooled,4,3,129,0.47564238775429896,0.4374729469169322,0.513483912433269,0.20155038759689922
full_year,absz_attack_angle__log_kernel_h2_m5,log_kernel_h2_m5,absz_attack_angle,all,False,False,unpooled,4,4,112,0.5596446700507615,0.5154822335025381,0.6007077894609619,0.32142857142857145
full_year,absz_attack_angle__log_kernel_h2_m5,log_kernel_h2_m5,absz_attack_angle,all,False,False,unpooled,10,1,38,0.4910499599251937,0.4190711550449728,0.5674859738177931,0.23684210526315788
full_year,absz_attack_angle__log_kernel_h2_m5,log_kernel_h2_m5,absz_attack_angle,all,False,False,unpooled,10,2,44,0.4683894785417628,0.39508921704353184,0.5372250423011843,0.22727272727272727
full_year,absz_attack_angle__log_kernel_h2_m5,log_kernel_h2_m5,absz_attack_angle,all,False,False,unpooled,10,3,52,0.528960041650397,0.47834016660158785,0.5777105297409866,0.19230769230769232
full_year,absz_attack_angle__log_kernel_h2_m5,log_kernel_h2_m5,absz_attack_angle,all,False,False,unpooled,10,4,42,0.45677221819353797,0.3884819917814842,0.5200366610265088,0.16666666666666666
full_year,absz_attack_angle__log_kernel_h2_m5,log_kernel_h2_m5,absz_attack_angle,all,False,False,unpooled,10,5,48,0.5302100958826848,0.46756556683587136,0.5991945149464185,0.2916666666666667
full_year,absz_attack_angle__log_kernel_h2_m5,log_kernel_h2_m5,absz_attack_angle,all,False,False,unpooled,10,6,51,0.4687137122192362,0.4103463720513586,0.5295013436846819,0.17647058823529413
full_year,absz_attack_angle__log_kernel_h2_m5,log_kernel_h2_m5,absz_attack_angle,all,False,False,unpooled,10,7,52,0.49036834569829496,0.4286883378888455,0.5580242092932447,0.23076923076923078
full_year,absz_attack_angle__log_kernel_h2_m5,log_kernel_h2_m5,absz_attack_angle,all,False,False,unpooled,10,8,50,0.5484602368866328,0.4837868020304568,0.6133688663282572,0.32
full_year,absz_attack_angle__log_kernel_h2_m5,log_kernel_h2_m5,absz_attack_angle,all,False,False,unpooled,10,9,44,0.5282264267035841,0.4639497769573912,0.5963332564220889,0.2727272727272727
full_year,absz_attack_angle__log_kernel_h2_m5,log_kernel_h2_m5,absz_attack_angle,all,False,False,unpooled,10,10,44,0.54476234425473,0.4716774342408861,0.6189547761882787,0.29545454545454547
full_year,absz_attack_angle__log_kernel_h2_m5,log_kernel_h2_m5,absz_attack_angle,all,False,False,pooled,4,1,123,0.4795028407136864,0.4321055672485659,0.5245401895643321,0.25203252032520324
full_year,absz_attack_angle__log_kernel_h2_m5,log_kernel_h2_m5,absz_attack_angle,all,False,False,pooled,4,2,101,0.5013904943793872,0.45270643815650596,0.5489437268599957,0.2871287128712871
full_year,absz_attack_angle__log_kernel_h2_m5,log_kernel_h2_m5,absz_attack_angle,all,False,False,pooled,4,3,118,0.5193868479164875,0.47876623935300694,0.5590230577303621,0.2711864406779661
full_year,absz_attack_angle__log_kernel_h2_m5,log_kernel_h2_m5,absz_attack_angle,all,False,False,pooled,4,4,123,0.5122845390890457,0.46899288789842214,0.556601736068122,0.2764227642276423
full_year,absz_attack_angle__log_kernel_h2_m5,log_kernel_h2_m5,absz_attack_angle,all,False,False,pooled,10,1,53,0.4188136513105386,0.34796794687609744,0.493144015579606,0.24528301886792453
full_year,absz_attack_angle__log_kernel_h2_m5,log_kernel_h2_m5,absz_attack_angle,all,False,False,pooled,10,2,44,0.554260882941086,0.48096254422396556,0.619546992770343,0.2727272727272727
full_year,absz_attack_angle__log_kernel_h2_m5,log_kernel_h2_m5,absz_attack_angle,all,False,False,pooled,10,3,49,0.4835284367554128,0.411495562692082,0.550973790531441,0.2653061224489796
full_year,absz_attack_angle__log_kernel_h2_m5,log_kernel_h2_m5,absz_attack_angle,all,False,False,pooled,10,4,41,0.4416450002063473,0.36781395732739053,0.5193574346910981,0.21951219512195122
full_year,absz_attack_angle__log_kernel_h2_m5,log_kernel_h2_m5,absz_attack_angle,all,False,False,pooled,10,5,37,0.5739013124799927,0.49536744866694093,0.6492271459276535,0.35135135135135137
full_year,absz_attack_angle__log_kernel_h2_m5,log_kernel_h2_m5,absz_attack_angle,all,False,False,pooled,10,6,47,0.46176692947402537,0.4007758217230083,0.5199517586492421,0.1702127659574468
full_year,absz_attack_angle__log_kernel_h2_m5,log_kernel_h2_m5,absz_attack_angle,all,False,False,pooled,10,7,46,0.5656955786066356,0.4937412638858237,0.6341517692930184,0.34782608695652173
full_year,absz_attack_angle__log_kernel_h2_m5,log_kernel_h2_m5,absz_attack_angle,all,False,False,pooled,10,8,50,0.5450423011844332,0.47765989847715745,0.6103807106598984,0.34
full_year,absz_attack_angle__log_kernel_h2_m5,log_kernel_h2_m5,absz_attack_angle,all,False,False,pooled,10,9,45,0.48676442940402326,0.4194341041549164,0.5510095882684715,0.2222222222222222
full_year,absz_attack_angle__log_kernel_h2_m5,log_kernel_h2_m5,absz_attack_angle,all,False,False,pooled,10,10,53,0.5173035788398301,0.4484963126137343,0.5844219902308208,0.2830188679245283
full_year,absz_attack_angle__log_kernel_h2_m20,log_kernel_h2_m20,absz_attack_angle,all,False,False,unpooled,4,1,108,0.4806667920035095,0.4379300620417371,0.5239166196653506,0.21296296296296297
full_year,absz_attack_angle__log_kernel_h2_m20,log_kernel_h2_m20,absz_attack_angle,all,False,False,unpooled,4,2,118,0.5076428919670768,0.4692814534400185,0.5466746967220166,0.19491525423728814
full_year,absz_attack_angle__log_kernel_h2_m20,log_kernel_h2_m20,absz_attack_angle,all,False,False,unpooled,4,3,126,0.5114951790078694,0.4690858915478204,0.5531255875164504,0.2619047619047619
full_year,absz_attack_angle__log_kernel_h2_m20,log_kernel_h2_m20,absz_attack_angle,all,False,False,unpooled,4,4,113,0.5263390383780303,0.48150652112064446,0.5717959660392615,0.2831858407079646
full_year,absz_attack_angle__log_kernel_h2_m20,log_kernel_h2_m20,absz_attack_angle,all,False,False,unpooled,10,1,40,0.4881133671742809,0.41523900169204736,0.5626078680203046,0.275
full_year,absz_attack_angle__log_kernel_h2_m20,log_kernel_h2_m20,absz_attack_angle,all,False,False,unpooled,10,2,43,0.47796403415574695,0.40847007437138466,0.5469916971628696,0.20930232558139536
full_year,absz_attack_angle__log_kernel_h2_m20,log_kernel_h2_m20,absz_attack_angle,all,False,False,unpooled,10,3,50,0.516818950930626,0.46263451776649744,0.5715871404399323,0.18
full_year,absz_attack_angle__log_kernel_h2_m20,log_kernel_h2_m20,absz_attack_angle,all,False,False,unpooled,10,4,45,0.4554427523970671,0.3924929498025944,0.5185655198345552,0.1111111111111111
full_year,absz_attack_angle__log_kernel_h2_m20,log_kernel_h2_m20,absz_attack_angle,all,False,False,unpooled,10,5,48,0.5291878172588832,0.4705865764241398,0.5886315566835871,0.25
full_year,absz_attack_angle__log_kernel_h2_m20,log_kernel_h2_m20,absz_attack_angle,all,False,False,unpooled,10,6,49,0.5051452052902379,0.44026554784350286,0.5711246935322352,0.22448979591836735
full_year,absz_attack_angle__log_kernel_h2_m20,log_kernel_h2_m20,absz_attack_angle,all,False,False,unpooled,10,7,50,0.5128595600676819,0.4392741116751269,0.5833282571912013,0.26
full_year,absz_attack_angle__log_kernel_h2_m20,log_kernel_h2_m20,absz_attack_angle,all,False,False,unpooled,10,8,53,0.5004788813332056,0.4418590173355043,0.5604731347572071,0.3018867924528302
full_year,absz_attack_angle__log_kernel_h2_m20,log_kernel_h2_m20,absz_attack_angle,all,False,False,unpooled,10,9,44,0.5303030303030304,0.46533994770035375,0.5974080910629133,0.25
full_year,absz_attack_angle__log_kernel_h2_m20,log_kernel_h2_m20,absz_attack_angle,all,False,False,unpooled,10,10,43,0.5504859717467439,0.470979419981899,0.6234958485814347,0.32558139534883723
full_year,absz_attack_angle__log_kernel_h2_m20,log_kernel_h2_m20,absz_attack_angle,all,False,False,pooled,4,1,121,0.46287284473717333,0.4170295479017214,0.5117359567059613,0.24793388429752067
full_year,absz_attack_angle__log_kernel_h2_m20,log_kernel_h2_m20,absz_attack_angle,all,False,False,pooled,4,2,104,0.5131296368606013,0.4703761551477288,0.5595641351034752,0.25
full_year,absz_attack_angle__log_kernel_h2_m20,log_kernel_h2_m20,absz_attack_angle,all,False,False,pooled,4,3,116,0.5469251414901686,0.5026635159577573,0.5913326331757979,0.33620689655172414
full_year,absz_attack_angle__log_kernel_h2_m20,log_kernel_h2_m20,absz_attack_angle,all,False,False,pooled,4,4,124,0.499590633699034,0.4594972981824135,0.5416107199388679,0.25806451612903225
full_year,absz_attack_angle__log_kernel_h2_m20,log_kernel_h2_m20,absz_attack_angle,all,False,False,pooled,10,1,53,0.4358299013504454,0.3658669348402132,0.5133192861475593,0.2830188679245283
full_year,absz_attack_angle__log_kernel_h2_m20,log_kernel_h2_m20,absz_attack_angle,all,False,False,pooled,10,2,45,0.4944350441812371,0.42114495205865765,0.5639706711787933,0.2
full_year,absz_attack_angle__log_kernel_h2_m20,log_kernel_h2_m20,absz_attack_angle,all,False,False,pooled,10,3,45,0.48510998307952635,0.4071141191953374,0.5552152660274488,0.3111111111111111
full_year,absz_attack_angle__log_kernel_h2_m20,log_kernel_h2_m20,absz_attack_angle,all,False,False,pooled,10,4,44,0.519958467928011,0.4482656514382402,0.5881268266420551,0.2727272727272727
full_year,absz_attack_angle__log_kernel_h2_m20,log_kernel_h2_m20,absz_attack_angle,all,False,False,pooled,10,5,38,0.5083266541989491,0.4400213732300294,0.5784731498797755,0.15789473684210525
full_year,absz_attack_angle__log_kernel_h2_m20,log_kernel_h2_m20,absz_attack_angle,all,False,False,pooled,10,6,45,0.5430532054897537,0.46919909757473205,0.6151344237638654,0.3333333333333333
full_year,absz_attack_angle__log_kernel_h2_m20,log_kernel_h2_m20,absz_attack_angle,all,False,False,pooled,10,7,48,0.5589396503102086,0.4881221799210378,0.6261703327693176,0.3541666666666667
full_year,absz_attack_angle__log_kernel_h2_m20,log_kernel_h2_m20,absz_attack_angle,all,False,False,pooled,10,8,46,0.5399102479217242,0.4686640182446848,0.6158022511586846,0.34782608695652173
full_year,absz_attack_angle__log_kernel_h2_m20,log_kernel_h2_m20,absz_attack_angle,all,False,False,pooled,10,9,49,0.46664249456127627,0.4078179495148313,0.5230360164370316,0.1836734693877551
full_year,absz_attack_angle__log_kernel_h2_m20,log_kernel_h2_m20,absz_attack_angle,all,False,False,pooled,10,10,52,0.5081673825328648,0.4442519198229859,0.5736317193804502,0.2692307692307692
full_year,absz_attack_angle__linear_exposure_pitcher,linear_exposure_pitcher,absz_attack_angle,all,False,False,unpooled,4,1,109,0.45873888138592656,0.4141154007358078,0.5012201369161272,0.2018348623853211
full_year,absz_attack_angle__linear_exposure_pitcher,linear_exposure_pitcher,absz_attack_angle,all,False,False,unpooled,4,2,122,0.5415938531524783,0.5005304984605143,0.5796378741227706,0.2786885245901639
full_year,absz_attack_angle__linear_exposure_pitcher,linear_exposure_pitcher,absz_attack_angle,all,False,False,unpooled,4,3,124,0.5064952786419955,0.4673967032367229,0.5432707002892855,0.21774193548387097
full_year,absz_attack_angle__linear_exposure_pitcher,linear_exposure_pitcher,absz_attack_angle,all,False,False,unpooled,4,4,110,0.5217658821719736,0.4752745731425936,0.5699477003537917,0.3
full_year,absz_attack_angle__linear_exposure_pitcher,linear_exposure_pitcher,absz_attack_angle,all,False,False,unpooled,10,1,39,0.4530999175669227,0.3691917219836001,0.5331142348908847,0.23076923076923078
full_year,absz_attack_angle__linear_exposure_pitcher,linear_exposure_pitcher,absz_attack_angle,all,False,False,unpooled,10,2,47,0.4580588256471181,0.39981639485905607,0.5171886812830759,0.1702127659574468
full_year,absz_attack_angle__linear_exposure_pitcher,linear_exposure_pitcher,absz_attack_angle,all,False,False,unpooled,10,3,48,0.5018330513254371,0.43889770163564584,0.5675831923293853,0.20833333333333334
full_year,absz_attack_angle__linear_exposure_pitcher,linear_exposure_pitcher,absz_attack_angle,all,False,False,unpooled,10,4,49,0.5483096792016299,0.4825201146448427,0.6190269001001415,0.3469387755102041
full_year,absz_attack_angle__linear_exposure_pitcher,linear_exposure_pitcher,absz_attack_angle,all,False,False,unpooled,10,5,48,0.5400451212633953,0.48078644952058663,0.6010187535250987,0.25
full_year,absz_attack_angle__linear_exposure_pitcher,linear_exposure_pitcher,absz_attack_angle,all,False,False,unpooled,10,6,53,0.5289244325256202,0.46582862433355676,0.5930402579574116,0.24528301886792453
full_year,absz_attack_angle__linear_exposure_pitcher,linear_exposure_pitcher,absz_attack_angle,all,False,False,unpooled,10,7,46,0.48153461340395787,0.41916427573015524,0.5416372397557566,0.17391304347826086
full_year,absz_attack_angle__linear_exposure_pitcher,linear_exposure_pitcher,absz_attack_angle,all,False,False,unpooled,10,8,51,0.5285657410172191,0.46550048107229347,0.5953949769417072,0.27450980392156865
full_year,absz_attack_angle__linear_exposure_pitcher,linear_exposure_pitcher,absz_attack_angle,all,False,False,unpooled,10,9,44,0.4950007691124441,0.418891324411629,0.5629210890632211,0.2727272727272727
full_year,absz_attack_angle__linear_exposure_pitcher,linear_exposure_pitcher,absz_attack_angle,all,False,False,unpooled,10,10,40,0.531979695431472,0.4472208121827411,0.616478426395939,0.325
full_year,absz_attack_angle__linear_exposure_pitcher,linear_exposure_pitcher,absz_attack_angle,all,False,False,pooled,4,1,129,0.48631933787169296,0.4404163223547003,0.5292658613045815,0.26356589147286824
full_year,absz_attack_angle__linear_exposure_pitcher,linear_exposure_pitcher,absz_attack_angle,all,False,False,pooled,4,2,102,0.5031518529577651,0.45578447961248797,0.5496839852692346,0.27450980392156865
full_year,absz_attack_angle__linear_exposure_pitcher,linear_exposure_pitcher,absz_attack_angle,all,False,False,pooled,4,3,111,0.5375908903827686,0.49216475358607337,0.5855215621713082,0.3063063063063063
full_year,absz_attack_angle__linear_exposure_pitcher,linear_exposure_pitcher,absz_attack_angle,all,False,False,pooled,4,4,123,0.4972074340032741,0.4559469274895795,0.5389824329715378,0.2601626016260163
full_year,absz_attack_angle__linear_exposure_pitcher,linear_exposure_pitcher,absz_attack_angle,all,False,False,pooled,10,1,55,0.45089986155976003,0.38409475465313025,0.5124442393477927,0.2
full_year,absz_attack_angle__linear_exposure_pitcher,linear_exposure_pitcher,absz_attack_angle,all,False,False,pooled,10,2,50,0.47238578680203047,0.40601353637901855,0.5384873096446701,0.26
full_year,absz_attack_angle__linear_exposure_pitcher,linear_exposure_pitcher,absz_attack_angle,all,False,False,pooled,10,3,44,0.5286109829257037,0.4471562067374251,0.6075180741424396,0.36363636363636365
full_year,absz_attack_angle__linear_exposure_pitcher,linear_exposure_pitcher,absz_attack_angle,all,False,False,pooled,10,4,41,0.4950476662127027,0.41675333250794433,0.5744377037679005,0.24390243902439024
full_year,absz_attack_angle__linear_exposure_pitcher,linear_exposure_pitcher,absz_attack_angle,all,False,False,pooled,10,5,41,0.5385869340926912,0.4600511741158021,0.6116049688415666,0.2926829268292683
full_year,absz_attack_angle__linear_exposure_pitcher,linear_exposure_pitcher,absz_attack_angle,all,False,False,pooled,10,6,43,0.5536733168063588,0.47383229055994963,0.6348128910400188,0.3488372093023256
full_year,absz_attack_angle__linear_exposure_pitcher,linear_exposure_pitcher,absz_attack_angle,all,False,False,pooled,10,7,49,0.5385717738872199,0.4670637798266515,0.6071860216167685,0.30612244897959184
full_year,absz_attack_angle__linear_exposure_pitcher,linear_exposure_pitcher,absz_attack_angle,all,False,False,pooled,10,8,42,0.4908145999516557,0.41881798404641046,0.5594593505761017,0.21428571428571427
full_year,absz_attack_angle__linear_exposure_pitcher,linear_exposure_pitcher,absz_attack_angle,all,False,False,pooled,10,9,50,0.5481218274111676,0.4775126903553299,0.6155008460236886,0.34
full_year,absz_attack_angle__linear_exposure_pitcher,linear_exposure_pitcher,absz_attack_angle,all,False,False,pooled,10,10,50,0.4522165820642979,0.3896108291032149,0.5198697123519459,0.2
full_year,absz_attack_angle__saturating_exposure_pitcher,saturating_exposure_pitcher,absz_attack_angle,all,False,False,unpooled,4,1,104,0.46359654899894626,0.41932955742887246,0.505434997365648,0.20192307692307693
full_year,absz_attack_angle__saturating_exposure_pitcher,saturating_exposure_pitcher,absz_attack_angle,all,False,False,unpooled,4,2,126,0.5252228745379431,0.4871242389649924,0.56158200152207,0.25396825396825395
full_year,absz_attack_angle__saturating_exposure_pitcher,saturating_exposure_pitcher,absz_attack_angle,all,False,False,unpooled,4,3,120,0.49129566210045655,0.45012699771689496,0.5300399543378995,0.2
full_year,absz_attack_angle__saturating_exposure_pitcher,saturating_exposure_pitcher,absz_attack_angle,all,False,False,unpooled,4,4,110,0.5039850560398503,0.4586067870485679,0.5493049501867995,0.2545454545454545
full_year,absz_attack_angle__saturating_exposure_pitcher,saturating_exposure_pitcher,absz_attack_angle,all,False,False,unpooled,10,1,41,0.45408035415970605,0.3784538924156365,0.5310077681256264,0.21951219512195122
full_year,absz_attack_angle__saturating_exposure_pitcher,saturating_exposure_pitcher,absz_attack_angle,all,False,False,unpooled,10,2,42,0.4455724070450097,0.38362075994781475,0.51066943900848,0.16666666666666666
full_year,absz_attack_angle__saturating_exposure_pitcher,saturating_exposure_pitcher,absz_attack_angle,all,False,False,unpooled,10,3,48,0.5037100456621004,0.4471871432648402,0.5615100599315068,0.1875
full_year,absz_attack_angle__saturating_exposure_pitcher,saturating_exposure_pitcher,absz_attack_angle,all,False,False,unpooled,10,4,50,0.49989726027397263,0.43810787671232876,0.560513698630137,0.24
full_year,absz_attack_angle__saturating_exposure_pitcher,saturating_exposure_pitcher,absz_attack_angle,all,False,False,unpooled,10,5,49,0.5691396421582332,0.5008474280123008,0.6309651942968969,0.32653061224489793
full_year,absz_attack_angle__saturating_exposure_pitcher,saturating_exposure_pitcher,absz_attack_angle,all,False,False,unpooled,10,6,49,0.4699294101202125,0.40409036902432205,0.5306139921722114,0.16326530612244897
full_year,absz_attack_angle__saturating_exposure_pitcher,saturating_exposure_pitcher,absz_attack_angle,all,False,False,unpooled,10,7,46,0.537559559261465,0.47131104824300174,0.6141155449672424,0.2826086956521739
full_year,absz_attack_angle__saturating_exposure_pitcher,saturating_exposure_pitcher,absz_attack_angle,all,False,False,unpooled,10,8,49,0.462730640201286,0.4010116717920045,0.5253092675426334,0.16326530612244897
full_year,absz_attack_angle__saturating_exposure_pitcher,saturating_exposure_pitcher,absz_attack_angle,all,False,False,unpooled,10,9,44,0.5240115193026151,0.45521871108343703,0.5929852895392277,0.22727272727272727
full_year,absz_attack_angle__saturating_exposure_pitcher,saturating_exposure_pitcher,absz_attack_angle,all,False,False,unpooled,10,10,42,0.4978392041748207,0.41865011415525116,0.5752221950424005,0.30952380952380953
full_year,absz_attack_angle__saturating_exposure_pitcher,saturating_exposure_pitcher,absz_attack_angle,all,False,False,pooled,4,1,129,0.43817696718700216,0.395137119040034,0.4810774397366465,0.18604651162790697
full_year,absz_attack_angle__saturating_exposure_pitcher,saturating_exposure_pitcher,absz_attack_angle,all,False,False,pooled,4,2,100,0.5617294520547944,0.5127876712328767,0.6103792808219178,0.35
full_year,absz_attack_angle__saturating_exposure_pitcher,saturating_exposure_pitcher,absz_attack_angle,all,False,False,pooled,4,3,108,0.5569507864028411,0.5126189117199391,0.5993063483003552,0.2962962962962963
full_year,absz_attack_angle__saturating_exposure_pitcher,saturating_exposure_pitcher,absz_attack_angle,all,False,False,pooled,4,4,123,0.462433177413966,0.4195971154917029,0.5063836451720681,0.22764227642276422
full_year,absz_attack_angle__saturating_exposure_pitcher,saturating_exposure_pitcher,absz_attack_angle,all,False,False,pooled,10,1,54,0.43962455606291223,0.37296898782343996,0.5092592592592593,0.18518518518518517
full_year,absz_attack_angle__saturating_exposure_pitcher,saturating_exposure_pitcher,absz_attack_angle,all,False,False,pooled,10,2,50,0.38842465753424654,0.3261558219178083,0.4540359589041096,0.08
full_year,absz_attack_angle__saturating_exposure_pitcher,saturating_exposure_pitcher,absz_attack_angle,all,False,False,pooled,10,3,49,0.577002376292983,0.503954081632653,0.6486493570030752,0.4489795918367347
full_year,absz_attack_angle__saturating_exposure_pitcher,saturating_exposure_pitcher,absz_attack_angle,all,False,False,pooled,10,4,34,0.4853948428686544,0.40435888396454467,0.5785631547139405,0.20588235294117646
full_year,absz_attack_angle__saturating_exposure_pitcher,saturating_exposure_pitcher,absz_attack_angle,all,False,False,pooled,10,5,42,0.5895303326810176,0.5100925472928899,0.6666911285061969,0.38095238095238093
full_year,absz_attack_angle__saturating_exposure_pitcher,saturating_exposure_pitcher,absz_attack_angle,all,False,False,pooled,10,6,42,0.5495759947814741,0.48208170254403143,0.6189844259621659,0.30952380952380953
full_year,absz_attack_angle__saturating_exposure_pitcher,saturating_exposure_pitcher,absz_attack_angle,all,False,False,pooled,10,7,44,0.5596201743462017,0.48528759339975097,0.6328339041095891,0.29545454545454547
full_year,absz_attack_angle__saturating_exposure_pitcher,saturating_exposure_pitcher,absz_attack_angle,all,False,False,pooled,10,8,46,0.5373362120309707,0.4741177784395473,0.6027825342465754,0.2608695652173913
full_year,absz_attack_angle__saturating_exposure_pitcher,saturating_exposure_pitcher,absz_attack_angle,all,False,False,pooled,10,9,49,0.45560176125244617,0.38317549622588765,0.5319192060385798,0.2653061224489796
full_year,absz_attack_angle__saturating_exposure_pitcher,saturating_exposure_pitcher,absz_attack_angle,all,False,False,pooled,10,10,50,0.44565068493150684,0.38124657534246575,0.5171352739726027,0.18
full_year,absz_attack_direction__log_exposure_pitcher,log_exposure_pitcher,absz_attack_direction,all,False,False,unpooled,4,1,105,0.5033518652807992,0.45896704536298444,0.5486721456772218,0.22857142857142856
full_year,absz_attack_direction__log_exposure_pitcher,log_exposure_pitcher,absz_attack_direction,all,False,False,unpooled,4,2,127,0.45713924084362556,0.4220692273871857,0.4937340954208136,0.16535433070866143
full_year,absz_attack_direction__log_exposure_pitcher,log_exposure_pitcher,absz_attack_direction,all,False,False,unpooled,4,3,127,0.5189722477583704,0.4814647534540416,0.5541588392821455,0.2204724409448819
full_year,absz_attack_direction__log_exposure_pitcher,log_exposure_pitcher,absz_attack_direction,all,False,False,unpooled,4,4,106,0.5187402228394471,0.46928135874596943,0.5709630303610765,0.32075471698113206
full_year,absz_attack_direction__log_exposure_pitcher,log_exposure_pitcher,absz_attack_direction,all,False,False,unpooled,10,1,38,0.5073915753851633,0.4244634428711373,0.5943605842016207,0.2894736842105263
full_year,absz_attack_direction__log_exposure_pitcher,log_exposure_pitcher,absz_attack_direction,all,False,False,unpooled,10,2,45,0.4626245534874976,0.40105846963714986,0.5202500470013159,0.1111111111111111
full_year,absz_attack_direction__log_exposure_pitcher,log_exposure_pitcher,absz_attack_direction,all,False,False,unpooled,10,3,50,0.4976649746192894,0.43566666666666665,0.56417089678511,0.22
full_year,absz_attack_direction__log_exposure_pitcher,log_exposure_pitcher,absz_attack_direction,all,False,False,unpooled,10,4,52,0.4469282832226994,0.39387609006898355,0.5034979825588962,0.15384615384615385
full_year,absz_attack_direction__log_exposure_pitcher,log_exposure_pitcher,absz_attack_direction,all,False,False,unpooled,10,5,47,0.48268351513842395,0.41829571227994383,0.551881052669475,0.2127659574468085
full_year,absz_attack_direction__log_exposure_pitcher,log_exposure_pitcher,absz_attack_direction,all,False,False,unpooled,10,6,52,0.5161395288298841,0.46099342704672647,0.5708756345177664,0.21153846153846154
full_year,absz_attack_direction__log_exposure_pitcher,log_exposure_pitcher,absz_attack_direction,all,False,False,unpooled,10,7,50,0.5177326565143824,0.45486463620981393,0.5801167512690355,0.2
full_year,absz_attack_direction__log_exposure_pitcher,log_exposure_pitcher,absz_attack_direction,all,False,False,unpooled,10,8,51,0.5385521382834014,0.47429912743439173,0.6025248001061676,0.27450980392156865
full_year,absz_attack_direction__log_exposure_pitcher,log_exposure_pitcher,absz_attack_direction,all,False,False,unpooled,10,9,43,0.5783850785031283,0.5028292606146461,0.652839098099398,0.3953488372093023
full_year,absz_attack_direction__log_exposure_pitcher,log_exposure_pitcher,absz_attack_direction,all,False,False,unpooled,10,10,37,0.42792792792792794,0.3489824850230942,0.5084831023917318,0.2702702702702703
full_year,absz_attack_direction__log_exposure_pitcher,log_exposure_pitcher,absz_attack_direction,all,False,False,pooled,4,1,126,0.4864636209813875,0.4427832836462279,0.524568930787205,0.23015873015873015
full_year,absz_attack_direction__log_exposure_pitcher,log_exposure_pitcher,absz_attack_direction,all,False,False,pooled,4,2,109,0.47615610301308625,0.42991974417485523,0.521834396684208,0.22018348623853212
full_year,absz_attack_direction__log_exposure_pitcher,log_exposure_pitcher,absz_attack_direction,all,False,False,pooled,4,3,112,0.5217095721537347,0.4776075658689872,0.5654829888808316,0.2767857142857143
full_year,absz_attack_direction__log_exposure_pitcher,log_exposure_pitcher,absz_attack_direction,all,False,False,pooled,4,4,118,0.5118586710258395,0.46616765608420085,0.5584358599328917,0.3474576271186441
full_year,absz_attack_direction__log_exposure_pitcher,log_exposure_pitcher,absz_attack_direction,all,False,False,pooled,10,1,50,0.43915397631133674,0.35938409475465316,0.5171810490693739,0.24
full_year,absz_attack_direction__log_exposure_pitcher,log_exposure_pitcher,absz_attack_direction,all,False,False,pooled,10,2,49,0.52921371594323,0.4542957284436618,0.5969508615628991,0.24489795918367346
full_year,absz_attack_direction__log_exposure_pitcher,log_exposure_pitcher,absz_attack_direction,all,False,False,pooled,10,3,49,0.5142270106011948,0.44480990365689427,0.5810870541109845,0.2653061224489796
full_year,absz_attack_direction__log_exposure_pitcher,log_exposure_pitcher,absz_attack_direction,all,False,False,pooled,10,4,44,0.48365636055991384,0.4164666974311645,0.5521573604060913,0.18181818181818182
full_year,absz_attack_direction__log_exposure_pitcher,log_exposure_pitcher,absz_attack_direction,all,False,False,pooled,10,5,43,0.4378664463070082,0.37323613898398456,0.5044130956597017,0.18604651162790697
full_year,absz_attack_direction__log_exposure_pitcher,log_exposure_pitcher,absz_attack_direction,all,False,False,pooled,10,6,40,0.4766074450084602,0.4010406091370558,0.5447208121827412,0.225
full_year,absz_attack_direction__log_exposure_pitcher,log_exposure_pitcher,absz_attack_direction,all,False,False,pooled,10,7,50,0.5237901861252116,0.45626565143824027,0.5862250423011844,0.28
full_year,absz_attack_direction__log_exposure_pitcher,log_exposure_pitcher,absz_attack_direction,all,False,False,pooled,10,8,44,0.5640670666051377,0.4822450392247347,0.641143670204584,0.38636363636363635
full_year,absz_attack_direction__log_exposure_pitcher,log_exposure_pitcher,absz_attack_direction,all,False,False,pooled,10,9,44,0.4841947392708814,0.4029380095369943,0.557114290109214,0.29545454545454547
full_year,absz_attack_direction__log_exposure_pitcher,log_exposure_pitcher,absz_attack_direction,all,False,False,pooled,10,10,52,0.5279513210985293,0.4634501496811142,0.5991181830014317,0.36538461538461536
full_year,absz_attack_direction__log_exposure_pa,log_exposure_pa,absz_attack_direction,all,False,False,unpooled,4,1,113,0.4846632668366581,0.4430245987700615,0.5294075296235189,0.2743362831858407
full_year,absz_attack_direction__log_exposure_pa,log_exposure_pa,absz_attack_direction,all,False,False,unpooled,4,2,124,0.5309185347184253,0.48953116457080376,0.5734984964461453,0.27419354838709675
full_year,absz_attack_direction__log_exposure_pa,log_exposure_pa,absz_attack_direction,all,False,False,unpooled,4,3,117,0.5101332753875127,0.472342459800087,0.5508481819498768,0.21367521367521367
full_year,absz_attack_direction__log_exposure_pa,log_exposure_pa,absz_attack_direction,all,False,False,unpooled,4,4,110,0.5160092449922958,0.47271109399075506,0.5591679506933744,0.24545454545454545
full_year,absz_attack_direction__log_exposure_pa,log_exposure_pa,absz_attack_direction,all,False,False,unpooled,10,1,38,0.49817127564674407,0.4206935771632471,0.5825735950044603,0.2894736842105263
full_year,absz_attack_direction__log_exposure_pa,log_exposure_pa,absz_attack_direction,all,False,False,unpooled,10,2,49,0.4541162227602906,0.3895001729505362,0.5258855067450708,0.20408163265306123
full_year,absz_attack_direction__log_exposure_pa,log_exposure_pa,absz_attack_direction,all,False,False,unpooled,10,3,52,0.5174054758800521,0.45015482398956974,0.5800684485006519,0.28846153846153844
full_year,absz_attack_direction__log_exposure_pa,log_exposure_pa,absz_attack_direction,all,False,False,unpooled,10,4,49,0.522224143894846,0.4499550328606019,0.5908180560359738,0.2857142857142857
full_year,absz_attack_direction__log_exposure_pa,log_exposure_pa,absz_attack_direction,all,False,False,unpooled,10,5,49,0.54948114839156,0.4827758561051539,0.6109685230024212,0.30612244897959184
full_year,absz_attack_direction__log_exposure_pa,log_exposure_pa,absz_attack_direction,all,False,False,unpooled,10,6,50,0.47376271186440677,0.41285593220338984,0.5297661016949153,0.14
full_year,absz_attack_direction__log_exposure_pa,log_exposure_pa,absz_attack_direction,all,False,False,unpooled,10,7,43,0.5133819471817107,0.4467599527000395,0.5806405202995665,0.2558139534883721
full_year,absz_attack_direction__log_exposure_pa,log_exposure_pa,absz_attack_direction,all,False,False,unpooled,10,8,50,0.5588813559322033,0.5043355932203389,0.6152050847457627,0.26
full_year,absz_attack_direction__log_exposure_pa,log_exposure_pa,absz_attack_direction,all,False,False,unpooled,10,9,45,0.45877589453860634,0.40137288135593213,0.5182523540489642,0.15555555555555556
full_year,absz_attack_direction__log_exposure_pa,log_exposure_pa,absz_attack_direction,all,False,False,unpooled,10,10,39,0.5665145588874402,0.4831095176010429,0.6411277705345502,0.358974358974359
full_year,absz_attack_direction__log_exposure_pa,log_exposure_pa,absz_attack_direction,all,False,False,pooled,4,1,126,0.4619854721549637,0.4182741458165187,0.5045217917675545,0.2619047619047619
full_year,absz_attack_direction__log_exposure_pa,log_exposure_pa,absz_attack_direction,all,False,False,pooled,4,2,111,0.5522598870056497,0.5054420522217132,0.6003611238357001,0.3333333333333333
full_year,absz_attack_direction__log_exposure_pa,log_exposure_pa,absz_attack_direction,all,False,False,pooled,4,3,105,0.5147941888619855,0.46875141242937857,0.5610363196125909,0.24761904761904763
full_year,absz_attack_direction__log_exposure_pa,log_exposure_pa,absz_attack_direction,all,False,False,pooled,4,4,122,0.5208530147263128,0.48265976660183385,0.5650632120033343,0.2540983606557377
full_year,absz_attack_direction__log_exposure_pa,log_exposure_pa,absz_attack_direction,all,False,False,pooled,10,1,50,0.44637288135593217,0.377264406779661,0.5199576271186441,0.28
full_year,absz_attack_direction__log_exposure_pa,log_exposure_pa,absz_attack_direction,all,False,False,pooled,10,2,54,0.4534526051475204,0.38897520401757685,0.5196610169491525,0.2037037037037037
full_year,absz_attack_direction__log_exposure_pa,log_exposure_pa,absz_attack_direction,all,False,False,pooled,10,3,48,0.48873587570621463,0.416131709039548,0.563135593220339,0.2708333333333333
full_year,absz_attack_direction__log_exposure_pa,log_exposure_pa,absz_attack_direction,all,False,False,pooled,10,4,44,0.596995377503852,0.5180797380585516,0.6788983050847458,0.45454545454545453
full_year,absz_attack_direction__log_exposure_pa,log_exposure_pa,absz_attack_direction,all,False,False,pooled,10,5,41,0.5604588673005374,0.49177966101694914,0.6284766432410087,0.2926829268292683
full_year,absz_attack_direction__log_exposure_pa,log_exposure_pa,absz_attack_direction,all,False,False,pooled,10,6,39,0.49463276836158204,0.43049978270317263,0.5663494132985658,0.1794871794871795
full_year,absz_attack_direction__log_exposure_pa,log_exposure_pa,absz_attack_direction,all,False,False,pooled,10,7,44,0.5097072419106317,0.4325269645608628,0.5852099383667182,0.29545454545454547
full_year,absz_attack_direction__log_exposure_pa,log_exposure_pa,absz_attack_direction,all,False,False,pooled,10,8,41,0.562525837122778,0.49550640760644893,0.623255477470029,0.2682926829268293
full_year,absz_attack_direction__log_exposure_pa,log_exposure_pa,absz_attack_direction,all,False,False,pooled,10,9,50,0.5463728813559322,0.4738830508474577,0.6123525423728814,0.34
full_year,absz_attack_direction__log_exposure_pa,log_exposure_pa,absz_attack_direction,all,False,False,pooled,10,10,53,0.48108410617204994,0.42086344739366804,0.5429549088583308,0.16981132075471697
full_year,absz_attack_direction__log_exposure_type,log_exposure_type,absz_attack_direction,all,False,False,unpooled,4,1,115,0.4980872507908482,0.4513940999043625,0.5394386816743911,0.23478260869565218
full_year,absz_attack_direction__log_exposure_type,log_exposure_type,absz_attack_direction,all,False,False,unpooled,4,2,118,0.5389170896785109,0.49972611775502607,0.575947116349766,0.2627118644067797
full_year,absz_attack_direction__log_exposure_type,log_exposure_type,absz_attack_direction,all,False,False,unpooled,4,3,126,0.4816829156930679,0.44161832245588595,0.5240989176268365,0.21428571428571427
full_year,absz_attack_direction__log_exposure_type,log_exposure_type,absz_attack_direction,all,False,False,unpooled,4,4,106,0.5311113239472591,0.48531430578169393,0.5747230469622961,0.3113207547169811
full_year,absz_attack_direction__log_exposure_type,log_exposure_type,absz_attack_direction,all,False,False,unpooled,10,1,41,0.4993396888283604,0.42897527960051174,0.5753518220461392,0.21951219512195122
full_year,absz_attack_direction__log_exposure_type,log_exposure_type,absz_attack_direction,all,False,False,unpooled,10,2,49,0.5205808211609517,0.4515487413239408,0.5927898062778412,0.30612244897959184
full_year,absz_attack_direction__log_exposure_type,log_exposure_type,absz_attack_direction,all,False,False,unpooled,10,3,49,0.5052488000276252,0.44713042577437057,0.5656479850823578,0.20408163265306123
full_year,absz_attack_direction__log_exposure_type,log_exposure_type,absz_attack_direction,all,False,False,unpooled,10,4,48,0.5070501974055274,0.4424157501410039,0.5682846869712351,0.2916666666666667
full_year,absz_attack_direction__log_exposure_type,log_exposure_type,absz_attack_direction,all,False,False,unpooled,10,5,46,0.5607665710292062,0.5089586551901714,0.6175053336276023,0.21739130434782608
full_year,absz_attack_direction__log_exposure_type,log_exposure_type,absz_attack_direction,all,False,False,unpooled,10,6,50,0.5171573604060914,0.450181049069374,0.5818020304568529,0.24
full_year,absz_attack_direction__log_exposure_type,log_exposure_type,absz_attack_direction,all,False,False,unpooled,10,7,50,0.4312013536379019,0.37523011844331633,0.4882267343485617,0.12
full_year,absz_attack_direction__log_exposure_type,log_exposure_type,absz_attack_direction,all,False,False,unpooled,10,8,51,0.5462492949802595,0.4770346040277363,0.6105835904581799,0.3333333333333333
full_year,absz_attack_direction__log_exposure_type,log_exposure_type,absz_attack_direction,all,False,False,unpooled,10,9,40,0.5546108291032149,0.4899640439932318,0.6168675972927241,0.225
full_year,absz_attack_direction__log_exposure_type,log_exposure_type,absz_attack_direction,all,False,False,unpooled,10,10,41,0.47631133671742804,0.39176468160620687,0.5650592216582064,0.3902439024390244
full_year,absz_attack_direction__log_exposure_type,log_exposure_type,absz_attack_direction,all,False,False,pooled,4,1,126,0.49480299734106836,0.45332769317540894,0.5380186930948353,0.2698412698412698
full_year,absz_attack_direction__log_exposure_type,log_exposure_type,absz_attack_direction,all,False,False,pooled,4,2,107,0.5360548413112578,0.4895622815756599,0.5828628809083289,0.2803738317757009
full_year,absz_attack_direction__log_exposure_type,log_exposure_type,absz_attack_direction,all,False,False,pooled,4,3,105,0.5106518411086939,0.4630327934896463,0.5546531302876481,0.23809523809523808
full_year,absz_attack_direction__log_exposure_type,log_exposure_type,absz_attack_direction,all,False,False,pooled,4,4,127,0.4925922965213105,0.4478896039010352,0.5384314587580105,0.30708661417322836
full_year,absz_attack_direction__log_exposure_type,log_exposure_type,absz_attack_direction,all,False,False,pooled,10,1,54,0.4581061603058218,0.39424390549602056,0.5256282509243592,0.2222222222222222
full_year,absz_attack_direction__log_exposure_type,log_exposure_type,absz_attack_direction,all,False,False,pooled,10,2,46,0.519348193923343,0.4348010005149709,0.6050025748547048,0.34782608695652173
full_year,absz_attack_direction__log_exposure_type,log_exposure_type,absz_attack_direction,all,False,False,pooled,10,3,50,0.5353299492385787,0.47312859560067677,0.5993265651438239,0.26
full_year,absz_attack_direction__log_exposure_type,log_exposure_type,absz_attack_direction,all,False,False,pooled,10,4,42,0.5235275159133027,0.4493936830231246,0.5905104342921601,0.2619047619047619
full_year,absz_attack_direction__log_exposure_type,log_exposure_type,absz_attack_direction,all,False,False,pooled,10,5,41,0.5444059262927655,0.47649704923445174,0.6082745243696092,0.2926829268292683
full_year,absz_attack_direction__log_exposure_type,log_exposure_type,absz_attack_direction,all,False,False,pooled,10,6,42,0.496777052614616,0.4193840141809685,0.5677221819353798,0.21428571428571427
full_year,absz_attack_direction__log_exposure_type,log_exposure_type,absz_attack_direction,all,False,False,pooled,10,7,41,0.5055713755107094,0.43603029177499897,0.5714497957162312,0.21951219512195122
full_year,absz_attack_direction__log_exposure_type,log_exposure_type,absz_attack_direction,all,False,False,pooled,10,8,45,0.47871780409851483,0.4059090054521527,0.5540270727580371,0.24444444444444444
full_year,absz_attack_direction__log_exposure_type,log_exposure_type,absz_attack_direction,all,False,False,pooled,10,9,52,0.5167252375374203,0.44502798386047115,0.588116621111545,0.3269230769230769
full_year,absz_attack_direction__log_exposure_type,log_exposure_type,absz_attack_direction,all,False,False,pooled,10,10,52,0.5033190160093715,0.42495932578419887,0.5760217363009241,0.34615384615384615
full_year,absz_attack_direction__log_kernel_exposure,log_kernel_exposure,absz_attack_direction,all,False,False,unpooled,4,1,108,0.4906780723193582,0.45004935138183866,0.5360398257817885,0.2037037037037037
full_year,absz_attack_direction__log_kernel_exposure,log_kernel_exposure,absz_attack_direction,all,False,False,unpooled,4,2,125,0.4969678510998309,0.461932318104907,0.5341285956006768,0.184
full_year,absz_attack_direction__log_kernel_exposure,log_kernel_exposure,absz_attack_direction,all,False,False,unpooled,4,3,125,0.5228494077834178,0.4843756345177666,0.563718443316413,0.288
full_year,absz_attack_direction__log_kernel_exposure,log_kernel_exposure,absz_attack_direction,all,False,False,unpooled,4,4,107,0.4957303477394563,0.4468333412400968,0.5472239353543021,0.27102803738317754
full_year,absz_attack_direction__log_kernel_exposure,log_kernel_exposure,absz_attack_direction,all,False,False,unpooled,10,1,40,0.49014382402707274,0.4140397631133672,0.5637563451776649,0.225
full_year,absz_attack_direction__log_kernel_exposure,log_kernel_exposure,absz_attack_direction,all,False,False,unpooled,10,2,43,0.48906071695588876,0.4234643686302286,0.5587789713925942,0.20930232558139536
full_year,absz_attack_direction__log_kernel_exposure,log_kernel_exposure,absz_attack_direction,all,False,False,unpooled,10,3,50,0.4826734348561759,0.4223570219966159,0.5414433164128595,0.18
full_year,absz_attack_direction__log_kernel_exposure,log_kernel_exposure,absz_attack_direction,all,False,False,unpooled,10,4,50,0.48859560067681906,0.4301658206429779,0.5488934010152284,0.18
full_year,absz_attack_direction__log_kernel_exposure,log_kernel_exposure,absz_attack_direction,all,False,False,unpooled,10,5,50,0.5183079526226734,0.46526565143824034,0.5711438240270726,0.18
full_year,absz_attack_direction__log_kernel_exposure,log_kernel_exposure,absz_attack_direction,all,False,False,unpooled,10,6,53,0.475225872362162,0.42043386648788433,0.5326868435335057,0.20754716981132076
full_year,absz_attack_direction__log_kernel_exposure,log_kernel_exposure,absz_attack_direction,all,False,False,unpooled,10,7,48,0.5748378454596729,0.5105999717992105,0.6401949379582628,0.3541666666666667
full_year,absz_attack_direction__log_kernel_exposure,log_kernel_exposure,absz_attack_direction,all,False,False,unpooled,10,8,49,0.5132601263855796,0.44331123312269066,0.5805259159501365,0.32653061224489793
full_year,absz_attack_direction__log_kernel_exposure,log_kernel_exposure,absz_attack_direction,all,False,False,unpooled,10,9,42,0.5492305213117396,0.4722202078801064,0.624462170655064,0.3333333333333333
full_year,absz_attack_direction__log_kernel_exposure,log_kernel_exposure,absz_attack_direction,all,False,False,unpooled,10,10,40,0.43506768189509304,0.3544373942470389,0.5143633671742808,0.175
full_year,absz_attack_direction__log_kernel_exposure,log_kernel_exposure,absz_attack_direction,all,False,False,pooled,4,1,123,0.47094630844785607,0.42607197391770874,0.5172485658866741,0.23577235772357724
full_year,absz_attack_direction__log_kernel_exposure,log_kernel_exposure,absz_attack_direction,all,False,False,pooled,4,2,112,0.4977640802513899,0.4561079888808315,0.5419068769639834,0.25892857142857145
full_year,absz_attack_direction__log_kernel_exposure,log_kernel_exposure,absz_attack_direction,all,False,False,pooled,4,3,112,0.5135363790186125,0.47054855571670295,0.5561472685520908,0.25892857142857145
full_year,absz_attack_direction__log_kernel_exposure,log_kernel_exposure,absz_attack_direction,all,False,False,pooled,4,4,118,0.529567810949554,0.48404456680719266,0.5790250652441997,0.3050847457627119
full_year,absz_attack_direction__log_kernel_exposure,log_kernel_exposure,absz_attack_direction,all,False,False,pooled,10,1,53,0.4655205440091945,0.3994955783290235,0.5281757813747088,0.22641509433962265
full_year,absz_attack_direction__log_kernel_exposure,log_kernel_exposure,absz_attack_direction,all,False,False,pooled,10,2,50,0.48209813874788493,0.41277664974619294,0.552497461928934,0.26
full_year,absz_attack_direction__log_kernel_exposure,log_kernel_exposure,absz_attack_direction,all,False,False,pooled,10,3,47,0.442830399251179,0.37593512618353314,0.509691471361198,0.19148936170212766
full_year,absz_attack_direction__log_kernel_exposure,log_kernel_exposure,absz_attack_direction,all,False,False,pooled,10,4,42,0.4920634920634921,0.4199359439207155,0.5577431310933849,0.23809523809523808
full_year,absz_attack_direction__log_kernel_exposure,log_kernel_exposure,absz_attack_direction,all,False,False,pooled,10,5,43,0.5446228308346123,0.4713296344390666,0.6155491283988509,0.32558139534883723
full_year,absz_attack_direction__log_kernel_exposure,log_kernel_exposure,absz_attack_direction,all,False,False,pooled,10,6,44,0.4725042301184434,0.40947161975080754,0.5380960621442855,0.13636363636363635
full_year,absz_attack_direction__log_kernel_exposure,log_kernel_exposure,absz_attack_direction,all,False,False,pooled,10,7,44,0.530649130902938,0.4526149823104138,0.610752191970466,0.36363636363636365
full_year,absz_attack_direction__log_kernel_exposure,log_kernel_exposure,absz_attack_direction,all,False,False,pooled,10,8,46,0.5649599058338851,0.49655521224159505,0.6331770028691238,0.34782608695652173
full_year,absz_attack_direction__log_kernel_exposure,log_kernel_exposure,absz_attack_direction,all,False,False,pooled,10,9,45,0.5213949990599736,0.4507332205301748,0.5943542019176536,0.3111111111111111
full_year,absz_attack_direction__log_kernel_exposure,log_kernel_exposure,absz_attack_direction,all,False,False,pooled,10,10,51,0.5179489731594838,0.44960518894529045,0.5871503931521848,0.2549019607843137
full_year,absz_attack_direction__log_exposure_sequence,log_exposure_sequence,absz_attack_direction,all,False,False,unpooled,4,1,108,0.48873535125650186,0.4404963338973491,0.5368200476280002,0.2222222222222222
full_year,absz_attack_direction__log_exposure_sequence,log_exposure_sequence,absz_attack_direction,all,False,False,unpooled,4,2,119,0.4768089977107595,0.4381322071975999,0.5145715138847418,0.18487394957983194
full_year,absz_attack_direction__log_exposure_sequence,log_exposure_sequence,absz_attack_direction,all,False,False,unpooled,4,3,131,0.5319034887175315,0.49313493754924365,0.571293964169928,0.2824427480916031
full_year,absz_attack_direction__log_exposure_sequence,log_exposure_sequence,absz_attack_direction,all,False,False,unpooled,4,4,107,0.5410202887550011,0.49556114300172366,0.5841271723832566,0.29906542056074764
full_year,absz_attack_direction__log_exposure_sequence,log_exposure_sequence,absz_attack_direction,all,False,False,unpooled,10,1,37,0.4966616362555448,0.4239013124799927,0.5761467050807152,0.24324324324324326
full_year,absz_attack_direction__log_exposure_sequence,log_exposure_sequence,absz_attack_direction,all,False,False,unpooled,10,2,46,0.4817553152357831,0.4168928860442874,0.5450857058780255,0.1956521739130435
full_year,absz_attack_direction__log_exposure_sequence,log_exposure_sequence,absz_attack_direction,all,False,False,unpooled,10,3,50,0.4940439932318105,0.42882402707275813,0.5596869712351946,0.22
full_year,absz_attack_direction__log_exposure_sequence,log_exposure_sequence,absz_attack_direction,all,False,False,unpooled,10,4,48,0.4684856175972927,0.4117932177100959,0.5316923998871967,0.20833333333333334
full_year,absz_attack_direction__log_exposure_sequence,log_exposure_sequence,absz_attack_direction,all,False,False,unpooled,10,5,46,0.47384683292871344,0.4155760317810638,0.5347292724196278,0.15217391304347827
full_year,absz_attack_direction__log_exposure_sequence,log_exposure_sequence,absz_attack_direction,all,False,False,unpooled,10,6,54,0.5813749451651312,0.5201760982640846,0.6427429968039107,0.35185185185185186
full_year,absz_attack_direction__log_exposure_sequence,log_exposure_sequence,absz_attack_direction,all,False,False,unpooled,10,7,53,0.5003511796443508,0.4431025125307283,0.5603438367972418,0.22641509433962265
full_year,absz_attack_direction__log_exposure_sequence,log_exposure_sequence,absz_attack_direction,all,False,False,unpooled,10,8,46,0.5118811152799235,0.4480431104244832,0.5731295519752815,0.2608695652173913
full_year,absz_attack_direction__log_exposure_sequence,log_exposure_sequence,absz_attack_direction,all,False,False,unpooled,10,9,45,0.567080278247791,0.49396503102086853,0.63604624929498,0.3333333333333333
full_year,absz_attack_direction__log_exposure_sequence,log_exposure_sequence,absz_attack_direction,all,False,False,unpooled,10,10,40,0.5147631133671743,0.4314043993231811,0.5956070219966159,0.275
full_year,absz_attack_direction__log_exposure_sequence,log_exposure_sequence,absz_attack_direction,all,False,False,pooled,4,1,124,0.47515146553135745,0.427471890180667,0.5171933846405764,0.24193548387096775
full_year,absz_attack_direction__log_exposure_sequence,log_exposure_sequence,absz_attack_direction,all,False,False,pooled,4,2,104,0.4860894181960172,0.438625048809059,0.5331096251464271,0.2403846153846154
full_year,absz_attack_direction__log_exposure_sequence,log_exposure_sequence,absz_attack_direction,all,False,False,pooled,4,3,113,0.5268481499782879,0.48297470913256374,0.5709589266729557,0.30973451327433627
full_year,absz_attack_direction__log_exposure_sequence,log_exposure_sequence,absz_attack_direction,all,False,False,pooled,4,4,124,0.5434610556192347,0.5004421156050434,0.584958517548169,0.3225806451612903
full_year,absz_attack_direction__log_exposure_sequence,log_exposure_sequence,absz_attack_direction,all,False,False,pooled,10,1,51,0.49671543744401314,0.4257191201353637,0.5597674264291165,0.27450980392156865
full_year,absz_attack_direction__log_exposure_sequence,log_exposure_sequence,absz_attack_direction,all,False,False,pooled,10,2,51,0.4347732324740387,0.3666915497163333,0.5029610829103214,0.21568627450980393
full_year,absz_attack_direction__log_exposure_sequence,log_exposure_sequence,absz_attack_direction,all,False,False,pooled,10,3,41,0.5277743386570921,0.4518468078081796,0.609906731047006,0.2682926829268293
full_year,absz_attack_direction__log_exposure_sequence,log_exposure_sequence,absz_attack_direction,all,False,False,pooled,10,4,45,0.48409475465313023,0.415846963714984,0.5473792066177853,0.2222222222222222
full_year,absz_attack_direction__log_exposure_sequence,log_exposure_sequence,absz_attack_direction,all,False,False,pooled,10,5,40,0.46357868020304577,0.3856472081218274,0.5372165820642978,0.225
full_year,absz_attack_direction__log_exposure_sequence,log_exposure_sequence,absz_attack_direction,all,False,False,pooled,10,6,43,0.5045252429858734,0.42873332546334564,0.5827135717939637,0.27906976744186046
full_year,absz_attack_direction__log_exposure_sequence,log_exposure_sequence,absz_attack_direction,all,False,False,pooled,10,7,46,0.5304936364305156,0.46872655043036854,0.5984771573604061,0.32608695652173914
full_year,absz_attack_direction__log_exposure_sequence,log_exposure_sequence,absz_attack_direction,all,False,False,pooled,10,8,49,0.5724127214337511,0.49403984944231505,0.6422787389067302,0.3469387755102041
full_year,absz_attack_direction__log_exposure_sequence,log_exposure_sequence,absz_attack_direction,all,False,False,pooled,10,9,50,0.5070389170896785,0.43863620981387474,0.5723857868020304,0.26
full_year,absz_attack_direction__log_exposure_sequence,log_exposure_sequence,absz_attack_direction,all,False,False,pooled,10,10,49,0.5597051003142373,0.4869349770364999,0.6368572809834594,0.3673469387755102
full_year,absz_attack_direction__log_kernel_h0.5_m5,log_kernel_h0.5_m5,absz_attack_direction,all,False,False,unpooled,4,1,108,0.47927314026121526,0.4324373777525396,0.521944602183103,0.2222222222222222
full_year,absz_attack_direction__log_kernel_h0.5_m5,log_kernel_h0.5_m5,absz_attack_direction,all,False,False,unpooled,4,2,126,0.49160379654417136,0.4539216083934994,0.5276554176468998,0.19047619047619047
full_year,absz_attack_direction__log_kernel_h0.5_m5,log_kernel_h0.5_m5,absz_attack_direction,all,False,False,unpooled,4,3,122,0.5308040327310303,0.4894741251710559,0.5734130198005977,0.2459016393442623
full_year,absz_attack_direction__log_kernel_h0.5_m5,log_kernel_h0.5_m5,absz_attack_direction,all,False,False,unpooled,4,4,107,0.48570268592080756,0.4396081771720613,0.5340842872836695,0.24299065420560748
full_year,absz_attack_direction__log_kernel_h0.5_m5,log_kernel_h0.5_m5,absz_attack_direction,all,False,False,unpooled,10,1,34,0.4687844473394127,0.38473043391121364,0.5560376791261649,0.2647058823529412
full_year,absz_attack_direction__log_kernel_h0.5_m5,log_kernel_h0.5_m5,absz_attack_direction,all,False,False,unpooled,10,2,51,0.47164044493436225,0.41528209239402747,0.5316965627818419,0.1568627450980392
full_year,absz_attack_direction__log_kernel_h0.5_m5,log_kernel_h0.5_m5,absz_attack_direction,all,False,False,unpooled,10,3,51,0.515165180211778,0.4560026054714901,0.5711176804623042,0.23529411764705882
full_year,absz_attack_direction__log_kernel_h0.5_m5,log_kernel_h0.5_m5,absz_attack_direction,all,False,False,unpooled,10,4,48,0.4822189097103918,0.42044293015332196,0.5408556927881885,0.16666666666666666
full_year,absz_attack_direction__log_kernel_h0.5_m5,log_kernel_h0.5_m5,absz_attack_direction,all,False,False,unpooled,10,5,50,0.48582623509369677,0.42629642248722316,0.5444344122657581,0.22
full_year,absz_attack_direction__log_kernel_h0.5_m5,log_kernel_h0.5_m5,absz_attack_direction,all,False,False,unpooled,10,6,51,0.4907806393426195,0.4348197882219328,0.5471406620569863,0.13725490196078433
full_year,absz_attack_direction__log_kernel_h0.5_m5,log_kernel_h0.5_m5,absz_attack_direction,all,False,False,unpooled,10,7,48,0.5134156729131175,0.44282190516751846,0.5821656729131175,0.25
full_year,absz_attack_direction__log_kernel_h0.5_m5,log_kernel_h0.5_m5,absz_attack_direction,all,False,False,unpooled,10,8,47,0.5382036318822718,0.46780057269201486,0.606712820326942,0.3191489361702128
full_year,absz_attack_direction__log_kernel_h0.5_m5,log_kernel_h0.5_m5,absz_attack_direction,all,False,False,unpooled,10,9,46,0.5411080660691799,0.4731890230353308,0.608734538182357,0.30434782608695654
full_year,absz_attack_direction__log_kernel_h0.5_m5,log_kernel_h0.5_m5,absz_attack_direction,all,False,False,unpooled,10,10,37,0.4558911552097241,0.3722454993323818,0.536930797918873,0.21621621621621623
full_year,absz_attack_direction__log_kernel_h0.5_m5,log_kernel_h0.5_m5,absz_attack_direction,all,False,False,pooled,4,1,130,0.47436771065391165,0.4323719040754816,0.5159533481850347,0.26153846153846155
full_year,absz_attack_direction__log_kernel_h0.5_m5,log_kernel_h0.5_m5,absz_attack_direction,all,False,False,pooled,4,2,105,0.5004056136935182,0.4532879045996593,0.5485965766204266,0.22857142857142856
full_year,absz_attack_direction__log_kernel_h0.5_m5,log_kernel_h0.5_m5,absz_attack_direction,all,False,False,pooled,4,3,110,0.47096174694130405,0.42433715347684686,0.5183072634350319,0.21818181818181817
full_year,absz_attack_direction__log_kernel_h0.5_m5,log_kernel_h0.5_m5,absz_attack_direction,all,False,False,pooled,4,4,118,0.55916322582508,0.5117027112869229,0.6026679756301792,0.3559322033898305
full_year,absz_attack_direction__log_kernel_h0.5_m5,log_kernel_h0.5_m5,absz_attack_direction,all,False,False,pooled,10,1,55,0.48265448350627227,0.417886015177327,0.549298435806102,0.2727272727272727
full_year,absz_attack_direction__log_kernel_h0.5_m5,log_kernel_h0.5_m5,absz_attack_direction,all,False,False,pooled,10,2,50,0.5051107325383305,0.437541737649063,0.5775706984667802,0.32
full_year,absz_attack_direction__log_kernel_h0.5_m5,log_kernel_h0.5_m5,absz_attack_direction,all,False,False,pooled,10,3,45,0.4264054514480408,0.3613212190043536,0.49307401097861053,0.15555555555555556
full_year,absz_attack_direction__log_kernel_h0.5_m5,log_kernel_h0.5_m5,absz_attack_direction,all,False,False,pooled,10,4,43,0.513905946674062,0.4353829087595578,0.5811457549225467,0.20930232558139536
full_year,absz_attack_direction__log_kernel_h0.5_m5,log_kernel_h0.5_m5,absz_attack_direction,all,False,False,pooled,10,5,42,0.5029204185933318,0.42641964792731396,0.576131662204916,0.2619047619047619
full_year,absz_attack_direction__log_kernel_h0.5_m5,log_kernel_h0.5_m5,absz_attack_direction,all,False,False,pooled,10,6,42,0.5332197614991482,0.46924231362050783,0.6004745680214165,0.23809523809523808
full_year,absz_attack_direction__log_kernel_h0.5_m5,log_kernel_h0.5_m5,absz_attack_direction,all,False,False,pooled,10,7,49,0.41423008726488886,0.34413134930292394,0.48385599554983827,0.16326530612244897
full_year,absz_attack_direction__log_kernel_h0.5_m5,log_kernel_h0.5_m5,absz_attack_direction,all,False,False,pooled,10,8,43,0.5316944653539876,0.46129313418644274,0.6050334772790302,0.3488372093023256
full_year,absz_attack_direction__log_kernel_h0.5_m5,log_kernel_h0.5_m5,absz_attack_direction,all,False,False,pooled,10,9,40,0.5364565587734241,0.4585817717206133,0.6184178023850085,0.35
full_year,absz_attack_direction__log_kernel_h0.5_m5,log_kernel_h0.5_m5,absz_attack_direction,all,False,False,pooled,10,10,54,0.5698782257555681,0.5108114076597893,0.6339422045554925,0.35185185185185186
full_year,absz_attack_direction__log_kernel_h0.5_m20,log_kernel_h0.5_m20,absz_attack_direction,all,False,False,unpooled,4,1,110,0.5005383787109674,0.4599769266266728,0.5443547146592832,0.22727272727272727
full_year,absz_attack_direction__log_kernel_h0.5_m20,log_kernel_h0.5_m20,absz_attack_direction,all,False,False,unpooled,4,2,127,0.4756851459557404,0.4390589818404678,0.5128489015015255,0.1732283464566929
full_year,absz_attack_direction__log_kernel_h0.5_m20,log_kernel_h0.5_m20,absz_attack_direction,all,False,False,unpooled,4,3,123,0.5166453441184158,0.47660641327225456,0.5567000949197309,0.2764227642276423
full_year,absz_attack_direction__log_kernel_h0.5_m20,log_kernel_h0.5_m20,absz_attack_direction,all,False,False,unpooled,4,4,105,0.4987752799935542,0.4488139553621787,0.5494255096285553,0.26666666666666666
full_year,absz_attack_direction__log_kernel_h0.5_m20,log_kernel_h0.5_m20,absz_attack_direction,all,False,False,unpooled,10,1,36,0.4836905433352132,0.4041502162060538,0.5639311900733222,0.3055555555555556
full_year,absz_attack_direction__log_kernel_h0.5_m20,log_kernel_h0.5_m20,absz_attack_direction,all,False,False,unpooled,10,2,47,0.49600388810886703,0.436636425819923,0.5571263995391871,0.19148936170212766
full_year,absz_attack_direction__log_kernel_h0.5_m20,log_kernel_h0.5_m20,absz_attack_direction,all,False,False,unpooled,10,3,52,0.4681764935572043,0.40882142392294674,0.5303868931407002,0.1346153846153846
full_year,absz_attack_direction__log_kernel_h0.5_m20,log_kernel_h0.5_m20,absz_attack_direction,all,False,False,unpooled,10,4,50,0.49604060913705583,0.4394923857868021,0.5534754653130287,0.16
full_year,absz_attack_direction__log_kernel_h0.5_m20,log_kernel_h0.5_m20,absz_attack_direction,all,False,False,unpooled,10,5,52,0.4922881686841078,0.4292805544709098,0.5540300013015749,0.23076923076923078
full_year,absz_attack_direction__log_kernel_h0.5_m20,log_kernel_h0.5_m20,absz_attack_direction,all,False,False,unpooled,10,6,50,0.4902876480541455,0.4269644670050761,0.549730964467005,0.2
full_year,absz_attack_direction__log_kernel_h0.5_m20,log_kernel_h0.5_m20,absz_attack_direction,all,False,False,unpooled,10,7,49,0.5294209054180048,0.4643185192858869,0.5985410407817949,0.3469387755102041
full_year,absz_attack_direction__log_kernel_h0.5_m20,log_kernel_h0.5_m20,absz_attack_direction,all,False,False,unpooled,10,8,47,0.5521654606328978,0.47975663318572914,0.6185099182777116,0.2978723404255319
full_year,absz_attack_direction__log_kernel_h0.5_m20,log_kernel_h0.5_m20,absz_attack_direction,all,False,False,unpooled,10,9,45,0.5416243654822335,0.46488625681519075,0.6141962774957699,0.3333333333333333
full_year,absz_attack_direction__log_kernel_h0.5_m20,log_kernel_h0.5_m20,absz_attack_direction,all,False,False,unpooled,10,10,37,0.4091324827365436,0.3240613710156857,0.49314720812182733,0.16216216216216217
full_year,absz_attack_direction__log_kernel_h0.5_m20,log_kernel_h0.5_m20,absz_attack_direction,all,False,False,pooled,4,1,130,0.46986854093453073,0.4258460236886633,0.5102739815176363,0.25384615384615383
full_year,absz_attack_direction__log_kernel_h0.5_m20,log_kernel_h0.5_m20,absz_attack_direction,all,False,False,pooled,4,2,108,0.5173904869336342,0.4740035721000187,0.5602470702513003,0.25
full_year,absz_attack_direction__log_kernel_h0.5_m20,log_kernel_h0.5_m20,absz_attack_direction,all,False,False,pooled,4,3,110,0.47214274726965083,0.4234540839870789,0.5178703276419012,0.24545454545454545
full_year,absz_attack_direction__log_kernel_h0.5_m20,log_kernel_h0.5_m20,absz_attack_direction,all,False,False,pooled,4,4,117,0.5478256468104185,0.502816463476362,0.594292594038787,0.3247863247863248
full_year,absz_attack_direction__log_kernel_h0.5_m20,log_kernel_h0.5_m20,absz_attack_direction,all,False,False,pooled,10,1,55,0.47683433317951085,0.4189847715736041,0.5343747115828333,0.2
full_year,absz_attack_direction__log_kernel_h0.5_m20,log_kernel_h0.5_m20,absz_attack_direction,all,False,False,pooled,10,2,51,0.4904449089280382,0.4234813045353505,0.5585050263760327,0.29411764705882354
full_year,absz_attack_direction__log_kernel_h0.5_m20,log_kernel_h0.5_m20,absz_attack_direction,all,False,False,pooled,10,3,46,0.4384609725594056,0.36921209446038394,0.5131942911792835,0.2391304347826087
full_year,absz_attack_direction__log_kernel_h0.5_m20,log_kernel_h0.5_m20,absz_attack_direction,all,False,False,pooled,10,4,43,0.5656356982646678,0.4896765435013576,0.6396549010349034,0.3023255813953488
full_year,absz_attack_direction__log_kernel_h0.5_m20,log_kernel_h0.5_m20,absz_attack_direction,all,False,False,pooled,10,5,43,0.4937433596977925,0.4240428127336403,0.5659150828316215,0.23255813953488372
full_year,absz_attack_direction__log_kernel_h0.5_m20,log_kernel_h0.5_m20,absz_attack_direction,all,False,False,pooled,10,6,41,0.49546036069497756,0.4161177830052412,0.5723886756634065,0.21951219512195122
full_year,absz_attack_direction__log_kernel_h0.5_m20,log_kernel_h0.5_m20,absz_attack_direction,all,False,False,pooled,10,7,49,0.46315480506923573,0.3953002520805277,0.528027556200145,0.24489795918367346
full_year,absz_attack_direction__log_kernel_h0.5_m20,log_kernel_h0.5_m20,absz_attack_direction,all,False,False,pooled,10,8,43,0.49134301341832926,0.41283398260732695,0.5690217605162713,0.27906976744186046
full_year,absz_attack_direction__log_kernel_h0.5_m20,log_kernel_h0.5_m20,absz_attack_direction,all,False,False,pooled,10,9,42,0.6508339376359681,0.5740875030215131,0.7230964467005074,0.47619047619047616
full_year,absz_attack_direction__log_kernel_h0.5_m20,log_kernel_h0.5_m20,absz_attack_direction,all,False,False,pooled,10,10,52,0.472308993882598,0.4105053364571132,0.5409361577508786,0.23076923076923078
full_year,absz_attack_direction__log_kernel_h1_m5,log_kernel_h1_m5,absz_attack_direction,all,False,False,unpooled,4,1,108,0.4908819836785938,0.448350596359071,0.5339194915254237,0.21296296296296297
full_year,absz_attack_direction__log_kernel_h1_m5,log_kernel_h1_m5,absz_attack_direction,all,False,False,unpooled,4,2,126,0.477320419693301,0.438237826203928,0.5133622545063223,0.19047619047619047
full_year,absz_attack_direction__log_kernel_h1_m5,log_kernel_h1_m5,absz_attack_direction,all,False,False,unpooled,4,3,122,0.540025006946374,0.5024305362600722,0.5770429285912753,0.2459016393442623
full_year,absz_attack_direction__log_kernel_h1_m5,log_kernel_h1_m5,absz_attack_direction,all,False,False,unpooled,4,4,109,0.5014849945576115,0.45074871715129833,0.5495684963458249,0.28440366972477066
full_year,absz_attack_direction__log_kernel_h1_m5,log_kernel_h1_m5,absz_attack_direction,all,False,False,unpooled,10,1,39,0.4789004780530205,0.4029313342025207,0.5519600173837462,0.2564102564102564
full_year,absz_attack_direction__log_kernel_h1_m5,log_kernel_h1_m5,absz_attack_direction,all,False,False,unpooled,10,2,46,0.4976787030213707,0.4312398673544585,0.5662509211495947,0.2391304347826087
full_year,absz_attack_direction__log_kernel_h1_m5,log_kernel_h1_m5,absz_attack_direction,all,False,False,unpooled,10,3,47,0.46114316624594304,0.3993292463036422,0.5185863685539126,0.1276595744680851
full_year,absz_attack_direction__log_kernel_h1_m5,log_kernel_h1_m5,absz_attack_direction,all,False,False,unpooled,10,4,47,0.5093580959249909,0.4481085467003245,0.5741309051568697,0.23404255319148937
full_year,absz_attack_direction__log_kernel_h1_m5,log_kernel_h1_m5,absz_attack_direction,all,False,False,unpooled,10,5,55,0.4722496147919877,0.4142295839753467,0.5306286594761171,0.16363636363636364
full_year,absz_attack_direction__log_kernel_h1_m5,log_kernel_h1_m5,absz_attack_direction,all,False,False,unpooled,10,6,48,0.5089336158192089,0.44929378531073444,0.5645515536723164,0.20833333333333334
full_year,absz_attack_direction__log_kernel_h1_m5,log_kernel_h1_m5,absz_attack_direction,all,False,False,unpooled,10,7,50,0.5670169491525424,0.5069067796610169,0.6243966101694914,0.28
full_year,absz_attack_direction__log_kernel_h1_m5,log_kernel_h1_m5,absz_attack_direction,all,False,False,unpooled,10,8,49,0.5165167762020062,0.4532670356278104,0.5823140781736422,0.2857142857142857
full_year,absz_attack_direction__log_kernel_h1_m5,log_kernel_h1_m5,absz_attack_direction,all,False,False,unpooled,10,9,44,0.4919491525423728,0.4149325885978428,0.5742584745762711,0.29545454545454547
full_year,absz_attack_direction__log_kernel_h1_m5,log_kernel_h1_m5,absz_attack_direction,all,False,False,unpooled,10,10,40,0.5202542372881356,0.4389364406779661,0.5965741525423729,0.25
full_year,absz_attack_direction__log_kernel_h1_m5,log_kernel_h1_m5,absz_attack_direction,all,False,False,pooled,4,1,125,0.47294237288135593,0.4295274576271186,0.5185735593220339,0.256
full_year,absz_attack_direction__log_kernel_h1_m5,log_kernel_h1_m5,absz_attack_direction,all,False,False,pooled,4,2,110,0.48731895223420657,0.4415747303543914,0.5319468412942989,0.23636363636363636
full_year,absz_attack_direction__log_kernel_h1_m5,log_kernel_h1_m5,absz_attack_direction,all,False,False,pooled,4,3,110,0.5071340523882897,0.45828890600924505,0.5544838212634822,0.2727272727272727
full_year,absz_attack_direction__log_kernel_h1_m5,log_kernel_h1_m5,absz_attack_direction,all,False,False,pooled,4,4,120,0.5440112994350284,0.5006200564971751,0.5849879943502824,0.2916666666666667
full_year,absz_attack_direction__log_kernel_h1_m5,log_kernel_h1_m5,absz_attack_direction,all,False,False,pooled,10,1,53,0.4549248480972177,0.3867748640869842,0.5268628078030061,0.24528301886792453
full_year,absz_attack_direction__log_kernel_h1_m5,log_kernel_h1_m5,absz_attack_direction,all,False,False,pooled,10,2,48,0.48128531073446323,0.4044668079096045,0.5541084039548022,0.2708333333333333
full_year,absz_attack_direction__log_kernel_h1_m5,log_kernel_h1_m5,absz_attack_direction,all,False,False,pooled,10,3,46,0.468680913780398,0.4050423728813559,0.5342207074428889,0.2391304347826087
full_year,absz_attack_direction__log_kernel_h1_m5,log_kernel_h1_m5,absz_attack_direction,all,False,False,pooled,10,4,45,0.5143314500941619,0.4407514124293785,0.5856798493408663,0.26666666666666666
full_year,absz_attack_direction__log_kernel_h1_m5,log_kernel_h1_m5,absz_attack_direction,all,False,False,pooled,10,5,43,0.4838588884509263,0.41267836026803323,0.5543929838391801,0.20930232558139536
full_year,absz_attack_direction__log_kernel_h1_m5,log_kernel_h1_m5,absz_attack_direction,all,False,False,pooled,10,6,42,0.5156577885391445,0.45023809523809527,0.5894491525423728,0.23809523809523808
full_year,absz_attack_direction__log_kernel_h1_m5,log_kernel_h1_m5,absz_attack_direction,all,False,False,pooled,10,7,45,0.5220527306967985,0.44833521657250464,0.5978851224105461,0.3111111111111111
full_year,absz_attack_direction__log_kernel_h1_m5,log_kernel_h1_m5,absz_attack_direction,all,False,False,pooled,10,8,49,0.4902628848149429,0.41821169145624354,0.5620096852300241,0.2857142857142857
full_year,absz_attack_direction__log_kernel_h1_m5,log_kernel_h1_m5,absz_attack_direction,all,False,False,pooled,10,9,41,0.5979950392724267,0.5341608102521703,0.6670338983050847,0.36585365853658536
full_year,absz_attack_direction__log_kernel_h1_m5,log_kernel_h1_m5,absz_attack_direction,all,False,False,pooled,10,10,53,0.5165174288455389,0.44796610169491524,0.5831995522865366,0.22641509433962265
full_year,absz_attack_direction__log_kernel_h2_m5,log_kernel_h2_m5,absz_attack_direction,all,False,False,unpooled,4,1,110,0.4825103830179972,0.4392924165512998,0.5268358714043992,0.20909090909090908
full_year,absz_attack_direction__log_kernel_h2_m5,log_kernel_h2_m5,absz_attack_direction,all,False,False,unpooled,4,2,124,0.48744610010370615,0.4495694831068174,0.52498021396212,0.20967741935483872
full_year,absz_attack_direction__log_kernel_h2_m5,log_kernel_h2_m5,absz_attack_direction,all,False,False,unpooled,4,3,123,0.5260547783142806,0.4869801769083681,0.5657085276436521,0.21951219512195122
full_year,absz_attack_direction__log_kernel_h2_m5,log_kernel_h2_m5,absz_attack_direction,all,False,False,unpooled,4,4,108,0.5185968540452467,0.4690668672056152,0.5680069875289842,0.3055555555555556
full_year,absz_attack_direction__log_kernel_h2_m5,log_kernel_h2_m5,absz_attack_direction,all,False,False,unpooled,10,1,37,0.5043901769790093,0.43497736314995195,0.5858988430054419,0.24324324324324326
full_year,absz_attack_direction__log_kernel_h2_m5,log_kernel_h2_m5,absz_attack_direction,all,False,False,unpooled,10,2,49,0.490572878897752,0.42733174488069336,0.5517006802721087,0.1836734693877551
full_year,absz_attack_direction__log_kernel_h2_m5,log_kernel_h2_m5,absz_attack_direction,all,False,False,unpooled,10,3,47,0.43757425207905826,0.37189221298196345,0.5118461316916874,0.2127659574468085
full_year,absz_attack_direction__log_kernel_h2_m5,log_kernel_h2_m5,absz_attack_direction,all,False,False,unpooled,10,4,50,0.5065651438240271,0.4535313028764805,0.5625702199661591,0.18
full_year,absz_attack_direction__log_kernel_h2_m5,log_kernel_h2_m5,absz_attack_direction,all,False,False,unpooled,10,5,51,0.48871968415115624,0.42488304966656704,0.54386715769218,0.23529411764705882
full_year,absz_attack_direction__log_kernel_h2_m5,log_kernel_h2_m5,absz_attack_direction,all,False,False,unpooled,10,6,49,0.4833212472806382,0.4268016851410615,0.5394005317863185,0.14285714285714285
full_year,absz_attack_direction__log_kernel_h2_m5,log_kernel_h2_m5,absz_attack_direction,all,False,False,unpooled,10,7,51,0.573521117414817,0.5082512192694337,0.6352659168574367,0.29411764705882354
full_year,absz_attack_direction__log_kernel_h2_m5,log_kernel_h2_m5,absz_attack_direction,all,False,False,unpooled,10,8,46,0.5251232251894357,0.4581475759582137,0.5928952401971603,0.2826086956521739
full_year,absz_attack_direction__log_kernel_h2_m5,log_kernel_h2_m5,absz_attack_direction,all,False,False,unpooled,10,9,45,0.4618349313780787,0.38692799398383154,0.5379996239894717,0.2222222222222222
full_year,absz_attack_direction__log_kernel_h2_m5,log_kernel_h2_m5,absz_attack_direction,all,False,False,unpooled,10,10,40,0.5710659898477157,0.4887923011844332,0.6469564297800339,0.375
full_year,absz_attack_direction__log_kernel_h2_m5,log_kernel_h2_m5,absz_attack_direction,all,False,False,pooled,4,1,122,0.4461179995007073,0.40091190258245263,0.4910571135336052,0.22131147540983606
full_year,absz_attack_direction__log_kernel_h2_m5,log_kernel_h2_m5,absz_attack_direction,all,False,False,pooled,4,2,113,0.4985175868110147,0.45425183055568036,0.5435335339831994,0.25663716814159293
full_year,absz_attack_direction__log_kernel_h2_m5,log_kernel_h2_m5,absz_attack_direction,all,False,False,pooled,4,3,107,0.5232142574758449,0.4739685627085409,0.5663377453073358,0.2897196261682243
full_year,absz_attack_direction__log_kernel_h2_m5,log_kernel_h2_m5,absz_attack_direction,all,False,False,pooled,4,4,123,0.5438006410520957,0.5026247369072676,0.5847268650351478,0.2764227642276423
full_year,absz_attack_direction__log_kernel_h2_m5,log_kernel_h2_m5,absz_attack_direction,all,False,False,pooled,10,1,54,0.41354891270288907,0.34826721814877487,0.48290562135739806,0.2222222222222222
full_year,absz_attack_direction__log_kernel_h2_m5,log_kernel_h2_m5,absz_attack_direction,all,False,False,pooled,10,2,43,0.4693463975130838,0.3870912525085586,0.5504918742375948,0.23255813953488372
full_year,absz_attack_direction__log_kernel_h2_m5,log_kernel_h2_m5,absz_attack_direction,all,False,False,pooled,10,3,49,0.47489554197313444,0.40514002555336853,0.5429918160157464,0.24489795918367346
full_year,absz_attack_direction__log_kernel_h2_m5,log_kernel_h2_m5,absz_attack_direction,all,False,False,pooled,10,4,47,0.5251287036037009,0.4570759981279475,0.5976797350325809,0.3191489361702128
full_year,absz_attack_direction__log_kernel_h2_m5,log_kernel_h2_m5,absz_attack_direction,all,False,False,pooled,10,5,42,0.48320038675368615,0.42200265893159294,0.5485698170977359,0.16666666666666666
full_year,absz_attack_direction__log_kernel_h2_m5,log_kernel_h2_m5,absz_attack_direction,all,False,False,pooled,10,6,38,0.5222637812806127,0.4391931605663906,0.6064765339745303,0.3157894736842105
full_year,absz_attack_direction__log_kernel_h2_m5,log_kernel_h2_m5,absz_attack_direction,all,False,False,pooled,10,7,49,0.5776960530405056,0.517141475879692,0.6390793881004179,0.32653061224489793
full_year,absz_attack_direction__log_kernel_h2_m5,log_kernel_h2_m5,absz_attack_direction,all,False,False,pooled,10,8,44,0.4915782187355791,0.4210102291955084,0.5567989540070758,0.20454545454545456
full_year,absz_attack_direction__log_kernel_h2_m5,log_kernel_h2_m5,absz_attack_direction,all,False,False,pooled,10,9,46,0.5251600088280732,0.4625193114102846,0.5948741999558598,0.2608695652173913
full_year,absz_attack_direction__log_kernel_h2_m5,log_kernel_h2_m5,absz_attack_direction,all,False,False,pooled,10,10,53,0.5458768317210995,0.4703716119145676,0.6124094116144686,0.3018867924528302
full_year,absz_attack_direction__log_kernel_h2_m20,log_kernel_h2_m20,absz_attack_direction,all,False,False,unpooled,4,1,109,0.49689532591316227,0.4542308946118382,0.5402901317934151,0.27522935779816515
full_year,absz_attack_direction__log_kernel_h2_m20,log_kernel_h2_m20,absz_attack_direction,all,False,False,unpooled,4,2,124,0.4665274821243382,0.43436084274875825,0.49971207903498716,0.11290322580645161
full_year,absz_attack_direction__log_kernel_h2_m20,log_kernel_h2_m20,absz_attack_direction,all,False,False,unpooled,4,3,126,0.5412940133752316,0.5004726989498564,0.58177288964091,0.2698412698412698
full_year,absz_attack_direction__log_kernel_h2_m20,log_kernel_h2_m20,absz_attack_direction,all,False,False,unpooled,4,4,106,0.5114133384414008,0.46103901286594523,0.5590851770264662,0.3018867924528302
full_year,absz_attack_direction__log_kernel_h2_m20,log_kernel_h2_m20,absz_attack_direction,all,False,False,unpooled,10,1,41,0.5459328958771822,0.47539309149436676,0.6189199785398869,0.3170731707317073
full_year,absz_attack_direction__log_kernel_h2_m20,log_kernel_h2_m20,absz_attack_direction,all,False,False,unpooled,10,2,43,0.4827647267146736,0.4048852949277928,0.5535828119466415,0.27906976744186046
full_year,absz_attack_direction__log_kernel_h2_m20,log_kernel_h2_m20,absz_attack_direction,all,False,False,unpooled,10,3,50,0.4490016920473774,0.38417089678511,0.5091387478849407,0.16
full_year,absz_attack_direction__log_kernel_h2_m20,log_kernel_h2_m20,absz_attack_direction,all,False,False,unpooled,10,4,49,0.4958907420836355,0.44531924444904863,0.5455644186608654,0.10204081632653061
full_year,absz_attack_direction__log_kernel_h2_m20,log_kernel_h2_m20,absz_attack_direction,all,False,False,unpooled,10,5,50,0.4424027072758037,0.39079187817258887,0.5000287648054146,0.12
full_year,absz_attack_direction__log_kernel_h2_m20,log_kernel_h2_m20,absz_attack_direction,all,False,False,unpooled,10,6,52,0.5308798646362098,0.46878497982558903,0.5914714304308213,0.23076923076923078
full_year,absz_attack_direction__log_kernel_h2_m20,log_kernel_h2_m20,absz_attack_direction,all,False,False,unpooled,10,7,47,0.5219246138891889,0.4562173740864745,0.5898135147784137,0.2765957446808511
full_year,absz_attack_direction__log_kernel_h2_m20,log_kernel_h2_m20,absz_attack_direction,all,False,False,unpooled,10,8,54,0.5363476844018299,0.472852039857116,0.5983972551231435,0.25925925925925924
full_year,absz_attack_direction__log_kernel_h2_m20,log_kernel_h2_m20,absz_attack_direction,all,False,False,unpooled,10,9,41,0.5610787833766663,0.47891131195575914,0.6411023069621559,0.3902439024390244
full_year,absz_attack_direction__log_kernel_h2_m20,log_kernel_h2_m20,absz_attack_direction,all,False,False,unpooled,10,10,38,0.48183275447502005,0.3952533618309734,0.5670406981921808,0.2894736842105263
full_year,absz_attack_direction__log_kernel_h2_m20,log_kernel_h2_m20,absz_attack_direction,all,False,False,pooled,4,1,124,0.4657769772392337,0.42081491184978986,0.5104306533486164,0.24193548387096775
full_year,absz_attack_direction__log_kernel_h2_m20,log_kernel_h2_m20,absz_attack_direction,all,False,False,pooled,4,2,109,0.4728806718514724,0.4295681398345209,0.5143249662366693,0.2018348623853211
full_year,absz_attack_direction__log_kernel_h2_m20,log_kernel_h2_m20,absz_attack_direction,all,False,False,pooled,4,3,109,0.5262655427746472,0.47960306741799785,0.5689889628836213,0.27522935779816515
full_year,absz_attack_direction__log_kernel_h2_m20,log_kernel_h2_m20,absz_attack_direction,all,False,False,pooled,4,4,123,0.5475148913925688,0.5031117163963518,0.5922434072056457,0.34959349593495936
full_year,absz_attack_direction__log_kernel_h2_m20,log_kernel_h2_m20,absz_attack_direction,all,False,False,pooled,10,1,52,0.4009176103084732,0.334626773395809,0.47420929324482625,0.23076923076923078
full_year,absz_attack_direction__log_kernel_h2_m20,log_kernel_h2_m20,absz_attack_direction,all,False,False,pooled,10,2,47,0.49024372682435097,0.41511682327105154,0.5669294740252727,0.2553191489361702
full_year,absz_attack_direction__log_kernel_h2_m20,log_kernel_h2_m20,absz_attack_direction,all,False,False,pooled,10,3,49,0.49564902102973163,0.4305086501605718,0.5597966089989295,0.20408163265306123
full_year,absz_attack_direction__log_kernel_h2_m20,log_kernel_h2_m20,absz_attack_direction,all,False,False,pooled,10,4,44,0.49850023073373323,0.42996846638978614,0.5719197046608215,0.29545454545454547
full_year,absz_attack_direction__log_kernel_h2_m20,log_kernel_h2_m20,absz_attack_direction,all,False,False,pooled,10,5,41,0.46805744707193264,0.4044942429119723,0.5296314638273286,0.12195121951219512
full_year,absz_attack_direction__log_kernel_h2_m20,log_kernel_h2_m20,absz_attack_direction,all,False,False,pooled,10,6,44,0.5622211967389632,0.49626788186432846,0.6281475926780495,0.2727272727272727
full_year,absz_attack_direction__log_kernel_h2_m20,log_kernel_h2_m20,absz_attack_direction,all,False,False,pooled,10,7,44,0.5254576219043224,0.4534129364713121,0.6025630672204275,0.3409090909090909
full_year,absz_attack_direction__log_kernel_h2_m20,log_kernel_h2_m20,absz_attack_direction,all,False,False,pooled,10,8,46,0.5154491282277643,0.43823659236371665,0.5858291032148899,0.2826086956521739
full_year,absz_attack_direction__log_kernel_h2_m20,log_kernel_h2_m20,absz_attack_direction,all,False,False,pooled,10,9,44,0.5620673742501153,0.4952372711890478,0.630941393631749,0.3409090909090909
full_year,absz_attack_direction__log_kernel_h2_m20,log_kernel_h2_m20,absz_attack_direction,all,False,False,pooled,10,10,54,0.5260700632951056,0.4602337532117567,0.5928150654885003,0.3333333333333333
full_year,absz_attack_direction__linear_exposure_pitcher,linear_exposure_pitcher,absz_attack_direction,all,False,False,unpooled,4,1,112,0.5089134638627025,0.4693029369108049,0.5545624848924342,0.21428571428571427
full_year,absz_attack_direction__linear_exposure_pitcher,linear_exposure_pitcher,absz_attack_direction,all,False,False,unpooled,4,2,123,0.4665304774875161,0.4276285199400217,0.5057254481174254,0.1951219512195122
full_year,absz_attack_direction__linear_exposure_pitcher,linear_exposure_pitcher,absz_attack_direction,all,False,False,unpooled,4,3,127,0.49185952009805883,0.4543347056237259,0.5288660617930372,0.2047244094488189
full_year,absz_attack_direction__linear_exposure_pitcher,linear_exposure_pitcher,absz_attack_direction,all,False,False,unpooled,4,4,103,0.5380957074565078,0.48627634583477075,0.5913639873178586,0.34951456310679613
full_year,absz_attack_direction__linear_exposure_pitcher,linear_exposure_pitcher,absz_attack_direction,all,False,False,unpooled,10,1,38,0.47537625790364235,0.39090301896874163,0.5537915219520883,0.23684210526315788
full_year,absz_attack_direction__linear_exposure_pitcher,linear_exposure_pitcher,absz_attack_direction,all,False,False,unpooled,10,2,48,0.5093767625493514,0.44846129441624366,0.5782924421883813,0.1875
full_year,absz_attack_direction__linear_exposure_pitcher,linear_exposure_pitcher,absz_attack_direction,all,False,False,unpooled,10,3,49,0.5092199316274734,0.45014157947442934,0.5682223143064332,0.1836734693877551
full_year,absz_attack_direction__linear_exposure_pitcher,linear_exposure_pitcher,absz_attack_direction,all,False,False,unpooled,10,4,47,0.4175216906073369,0.35558915649638195,0.4778827807178601,0.2127659574468085
full_year,absz_attack_direction__linear_exposure_pitcher,linear_exposure_pitcher,absz_attack_direction,all,False,False,unpooled,10,5,53,0.5149410975960157,0.45481435366982725,0.5715847779586885,0.20754716981132076
full_year,absz_attack_direction__linear_exposure_pitcher,linear_exposure_pitcher,absz_attack_direction,all,False,False,unpooled,10,6,53,0.4799508348497909,0.4232736327937937,0.5327554831912652,0.18867924528301888
full_year,absz_attack_direction__linear_exposure_pitcher,linear_exposure_pitcher,absz_attack_direction,all,False,False,unpooled,10,7,50,0.4652453468697124,0.40506937394247045,0.5281641285956007,0.2
full_year,absz_attack_direction__linear_exposure_pitcher,linear_exposure_pitcher,absz_attack_direction,all,False,False,unpooled,10,8,48,0.5621827411167513,0.4938804286520023,0.6293570219966158,0.2916666666666667
full_year,absz_attack_direction__linear_exposure_pitcher,linear_exposure_pitcher,absz_attack_direction,all,False,False,unpooled,10,9,41,0.5820023936279972,0.5106660888943915,0.6544158309603401,0.36585365853658536
full_year,absz_attack_direction__linear_exposure_pitcher,linear_exposure_pitcher,absz_attack_direction,all,False,False,unpooled,10,10,38,0.48272330572624444,0.3887924125033395,0.58263647697925,0.34210526315789475
full_year,absz_attack_direction__linear_exposure_pitcher,linear_exposure_pitcher,absz_attack_direction,all,False,False,pooled,4,1,129,0.473701124096591,0.43543527590865566,0.5151116882435499,0.21705426356589147
full_year,absz_attack_direction__linear_exposure_pitcher,linear_exposure_pitcher,absz_attack_direction,all,False,False,pooled,4,2,110,0.47074296262113513,0.4263667128134134,0.5153522534994617,0.24545454545454545
full_year,absz_attack_direction__linear_exposure_pitcher,linear_exposure_pitcher,absz_attack_direction,all,False,False,pooled,4,3,108,0.5052798145014729,0.45925534248292277,0.5508483737544652,0.25
full_year,absz_attack_direction__linear_exposure_pitcher,linear_exposure_pitcher,absz_attack_direction,all,False,False,pooled,4,4,118,0.5594080702056269,0.5119153115948265,0.6075604405058933,0.3813559322033898
full_year,absz_attack_direction__linear_exposure_pitcher,linear_exposure_pitcher,absz_attack_direction,all,False,False,pooled,10,1,50,0.4876142131979695,0.42453130287648055,0.5587851099830795,0.26
full_year,absz_attack_direction__linear_exposure_pitcher,linear_exposure_pitcher,absz_attack_direction,all,False,False,pooled,10,2,53,0.49118858346901634,0.42988698400536346,0.54659994253424,0.18867924528301888
full_year,absz_attack_direction__linear_exposure_pitcher,linear_exposure_pitcher,absz_attack_direction,all,False,False,pooled,10,3,47,0.42281383878748624,0.34609569067933904,0.5064891816970876,0.23404255319148937
full_year,absz_attack_direction__linear_exposure_pitcher,linear_exposure_pitcher,absz_attack_direction,all,False,False,pooled,10,4,47,0.44131835691399357,0.37014256399179174,0.5111945134463765,0.2127659574468085
full_year,absz_attack_direction__linear_exposure_pitcher,linear_exposure_pitcher,absz_attack_direction,all,False,False,pooled,10,5,42,0.5205060027395052,0.4550580130529369,0.5860667955845621,0.2619047619047619
full_year,absz_attack_direction__linear_exposure_pitcher,linear_exposure_pitcher,absz_attack_direction,all,False,False,pooled,10,6,43,0.5042891433518278,0.4297544563805927,0.5773737850706332,0.3023255813953488
full_year,absz_attack_direction__linear_exposure_pitcher,linear_exposure_pitcher,absz_attack_direction,all,False,False,pooled,10,7,40,0.48900169204737737,0.41742597292724193,0.5645198815566835,0.2
full_year,absz_attack_direction__linear_exposure_pitcher,linear_exposure_pitcher,absz_attack_direction,all,False,False,pooled,10,8,47,0.5674658890448933,0.4960704899737193,0.6334449364582208,0.2978723404255319
full_year,absz_attack_direction__linear_exposure_pitcher,linear_exposure_pitcher,absz_attack_direction,all,False,False,pooled,10,9,44,0.5795262267343486,0.4919896938932472,0.6621385171512075,0.4318181818181818
full_year,absz_attack_direction__linear_exposure_pitcher,linear_exposure_pitcher,absz_attack_direction,all,False,False,pooled,10,10,52,0.5224196277495771,0.4481615254457893,0.5941282702069504,0.34615384615384615
full_year,absz_attack_direction__saturating_exposure_pitcher,saturating_exposure_pitcher,absz_attack_direction,all,False,False,unpooled,4,1,105,0.5120107632093934,0.4644944553163731,0.5566332354859752,0.20952380952380953
full_year,absz_attack_direction__saturating_exposure_pitcher,saturating_exposure_pitcher,absz_attack_direction,all,False,False,unpooled,4,2,126,0.45337301587301587,0.41448684496629706,0.48813057186344844,0.18253968253968253
full_year,absz_attack_direction__saturating_exposure_pitcher,saturating_exposure_pitcher,absz_attack_direction,all,False,False,unpooled,4,3,125,0.5234589041095891,0.4851897260273972,0.5622965753424658,0.224
full_year,absz_attack_direction__saturating_exposure_pitcher,saturating_exposure_pitcher,absz_attack_direction,all,False,False,unpooled,4,4,104,0.5062565858798735,0.45726669520547947,0.5551287539515279,0.3173076923076923
full_year,absz_attack_direction__saturating_exposure_pitcher,saturating_exposure_pitcher,absz_attack_direction,all,False,False,unpooled,10,1,37,0.5168687523139578,0.4364286375416513,0.5990859866716028,0.2702702702702703
full_year,absz_attack_direction__saturating_exposure_pitcher,saturating_exposure_pitcher,absz_attack_direction,all,False,False,unpooled,10,2,47,0.5059931506849316,0.4400083794812008,0.570351209559895,0.14893617021276595
full_year,absz_attack_direction__saturating_exposure_pitcher,saturating_exposure_pitcher,absz_attack_direction,all,False,False,unpooled,10,3,47,0.48566380064121256,0.4216518507723695,0.5457483241037597,0.2127659574468085
full_year,absz_attack_direction__saturating_exposure_pitcher,saturating_exposure_pitcher,absz_attack_direction,all,False,False,unpooled,10,4,52,0.4646996838777661,0.40410958904109595,0.5258314673340359,0.19230769230769232
full_year,absz_attack_direction__saturating_exposure_pitcher,saturating_exposure_pitcher,absz_attack_direction,all,False,False,unpooled,10,5,48,0.4372859589041096,0.38049193778538815,0.49794877283105016,0.16666666666666666
full_year,absz_attack_direction__saturating_exposure_pitcher,saturating_exposure_pitcher,absz_attack_direction,all,False,False,unpooled,10,6,50,0.5381506849315068,0.47801027397260276,0.5977739726027397,0.26
full_year,absz_attack_direction__saturating_exposure_pitcher,saturating_exposure_pitcher,absz_attack_direction,all,False,False,unpooled,10,7,50,0.5114726027397261,0.44775171232876704,0.5721472602739726,0.18
full_year,absz_attack_direction__saturating_exposure_pitcher,saturating_exposure_pitcher,absz_attack_direction,all,False,False,unpooled,10,8,50,0.5505479452054794,0.4818801369863015,0.6107294520547945,0.3
full_year,absz_attack_direction__saturating_exposure_pitcher,saturating_exposure_pitcher,absz_attack_direction,all,False,False,unpooled,10,9,41,0.5539801202806548,0.4644712662880053,0.6273199966588707,0.36585365853658536
full_year,absz_attack_direction__saturating_exposure_pitcher,saturating_exposure_pitcher,absz_attack_direction,all,False,False,unpooled,10,10,38,0.404244772891132,0.318134913482336,0.48594989185291987,0.23684210526315788
full_year,absz_attack_direction__saturating_exposure_pitcher,saturating_exposure_pitcher,absz_attack_direction,all,False,False,pooled,4,1,124,0.49063742819266454,0.4483125276182059,0.5345448519664163,0.23387096774193547
full_year,absz_attack_direction__saturating_exposure_pitcher,saturating_exposure_pitcher,absz_attack_direction,all,False,False,pooled,4,2,109,0.46989286163126803,0.4246284717858489,0.5123334799547568,0.21100917431192662
full_year,absz_attack_direction__saturating_exposure_pitcher,saturating_exposure_pitcher,absz_attack_direction,all,False,False,pooled,4,3,111,0.536907626804887,0.4936335307910651,0.5829862396643218,0.3063063063063063
full_year,absz_attack_direction__saturating_exposure_pitcher,saturating_exposure_pitcher,absz_attack_direction,all,False,False,pooled,4,4,116,0.4974610297590931,0.4494722779877185,0.5478248996221067,0.31896551724137934
full_year,absz_attack_direction__saturating_exposure_pitcher,saturating_exposure_pitcher,absz_attack_direction,all,False,False,pooled,10,1,51,0.45499261348374964,0.3870433789954338,0.5277296535052377,0.2549019607843137
full_year,absz_attack_direction__saturating_exposure_pitcher,saturating_exposure_pitcher,absz_attack_direction,all,False,False,pooled,10,2,49,0.5051195135588482,0.43635553536483085,0.5761479591836733,0.20408163265306123
full_year,absz_attack_direction__saturating_exposure_pitcher,saturating_exposure_pitcher,absz_attack_direction,all,False,False,pooled,10,3,45,0.5473934550989346,0.47365106544901064,0.6174904870624047,0.3333333333333333
full_year,absz_attack_direction__saturating_exposure_pitcher,saturating_exposure_pitcher,absz_attack_direction,all,False,False,pooled,10,4,47,0.4310150102011075,0.3587128388225008,0.4972620955989506,0.14893617021276595
full_year,absz_attack_direction__saturating_exposure_pitcher,saturating_exposure_pitcher,absz_attack_direction,all,False,False,pooled,10,5,41,0.46857250250584703,0.40422652856665553,0.5273012028065487,0.17073170731707318
full_year,absz_attack_direction__saturating_exposure_pitcher,saturating_exposure_pitcher,absz_attack_direction,all,False,False,pooled,10,6,41,0.5189400267290344,0.44312771466755757,0.5965669896424992,0.2926829268292683
full_year,absz_attack_direction__saturating_exposure_pitcher,saturating_exposure_pitcher,absz_attack_direction,all,False,False,pooled,10,7,47,0.5222784902360827,0.46292079568638883,0.5814667735354123,0.2765957446808511
full_year,absz_attack_direction__saturating_exposure_pitcher,saturating_exposure_pitcher,absz_attack_direction,all,False,False,pooled,10,8,45,0.5357496194824962,0.4563736681887366,0.6198649162861491,0.35555555555555557
full_year,absz_attack_direction__saturating_exposure_pitcher,saturating_exposure_pitcher,absz_attack_direction,all,False,False,pooled,10,9,45,0.5042427701674276,0.4326674277016743,0.5784075342465753,0.28888888888888886
full_year,absz_attack_direction__saturating_exposure_pitcher,saturating_exposure_pitcher,absz_attack_direction,all,False,False,pooled,10,10,49,0.5036518031870283,0.4278131115459883,0.5785749231199329,0.3469387755102041
full_year,absz_swing_path_tilt__log_exposure_pitcher,log_exposure_pitcher,absz_swing_path_tilt,all,False,False,unpooled,4,1,100,0.4283248730964467,0.3767089678510998,0.47653807106598994,0.18
full_year,absz_swing_path_tilt__log_exposure_pitcher,log_exposure_pitcher,absz_swing_path_tilt,all,False,False,unpooled,4,2,125,0.49277157360406104,0.45791404399323177,0.5329637901861254,0.216
full_year,absz_swing_path_tilt__log_exposure_pitcher,log_exposure_pitcher,absz_swing_path_tilt,all,False,False,unpooled,4,3,129,0.5337491310221802,0.49436049790789494,0.5713604585579559,0.2868217054263566
full_year,absz_swing_path_tilt__log_exposure_pitcher,log_exposure_pitcher,absz_swing_path_tilt,all,False,False,unpooled,4,4,111,0.5144967302327708,0.4737351564762733,0.5609678206124907,0.24324324324324326
full_year,absz_swing_path_tilt__log_exposure_pitcher,log_exposure_pitcher,absz_swing_path_tilt,all,False,False,unpooled,10,1,41,0.3920803928851471,0.31719285213156695,0.4666398415253188,0.1951219512195122
full_year,absz_swing_path_tilt__log_exposure_pitcher,log_exposure_pitcher,absz_swing_path_tilt,all,False,False,unpooled,10,2,35,0.4881073241479332,0.4006478124244621,0.5772927241962773,0.22857142857142856
full_year,absz_swing_path_tilt__log_exposure_pitcher,log_exposure_pitcher,absz_swing_path_tilt,all,False,False,unpooled,10,3,50,0.40612521150592223,0.3467563451776649,0.46603214890016914,0.12
full_year,absz_swing_path_tilt__log_exposure_pitcher,log_exposure_pitcher,absz_swing_path_tilt,all,False,False,unpooled,10,4,52,0.5347195106078354,0.4793960692437848,0.5905831055577248,0.21153846153846154
full_year,absz_swing_path_tilt__log_exposure_pitcher,log_exposure_pitcher,absz_swing_path_tilt,all,False,False,unpooled,10,5,47,0.4927277963782986,0.42565611837131434,0.566069049933398,0.2553191489361702
full_year,absz_swing_path_tilt__log_exposure_pitcher,log_exposure_pitcher,absz_swing_path_tilt,all,False,False,unpooled,10,6,51,0.5383862512856242,0.47856242327726356,0.5972761354964998,0.27450980392156865
full_year,absz_swing_path_tilt__log_exposure_pitcher,log_exposure_pitcher,absz_swing_path_tilt,all,False,False,unpooled,10,7,54,0.5209312527417436,0.468402581938961,0.5747837939462305,0.2222222222222222
full_year,absz_swing_path_tilt__log_exposure_pitcher,log_exposure_pitcher,absz_swing_path_tilt,all,False,False,unpooled,10,8,46,0.5438460972559406,0.4690594423600383,0.61882586625469,0.391304347826087
full_year,absz_swing_path_tilt__log_exposure_pitcher,log_exposure_pitcher,absz_swing_path_tilt,all,False,False,unpooled,10,9,47,0.5322929042013176,0.4745436872232423,0.5920455772761637,0.2127659574468085
full_year,absz_swing_path_tilt__log_exposure_pitcher,log_exposure_pitcher,absz_swing_path_tilt,all,False,False,unpooled,10,10,42,0.4842881314962534,0.4131335105954395,0.558307146885827,0.23809523809523808
full_year,absz_swing_path_tilt__log_exposure_pitcher,log_exposure_pitcher,absz_swing_path_tilt,all,False,False,pooled,4,1,118,0.44681522269064217,0.4054159855459004,0.49436533883965694,0.2033898305084746
full_year,absz_swing_path_tilt__log_exposure_pitcher,log_exposure_pitcher,absz_swing_path_tilt,all,False,False,pooled,4,2,108,0.47436861565457167,0.42743388481544153,0.5213871655073009,0.25
full_year,absz_swing_path_tilt__log_exposure_pitcher,log_exposure_pitcher,absz_swing_path_tilt,all,False,False,pooled,4,3,117,0.5651221311119787,0.5177426352553256,0.6102737645884854,0.36752136752136755
full_year,absz_swing_path_tilt__log_exposure_pitcher,log_exposure_pitcher,absz_swing_path_tilt,all,False,False,pooled,4,4,122,0.5042301184433164,0.4621452941665973,0.5479230811905356,0.2459016393442623
full_year,absz_swing_path_tilt__log_exposure_pitcher,log_exposure_pitcher,absz_swing_path_tilt,all,False,False,pooled,10,1,50,0.38571912013536375,0.3222774957698816,0.4584805414551607,0.16
full_year,absz_swing_path_tilt__log_exposure_pitcher,log_exposure_pitcher,absz_swing_path_tilt,all,False,False,pooled,10,2,46,0.45909659383506213,0.38977598764069743,0.534039579195174,0.2391304347826087
full_year,absz_swing_path_tilt__log_exposure_pitcher,log_exposure_pitcher,absz_swing_path_tilt,all,False,False,pooled,10,3,46,0.4925697049952181,0.42497241227102195,0.5602184948135069,0.21739130434782608
full_year,absz_swing_path_tilt__log_exposure_pitcher,log_exposure_pitcher,absz_swing_path_tilt,all,False,False,pooled,10,4,47,0.4967599092774598,0.4230640457932822,0.5750369010332289,0.2978723404255319
full_year,absz_swing_path_tilt__log_exposure_pitcher,log_exposure_pitcher,absz_swing_path_tilt,all,False,False,pooled,10,5,37,0.4742077102483193,0.39229203823112446,0.5577674120821329,0.21621621621621623
full_year,absz_swing_path_tilt__log_exposure_pitcher,log_exposure_pitcher,absz_swing_path_tilt,all,False,False,pooled,10,6,49,0.6255913532925861,0.5660381919265168,0.6889015504679029,0.42857142857142855
full_year,absz_swing_path_tilt__log_exposure_pitcher,log_exposure_pitcher,absz_swing_path_tilt,all,False,False,pooled,10,7,47,0.5181445080462252,0.44746552903481296,0.5901267235482593,0.3191489361702128
full_year,absz_swing_path_tilt__log_exposure_pitcher,log_exposure_pitcher,absz_swing_path_tilt,all,False,False,pooled,10,8,46,0.4497167659824911,0.38235856690943876,0.5259103950562789,0.21739130434782608
full_year,absz_swing_path_tilt__log_exposure_pitcher,log_exposure_pitcher,absz_swing_path_tilt,all,False,False,pooled,10,9,49,0.5145032632342277,0.4459528989260679,0.5819365309575606,0.2653061224489796
full_year,absz_swing_path_tilt__log_exposure_pitcher,log_exposure_pitcher,absz_swing_path_tilt,all,False,False,pooled,10,10,48,0.5568950930626058,0.4968185984207558,0.6191853496897913,0.2916666666666667
full_year,absz_swing_path_tilt__log_exposure_pa,log_exposure_pa,absz_swing_path_tilt,all,False,False,unpooled,4,1,104,0.47620599739243813,0.43700048891786186,0.5164170469361147,0.19230769230769232
full_year,absz_swing_path_tilt__log_exposure_pa,log_exposure_pa,absz_swing_path_tilt,all,False,False,unpooled,4,2,131,0.4940677966101695,0.4559095613921594,0.530370681847587,0.19083969465648856
full_year,absz_swing_path_tilt__log_exposure_pa,log_exposure_pa,absz_swing_path_tilt,all,False,False,unpooled,4,3,128,0.5129634533898306,0.4729872881355932,0.5542869438559321,0.2421875
full_year,absz_swing_path_tilt__log_exposure_pa,log_exposure_pa,absz_swing_path_tilt,all,False,False,unpooled,4,4,101,0.5322621245175365,0.4839931196509482,0.5775289478100352,0.31683168316831684
full_year,absz_swing_path_tilt__log_exposure_pa,log_exposure_pa,absz_swing_path_tilt,all,False,False,unpooled,10,1,37,0.48504351809436563,0.4090151168117269,0.5583554741181861,0.24324324324324326
full_year,absz_swing_path_tilt__log_exposure_pa,log_exposure_pa,absz_swing_path_tilt,all,False,False,unpooled,10,2,42,0.4862792574656981,0.4164568200161421,0.5552138821630348,0.21428571428571427
full_year,absz_swing_path_tilt__log_exposure_pa,log_exposure_pa,absz_swing_path_tilt,all,False,False,unpooled,10,3,51,0.45405450315719514,0.3943336656696577,0.5125540046527085,0.13725490196078433
full_year,absz_swing_path_tilt__log_exposure_pa,log_exposure_pa,absz_swing_path_tilt,all,False,False,unpooled,10,4,53,0.49704189318835956,0.43838663255516475,0.5574752158618484,0.20754716981132076
full_year,absz_swing_path_tilt__log_exposure_pa,log_exposure_pa,absz_swing_path_tilt,all,False,False,unpooled,10,5,52,0.5072685788787483,0.45129563233376796,0.5651939374185135,0.17307692307692307
full_year,absz_swing_path_tilt__log_exposure_pa,log_exposure_pa,absz_swing_path_tilt,all,False,False,unpooled,10,6,52,0.5247392438070404,0.464338331160365,0.5849250325945241,0.21153846153846154
full_year,absz_swing_path_tilt__log_exposure_pa,log_exposure_pa,absz_swing_path_tilt,all,False,False,unpooled,10,7,49,0.4942407471463162,0.4349325492909028,0.5579021099965411,0.22448979591836735
full_year,absz_swing_path_tilt__log_exposure_pa,log_exposure_pa,absz_swing_path_tilt,all,False,False,unpooled,10,8,47,0.5206815723043635,0.45431482149296776,0.5879751172015867,0.2978723404255319
full_year,absz_swing_path_tilt__log_exposure_pa,log_exposure_pa,absz_swing_path_tilt,all,False,False,unpooled,10,9,45,0.4806967984934087,0.4123841807909605,0.5501167608286252,0.26666666666666666
full_year,absz_swing_path_tilt__log_exposure_pa,log_exposure_pa,absz_swing_path_tilt,all,False,False,unpooled,10,10,36,0.6058380414312617,0.5283898305084745,0.6890819209039548,0.4166666666666667
full_year,absz_swing_path_tilt__log_exposure_pa,log_exposure_pa,absz_swing_path_tilt,all,False,False,pooled,4,1,121,0.4737148059952374,0.4316914133632162,0.5173371620675165,0.24793388429752067
full_year,absz_swing_path_tilt__log_exposure_pa,log_exposure_pa,absz_swing_path_tilt,all,False,False,pooled,4,2,114,0.4843146000594707,0.4431028843294678,0.5242179601546237,0.21052631578947367
full_year,absz_swing_path_tilt__log_exposure_pa,log_exposure_pa,absz_swing_path_tilt,all,False,False,pooled,4,3,114,0.4785310734463277,0.4312934879571811,0.5217692536425811,0.24561403508771928
full_year,absz_swing_path_tilt__log_exposure_pa,log_exposure_pa,absz_swing_path_tilt,all,False,False,pooled,4,4,115,0.555939572586588,0.5073957258658806,0.6029918938835667,0.3391304347826087
full_year,absz_swing_path_tilt__log_exposure_pa,log_exposure_pa,absz_swing_path_tilt,all,False,False,pooled,10,1,49,0.4227775856105154,0.36188170183327567,0.4885022483569699,0.16326530612244897
full_year,absz_swing_path_tilt__log_exposure_pa,log_exposure_pa,absz_swing_path_tilt,all,False,False,pooled,10,2,49,0.5115012106537531,0.4384451746800415,0.5876772742995502,0.32653061224489793
full_year,absz_swing_path_tilt__log_exposure_pa,log_exposure_pa,absz_swing_path_tilt,all,False,False,pooled,10,3,45,0.5131638418079095,0.4511468926553673,0.5770112994350282,0.24444444444444444
full_year,absz_swing_path_tilt__log_exposure_pa,log_exposure_pa,absz_swing_path_tilt,all,False,False,pooled,10,4,46,0.4273397199705232,0.36653095062638164,0.4935261606484893,0.13043478260869565
full_year,absz_swing_path_tilt__log_exposure_pa,log_exposure_pa,absz_swing_path_tilt,all,False,False,pooled,10,5,46,0.5217759764185703,0.451764922623434,0.5968459837877672,0.2826086956521739
full_year,absz_swing_path_tilt__log_exposure_pa,log_exposure_pa,absz_swing_path_tilt,all,False,False,pooled,10,6,43,0.4792865589278676,0.4178064643279463,0.5481572723689396,0.18604651162790697
full_year,absz_swing_path_tilt__log_exposure_pa,log_exposure_pa,absz_swing_path_tilt,all,False,False,pooled,10,7,48,0.49021892655367233,0.41290607344632774,0.5668061440677966,0.3333333333333333
full_year,absz_swing_path_tilt__log_exposure_pa,log_exposure_pa,absz_swing_path_tilt,all,False,False,pooled,10,8,41,0.5039892517569243,0.41988838362959896,0.5815874328234807,0.2682926829268293
full_year,absz_swing_path_tilt__log_exposure_pa,log_exposure_pa,absz_swing_path_tilt,all,False,False,pooled,10,9,45,0.5602824858757062,0.48946704331450097,0.6296290018832393,0.28888888888888886
full_year,absz_swing_path_tilt__log_exposure_pa,log_exposure_pa,absz_swing_path_tilt,all,False,False,pooled,10,10,52,0.547490221642764,0.4780883311603652,0.6235821382007823,0.36538461538461536
full_year,absz_swing_path_tilt__log_exposure_type,log_exposure_type,absz_swing_path_tilt,all,False,False,unpooled,4,1,104,0.4080762722894703,0.36328582584927765,0.4562036313939867,0.16346153846153846
full_year,absz_swing_path_tilt__log_exposure_type,log_exposure_type,absz_swing_path_tilt,all,False,False,unpooled,4,2,130,0.4983469998698425,0.4600416503969803,0.53864896524795,0.24615384615384617
full_year,absz_swing_path_tilt__log_exposure_type,log_exposure_type,absz_swing_path_tilt,all,False,False,unpooled,4,3,124,0.5417690082419082,0.5062018994596366,0.581082500955188,0.2661290322580645
full_year,absz_swing_path_tilt__log_exposure_type,log_exposure_type,absz_swing_path_tilt,all,False,False,unpooled,4,4,107,0.5079858310799058,0.4644804465739994,0.5514572165029967,0.24299065420560748
full_year,absz_swing_path_tilt__log_exposure_type,log_exposure_type,absz_swing_path_tilt,all,False,False,unpooled,10,1,38,0.3540831774868644,0.2836539317837741,0.4277941045507169,0.07894736842105263
full_year,absz_swing_path_tilt__log_exposure_type,log_exposure_type,absz_swing_path_tilt,all,False,False,unpooled,10,2,42,0.46084118926758527,0.38479977439368296,0.5403271291596164,0.2857142857142857
full_year,absz_swing_path_tilt__log_exposure_type,log_exposure_type,absz_swing_path_tilt,all,False,False,unpooled,10,3,49,0.49986187368348356,0.4414810594288477,0.5628215753306399,0.22448979591836735
full_year,absz_swing_path_tilt__log_exposure_type,log_exposure_type,absz_swing_path_tilt,all,False,False,unpooled,10,4,55,0.4966466697431164,0.43852330410706036,0.552734963851715,0.21818181818181817
full_year,absz_swing_path_tilt__log_exposure_type,log_exposure_type,absz_swing_path_tilt,all,False,False,unpooled,10,5,50,0.4521150592216582,0.391575296108291,0.5141607445008459,0.22
full_year,absz_swing_path_tilt__log_exposure_type,log_exposure_type,absz_swing_path_tilt,all,False,False,unpooled,10,6,47,0.5548655362350147,0.4960236886632825,0.613008964250999,0.2978723404255319
full_year,absz_swing_path_tilt__log_exposure_type,log_exposure_type,absz_swing_path_tilt,all,False,False,unpooled,10,7,50,0.5376649746192893,0.47693231810490694,0.6018697123519459,0.26
full_year,absz_swing_path_tilt__log_exposure_type,log_exposure_type,absz_swing_path_tilt,all,False,False,unpooled,10,8,53,0.5156115314625036,0.45252530089710435,0.5784152220413115,0.2641509433962264
full_year,absz_swing_path_tilt__log_exposure_type,log_exposure_type,absz_swing_path_tilt,all,False,False,unpooled,10,9,42,0.5385947949399726,0.4798404641044234,0.6020485859318347,0.21428571428571427
full_year,absz_swing_path_tilt__log_exposure_type,log_exposure_type,absz_swing_path_tilt,all,False,False,unpooled,10,10,39,0.47752613996268817,0.4018590828235499,0.5539047247169073,0.23076923076923078
full_year,absz_swing_path_tilt__log_exposure_type,log_exposure_type,absz_swing_path_tilt,all,False,False,pooled,4,1,122,0.46353776594269236,0.4176264181298715,0.5091890654905551,0.2540983606557377
full_year,absz_swing_path_tilt__log_exposure_type,log_exposure_type,absz_swing_path_tilt,all,False,False,pooled,4,2,113,0.45042151445727213,0.4036124462812392,0.49447239566955664,0.21238938053097345
full_year,absz_swing_path_tilt__log_exposure_type,log_exposure_type,absz_swing_path_tilt,all,False,False,pooled,4,3,110,0.5353176434394709,0.48809644670050767,0.5807029687740348,0.3090909090909091
full_year,absz_swing_path_tilt__log_exposure_type,log_exposure_type,absz_swing_path_tilt,all,False,False,pooled,4,4,120,0.5346446700507614,0.4878095036661027,0.5807275803722505,0.3
full_year,absz_swing_path_tilt__log_exposure_type,log_exposure_type,absz_swing_path_tilt,all,False,False,pooled,10,1,50,0.43160744500846027,0.36252622673434853,0.5012622673434856,0.22
full_year,absz_swing_path_tilt__log_exposure_type,log_exposure_type,absz_swing_path_tilt,all,False,False,pooled,10,2,47,0.49409583468337104,0.42326385138783895,0.5638063865788242,0.2765957446808511
full_year,absz_swing_path_tilt__log_exposure_type,log_exposure_type,absz_swing_path_tilt,all,False,False,pooled,10,3,47,0.4665190625337509,0.38921769809554674,0.5423173848867766,0.2553191489361702
full_year,absz_swing_path_tilt__log_exposure_type,log_exposure_type,absz_swing_path_tilt,all,False,False,pooled,10,4,49,0.44171069443005634,0.3732932767015436,0.5100953071583963,0.1836734693877551
full_year,absz_swing_path_tilt__log_exposure_type,log_exposure_type,absz_swing_path_tilt,all,False,False,pooled,10,5,42,0.4541938602852309,0.3848078317621465,0.5220832326162275,0.23809523809523808
full_year,absz_swing_path_tilt__log_exposure_type,log_exposure_type,absz_swing_path_tilt,all,False,False,pooled,10,6,43,0.5360838940699642,0.46850627631527175,0.6059339708023451,0.2558139534883721
full_year,absz_swing_path_tilt__log_exposure_type,log_exposure_type,absz_swing_path_tilt,all,False,False,pooled,10,7,45,0.5358338033464937,0.4619007332205302,0.6125756721188194,0.35555555555555557
full_year,absz_swing_path_tilt__log_exposure_type,log_exposure_type,absz_swing_path_tilt,all,False,False,pooled,10,8,47,0.5347409727472369,0.4751449040573136,0.5933146128091585,0.2765957446808511
full_year,absz_swing_path_tilt__log_exposure_type,log_exposure_type,absz_swing_path_tilt,all,False,False,pooled,10,9,48,0.4635152284263959,0.38991469261139317,0.5346570078962212,0.2708333333333333
full_year,absz_swing_path_tilt__log_exposure_type,log_exposure_type,absz_swing_path_tilt,all,False,False,pooled,10,10,47,0.6063109767073479,0.5397631133671743,0.6713323973071245,0.3617021276595745
full_year,absz_swing_path_tilt__log_kernel_exposure,log_kernel_exposure,absz_swing_path_tilt,all,False,False,unpooled,4,1,108,0.4348091746568904,0.390110923105847,0.4828719370809049,0.19444444444444445
full_year,absz_swing_path_tilt__log_kernel_exposure,log_kernel_exposure,absz_swing_path_tilt,all,False,False,unpooled,4,2,123,0.5609687315147263,0.5232346993520698,0.6004684082373818,0.3008130081300813
full_year,absz_swing_path_tilt__log_kernel_exposure,log_kernel_exposure,absz_swing_path_tilt,all,False,False,unpooled,4,3,127,0.46745140359993076,0.42737186404998867,0.5059095087733323,0.1889763779527559
full_year,absz_swing_path_tilt__log_kernel_exposure,log_kernel_exposure,absz_swing_path_tilt,all,False,False,unpooled,4,4,107,0.537446431677657,0.49457358824738684,0.5828747410534971,0.27102803738317754
full_year,absz_swing_path_tilt__log_kernel_exposure,log_kernel_exposure,absz_swing_path_tilt,all,False,False,unpooled,10,1,42,0.4238981548626219,0.34912174683748287,0.5010917734267989,0.19047619047619047
full_year,absz_swing_path_tilt__log_kernel_exposure,log_kernel_exposure,absz_swing_path_tilt,all,False,False,unpooled,10,2,42,0.4578196760937878,0.37977399081459995,0.5394871484973007,0.23809523809523808
full_year,absz_swing_path_tilt__log_kernel_exposure,log_kernel_exposure,absz_swing_path_tilt,all,False,False,unpooled,10,3,46,0.4878613992496138,0.4186272346060472,0.5563065548444052,0.2391304347826087
full_year,absz_swing_path_tilt__log_kernel_exposure,log_kernel_exposure,absz_swing_path_tilt,all,False,False,unpooled,10,4,51,0.5601506253939817,0.4940828107892903,0.627645068179556,0.35294117647058826
full_year,absz_swing_path_tilt__log_kernel_exposure,log_kernel_exposure,absz_swing_path_tilt,all,False,False,unpooled,10,5,50,0.55834179357022,0.5057783417935703,0.6095566835871405,0.22
full_year,absz_swing_path_tilt__log_kernel_exposure,log_kernel_exposure,absz_swing_path_tilt,all,False,False,unpooled,10,6,51,0.47418798314588095,0.41041438572044725,0.5332785906240668,0.21568627450980393
full_year,absz_swing_path_tilt__log_kernel_exposure,log_kernel_exposure,absz_swing_path_tilt,all,False,False,unpooled,10,7,52,0.44279578289730576,0.3903195366393336,0.5027170376155147,0.1346153846153846
full_year,absz_swing_path_tilt__log_kernel_exposure,log_kernel_exposure,absz_swing_path_tilt,all,False,False,unpooled,10,8,49,0.5319071791153009,0.461146793742878,0.6048465071307711,0.2653061224489796
full_year,absz_swing_path_tilt__log_kernel_exposure,log_kernel_exposure,absz_swing_path_tilt,all,False,False,unpooled,10,9,42,0.49754250261864474,0.4381476109902505,0.557338248328096,0.16666666666666666
full_year,absz_swing_path_tilt__log_kernel_exposure,log_kernel_exposure,absz_swing_path_tilt,all,False,False,unpooled,10,10,40,0.5675972927241963,0.49286167512690354,0.6478510998307953,0.375
full_year,absz_swing_path_tilt__log_kernel_exposure,log_kernel_exposure,absz_swing_path_tilt,all,False,False,pooled,4,1,122,0.4512496185958781,0.4027253058167596,0.5006137139053007,0.26229508196721313
full_year,absz_swing_path_tilt__log_kernel_exposure,log_kernel_exposure,absz_swing_path_tilt,all,False,False,pooled,4,2,111,0.5705019740552737,0.524155881770095,0.6103268242862154,0.36036036036036034
full_year,absz_swing_path_tilt__log_kernel_exposure,log_kernel_exposure,absz_swing_path_tilt,all,False,False,pooled,4,3,112,0.4772328982354363,0.4353804085085811,0.5198664491177182,0.21428571428571427
full_year,absz_swing_path_tilt__log_kernel_exposure,log_kernel_exposure,absz_swing_path_tilt,all,False,False,pooled,4,4,120,0.5195713479977438,0.4745184715172025,0.5625641567963903,0.25833333333333336
full_year,absz_swing_path_tilt__log_kernel_exposure,log_kernel_exposure,absz_swing_path_tilt,all,False,False,pooled,10,1,52,0.41507223740726273,0.34063516855395026,0.48679226864506053,0.23076923076923078
full_year,absz_swing_path_tilt__log_kernel_exposure,log_kernel_exposure,absz_swing_path_tilt,all,False,False,pooled,10,2,49,0.4566628681929624,0.37533409302807413,0.5324044338547601,0.24489795918367346
full_year,absz_swing_path_tilt__log_kernel_exposure,log_kernel_exposure,absz_swing_path_tilt,all,False,False,pooled,10,3,48,0.5303863508178229,0.4639012267343485,0.6022754512126338,0.3333333333333333
full_year,absz_swing_path_tilt__log_kernel_exposure,log_kernel_exposure,absz_swing_path_tilt,all,False,False,pooled,10,4,45,0.6131039669110735,0.5457567211881934,0.6805057341605566,0.4
full_year,absz_swing_path_tilt__log_kernel_exposure,log_kernel_exposure,absz_swing_path_tilt,all,False,False,pooled,10,5,39,0.5479413423575861,0.4772007462362792,0.6244327302702937,0.358974358974359
full_year,absz_swing_path_tilt__log_kernel_exposure,log_kernel_exposure,absz_swing_path_tilt,all,False,False,pooled,10,6,47,0.45579076214134007,0.386807430608057,0.5244446844511645,0.1702127659574468
full_year,absz_swing_path_tilt__log_kernel_exposure,log_kernel_exposure,absz_swing_path_tilt,all,False,False,pooled,10,7,47,0.464287000036001,0.3984033552939483,0.5311246714908019,0.2127659574468085
full_year,absz_swing_path_tilt__log_kernel_exposure,log_kernel_exposure,absz_swing_path_tilt,all,False,False,pooled,10,8,42,0.5189348158891305,0.4485234872290711,0.5875473370397228,0.23809523809523808
full_year,absz_swing_path_tilt__log_kernel_exposure,log_kernel_exposure,absz_swing_path_tilt,all,False,False,pooled,10,9,49,0.5304913843710073,0.4595048171552885,0.6028505818571084,0.30612244897959184
full_year,absz_swing_path_tilt__log_kernel_exposure,log_kernel_exposure,absz_swing_path_tilt,all,False,False,pooled,10,10,47,0.5269287540051121,0.46383518738524676,0.5924487885660797,0.2553191489361702
full_year,absz_swing_path_tilt__log_exposure_sequence,log_exposure_sequence,absz_swing_path_tilt,all,False,False,unpooled,4,1,108,0.47016983142194646,0.4236957134799775,0.512067587892461,0.21296296296296297
full_year,absz_swing_path_tilt__log_exposure_sequence,log_exposure_sequence,absz_swing_path_tilt,all,False,False,unpooled,4,2,127,0.4918328736826678,0.4552779887285663,0.5259702626004238,0.18110236220472442
full_year,absz_swing_path_tilt__log_exposure_sequence,log_exposure_sequence,absz_swing_path_tilt,all,False,False,unpooled,4,3,122,0.5169066045324681,0.478069262988544,0.5567307425591524,0.22950819672131148
full_year,absz_swing_path_tilt__log_exposure_sequence,log_exposure_sequence,absz_swing_path_tilt,all,False,False,unpooled,4,4,108,0.5483643542019178,0.5014116061916399,0.5945478473397253,0.3425925925925926
full_year,absz_swing_path_tilt__log_exposure_sequence,log_exposure_sequence,absz_swing_path_tilt,all,False,False,unpooled,10,1,38,0.4335203490960904,0.3563540831774869,0.5171097159141509,0.18421052631578946
full_year,absz_swing_path_tilt__log_exposure_sequence,log_exposure_sequence,absz_swing_path_tilt,all,False,False,unpooled,10,2,44,0.45877557298877103,0.3844331641285955,0.5324277034302416,0.20454545454545456
full_year,absz_swing_path_tilt__log_exposure_sequence,log_exposure_sequence,absz_swing_path_tilt,all,False,False,unpooled,10,3,50,0.49928934010152276,0.4334636209813875,0.5646175972927242,0.2
full_year,absz_swing_path_tilt__log_exposure_sequence,log_exposure_sequence,absz_swing_path_tilt,all,False,False,unpooled,10,4,49,0.4729617735419041,0.418308643254256,0.5245571324976691,0.14285714285714285
full_year,absz_swing_path_tilt__log_exposure_sequence,log_exposure_sequence,absz_swing_path_tilt,all,False,False,unpooled,10,5,54,0.5266967475089303,0.46637369179670374,0.583298865701573,0.24074074074074073
full_year,absz_swing_path_tilt__log_exposure_sequence,log_exposure_sequence,absz_swing_path_tilt,all,False,False,unpooled,10,6,49,0.5562174108221969,0.4923685210124659,0.6235919748610104,0.30612244897959184
full_year,absz_swing_path_tilt__log_exposure_sequence,log_exposure_sequence,absz_swing_path_tilt,all,False,False,unpooled,10,7,52,0.49241832617467135,0.4275917610308474,0.5513487569959651,0.21153846153846154
full_year,absz_swing_path_tilt__log_exposure_sequence,log_exposure_sequence,absz_swing_path_tilt,all,False,False,unpooled,10,8,47,0.5212765957446809,0.4572236022608632,0.5859848075746121,0.2553191489361702
full_year,absz_swing_path_tilt__log_exposure_sequence,log_exposure_sequence,absz_swing_path_tilt,all,False,False,unpooled,10,9,46,0.5653645258588981,0.4991153534907673,0.6294177150003677,0.32608695652173914
full_year,absz_swing_path_tilt__log_exposure_sequence,log_exposure_sequence,absz_swing_path_tilt,all,False,False,unpooled,10,10,36,0.525521714608009,0.4448134047753337,0.613127467569092,0.3333333333333333
full_year,absz_swing_path_tilt__log_exposure_sequence,log_exposure_sequence,absz_swing_path_tilt,all,False,False,pooled,4,1,123,0.4317816020799801,0.38942401606757193,0.47276697893882486,0.16260162601626016
full_year,absz_swing_path_tilt__log_exposure_sequence,log_exposure_sequence,absz_swing_path_tilt,all,False,False,pooled,4,2,113,0.5155129299372595,0.47068340745399273,0.5622044532291152,0.25663716814159293
full_year,absz_swing_path_tilt__log_exposure_sequence,log_exposure_sequence,absz_swing_path_tilt,all,False,False,pooled,4,3,115,0.5285882439490914,0.48186934451555946,0.5765651438240271,0.33043478260869563
full_year,absz_swing_path_tilt__log_exposure_sequence,log_exposure_sequence,absz_swing_path_tilt,all,False,False,pooled,4,4,114,0.5361415382788612,0.48600795559117765,0.5822461186807969,0.3157894736842105
full_year,absz_swing_path_tilt__log_exposure_sequence,log_exposure_sequence,absz_swing_path_tilt,all,False,False,pooled,10,1,55,0.4154283956314413,0.34499153976311336,0.4831149053991694,0.16363636363636364
full_year,absz_swing_path_tilt__log_exposure_sequence,log_exposure_sequence,absz_swing_path_tilt,all,False,False,pooled,10,2,42,0.45874627346708574,0.39520788010635727,0.5252880509225687,0.14285714285714285
full_year,absz_swing_path_tilt__log_exposure_sequence,log_exposure_sequence,absz_swing_path_tilt,all,False,False,pooled,10,3,48,0.4376410039481105,0.3682617738296673,0.5049598138747885,0.1875
full_year,absz_swing_path_tilt__log_exposure_sequence,log_exposure_sequence,absz_swing_path_tilt,all,False,False,pooled,10,4,42,0.5200225606316977,0.44204737732656507,0.5913725727177503,0.2619047619047619
full_year,absz_swing_path_tilt__log_exposure_sequence,log_exposure_sequence,absz_swing_path_tilt,all,False,False,pooled,10,5,49,0.5387444317828654,0.46775613798819027,0.6042663766014019,0.2857142857142857
full_year,absz_swing_path_tilt__log_exposure_sequence,log_exposure_sequence,absz_swing_path_tilt,all,False,False,pooled,10,6,41,0.6033386983616028,0.5216396351780777,0.6873529775906895,0.4634146341463415
full_year,absz_swing_path_tilt__log_exposure_sequence,log_exposure_sequence,absz_swing_path_tilt,all,False,False,pooled,10,7,47,0.45964287000035997,0.39180797062317735,0.5293228210389891,0.2553191489361702
full_year,absz_swing_path_tilt__log_exposure_sequence,log_exposure_sequence,absz_swing_path_tilt,all,False,False,pooled,10,8,49,0.5526951897510274,0.4798870817362477,0.6248817293414827,0.32653061224489793
full_year,absz_swing_path_tilt__log_exposure_sequence,log_exposure_sequence,absz_swing_path_tilt,all,False,False,pooled,10,9,46,0.5152652100345767,0.4378595600676818,0.5904914294121973,0.30434782608695654
full_year,absz_swing_path_tilt__log_exposure_sequence,log_exposure_sequence,absz_swing_path_tilt,all,False,False,pooled,10,10,46,0.5387699551239608,0.4637202972118002,0.6111399249613771,0.2826086956521739
full_year,absz_swing_path_tilt__log_kernel_h0.5_m5,log_kernel_h0.5_m5,absz_swing_path_tilt,all,False,False,unpooled,4,1,108,0.4749826487475551,0.42566250236607994,0.5248935264054514,0.23148148148148148
full_year,absz_swing_path_tilt__log_kernel_h0.5_m5,log_kernel_h0.5_m5,absz_swing_path_tilt,all,False,False,unpooled,4,2,125,0.5056149914821124,0.4718991482112436,0.5427141396933561,0.168
full_year,absz_swing_path_tilt__log_kernel_h0.5_m5,log_kernel_h0.5_m5,absz_swing_path_tilt,all,False,False,unpooled,4,3,120,0.5415247018739353,0.49649488926746166,0.5800724020442931,0.2833333333333333
full_year,absz_swing_path_tilt__log_kernel_h0.5_m5,log_kernel_h0.5_m5,absz_swing_path_tilt,all,False,False,unpooled,4,4,110,0.49433173300294253,0.4495036394610501,0.5404692581694286,0.2727272727272727
full_year,absz_swing_path_tilt__log_kernel_h0.5_m5,log_kernel_h0.5_m5,absz_swing_path_tilt,all,False,False,unpooled,10,1,41,0.473407570532264,0.39270577969834214,0.5617796152407861,0.2682926829268293
full_year,absz_swing_path_tilt__log_kernel_h0.5_m5,log_kernel_h0.5_m5,absz_swing_path_tilt,all,False,False,unpooled,10,2,44,0.47793092767539097,0.40768545764286823,0.5450789840483197,0.20454545454545456
full_year,absz_swing_path_tilt__log_kernel_h0.5_m5,log_kernel_h0.5_m5,absz_swing_path_tilt,all,False,False,unpooled,10,3,47,0.5058356591395122,0.43627895175613485,0.5717767950994964,0.2127659574468085
full_year,absz_swing_path_tilt__log_kernel_h0.5_m5,log_kernel_h0.5_m5,absz_swing_path_tilt,all,False,False,unpooled,10,4,49,0.49572367277405005,0.43785940270486395,0.5549021312102353,0.1836734693877551
full_year,absz_swing_path_tilt__log_kernel_h0.5_m5,log_kernel_h0.5_m5,absz_swing_path_tilt,all,False,False,unpooled,10,5,52,0.49993447778797007,0.44995904861748137,0.5525226051631503,0.1346153846153846
full_year,absz_swing_path_tilt__log_kernel_h0.5_m5,log_kernel_h0.5_m5,absz_swing_path_tilt,all,False,False,unpooled,10,6,53,0.5210536466201665,0.4546414451480184,0.5846694095336056,0.3018867924528302
full_year,absz_swing_path_tilt__log_kernel_h0.5_m5,log_kernel_h0.5_m5,absz_swing_path_tilt,all,False,False,unpooled,10,7,44,0.5571472820195136,0.49015603221310206,0.6275824686386867,0.3181818181818182
full_year,absz_swing_path_tilt__log_kernel_h0.5_m5,log_kernel_h0.5_m5,absz_swing_path_tilt,all,False,False,unpooled,10,8,45,0.500378572780617,0.44532462615937907,0.5582737081203861,0.15555555555555556
full_year,absz_swing_path_tilt__log_kernel_h0.5_m5,log_kernel_h0.5_m5,absz_swing_path_tilt,all,False,False,unpooled,10,9,47,0.4719453405342709,0.4134999456305049,0.5346388053209613,0.19148936170212766
full_year,absz_swing_path_tilt__log_kernel_h0.5_m5,log_kernel_h0.5_m5,absz_swing_path_tilt,all,False,False,unpooled,10,10,41,0.5495283998836581,0.46759047658619685,0.6312336394232766,0.43902439024390244
full_year,absz_swing_path_tilt__log_kernel_h0.5_m5,log_kernel_h0.5_m5,absz_swing_path_tilt,all,False,False,pooled,4,1,124,0.4854646370280815,0.43887041820080236,0.5333811892070123,0.27419354838709675
full_year,absz_swing_path_tilt__log_kernel_h0.5_m5,log_kernel_h0.5_m5,absz_swing_path_tilt,all,False,False,pooled,4,2,109,0.5146445149492834,0.47089461263148025,0.5569080849600675,0.25688073394495414
full_year,absz_swing_path_tilt__log_kernel_h0.5_m5,log_kernel_h0.5_m5,absz_swing_path_tilt,all,False,False,pooled,4,3,109,0.5292890298985667,0.4850749417814107,0.5731295812950314,0.27522935779816515
full_year,absz_swing_path_tilt__log_kernel_h0.5_m5,log_kernel_h0.5_m5,absz_swing_path_tilt,all,False,False,pooled,4,4,121,0.49819786841623614,0.4506546806144142,0.5401875343179355,0.2892561983471074
full_year,absz_swing_path_tilt__log_kernel_h0.5_m5,log_kernel_h0.5_m5,absz_swing_path_tilt,all,False,False,pooled,10,1,48,0.4494605337876207,0.37309767177739916,0.5290974588302101,0.2708333333333333
full_year,absz_swing_path_tilt__log_kernel_h0.5_m5,log_kernel_h0.5_m5,absz_swing_path_tilt,all,False,False,pooled,10,2,51,0.5209773858436049,0.4418512208972174,0.5967598623776598,0.3137254901960784
full_year,absz_swing_path_tilt__log_kernel_h0.5_m5,log_kernel_h0.5_m5,absz_swing_path_tilt,all,False,False,pooled,10,3,50,0.4654173764906303,0.3981022146507666,0.5293407155025552,0.2
full_year,absz_swing_path_tilt__log_kernel_h0.5_m5,log_kernel_h0.5_m5,absz_swing_path_tilt,all,False,False,pooled,10,4,40,0.5465076660988075,0.4825638841567292,0.6075,0.25
full_year,absz_swing_path_tilt__log_kernel_h0.5_m5,log_kernel_h0.5_m5,absz_swing_path_tilt,all,False,False,pooled,10,5,44,0.5231531671054669,0.4454448660368591,0.598091218832275,0.29545454545454547
full_year,absz_swing_path_tilt__log_kernel_h0.5_m5,log_kernel_h0.5_m5,absz_swing_path_tilt,all,False,False,pooled,10,6,45,0.5266893810335037,0.44842892296043907,0.599290176036343,0.28888888888888886
full_year,absz_swing_path_tilt__log_kernel_h0.5_m5,log_kernel_h0.5_m5,absz_swing_path_tilt,all,False,False,pooled,10,7,42,0.53658635515535,0.475377220734972,0.6005131013223007,0.23809523809523808
full_year,absz_swing_path_tilt__log_kernel_h0.5_m5,log_kernel_h0.5_m5,absz_swing_path_tilt,all,False,False,pooled,10,8,48,0.5103634298693924,0.43047096819988645,0.5868132453151618,0.3125
full_year,absz_swing_path_tilt__log_kernel_h0.5_m5,log_kernel_h0.5_m5,absz_swing_path_tilt,all,False,False,pooled,10,9,50,0.4899829642248723,0.42772913117546846,0.5551652470187394,0.26
full_year,absz_swing_path_tilt__log_kernel_h0.5_m5,log_kernel_h0.5_m5,absz_swing_path_tilt,all,False,False,pooled,10,10,45,0.5053378762067008,0.4304807874313837,0.578979746356237,0.3111111111111111
full_year,absz_swing_path_tilt__log_kernel_h0.5_m20,log_kernel_h0.5_m20,absz_swing_path_tilt,all,False,False,unpooled,4,1,108,0.4767343485617597,0.4313960957573479,0.5228536065676506,0.24074074074074073
full_year,absz_swing_path_tilt__log_kernel_h0.5_m20,log_kernel_h0.5_m20,absz_swing_path_tilt,all,False,False,unpooled,4,2,125,0.5061049069373942,0.4660345177664975,0.5448196277495772,0.216
full_year,absz_swing_path_tilt__log_kernel_h0.5_m20,log_kernel_h0.5_m20,absz_swing_path_tilt,all,False,False,unpooled,4,3,124,0.5371022324108945,0.49680626057529614,0.5778232629223296,0.25
full_year,absz_swing_path_tilt__log_kernel_h0.5_m20,log_kernel_h0.5_m20,absz_swing_path_tilt,all,False,False,unpooled,4,4,108,0.4956758789246099,0.45306683587140434,0.5422659334461364,0.25
full_year,absz_swing_path_tilt__log_kernel_h0.5_m20,log_kernel_h0.5_m20,absz_swing_path_tilt,all,False,False,unpooled,10,1,36,0.47950742620793374,0.38825202105658957,0.5651485241586763,0.2777777777777778
full_year,absz_swing_path_tilt__log_kernel_h0.5_m20,log_kernel_h0.5_m20,absz_swing_path_tilt,all,False,False,unpooled,10,2,47,0.4443784425963927,0.37645354069913955,0.5155110343089606,0.1702127659574468
full_year,absz_swing_path_tilt__log_kernel_h0.5_m20,log_kernel_h0.5_m20,absz_swing_path_tilt,all,False,False,unpooled,10,3,46,0.5325167365555802,0.46960384021187385,0.598701537556095,0.2608695652173913
full_year,absz_swing_path_tilt__log_kernel_h0.5_m20,log_kernel_h0.5_m20,absz_swing_path_tilt,all,False,False,unpooled,10,4,56,0.5240210297316896,0.46436880589799373,0.5797573724921441,0.26785714285714285
full_year,absz_swing_path_tilt__log_kernel_h0.5_m20,log_kernel_h0.5_m20,absz_swing_path_tilt,all,False,False,unpooled,10,5,48,0.4741962774957698,0.41005886914833617,0.5379406373378455,0.16666666666666666
full_year,absz_swing_path_tilt__log_kernel_h0.5_m20,log_kernel_h0.5_m20,absz_swing_path_tilt,all,False,False,unpooled,10,6,51,0.5768388573703592,0.5211953817059819,0.6261255432799177,0.29411764705882354
full_year,absz_swing_path_tilt__log_kernel_h0.5_m20,log_kernel_h0.5_m20,absz_swing_path_tilt,all,False,False,unpooled,10,7,51,0.4800935602667464,0.4106814637868683,0.5441076938389569,0.21568627450980393
full_year,absz_swing_path_tilt__log_kernel_h0.5_m20,log_kernel_h0.5_m20,absz_swing_path_tilt,all,False,False,unpooled,10,8,47,0.49992799798394355,0.4338103466897073,0.5638423875868523,0.19148936170212766
full_year,absz_swing_path_tilt__log_kernel_h0.5_m20,log_kernel_h0.5_m20,absz_swing_path_tilt,all,False,False,unpooled,10,9,43,0.510663833471058,0.4427025538110415,0.5798547987250621,0.23255813953488372
full_year,absz_swing_path_tilt__log_kernel_h0.5_m20,log_kernel_h0.5_m20,absz_swing_path_tilt,all,False,False,unpooled,10,10,40,0.5193739424703891,0.434424703891709,0.5974344331641286,0.325
full_year,absz_swing_path_tilt__log_kernel_h0.5_m20,log_kernel_h0.5_m20,absz_swing_path_tilt,all,False,False,pooled,4,1,123,0.48468903470760594,0.43686806157401675,0.5313248868529294,0.2764227642276423
full_year,absz_swing_path_tilt__log_kernel_h0.5_m20,log_kernel_h0.5_m20,absz_swing_path_tilt,all,False,False,pooled,4,2,110,0.5123211813567143,0.46788109521612065,0.5601315182279649,0.2636363636363636
full_year,absz_swing_path_tilt__log_kernel_h0.5_m20,log_kernel_h0.5_m20,absz_swing_path_tilt,all,False,False,pooled,4,3,112,0.5285835146241238,0.4826678450568045,0.5709625030215131,0.26785714285714285
full_year,absz_swing_path_tilt__log_kernel_h0.5_m20,log_kernel_h0.5_m20,absz_swing_path_tilt,all,False,False,pooled,4,4,120,0.5010998307952622,0.45512690355329954,0.5451529892836998,0.275
full_year,absz_swing_path_tilt__log_kernel_h0.5_m20,log_kernel_h0.5_m20,absz_swing_path_tilt,all,False,False,pooled,10,1,49,0.4353223522911702,0.36362098138747884,0.5044114092337442,0.24489795918367346
full_year,absz_swing_path_tilt__log_kernel_h0.5_m20,log_kernel_h0.5_m20,absz_swing_path_tilt,all,False,False,pooled,10,2,52,0.5202394897826369,0.4400852531563192,0.5975693088637251,0.3076923076923077
full_year,absz_swing_path_tilt__log_kernel_h0.5_m20,log_kernel_h0.5_m20,absz_swing_path_tilt,all,False,False,pooled,10,3,46,0.509232693298021,0.4331972338703744,0.5739056867505333,0.2826086956521739
full_year,absz_swing_path_tilt__log_kernel_h0.5_m20,log_kernel_h0.5_m20,absz_swing_path_tilt,all,False,False,pooled,10,4,46,0.5271831089531376,0.45512212168027655,0.5987291252850733,0.2608695652173913
full_year,absz_swing_path_tilt__log_kernel_h0.5_m20,log_kernel_h0.5_m20,absz_swing_path_tilt,all,False,False,pooled,10,5,40,0.4978426395939087,0.42587986463620975,0.5687521150592216,0.25
full_year,absz_swing_path_tilt__log_kernel_h0.5_m20,log_kernel_h0.5_m20,absz_swing_path_tilt,all,False,False,pooled,10,6,48,0.545227016356458,0.4785638747884941,0.6125246756909193,0.2916666666666667
full_year,absz_swing_path_tilt__log_kernel_h0.5_m20,log_kernel_h0.5_m20,absz_swing_path_tilt,all,False,False,pooled,10,7,44,0.538878634056299,0.47219466235963703,0.6071450546069836,0.2727272727272727
full_year,absz_swing_path_tilt__log_kernel_h0.5_m20,log_kernel_h0.5_m20,absz_swing_path_tilt,all,False,False,pooled,10,8,46,0.4514088133598175,0.3800816596777753,0.5263168542632235,0.21739130434782608
full_year,absz_swing_path_tilt__log_kernel_h0.5_m20,log_kernel_h0.5_m20,absz_swing_path_tilt,all,False,False,pooled,10,9,49,0.5207189474774682,0.4522946234331296,0.59189889153631,0.2653061224489796
full_year,absz_swing_path_tilt__log_kernel_h0.5_m20,log_kernel_h0.5_m20,absz_swing_path_tilt,all,False,False,pooled,10,10,45,0.5149276179733032,0.44045121263395376,0.590718180109043,0.3111111111111111
full_year,absz_swing_path_tilt__log_kernel_h1_m5,log_kernel_h1_m5,absz_swing_path_tilt,all,False,False,unpooled,4,1,107,0.43967210517978783,0.3919182638998891,0.4873412006969744,0.22429906542056074
full_year,absz_swing_path_tilt__log_kernel_h1_m5,log_kernel_h1_m5,absz_swing_path_tilt,all,False,False,unpooled,4,2,127,0.555725343654077,0.516961831042306,0.5922974776458028,0.2677165354330709
full_year,absz_swing_path_tilt__log_kernel_h1_m5,log_kernel_h1_m5,absz_swing_path_tilt,all,False,False,unpooled,4,3,120,0.49076271186440673,0.4470021186440678,0.5308827683615818,0.25
full_year,absz_swing_path_tilt__log_kernel_h1_m5,log_kernel_h1_m5,absz_swing_path_tilt,all,False,False,unpooled,4,4,111,0.5103908993739503,0.46884180790960456,0.5528042449228889,0.23423423423423423
full_year,absz_swing_path_tilt__log_kernel_h1_m5,log_kernel_h1_m5,absz_swing_path_tilt,all,False,False,unpooled,10,1,41,0.43784621744522517,0.35862753203803227,0.5219326167837949,0.24390243902439024
full_year,absz_swing_path_tilt__log_kernel_h1_m5,log_kernel_h1_m5,absz_swing_path_tilt,all,False,False,unpooled,10,2,44,0.4021956856702619,0.33291795069337443,0.4694241140215717,0.18181818181818182
full_year,absz_swing_path_tilt__log_kernel_h1_m5,log_kernel_h1_m5,absz_swing_path_tilt,all,False,False,unpooled,10,3,45,0.5516195856873822,0.4806723163841809,0.6178097928436912,0.28888888888888886
full_year,absz_swing_path_tilt__log_kernel_h1_m5,log_kernel_h1_m5,absz_swing_path_tilt,all,False,False,unpooled,10,4,52,0.5522490221642764,0.48776075619295967,0.6154058018252934,0.3076923076923077
full_year,absz_swing_path_tilt__log_kernel_h1_m5,log_kernel_h1_m5,absz_swing_path_tilt,all,False,False,unpooled,10,5,52,0.5468057366362451,0.4881861147327249,0.6017992177314211,0.21153846153846154
full_year,absz_swing_path_tilt__log_kernel_h1_m5,log_kernel_h1_m5,absz_swing_path_tilt,all,False,False,unpooled,10,6,50,0.47596610169491527,0.41724406779661016,0.5393,0.2
full_year,absz_swing_path_tilt__log_kernel_h1_m5,log_kernel_h1_m5,absz_swing_path_tilt,all,False,False,unpooled,10,7,51,0.4880525091392489,0.42043868394815553,0.547967763376537,0.23529411764705882
full_year,absz_swing_path_tilt__log_kernel_h1_m5,log_kernel_h1_m5,absz_swing_path_tilt,all,False,False,unpooled,10,8,45,0.5335404896421846,0.4574293785310735,0.602623352165725,0.3111111111111111
full_year,absz_swing_path_tilt__log_kernel_h1_m5,log_kernel_h1_m5,absz_swing_path_tilt,all,False,False,unpooled,10,9,47,0.45800576992426967,0.40034980165885325,0.5164659213847818,0.1276595744680851
full_year,absz_swing_path_tilt__log_kernel_h1_m5,log_kernel_h1_m5,absz_swing_path_tilt,all,False,False,unpooled,10,10,38,0.5610615521855489,0.48714763603925065,0.6401962533452275,0.3684210526315789
full_year,absz_swing_path_tilt__log_kernel_h1_m5,log_kernel_h1_m5,absz_swing_path_tilt,all,False,False,pooled,4,1,123,0.45961829957282624,0.41101143723301636,0.5088424968995452,0.2926829268292683
full_year,absz_swing_path_tilt__log_kernel_h1_m5,log_kernel_h1_m5,absz_swing_path_tilt,all,False,False,pooled,4,2,111,0.5536952206443732,0.5064681630783325,0.5948801343716599,0.2972972972972973
full_year,absz_swing_path_tilt__log_kernel_h1_m5,log_kernel_h1_m5,absz_swing_path_tilt,all,False,False,pooled,4,3,111,0.48770041227668354,0.4430516109329669,0.5302030844403726,0.23423423423423423
full_year,absz_swing_path_tilt__log_kernel_h1_m5,log_kernel_h1_m5,absz_swing_path_tilt,all,False,False,pooled,4,4,120,0.516822033898305,0.4728552259887006,0.5563587570621469,0.26666666666666666
full_year,absz_swing_path_tilt__log_kernel_h1_m5,log_kernel_h1_m5,absz_swing_path_tilt,all,False,False,pooled,10,1,49,0.43471117260463504,0.3569508820477343,0.5134140435835352,0.2653061224489796
full_year,absz_swing_path_tilt__log_kernel_h1_m5,log_kernel_h1_m5,absz_swing_path_tilt,all,False,False,pooled,10,2,52,0.48820078226857877,0.4177265319426336,0.5575961538461537,0.3076923076923077
full_year,absz_swing_path_tilt__log_kernel_h1_m5,log_kernel_h1_m5,absz_swing_path_tilt,all,False,False,pooled,10,3,49,0.5085956416464892,0.4359754410238672,0.5778294707713594,0.24489795918367346
full_year,absz_swing_path_tilt__log_kernel_h1_m5,log_kernel_h1_m5,absz_swing_path_tilt,all,False,False,pooled,10,4,42,0.5244148506860371,0.4485774818401937,0.5952502017756256,0.2857142857142857
full_year,absz_swing_path_tilt__log_kernel_h1_m5,log_kernel_h1_m5,absz_swing_path_tilt,all,False,False,pooled,10,5,42,0.5799838579499597,0.503139628732849,0.6536279257465698,0.38095238095238093
full_year,absz_swing_path_tilt__log_kernel_h1_m5,log_kernel_h1_m5,absz_swing_path_tilt,all,False,False,pooled,10,6,45,0.47086629001883235,0.4034557438794727,0.5383747645951035,0.2222222222222222
full_year,absz_swing_path_tilt__log_kernel_h1_m5,log_kernel_h1_m5,absz_swing_path_tilt,all,False,False,pooled,10,7,42,0.4971751412429378,0.42782485875706217,0.5659180790960452,0.21428571428571427
full_year,absz_swing_path_tilt__log_kernel_h1_m5,log_kernel_h1_m5,absz_swing_path_tilt,all,False,False,pooled,10,8,50,0.5334237288135594,0.4621677966101695,0.6016983050847459,0.32
full_year,absz_swing_path_tilt__log_kernel_h1_m5,log_kernel_h1_m5,absz_swing_path_tilt,all,False,False,pooled,10,9,45,0.4791902071563088,0.4032937853107345,0.5492109227871941,0.24444444444444444
full_year,absz_swing_path_tilt__log_kernel_h1_m5,log_kernel_h1_m5,absz_swing_path_tilt,all,False,False,pooled,10,10,49,0.527516430300934,0.4602023521272916,0.5947820823244552,0.24489795918367346
full_year,absz_swing_path_tilt__log_kernel_h2_m5,log_kernel_h2_m5,absz_swing_path_tilt,all,False,False,unpooled,4,1,111,0.4525769424246581,0.4059518909772717,0.498202771299218,0.25225225225225223
full_year,absz_swing_path_tilt__log_kernel_h2_m5,log_kernel_h2_m5,absz_swing_path_tilt,all,False,False,unpooled,4,2,120,0.5157642413987592,0.4793189509306261,0.5567012126339537,0.225
full_year,absz_swing_path_tilt__log_kernel_h2_m5,log_kernel_h2_m5,absz_swing_path_tilt,all,False,False,unpooled,4,3,124,0.49630205774793945,0.4561104743190874,0.5369262049014792,0.21774193548387097
full_year,absz_swing_path_tilt__log_kernel_h2_m5,log_kernel_h2_m5,absz_swing_path_tilt,all,False,False,unpooled,4,4,110,0.535748346408245,0.49502922627288115,0.5770973696354408,0.23636363636363636
full_year,absz_swing_path_tilt__log_kernel_h2_m5,log_kernel_h2_m5,absz_swing_path_tilt,all,False,False,unpooled,10,1,41,0.41523255334076187,0.34191944203706,0.4899405719945525,0.24390243902439024
full_year,absz_swing_path_tilt__log_kernel_h2_m5,log_kernel_h2_m5,absz_swing_path_tilt,all,False,False,unpooled,10,2,49,0.47154597879761034,0.4100245174211817,0.53657930177147,0.24489795918367346
full_year,absz_swing_path_tilt__log_kernel_h2_m5,log_kernel_h2_m5,absz_swing_path_tilt,all,False,False,unpooled,10,3,40,0.5012267343485618,0.42853849407783423,0.5715757191201354,0.225
full_year,absz_swing_path_tilt__log_kernel_h2_m5,log_kernel_h2_m5,absz_swing_path_tilt,all,False,False,unpooled,10,4,55,0.5195046915859098,0.45677588063374863,0.5803691739732348,0.2545454545454545
full_year,absz_swing_path_tilt__log_kernel_h2_m5,log_kernel_h2_m5,absz_swing_path_tilt,all,False,False,unpooled,10,5,46,0.5081659677775325,0.45107040388435216,0.5681306554844403,0.21739130434782608
full_year,absz_swing_path_tilt__log_kernel_h2_m5,log_kernel_h2_m5,absz_swing_path_tilt,all,False,False,unpooled,10,6,50,0.4753299492385787,0.4098798646362098,0.538917089678511,0.22
full_year,absz_swing_path_tilt__log_kernel_h2_m5,log_kernel_h2_m5,absz_swing_path_tilt,all,False,False,unpooled,10,7,51,0.4850038154009489,0.423542682724528,0.5463222852592813,0.19607843137254902
full_year,absz_swing_path_tilt__log_kernel_h2_m5,log_kernel_h2_m5,absz_swing_path_tilt,all,False,False,unpooled,10,8,46,0.5313396601191791,0.46979327595085707,0.5900923269329803,0.17391304347826086
full_year,absz_swing_path_tilt__log_kernel_h2_m5,log_kernel_h2_m5,absz_swing_path_tilt,all,False,False,unpooled,10,9,48,0.5163564579808235,0.4565355329949239,0.5792177805978567,0.1875
full_year,absz_swing_path_tilt__log_kernel_h2_m5,log_kernel_h2_m5,absz_swing_path_tilt,all,False,False,unpooled,10,10,39,0.5832140223003168,0.5059156579461147,0.6615861859516683,0.38461538461538464
full_year,absz_swing_path_tilt__log_kernel_h2_m5,log_kernel_h2_m5,absz_swing_path_tilt,all,False,False,pooled,4,1,125,0.45769881556683584,0.4120351945854484,0.5051796954314721,0.256
full_year,absz_swing_path_tilt__log_kernel_h2_m5,log_kernel_h2_m5,absz_swing_path_tilt,all,False,False,pooled,4,2,106,0.5360278389681704,0.4893672381317243,0.5804209366918877,0.29245283018867924
full_year,absz_swing_path_tilt__log_kernel_h2_m5,log_kernel_h2_m5,absz_swing_path_tilt,all,False,False,pooled,4,3,114,0.49064921186214266,0.4478931041648114,0.5352042330869474,0.21929824561403508
full_year,absz_swing_path_tilt__log_kernel_h2_m5,log_kernel_h2_m5,absz_swing_path_tilt,all,False,False,pooled,4,4,120,0.5258037225042301,0.4802961082910322,0.5691857021996616,0.31666666666666665
full_year,absz_swing_path_tilt__log_kernel_h2_m5,log_kernel_h2_m5,absz_swing_path_tilt,all,False,False,pooled,10,1,54,0.40436798897035797,0.3307231935827537,0.4747775271040923,0.25925925925925924
full_year,absz_swing_path_tilt__log_kernel_h2_m5,log_kernel_h2_m5,absz_swing_path_tilt,all,False,False,pooled,10,2,46,0.43779886706393006,0.3658408739792539,0.5173306113440742,0.21739130434782608
full_year,absz_swing_path_tilt__log_kernel_h2_m5,log_kernel_h2_m5,absz_swing_path_tilt,all,False,False,pooled,10,3,45,0.6637901861252115,0.6007595412671555,0.7300545215266029,0.4222222222222222
full_year,absz_swing_path_tilt__log_kernel_h2_m5,log_kernel_h2_m5,absz_swing_path_tilt,all,False,False,pooled,10,4,48,0.4863578680203046,0.42058833897349124,0.5542354060913705,0.22916666666666666
full_year,absz_swing_path_tilt__log_kernel_h2_m5,log_kernel_h2_m5,absz_swing_path_tilt,all,False,False,pooled,10,5,38,0.49581440911924474,0.4272976222281592,0.5701131000089054,0.23684210526315788
full_year,absz_swing_path_tilt__log_kernel_h2_m5,log_kernel_h2_m5,absz_swing_path_tilt,all,False,False,pooled,10,6,47,0.5165244626849551,0.4472495229866436,0.5829877236562623,0.2553191489361702
full_year,absz_swing_path_tilt__log_kernel_h2_m5,log_kernel_h2_m5,absz_swing_path_tilt,all,False,False,pooled,10,7,46,0.48024718605164435,0.4180754800264842,0.540421540498786,0.1956521739130435
full_year,absz_swing_path_tilt__log_kernel_h2_m5,log_kernel_h2_m5,absz_swing_path_tilt,all,False,False,pooled,10,8,42,0.44762710498751107,0.3769377971154621,0.5201897510273145,0.16666666666666666
full_year,absz_swing_path_tilt__log_kernel_h2_m5,log_kernel_h2_m5,absz_swing_path_tilt,all,False,False,pooled,10,9,47,0.5408971451200634,0.4679087014436405,0.6110289088094466,0.3191489361702128
full_year,absz_swing_path_tilt__log_kernel_h2_m5,log_kernel_h2_m5,absz_swing_path_tilt,all,False,False,pooled,10,10,52,0.5469217753481712,0.4841435637120917,0.6107705323441364,0.38461538461538464
full_year,absz_swing_path_tilt__log_kernel_h2_m20,log_kernel_h2_m20,absz_swing_path_tilt,all,False,False,unpooled,4,1,113,0.44363835107737004,0.4014824131889852,0.48699070122636,0.20353982300884957
full_year,absz_swing_path_tilt__log_kernel_h2_m20,log_kernel_h2_m20,absz_swing_path_tilt,all,False,False,unpooled,4,2,118,0.541111015515214,0.501668387392813,0.5797484871949297,0.2627118644067797
full_year,absz_swing_path_tilt__log_kernel_h2_m20,log_kernel_h2_m20,absz_swing_path_tilt,all,False,False,unpooled,4,3,125,0.47348223350253804,0.4307560067681895,0.5124263959390863,0.192
full_year,absz_swing_path_tilt__log_kernel_h2_m20,log_kernel_h2_m20,absz_swing_path_tilt,all,False,False,unpooled,4,4,109,0.5393983141619709,0.4959165774072867,0.5801324143498037,0.23853211009174313
full_year,absz_swing_path_tilt__log_kernel_h2_m20,log_kernel_h2_m20,absz_swing_path_tilt,all,False,False,unpooled,10,1,42,0.391870115220369,0.32253444525018127,0.4643985174442027,0.16666666666666666
full_year,absz_swing_path_tilt__log_kernel_h2_m20,log_kernel_h2_m20,absz_swing_path_tilt,all,False,False,unpooled,10,2,45,0.49101334837375454,0.4070332769317541,0.566576424139876,0.24444444444444444
full_year,absz_swing_path_tilt__log_kernel_h2_m20,log_kernel_h2_m20,absz_swing_path_tilt,all,False,False,unpooled,10,3,50,0.4488324873096447,0.38567851099830797,0.510409475465313,0.24
full_year,absz_swing_path_tilt__log_kernel_h2_m20,log_kernel_h2_m20,absz_swing_path_tilt,all,False,False,unpooled,10,4,46,0.5614286765246819,0.500818435959685,0.6186971235194584,0.2391304347826087
full_year,absz_swing_path_tilt__log_kernel_h2_m20,log_kernel_h2_m20,absz_swing_path_tilt,all,False,False,unpooled,10,5,48,0.5658488437676256,0.5045773406655386,0.6240817117879301,0.2708333333333333
full_year,absz_swing_path_tilt__log_kernel_h2_m20,log_kernel_h2_m20,absz_swing_path_tilt,all,False,False,unpooled,10,6,49,0.4232017680168514,0.3642028384958044,0.48516696018508926,0.12244897959183673
full_year,absz_swing_path_tilt__log_kernel_h2_m20,log_kernel_h2_m20,absz_swing_path_tilt,all,False,False,unpooled,10,7,50,0.5204060913705584,0.4597394247038917,0.5780287648054145,0.22
full_year,absz_swing_path_tilt__log_kernel_h2_m20,log_kernel_h2_m20,absz_swing_path_tilt,all,False,False,unpooled,10,8,51,0.4847383962045055,0.4233154175375734,0.5519823496234364,0.21568627450980393
full_year,absz_swing_path_tilt__log_kernel_h2_m20,log_kernel_h2_m20,absz_swing_path_tilt,all,False,False,unpooled,10,9,45,0.5193269411543523,0.4572476029328821,0.5852284263959391,0.17777777777777778
full_year,absz_swing_path_tilt__log_kernel_h2_m20,log_kernel_h2_m20,absz_swing_path_tilt,all,False,False,unpooled,10,10,39,0.5931059915831489,0.5195149464184996,0.6675560761855178,0.358974358974359
full_year,absz_swing_path_tilt__log_kernel_h2_m20,log_kernel_h2_m20,absz_swing_path_tilt,all,False,False,pooled,4,1,125,0.4722504230118443,0.42484128595600684,0.518712013536379,0.256
full_year,absz_swing_path_tilt__log_kernel_h2_m20,log_kernel_h2_m20,absz_swing_path_tilt,all,False,False,pooled,4,2,109,0.5241854111364659,0.4835110759248048,0.5676927614523666,0.28440366972477066
full_year,absz_swing_path_tilt__log_kernel_h2_m20,log_kernel_h2_m20,absz_swing_path_tilt,all,False,False,pooled,4,3,113,0.4786023389185871,0.4351736220295584,0.5237815012802659,0.21238938053097345
full_year,absz_swing_path_tilt__log_kernel_h2_m20,log_kernel_h2_m20,absz_swing_path_tilt,all,False,False,pooled,4,4,118,0.5303564771000029,0.48732255011614894,0.5747117783704723,0.3389830508474576
full_year,absz_swing_path_tilt__log_kernel_h2_m20,log_kernel_h2_m20,absz_swing_path_tilt,all,False,False,pooled,10,1,55,0.38306414397784955,0.3120443008767882,0.456783571758191,0.2
full_year,absz_swing_path_tilt__log_kernel_h2_m20,log_kernel_h2_m20,absz_swing_path_tilt,all,False,False,pooled,10,2,47,0.4818194909457465,0.4081776289736114,0.5500162004536125,0.2127659574468085
full_year,absz_swing_path_tilt__log_kernel_h2_m20,log_kernel_h2_m20,absz_swing_path_tilt,all,False,False,pooled,10,3,44,0.588371019843101,0.5136248269497,0.665668743270266,0.4090909090909091
full_year,absz_swing_path_tilt__log_kernel_h2_m20,log_kernel_h2_m20,absz_swing_path_tilt,all,False,False,pooled,10,4,46,0.5224012359302582,0.451760097108806,0.5926340763628338,0.2608695652173913
full_year,absz_swing_path_tilt__log_kernel_h2_m20,log_kernel_h2_m20,absz_swing_path_tilt,all,False,False,pooled,10,5,42,0.5365401659817903,0.46867295141406823,0.6048364354201917,0.2857142857142857
full_year,absz_swing_path_tilt__log_kernel_h2_m20,log_kernel_h2_m20,absz_swing_path_tilt,all,False,False,pooled,10,6,42,0.4672467971960358,0.39279469825155106,0.536262186769801,0.21428571428571427
full_year,absz_swing_path_tilt__log_kernel_h2_m20,log_kernel_h2_m20,absz_swing_path_tilt,all,False,False,pooled,10,7,48,0.46044839255499154,0.39491504512126346,0.5221481951494642,0.14583333333333334
full_year,absz_swing_path_tilt__log_kernel_h2_m20,log_kernel_h2_m20,absz_swing_path_tilt,all,False,False,pooled,10,8,43,0.527072758037225,0.4510526108684532,0.6036654468185575,0.3488372093023256
full_year,absz_swing_path_tilt__log_kernel_h2_m20,log_kernel_h2_m20,absz_swing_path_tilt,all,False,False,pooled,10,9,47,0.5319328941210352,0.46111711127911575,0.6038449076574143,0.3404255319148936
full_year,absz_swing_path_tilt__log_kernel_h2_m20,log_kernel_h2_m20,absz_swing_path_tilt,all,False,False,pooled,10,10,51,0.5347699147340831,0.46737500414717503,0.6019773730135032,0.3333333333333333
full_year,absz_swing_path_tilt__linear_exposure_pitcher,linear_exposure_pitcher,absz_swing_path_tilt,all,False,False,unpooled,4,1,104,0.4429584797605103,0.3962417024599766,0.49019832747624625,0.18269230769230768
full_year,absz_swing_path_tilt__linear_exposure_pitcher,linear_exposure_pitcher,absz_swing_path_tilt,all,False,False,unpooled,4,2,124,0.49078925822826264,0.45041073085530264,0.532080672452377,0.22580645161290322
full_year,absz_swing_path_tilt__linear_exposure_pitcher,linear_exposure_pitcher,absz_swing_path_tilt,all,False,False,unpooled,4,3,128,0.5015466370558375,0.46223892237732656,0.5404247303299493,0.21875
full_year,absz_swing_path_tilt__linear_exposure_pitcher,linear_exposure_pitcher,absz_swing_path_tilt,all,False,False,unpooled,4,4,109,0.5383116782315777,0.4921568170881262,0.5834901193747186,0.3211009174311927
full_year,absz_swing_path_tilt__linear_exposure_pitcher,linear_exposure_pitcher,absz_swing_path_tilt,all,False,False,unpooled,10,1,42,0.4247441785512851,0.34855168801869313,0.5004350978970268,0.19047619047619047
full_year,absz_swing_path_tilt__linear_exposure_pitcher,linear_exposure_pitcher,absz_swing_path_tilt,all,False,False,unpooled,10,2,37,0.4818447889513879,0.4031714455572324,0.5523688663282571,0.21621621621621623
full_year,absz_swing_path_tilt__linear_exposure_pitcher,linear_exposure_pitcher,absz_swing_path_tilt,all,False,False,unpooled,10,3,50,0.4429780033840948,0.37722673434856174,0.5124737732656514,0.2
full_year,absz_swing_path_tilt__linear_exposure_pitcher,linear_exposure_pitcher,absz_swing_path_tilt,all,False,False,unpooled,10,4,48,0.4887549351381839,0.4291367033276932,0.547447828539199,0.16666666666666666
full_year,absz_swing_path_tilt__linear_exposure_pitcher,linear_exposure_pitcher,absz_swing_path_tilt,all,False,False,unpooled,10,5,51,0.5029196111608772,0.4378587306326929,0.5695730068677216,0.2549019607843137
full_year,absz_swing_path_tilt__linear_exposure_pitcher,linear_exposure_pitcher,absz_swing_path_tilt,all,False,False,unpooled,10,6,52,0.5225497852401406,0.4628156319146167,0.5860438630743199,0.25
full_year,absz_swing_path_tilt__linear_exposure_pitcher,linear_exposure_pitcher,absz_swing_path_tilt,all,False,False,unpooled,10,7,52,0.4706494858779122,0.4138991930235585,0.5218257841988805,0.1346153846153846
full_year,absz_swing_path_tilt__linear_exposure_pitcher,linear_exposure_pitcher,absz_swing_path_tilt,all,False,False,unpooled,10,8,46,0.5142720517913633,0.4362870595159273,0.5885621275656588,0.32608695652173914
full_year,absz_swing_path_tilt__linear_exposure_pitcher,linear_exposure_pitcher,absz_swing_path_tilt,all,False,False,unpooled,10,9,48,0.5292583192329384,0.46252291314156796,0.5939350676818951,0.3125
full_year,absz_swing_path_tilt__linear_exposure_pitcher,linear_exposure_pitcher,absz_swing_path_tilt,all,False,False,unpooled,10,10,39,0.5683760683760684,0.49635125168120087,0.6406937394247039,0.3333333333333333
full_year,absz_swing_path_tilt__linear_exposure_pitcher,linear_exposure_pitcher,absz_swing_path_tilt,all,False,False,pooled,4,1,121,0.4407084224804576,0.3960453636503475,0.48498972186097244,0.18181818181818182
full_year,absz_swing_path_tilt__linear_exposure_pitcher,linear_exposure_pitcher,absz_swing_path_tilt,all,False,False,pooled,4,2,108,0.4930908065425832,0.4435545528608134,0.5422110985774268,0.2777777777777778
full_year,absz_swing_path_tilt__linear_exposure_pitcher,linear_exposure_pitcher,absz_swing_path_tilt,all,False,False,pooled,4,3,115,0.49963216361362467,0.454030751121901,0.544777458986243,0.2608695652173913
full_year,absz_swing_path_tilt__linear_exposure_pitcher,linear_exposure_pitcher,absz_swing_path_tilt,all,False,False,pooled,4,4,121,0.5441750220245836,0.5024268993581408,0.5859301366223378,0.3140495867768595
full_year,absz_swing_path_tilt__linear_exposure_pitcher,linear_exposure_pitcher,absz_swing_path_tilt,all,False,False,pooled,10,1,49,0.46519216823785353,0.39505507786871097,0.5346369004454573,0.20408163265306123
full_year,absz_swing_path_tilt__linear_exposure_pitcher,linear_exposure_pitcher,absz_swing_path_tilt,all,False,False,pooled,10,2,48,0.39206147772137623,0.3285162859560068,0.4602139734912578,0.125
full_year,absz_swing_path_tilt__linear_exposure_pitcher,linear_exposure_pitcher,absz_swing_path_tilt,all,False,False,pooled,10,3,47,0.46299096374698495,0.3965295028260793,0.5286388018864528,0.2127659574468085
full_year,absz_swing_path_tilt__linear_exposure_pitcher,linear_exposure_pitcher,absz_swing_path_tilt,all,False,False,pooled,10,4,44,0.4584294723888632,0.3901265189970774,0.526201738194124,0.20454545454545456
full_year,absz_swing_path_tilt__linear_exposure_pitcher,linear_exposure_pitcher,absz_swing_path_tilt,all,False,False,pooled,10,5,41,0.5618216334447609,0.4807993892121662,0.64779208451983,0.4146341463414634
full_year,absz_swing_path_tilt__linear_exposure_pitcher,linear_exposure_pitcher,absz_swing_path_tilt,all,False,False,pooled,10,6,45,0.5109043053205491,0.4327561571724008,0.587952622673435,0.26666666666666666
full_year,absz_swing_path_tilt__linear_exposure_pitcher,linear_exposure_pitcher,absz_swing_path_tilt,all,False,False,pooled,10,7,48,0.4772631133671743,0.41419733502538075,0.5448850817822899,0.22916666666666666
full_year,absz_swing_path_tilt__linear_exposure_pitcher,linear_exposure_pitcher,absz_swing_path_tilt,all,False,False,pooled,10,8,46,0.5556904288972265,0.4860939454130802,0.6235360111822261,0.32608695652173914
full_year,absz_swing_path_tilt__linear_exposure_pitcher,linear_exposure_pitcher,absz_swing_path_tilt,all,False,False,pooled,10,9,48,0.49129300620417365,0.4228831782289905,0.5647472504230118,0.2708333333333333
full_year,absz_swing_path_tilt__linear_exposure_pitcher,linear_exposure_pitcher,absz_swing_path_tilt,all,False,False,pooled,10,10,49,0.5767291688248903,0.5013467315860354,0.6416243654822334,0.3469387755102041
full_year,absz_swing_path_tilt__saturating_exposure_pitcher,saturating_exposure_pitcher,absz_swing_path_tilt,all,False,False,unpooled,4,1,100,0.41058219178082195,0.3623964041095891,0.45895633561643834,0.17
full_year,absz_swing_path_tilt__saturating_exposure_pitcher,saturating_exposure_pitcher,absz_swing_path_tilt,all,False,False,unpooled,4,2,125,0.5283767123287672,0.4885684931506849,0.5674095890410958,0.232
full_year,absz_swing_path_tilt__saturating_exposure_pitcher,saturating_exposure_pitcher,absz_swing_path_tilt,all,False,False,unpooled,4,3,124,0.5168332965090588,0.4768414438798056,0.555408335174547,0.2661290322580645
full_year,absz_swing_path_tilt__saturating_exposure_pitcher,saturating_exposure_pitcher,absz_swing_path_tilt,all,False,False,unpooled,4,4,111,0.5170384425521413,0.47384533506108845,0.5607784154017029,0.24324324324324326
full_year,absz_swing_path_tilt__saturating_exposure_pitcher,saturating_exposure_pitcher,absz_swing_path_tilt,all,False,False,unpooled,10,1,42,0.4094096542726679,0.33465834964122637,0.48178204500978467,0.21428571428571427
full_year,absz_swing_path_tilt__saturating_exposure_pitcher,saturating_exposure_pitcher,absz_swing_path_tilt,all,False,False,unpooled,10,2,34,0.4918412570507654,0.40591760676873495,0.579729049153908,0.20588235294117646
full_year,absz_swing_path_tilt__saturating_exposure_pitcher,saturating_exposure_pitcher,absz_swing_path_tilt,all,False,False,unpooled,10,3,48,0.4001141552511416,0.333634774543379,0.46554295091324194,0.10416666666666667
full_year,absz_swing_path_tilt__saturating_exposure_pitcher,saturating_exposure_pitcher,absz_swing_path_tilt,all,False,False,unpooled,10,4,53,0.5207256397001809,0.47061094598087355,0.5722586585681055,0.16981132075471697
full_year,absz_swing_path_tilt__saturating_exposure_pitcher,saturating_exposure_pitcher,absz_swing_path_tilt,all,False,False,unpooled,10,5,48,0.5496575342465754,0.4759185930365297,0.6204444920091323,0.3333333333333333
full_year,absz_swing_path_tilt__saturating_exposure_pitcher,saturating_exposure_pitcher,absz_swing_path_tilt,all,False,False,unpooled,10,6,49,0.5145897400055912,0.4571882862734134,0.5657656555772993,0.22448979591836735
full_year,absz_swing_path_tilt__saturating_exposure_pitcher,saturating_exposure_pitcher,absz_swing_path_tilt,all,False,False,unpooled,10,7,53,0.5183671491341433,0.4578896355647454,0.5780579607133626,0.24528301886792453
full_year,absz_swing_path_tilt__saturating_exposure_pitcher,saturating_exposure_pitcher,absz_swing_path_tilt,all,False,False,unpooled,10,8,46,0.5316780821917808,0.46242368969624775,0.6046772632519357,0.34782608695652173
full_year,absz_swing_path_tilt__saturating_exposure_pitcher,saturating_exposure_pitcher,absz_swing_path_tilt,all,False,False,unpooled,10,9,46,0.510087849910661,0.4444554050029779,0.573659916617034,0.1956521739130435
full_year,absz_swing_path_tilt__saturating_exposure_pitcher,saturating_exposure_pitcher,absz_swing_path_tilt,all,False,False,unpooled,10,10,41,0.5090001670564651,0.4389199799532241,0.5816989642499165,0.2682926829268293
full_year,absz_swing_path_tilt__saturating_exposure_pitcher,saturating_exposure_pitcher,absz_swing_path_tilt,all,False,False,pooled,4,1,116,0.43564005668398675,0.39167675366084076,0.481865552668871,0.1896551724137931
full_year,absz_swing_path_tilt__saturating_exposure_pitcher,saturating_exposure_pitcher,absz_swing_path_tilt,all,False,False,pooled,4,2,109,0.5201002262159106,0.47332458841271835,0.5667014892547443,0.28440366972477066
full_year,absz_swing_path_tilt__saturating_exposure_pitcher,saturating_exposure_pitcher,absz_swing_path_tilt,all,False,False,pooled,4,3,116,0.5395459376476146,0.49651482050070866,0.5812079298535665,0.31896551724137934
full_year,absz_swing_path_tilt__saturating_exposure_pitcher,saturating_exposure_pitcher,absz_swing_path_tilt,all,False,False,pooled,4,4,119,0.49609330033383225,0.45510245193967996,0.5406267986646713,0.2605042016806723
full_year,absz_swing_path_tilt__saturating_exposure_pitcher,saturating_exposure_pitcher,absz_swing_path_tilt,all,False,False,pooled,10,1,46,0.36844848123883267,0.2951980345443717,0.4375186122692079,0.15217391304347827
full_year,absz_swing_path_tilt__saturating_exposure_pitcher,saturating_exposure_pitcher,absz_swing_path_tilt,all,False,False,pooled,10,2,47,0.48260346837656654,0.41475881667152437,0.556809239288837,0.23404255319148937
full_year,absz_swing_path_tilt__saturating_exposure_pitcher,saturating_exposure_pitcher,absz_swing_path_tilt,all,False,False,pooled,10,3,48,0.4728524543378995,0.41000820490867584,0.5399293664383561,0.20833333333333334
full_year,absz_swing_path_tilt__saturating_exposure_pitcher,saturating_exposure_pitcher,absz_swing_path_tilt,all,False,False,pooled,10,4,46,0.520473496128648,0.45005955926146524,0.5944293478260869,0.30434782608695654
full_year,absz_swing_path_tilt__saturating_exposure_pitcher,saturating_exposure_pitcher,absz_swing_path_tilt,all,False,False,pooled,10,5,38,0.5514599855803892,0.4749369142033166,0.6290645277577506,0.2894736842105263
full_year,absz_swing_path_tilt__saturating_exposure_pitcher,saturating_exposure_pitcher,absz_swing_path_tilt,all,False,False,pooled,10,6,48,0.5339968607305936,0.4689800941780823,0.6035441638127853,0.3333333333333333
full_year,absz_swing_path_tilt__saturating_exposure_pitcher,saturating_exposure_pitcher,absz_swing_path_tilt,all,False,False,pooled,10,7,47,0.577109443310988,0.5102338968230837,0.6469141649664821,0.3829787234042553
full_year,absz_swing_path_tilt__saturating_exposure_pitcher,saturating_exposure_pitcher,absz_swing_path_tilt,all,False,False,pooled,10,8,43,0.41117792290538396,0.33845372730168843,0.48670356801529147,0.16279069767441862
full_year,absz_swing_path_tilt__saturating_exposure_pitcher,saturating_exposure_pitcher,absz_swing_path_tilt,all,False,False,pooled,10,9,50,0.4913013698630136,0.4209092465753425,0.5558236301369862,0.24
full_year,absz_swing_path_tilt__saturating_exposure_pitcher,saturating_exposure_pitcher,absz_swing_path_tilt,all,False,False,pooled,10,10,47,0.5663982803847275,0.4988487321480617,0.6297453366365491,0.3191489361702128
full_year,absz_bat_speed__log_exposure_pitcher,log_exposure_pitcher,absz_bat_speed,all,False,False,unpooled,4,1,112,0.5215736040609137,0.4753202803964225,0.5650629985496736,0.26785714285714285
full_year,absz_bat_speed__log_exposure_pitcher,log_exposure_pitcher,absz_bat_speed,all,False,False,unpooled,4,2,129,0.5189404373089889,0.4816157084956519,0.5608245123886724,0.24031007751937986
full_year,absz_bat_speed__log_exposure_pitcher,log_exposure_pitcher,absz_bat_speed,all,False,False,unpooled,4,3,120,0.4629018612521151,0.4220064861816131,0.5047045967287084,0.16666666666666666
full_year,absz_bat_speed__log_exposure_pitcher,log_exposure_pitcher,absz_bat_speed,all,False,False,unpooled,4,4,104,0.5044741637381231,0.4580811531953664,0.547570935832357,0.2692307692307692
full_year,absz_bat_speed__log_exposure_pitcher,log_exposure_pitcher,absz_bat_speed,all,False,False,unpooled,10,1,41,0.5468408237381867,0.4573542156741364,0.6328958771821221,0.3902439024390244
full_year,absz_bat_speed__log_exposure_pitcher,log_exposure_pitcher,absz_bat_speed,all,False,False,unpooled,10,2,47,0.5108723044245239,0.44628109587068443,0.5778395795082262,0.2127659574468085
full_year,absz_bat_speed__log_exposure_pitcher,log_exposure_pitcher,absz_bat_speed,all,False,False,unpooled,10,3,49,0.5204426948444353,0.45861217583480096,0.5788666735729825,0.20408163265306123
full_year,absz_bat_speed__log_exposure_pitcher,log_exposure_pitcher,absz_bat_speed,all,False,False,unpooled,10,4,52,0.4965182871274242,0.44295359885461405,0.5582292073408824,0.19230769230769232
full_year,absz_bat_speed__log_exposure_pitcher,log_exposure_pitcher,absz_bat_speed,all,False,False,unpooled,10,5,52,0.5309124040088506,0.46442144995444495,0.5935685929975268,0.28846153846153844
full_year,absz_bat_speed__log_exposure_pitcher,log_exposure_pitcher,absz_bat_speed,all,False,False,unpooled,10,6,48,0.38011139311900727,0.32840877044557243,0.43573216300056394,0.0625
full_year,absz_bat_speed__log_exposure_pitcher,log_exposure_pitcher,absz_bat_speed,all,False,False,unpooled,10,7,48,0.4706711787930062,0.4080583756345178,0.5323568809926678,0.16666666666666666
full_year,absz_bat_speed__log_exposure_pitcher,log_exposure_pitcher,absz_bat_speed,all,False,False,unpooled,10,8,49,0.5260713422424806,0.4611157153216616,0.58985289547291,0.24489795918367346
full_year,absz_bat_speed__log_exposure_pitcher,log_exposure_pitcher,absz_bat_speed,all,False,False,unpooled,10,9,44,0.5516459006306722,0.48776342101215203,0.6168281802799569,0.29545454545454547
full_year,absz_bat_speed__log_exposure_pitcher,log_exposure_pitcher,absz_bat_speed,all,False,False,unpooled,10,10,35,0.4893159294174523,0.399869470630892,0.581341551849166,0.34285714285714286
full_year,absz_bat_speed__log_exposure_pitcher,log_exposure_pitcher,absz_bat_speed,all,False,False,pooled,4,1,123,0.5188051119089871,0.4746419875366266,0.5681097217063541,0.2764227642276423
full_year,absz_bat_speed__log_exposure_pitcher,log_exposure_pitcher,absz_bat_speed,all,False,False,pooled,4,2,118,0.5088330608850268,0.4643996099687401,0.5533410766009922,0.2796610169491525
full_year,absz_bat_speed__log_exposure_pitcher,log_exposure_pitcher,absz_bat_speed,all,False,False,pooled,4,3,104,0.46716777300533646,0.4234511258622934,0.5112114408434206,0.18269230769230768
full_year,absz_bat_speed__log_exposure_pitcher,log_exposure_pitcher,absz_bat_speed,all,False,False,pooled,4,4,120,0.4952481669486746,0.4552086858432037,0.5374880146644107,0.26666666666666666
full_year,absz_bat_speed__log_exposure_pitcher,log_exposure_pitcher,absz_bat_speed,all,False,False,pooled,10,1,48,0.5326776649746193,0.4603849407783418,0.6021996615905245,0.2708333333333333
full_year,absz_bat_speed__log_exposure_pitcher,log_exposure_pitcher,absz_bat_speed,all,False,False,pooled,10,2,48,0.5104695431472082,0.43287507050197405,0.5880411026508742,0.2708333333333333
full_year,absz_bat_speed__log_exposure_pitcher,log_exposure_pitcher,absz_bat_speed,all,False,False,pooled,10,3,52,0.49469608225953404,0.4231501366653651,0.570717818560458,0.3076923076923077
full_year,absz_bat_speed__log_exposure_pitcher,log_exposure_pitcher,absz_bat_speed,all,False,False,pooled,10,4,49,0.4546255050243448,0.3913170344279844,0.517319313512207,0.16326530612244897
full_year,absz_bat_speed__log_exposure_pitcher,log_exposure_pitcher,absz_bat_speed,all,False,False,pooled,10,5,44,0.5859867712659591,0.5132556529764652,0.6606022150438393,0.38636363636363635
full_year,absz_bat_speed__log_exposure_pitcher,log_exposure_pitcher,absz_bat_speed,all,False,False,pooled,10,6,42,0.46660220771895905,0.4008480380307792,0.537650068487632,0.16666666666666666
full_year,absz_bat_speed__log_exposure_pitcher,log_exposure_pitcher,absz_bat_speed,all,False,False,pooled,10,7,42,0.42514704697445815,0.3628615744097978,0.49219845298525494,0.11904761904761904
full_year,absz_bat_speed__log_exposure_pitcher,log_exposure_pitcher,absz_bat_speed,all,False,False,pooled,10,8,41,0.5463455903594568,0.4822417564277165,0.6193099748256365,0.2926829268292683
full_year,absz_bat_speed__log_exposure_pitcher,log_exposure_pitcher,absz_bat_speed,all,False,False,pooled,10,9,48,0.4433164128595601,0.37729836435420194,0.5151596869712352,0.25
full_year,absz_bat_speed__log_exposure_pitcher,log_exposure_pitcher,absz_bat_speed,all,False,False,pooled,10,10,51,0.5271059354367805,0.46047244616966915,0.5922265352841644,0.29411764705882354
full_year,absz_bat_speed__log_exposure_pa,log_exposure_pa,absz_bat_speed,all,False,False,unpooled,4,1,111,0.49307527866849904,0.44051076500229047,0.540397007176668,0.3063063063063063
full_year,absz_bat_speed__log_exposure_pa,log_exposure_pa,absz_bat_speed,all,False,False,unpooled,4,2,127,0.5062258107567061,0.46991658881622855,0.5412458294408116,0.1889763779527559
full_year,absz_bat_speed__log_exposure_pa,log_exposure_pa,absz_bat_speed,all,False,False,unpooled,4,3,124,0.5354975396391469,0.4969054127938765,0.5749056861673044,0.2661290322580645
full_year,absz_bat_speed__log_exposure_pa,log_exposure_pa,absz_bat_speed,all,False,False,unpooled,4,4,102,0.4962944499833832,0.45032153539381853,0.5440079760717846,0.24509803921568626
full_year,absz_bat_speed__log_exposure_pa,log_exposure_pa,absz_bat_speed,all,False,False,unpooled,10,1,42,0.4736077481840194,0.39041364003228407,0.5588599677158999,0.3333333333333333
full_year,absz_bat_speed__log_exposure_pa,log_exposure_pa,absz_bat_speed,all,False,False,unpooled,10,2,48,0.48266242937853104,0.4063541666666667,0.5612464689265537,0.2916666666666667
full_year,absz_bat_speed__log_exposure_pa,log_exposure_pa,absz_bat_speed,all,False,False,unpooled,10,3,47,0.5324017309772809,0.4707554994590695,0.594767399927876,0.23404255319148937
full_year,absz_bat_speed__log_exposure_pa,log_exposure_pa,absz_bat_speed,all,False,False,unpooled,10,4,52,0.44745762711864406,0.39237125162972614,0.500700782268579,0.11538461538461539
full_year,absz_bat_speed__log_exposure_pa,log_exposure_pa,absz_bat_speed,all,False,False,unpooled,10,5,49,0.5647353856796957,0.5051643030093393,0.619121411276375,0.2653061224489796
full_year,absz_bat_speed__log_exposure_pa,log_exposure_pa,absz_bat_speed,all,False,False,unpooled,10,6,50,0.5279322033898305,0.4683949152542373,0.585864406779661,0.26
full_year,absz_bat_speed__log_exposure_pa,log_exposure_pa,absz_bat_speed,all,False,False,unpooled,10,7,51,0.5289963443004321,0.4672366234629444,0.5900515121302758,0.2549019607843137
full_year,absz_bat_speed__log_exposure_pa,log_exposure_pa,absz_bat_speed,all,False,False,unpooled,10,8,45,0.4939924670433144,0.43575706214689275,0.5572730696798492,0.2222222222222222
full_year,absz_bat_speed__log_exposure_pa,log_exposure_pa,absz_bat_speed,all,False,False,unpooled,10,9,45,0.5307156308851223,0.46739736346516014,0.5971016949152542,0.26666666666666666
full_year,absz_bat_speed__log_exposure_pa,log_exposure_pa,absz_bat_speed,all,False,False,unpooled,10,10,35,0.5010411622276029,0.4165738498789347,0.5947578692493946,0.2857142857142857
full_year,absz_bat_speed__log_exposure_pa,log_exposure_pa,absz_bat_speed,all,False,False,pooled,4,1,126,0.46065375302663436,0.4192440139897767,0.5074414850686036,0.23809523809523808
full_year,absz_bat_speed__log_exposure_pa,log_exposure_pa,absz_bat_speed,all,False,False,pooled,4,2,110,0.5262403697996918,0.48118952234206475,0.5699738058551618,0.23636363636363636
full_year,absz_bat_speed__log_exposure_pa,log_exposure_pa,absz_bat_speed,all,False,False,pooled,4,3,112,0.5423123486682808,0.49693628934624695,0.5867592312348668,0.3125
full_year,absz_bat_speed__log_exposure_pa,log_exposure_pa,absz_bat_speed,all,False,False,pooled,4,4,116,0.4901081239041496,0.44448860315604916,0.5335352133255405,0.27586206896551724
full_year,absz_bat_speed__log_exposure_pa,log_exposure_pa,absz_bat_speed,all,False,False,pooled,10,1,56,0.4560835351089588,0.39415708232445523,0.5254661016949151,0.23214285714285715
full_year,absz_bat_speed__log_exposure_pa,log_exposure_pa,absz_bat_speed,all,False,False,pooled,10,2,45,0.4791148775894538,0.39643126177024485,0.5566610169491525,0.2222222222222222
full_year,absz_bat_speed__log_exposure_pa,log_exposure_pa,absz_bat_speed,all,False,False,pooled,10,3,47,0.4339523981247746,0.372573025604039,0.5032203389830509,0.2127659574468085
full_year,absz_bat_speed__log_exposure_pa,log_exposure_pa,absz_bat_speed,all,False,False,pooled,10,4,49,0.5934797647872708,0.5289986163957108,0.6567589069526115,0.32653061224489793
full_year,absz_bat_speed__log_exposure_pa,log_exposure_pa,absz_bat_speed,all,False,False,pooled,10,5,39,0.4961973055193394,0.42769665362885695,0.5719643633202954,0.1794871794871795
full_year,absz_bat_speed__log_exposure_pa,log_exposure_pa,absz_bat_speed,all,False,False,pooled,10,6,47,0.4411648034619545,0.37973314100252437,0.5016083663901911,0.1702127659574468
full_year,absz_bat_speed__log_exposure_pa,log_exposure_pa,absz_bat_speed,all,False,False,pooled,10,7,44,0.6428351309707242,0.5740350539291217,0.7087788906009245,0.45454545454545453
full_year,absz_bat_speed__log_exposure_pa,log_exposure_pa,absz_bat_speed,all,False,False,pooled,10,8,44,0.5464175654853621,0.47256741140215724,0.6167218798151002,0.3409090909090909
full_year,absz_bat_speed__log_exposure_pa,log_exposure_pa,absz_bat_speed,all,False,False,pooled,10,9,39,0.5490873533246414,0.48123424598000863,0.6184180790960453,0.28205128205128205
full_year,absz_bat_speed__log_exposure_pa,log_exposure_pa,absz_bat_speed,all,False,False,pooled,10,10,54,0.428060263653484,0.3592780916509732,0.4991415568110483,0.24074074074074073
full_year,absz_bat_speed__log_exposure_type,log_exposure_type,absz_bat_speed,all,False,False,unpooled,4,1,116,0.48062897485267514,0.43834018904253463,0.5266249489468463,0.22413793103448276
full_year,absz_bat_speed__log_exposure_type,log_exposure_type,absz_bat_speed,all,False,False,unpooled,4,2,124,0.474250859669232,0.43593894983898257,0.5126105289012609,0.1935483870967742
full_year,absz_bat_speed__log_exposure_type,log_exposure_type,absz_bat_speed,all,False,False,unpooled,4,3,122,0.5397353748855787,0.4994126376522149,0.5781642672880086,0.29508196721311475
full_year,absz_bat_speed__log_exposure_type,log_exposure_type,absz_bat_speed,all,False,False,unpooled,4,4,103,0.4829481050712139,0.43708212179455574,0.5295820807254448,0.21359223300970873
full_year,absz_bat_speed__log_exposure_type,log_exposure_type,absz_bat_speed,all,False,False,unpooled,10,1,42,0.5145032632342277,0.4369833212472806,0.5952380952380951,0.2857142857142857
full_year,absz_bat_speed__log_exposure_type,log_exposure_type,absz_bat_speed,all,False,False,unpooled,10,2,47,0.4616229254419124,0.39010152284263955,0.5360946106490981,0.2127659574468085
full_year,absz_bat_speed__log_exposure_type,log_exposure_type,absz_bat_speed,all,False,False,unpooled,10,3,51,0.44821007929398493,0.3916376364420557,0.5026210145648784,0.1568627450980392
full_year,absz_bat_speed__log_exposure_type,log_exposure_type,absz_bat_speed,all,False,False,unpooled,10,4,46,0.49345251232251913,0.4338409475465314,0.5602975796365777,0.1956521739130435
full_year,absz_bat_speed__log_exposure_type,log_exposure_type,absz_bat_speed,all,False,False,unpooled,10,5,54,0.47587265776775084,0.41263082032963594,0.5405887698188883,0.2037037037037037
full_year,absz_bat_speed__log_exposure_type,log_exposure_type,absz_bat_speed,all,False,False,unpooled,10,6,50,0.5471742808798646,0.49061928934010157,0.6044365482233502,0.26
full_year,absz_bat_speed__log_exposure_type,log_exposure_type,absz_bat_speed,all,False,False,unpooled,10,7,50,0.5341793570219965,0.4668223350253807,0.601818950930626,0.32
full_year,absz_bat_speed__log_exposure_type,log_exposure_type,absz_bat_speed,all,False,False,unpooled,10,8,48,0.522031866892273,0.45388818386914837,0.5941307106598983,0.3125
full_year,absz_bat_speed__log_exposure_type,log_exposure_type,absz_bat_speed,all,False,False,unpooled,10,9,39,0.46611566662328074,0.39656384224912145,0.5400147511822639,0.20512820512820512
full_year,absz_bat_speed__log_exposure_type,log_exposure_type,absz_bat_speed,all,False,False,unpooled,10,10,38,0.48125389616172426,0.40609137055837563,0.5558731855018255,0.15789473684210525
full_year,absz_bat_speed__log_exposure_type,log_exposure_type,absz_bat_speed,all,False,False,pooled,4,1,130,0.4527918781725888,0.40859039437719646,0.4948600806976442,0.24615384615384617
full_year,absz_bat_speed__log_exposure_type,log_exposure_type,absz_bat_speed,all,False,False,pooled,4,2,106,0.5132969383520097,0.46859975098170675,0.5591609999042236,0.2830188679245283
full_year,absz_bat_speed__log_exposure_type,log_exposure_type,absz_bat_speed,all,False,False,pooled,4,3,110,0.538486386709737,0.4921650515305338,0.5802399630826027,0.2727272727272727
full_year,absz_bat_speed__log_exposure_type,log_exposure_type,absz_bat_speed,all,False,False,pooled,4,4,119,0.4914686686857484,0.446472294501557,0.5362908615222739,0.23529411764705882
full_year,absz_bat_speed__log_exposure_type,log_exposure_type,absz_bat_speed,all,False,False,pooled,10,1,51,0.4701403404001195,0.4028831160213662,0.5390381871868882,0.21568627450980393
full_year,absz_bat_speed__log_exposure_type,log_exposure_type,absz_bat_speed,all,False,False,pooled,10,2,53,0.45105832774638444,0.37571273505092107,0.5244261405357085,0.2830188679245283
full_year,absz_bat_speed__log_exposure_type,log_exposure_type,absz_bat_speed,all,False,False,pooled,10,3,47,0.5063001764049395,0.4390754941138351,0.5745436872232422,0.3404255319148936
full_year,absz_bat_speed__log_exposure_type,log_exposure_type,absz_bat_speed,all,False,False,pooled,10,4,41,0.4647558912137345,0.38633774916429364,0.5392720069332673,0.1951219512195122
full_year,absz_bat_speed__log_exposure_type,log_exposure_type,absz_bat_speed,all,False,False,pooled,10,5,44,0.5122288878634056,0.4372654207045069,0.5787590370712198,0.2727272727272727
full_year,absz_bat_speed__log_exposure_type,log_exposure_type,absz_bat_speed,all,False,False,pooled,10,6,46,0.5474141102037814,0.46956521739130425,0.6143695284337526,0.34782608695652173
full_year,absz_bat_speed__log_exposure_type,log_exposure_type,absz_bat_speed,all,False,False,pooled,10,7,46,0.5524166850584861,0.4852994188185096,0.6201739866107556,0.2391304347826087
full_year,absz_bat_speed__log_exposure_type,log_exposure_type,absz_bat_speed,all,False,False,pooled,10,8,40,0.3994500846023688,0.33083756345177673,0.4707741116751269,0.1
full_year,absz_bat_speed__log_exposure_type,log_exposure_type,absz_bat_speed,all,False,False,pooled,10,9,50,0.5393570219966158,0.47474788494077835,0.6032876480541455,0.3
full_year,absz_bat_speed__log_exposure_type,log_exposure_type,absz_bat_speed,all,False,False,pooled,10,10,47,0.5144724052273463,0.44635669798754374,0.5844223638261872,0.2553191489361702
full_year,absz_bat_speed__log_kernel_exposure,log_kernel_exposure,absz_bat_speed,all,False,False,unpooled,4,1,107,0.4986874772680551,0.45225817164002086,0.5445791229817986,0.27102803738317754
full_year,absz_bat_speed__log_kernel_exposure,log_kernel_exposure,absz_bat_speed,all,False,False,unpooled,4,2,128,0.5225914763113367,0.4822612626903553,0.5615687129864636,0.203125
full_year,absz_bat_speed__log_kernel_exposure,log_kernel_exposure,absz_bat_speed,all,False,False,unpooled,4,3,125,0.47553976311336726,0.43744433164128593,0.5110761421319796,0.16
full_year,absz_bat_speed__log_kernel_exposure,log_kernel_exposure,absz_bat_speed,all,False,False,unpooled,4,4,105,0.5121505116428975,0.4632914350173234,0.5598066231568769,0.3238095238095238
full_year,absz_bat_speed__log_kernel_exposure,log_kernel_exposure,absz_bat_speed,all,False,False,unpooled,10,1,38,0.5714667379107667,0.48957609760441717,0.6523376970344642,0.39473684210526316
full_year,absz_bat_speed__log_kernel_exposure,log_kernel_exposure,absz_bat_speed,all,False,False,unpooled,10,2,44,0.4748884786955852,0.4020131518227965,0.5449238578680203,0.2727272727272727
full_year,absz_bat_speed__log_kernel_exposure,log_kernel_exposure,absz_bat_speed,all,False,False,unpooled,10,3,51,0.45676984837928414,0.40446567798015987,0.5107892903354235,0.09803921568627451
full_year,absz_bat_speed__log_kernel_exposure,log_kernel_exposure,absz_bat_speed,all,False,False,unpooled,10,4,53,0.5153880535070077,0.4537161191456758,0.5736296012514764,0.18867924528301888
full_year,absz_bat_speed__log_kernel_exposure,log_kernel_exposure,absz_bat_speed,all,False,False,unpooled,10,5,49,0.5516247107980248,0.48718360440622943,0.6118374253254603,0.2653061224489796
full_year,absz_bat_speed__log_kernel_exposure,log_kernel_exposure,absz_bat_speed,all,False,False,unpooled,10,6,51,0.5304900301914336,0.4742825387346139,0.5860041139975448,0.21568627450980393
full_year,absz_bat_speed__log_kernel_exposure,log_kernel_exposure,absz_bat_speed,all,False,False,unpooled,10,7,50,0.44206429780033846,0.3820016920473774,0.5059238578680203,0.14
full_year,absz_bat_speed__log_kernel_exposure,log_kernel_exposure,absz_bat_speed,all,False,False,unpooled,10,8,47,0.4712351945854484,0.41255175144904055,0.537669654750333,0.19148936170212766
full_year,absz_bat_speed__log_kernel_exposure,log_kernel_exposure,absz_bat_speed,all,False,False,unpooled,10,9,48,0.5442047377326565,0.4793376339537507,0.6049739142695996,0.3125
full_year,absz_bat_speed__log_kernel_exposure,log_kernel_exposure,absz_bat_speed,all,False,False,unpooled,10,10,34,0.46441723897680903,0.3620334428187519,0.562257390265751,0.35294117647058826
full_year,absz_bat_speed__log_kernel_exposure,log_kernel_exposure,absz_bat_speed,all,False,False,pooled,4,1,121,0.4788983513025969,0.43346338325572287,0.5247416481380488,0.2396694214876033
full_year,absz_bat_speed__log_kernel_exposure,log_kernel_exposure,absz_bat_speed,all,False,False,pooled,4,2,113,0.5251111809891739,0.4849325427129659,0.5659336957010017,0.24778761061946902
full_year,absz_bat_speed__log_kernel_exposure,log_kernel_exposure,absz_bat_speed,all,False,False,pooled,4,3,109,0.4909653984073022,0.4473594746891446,0.5334738198357628,0.2018348623853211
full_year,absz_bat_speed__log_kernel_exposure,log_kernel_exposure,absz_bat_speed,all,False,False,pooled,4,4,122,0.505686388727081,0.46533868686028124,0.5495860031621868,0.28688524590163933
full_year,absz_bat_speed__log_kernel_exposure,log_kernel_exposure,absz_bat_speed,all,False,False,pooled,10,1,50,0.4923519458544839,0.42253299492385793,0.5632944162436547,0.26
full_year,absz_bat_speed__log_kernel_exposure,log_kernel_exposure,absz_bat_speed,all,False,False,pooled,10,2,46,0.46402560141249166,0.39227543588611774,0.5419002427720151,0.2391304347826087
full_year,absz_bat_speed__log_kernel_exposure,log_kernel_exposure,absz_bat_speed,all,False,False,pooled,10,3,49,0.48280327359370145,0.41328602506992645,0.5431489347007838,0.16326530612244897
full_year,absz_bat_speed__log_kernel_exposure,log_kernel_exposure,absz_bat_speed,all,False,False,pooled,10,4,49,0.5136745053351289,0.4539366000207189,0.5780327359370144,0.24489795918367346
full_year,absz_bat_speed__log_kernel_exposure,log_kernel_exposure,absz_bat_speed,all,False,False,pooled,10,5,40,0.5623519458544839,0.48710236886632824,0.6402072758037224,0.325
full_year,absz_bat_speed__log_kernel_exposure,log_kernel_exposure,absz_bat_speed,all,False,False,pooled,10,6,45,0.5115059221658208,0.44953750705019746,0.5757886820830984,0.2
full_year,absz_bat_speed__log_kernel_exposure,log_kernel_exposure,absz_bat_speed,all,False,False,pooled,10,7,40,0.5053299492385788,0.4294818104906937,0.5767343485617598,0.2
full_year,absz_bat_speed__log_kernel_exposure,log_kernel_exposure,absz_bat_speed,all,False,False,pooled,10,8,48,0.44761703327693175,0.3798240975747321,0.5167124929498025,0.22916666666666666
full_year,absz_bat_speed__log_kernel_exposure,log_kernel_exposure,absz_bat_speed,all,False,False,pooled,10,9,46,0.528580887221364,0.45659898477157357,0.6012414478040168,0.2826086956521739
full_year,absz_bat_speed__log_kernel_exposure,log_kernel_exposure,absz_bat_speed,all,False,False,pooled,10,10,52,0.5034166341272941,0.4364717558245477,0.5737781465573343,0.3076923076923077
full_year,absz_bat_speed__log_exposure_sequence,log_exposure_sequence,absz_bat_speed,all,False,False,unpooled,4,1,107,0.5410677293356737,0.49363426475006716,0.5877041921659788,0.35514018691588783
full_year,absz_bat_speed__log_exposure_sequence,log_exposure_sequence,absz_bat_speed,all,False,False,unpooled,4,2,125,0.5022470389170897,0.4644338409475466,0.5397231810490694,0.192
full_year,absz_bat_speed__log_exposure_sequence,log_exposure_sequence,absz_bat_speed,all,False,False,unpooled,4,3,122,0.4910404704446478,0.45005270311503154,0.5316426728800866,0.21311475409836064
full_year,absz_bat_speed__log_exposure_sequence,log_exposure_sequence,absz_bat_speed,all,False,False,unpooled,4,4,111,0.47824728281581075,0.43236154936662546,0.5222085029191628,0.22522522522522523
full_year,absz_bat_speed__log_exposure_sequence,log_exposure_sequence,absz_bat_speed,all,False,False,unpooled,10,1,42,0.5647409556038997,0.4875936669083877,0.6463520264281684,0.40476190476190477
full_year,absz_bat_speed__log_exposure_sequence,log_exposure_sequence,absz_bat_speed,all,False,False,unpooled,10,2,42,0.5297719764724841,0.45999315123680606,0.606145757795504,0.30952380952380953
full_year,absz_bat_speed__log_exposure_sequence,log_exposure_sequence,absz_bat_speed,all,False,False,unpooled,10,3,50,0.5411505922165821,0.4739932318104907,0.6067055837563452,0.28
full_year,absz_bat_speed__log_exposure_sequence,log_exposure_sequence,absz_bat_speed,all,False,False,unpooled,10,4,50,0.48612521150592225,0.42693231810490695,0.5460981387478849,0.16
full_year,absz_bat_speed__log_exposure_sequence,log_exposure_sequence,absz_bat_speed,all,False,False,unpooled,10,5,48,0.4862873660462494,0.42543358714043994,0.5461858432036097,0.20833333333333334
full_year,absz_bat_speed__log_exposure_sequence,log_exposure_sequence,absz_bat_speed,all,False,False,unpooled,10,6,54,0.4440684339161496,0.3796703641035283,0.5041094817321551,0.18518518518518517
full_year,absz_bat_speed__log_exposure_sequence,log_exposure_sequence,absz_bat_speed,all,False,False,unpooled,10,7,45,0.5354201917653695,0.47525286708027814,0.5994942658394435,0.24444444444444444
full_year,absz_bat_speed__log_exposure_sequence,log_exposure_sequence,absz_bat_speed,all,False,False,unpooled,10,8,49,0.48480610518319,0.41674436271970716,0.5489018957836942,0.1836734693877551
full_year,absz_bat_speed__log_exposure_sequence,log_exposure_sequence,absz_bat_speed,all,False,False,unpooled,10,9,45,0.5265839443504418,0.4532675314908817,0.5990374130475654,0.28888888888888886
full_year,absz_bat_speed__log_exposure_sequence,log_exposure_sequence,absz_bat_speed,all,False,False,unpooled,10,10,40,0.4366751269035533,0.3669479695431472,0.5091835871404399,0.2
full_year,absz_bat_speed__log_exposure_sequence,log_exposure_sequence,absz_bat_speed,all,False,False,pooled,4,1,129,0.5362412938259945,0.4905192880284369,0.5840311389184013,0.3333333333333333
full_year,absz_bat_speed__log_exposure_sequence,log_exposure_sequence,absz_bat_speed,all,False,False,pooled,4,2,107,0.47355978303841106,0.42381596217404366,0.518722425162484,0.2336448598130841
full_year,absz_bat_speed__log_exposure_sequence,log_exposure_sequence,absz_bat_speed,all,False,False,pooled,4,3,110,0.5146900476849716,0.4720619904630057,0.5570358406399015,0.24545454545454545
full_year,absz_bat_speed__log_exposure_sequence,log_exposure_sequence,absz_bat_speed,all,False,False,pooled,4,4,119,0.476894311023902,0.4351377099062977,0.5224089635854341,0.25210084033613445
full_year,absz_bat_speed__log_exposure_sequence,log_exposure_sequence,absz_bat_speed,all,False,False,pooled,10,1,52,0.5636144735129508,0.49197904464401926,0.6355037094884811,0.3269230769230769
full_year,absz_bat_speed__log_exposure_sequence,log_exposure_sequence,absz_bat_speed,all,False,False,pooled,10,2,50,0.48984771573604063,0.4192047377326565,0.5616700507614214,0.32
full_year,absz_bat_speed__log_exposure_sequence,log_exposure_sequence,absz_bat_speed,all,False,False,pooled,10,3,47,0.556521582604313,0.48566259855275945,0.6313064765813443,0.3191489361702128
full_year,absz_bat_speed__log_exposure_sequence,log_exposure_sequence,absz_bat_speed,all,False,False,pooled,10,4,45,0.38148148148148153,0.31804662530550853,0.4524064673810867,0.13333333333333333
full_year,absz_bat_speed__log_exposure_sequence,log_exposure_sequence,absz_bat_speed,all,False,False,pooled,10,5,42,0.5410120054790106,0.4649041173152848,0.6155789219240994,0.3333333333333333
full_year,absz_bat_speed__log_exposure_sequence,log_exposure_sequence,absz_bat_speed,all,False,False,pooled,10,6,46,0.4986390053704112,0.43361104980504667,0.5637534024865739,0.15217391304347827
full_year,absz_bat_speed__log_exposure_sequence,log_exposure_sequence,absz_bat_speed,all,False,False,pooled,10,7,42,0.5224397711707356,0.4431915236483764,0.5980037869631777,0.30952380952380953
full_year,absz_bat_speed__log_exposure_sequence,log_exposure_sequence,absz_bat_speed,all,False,False,pooled,10,8,44,0.45973696354407,0.38700776803568687,0.5329660821412089,0.25
full_year,absz_bat_speed__log_exposure_sequence,log_exposure_sequence,absz_bat_speed,all,False,False,pooled,10,9,47,0.4753753105086943,0.40713359974079266,0.5397703135687799,0.2553191489361702
full_year,absz_bat_speed__log_exposure_sequence,log_exposure_sequence,absz_bat_speed,all,False,False,pooled,10,10,50,0.5183079526226735,0.45415566835871407,0.5813874788494078,0.28
full_year,absz_bat_speed__log_kernel_h0.5_m5,log_kernel_h0.5_m5,absz_bat_speed,all,False,False,unpooled,4,1,103,0.5095102628140453,0.4596558111840692,0.5590455004052199,0.2524271844660194
full_year,absz_bat_speed__log_kernel_h0.5_m5,log_kernel_h0.5_m5,absz_bat_speed,all,False,False,unpooled,4,2,126,0.5151699521375841,0.4743368216110976,0.5534882777642574,0.19047619047619047
full_year,absz_bat_speed__log_kernel_h0.5_m5,log_kernel_h0.5_m5,absz_bat_speed,all,False,False,unpooled,4,3,124,0.4960433038412925,0.45640971039182293,0.5384720008792658,0.21774193548387097
full_year,absz_bat_speed__log_kernel_h0.5_m5,log_kernel_h0.5_m5,absz_bat_speed,all,False,False,unpooled,4,4,110,0.5002013318878736,0.45507511228124514,0.5444672448505496,0.2818181818181818
full_year,absz_bat_speed__log_kernel_h0.5_m5,log_kernel_h0.5_m5,absz_bat_speed,all,False,False,unpooled,10,1,36,0.5621805792163543,0.4767911224682946,0.6497042400151429,0.3333333333333333
full_year,absz_bat_speed__log_kernel_h0.5_m5,log_kernel_h0.5_m5,absz_bat_speed,all,False,False,unpooled,10,2,43,0.44778336832930554,0.37939859751990807,0.5245731151697636,0.16279069767441862
full_year,absz_bat_speed__log_kernel_h0.5_m5,log_kernel_h0.5_m5,absz_bat_speed,all,False,False,unpooled,10,3,53,0.5411108611102183,0.4858153064832375,0.5994053550191251,0.22641509433962265
full_year,absz_bat_speed__log_kernel_h0.5_m5,log_kernel_h0.5_m5,absz_bat_speed,all,False,False,unpooled,10,4,49,0.5085874213399159,0.4492594652852623,0.5704481451865243,0.20408163265306123
full_year,absz_bat_speed__log_kernel_h0.5_m5,log_kernel_h0.5_m5,absz_bat_speed,all,False,False,unpooled,10,5,48,0.5062109596819989,0.44272075525269733,0.5673303520726859,0.1875
full_year,absz_bat_speed__log_kernel_h0.5_m5,log_kernel_h0.5_m5,absz_bat_speed,all,False,False,unpooled,10,6,50,0.5,0.4350749574105621,0.564289608177172,0.24
full_year,absz_bat_speed__log_kernel_h0.5_m5,log_kernel_h0.5_m5,absz_bat_speed,all,False,False,unpooled,10,7,50,0.49352640545144794,0.4338534923339012,0.5499420783645655,0.16
full_year,absz_bat_speed__log_kernel_h0.5_m5,log_kernel_h0.5_m5,absz_bat_speed,all,False,False,unpooled,10,8,50,0.49928449744463366,0.4374701873935264,0.5620800681431005,0.26
full_year,absz_bat_speed__log_kernel_h0.5_m5,log_kernel_h0.5_m5,absz_bat_speed,all,False,False,unpooled,10,9,49,0.5020164795049196,0.4322880089003234,0.5736606056391892,0.2857142857142857
full_year,absz_bat_speed__log_kernel_h0.5_m5,log_kernel_h0.5_m5,absz_bat_speed,all,False,False,unpooled,10,10,35,0.4940618155268922,0.4096033098077391,0.5832440983207592,0.3142857142857143
full_year,absz_bat_speed__log_kernel_h0.5_m5,log_kernel_h0.5_m5,absz_bat_speed,all,False,False,pooled,4,1,122,0.4880191024101433,0.4438301170162259,0.5354434887033261,0.26229508196721313
full_year,absz_bat_speed__log_kernel_h0.5_m5,log_kernel_h0.5_m5,absz_bat_speed,all,False,False,pooled,4,2,107,0.5373513349997612,0.49417121750067666,0.5812081071184065,0.2803738317757009
full_year,absz_bat_speed__log_kernel_h0.5_m5,log_kernel_h0.5_m5,absz_bat_speed,all,False,False,pooled,4,3,113,0.48837647555441643,0.4450445493057545,0.5328360796610936,0.20353982300884957
full_year,absz_bat_speed__log_kernel_h0.5_m5,log_kernel_h0.5_m5,absz_bat_speed,all,False,False,pooled,4,4,121,0.5055612654342715,0.4623460092640827,0.5490806313092205,0.2975206611570248
full_year,absz_bat_speed__log_kernel_h0.5_m5,log_kernel_h0.5_m5,absz_bat_speed,all,False,False,pooled,10,1,52,0.5110404927270344,0.43345400340715506,0.5888546717337177,0.3269230769230769
full_year,absz_bat_speed__log_kernel_h0.5_m5,log_kernel_h0.5_m5,absz_bat_speed,all,False,False,pooled,10,2,45,0.4556691273897407,0.38188529244747305,0.5244728374029909,0.2222222222222222
full_year,absz_bat_speed__log_kernel_h0.5_m5,log_kernel_h0.5_m5,absz_bat_speed,all,False,False,pooled,10,3,50,0.46494037478705286,0.4028381601362862,0.526695059625213,0.16
full_year,absz_bat_speed__log_kernel_h0.5_m5,log_kernel_h0.5_m5,absz_bat_speed,all,False,False,pooled,10,4,41,0.6020899987534799,0.5409627290480742,0.659936842980014,0.3902439024390244
full_year,absz_bat_speed__log_kernel_h0.5_m5,log_kernel_h0.5_m5,absz_bat_speed,all,False,False,pooled,10,5,41,0.5371462999127435,0.4632131133917813,0.6104209082976689,0.2682926829268293
full_year,absz_bat_speed__log_kernel_h0.5_m5,log_kernel_h0.5_m5,absz_bat_speed,all,False,False,pooled,10,6,45,0.47293204618587925,0.4005697520348287,0.5459227711527541,0.17777777777777778
full_year,absz_bat_speed__log_kernel_h0.5_m5,log_kernel_h0.5_m5,absz_bat_speed,all,False,False,pooled,10,7,45,0.4799734999053567,0.41462426651523754,0.5491519969714178,0.24444444444444444
full_year,absz_bat_speed__log_kernel_h0.5_m5,log_kernel_h0.5_m5,absz_bat_speed,all,False,False,pooled,10,8,45,0.5231307968957032,0.4533768692031044,0.596628809388605,0.28888888888888886
full_year,absz_bat_speed__log_kernel_h0.5_m5,log_kernel_h0.5_m5,absz_bat_speed,all,False,False,pooled,10,9,48,0.5046493469619535,0.4346837734241908,0.5718111158432709,0.2916666666666667
full_year,absz_bat_speed__log_kernel_h0.5_m5,log_kernel_h0.5_m5,absz_bat_speed,all,False,False,pooled,10,10,51,0.504208838560978,0.4380398837558873,0.5728245983231451,0.2549019607843137
full_year,absz_bat_speed__log_kernel_h0.5_m20,log_kernel_h0.5_m20,absz_bat_speed,all,False,False,unpooled,4,1,106,0.5143504772850621,0.4676276218752994,0.558583947897711,0.24528301886792453
full_year,absz_bat_speed__log_kernel_h0.5_m20,log_kernel_h0.5_m20,absz_bat_speed,all,False,False,unpooled,4,2,125,0.5062673434856175,0.46708494077834173,0.5439546531302876,0.2
full_year,absz_bat_speed__log_kernel_h0.5_m20,log_kernel_h0.5_m20,absz_bat_speed,all,False,False,unpooled,4,3,125,0.5017191201353638,0.4655390862944162,0.5401461928934009,0.216
full_year,absz_bat_speed__log_kernel_h0.5_m20,log_kernel_h0.5_m20,absz_bat_speed,all,False,False,unpooled,4,4,109,0.4895682950682252,0.44421055899656936,0.5380873655288037,0.28440366972477066
full_year,absz_bat_speed__log_kernel_h0.5_m20,log_kernel_h0.5_m20,absz_bat_speed,all,False,False,unpooled,10,1,35,0.5828136330674402,0.491779066956732,0.6704278462654097,0.4
full_year,absz_bat_speed__log_kernel_h0.5_m20,log_kernel_h0.5_m20,absz_bat_speed,all,False,False,unpooled,10,2,47,0.4791554163516577,0.4142203981711488,0.542050977427368,0.14893617021276595
full_year,absz_bat_speed__log_kernel_h0.5_m20,log_kernel_h0.5_m20,absz_bat_speed,all,False,False,unpooled,10,3,51,0.5151952489963837,0.4517882618360373,0.5749842407352111,0.21568627450980393
full_year,absz_bat_speed__log_kernel_h0.5_m20,log_kernel_h0.5_m20,absz_bat_speed,all,False,False,unpooled,10,4,49,0.4809730998998584,0.4189992748368383,0.5422114023274285,0.14285714285714285
full_year,absz_bat_speed__log_kernel_h0.5_m20,log_kernel_h0.5_m20,absz_bat_speed,all,False,False,unpooled,10,5,49,0.5110846369004455,0.4477519941986947,0.5768413964570599,0.24489795918367346
full_year,absz_bat_speed__log_kernel_h0.5_m20,log_kernel_h0.5_m20,absz_bat_speed,all,False,False,unpooled,10,6,48,0.4692963902989284,0.40855717710095885,0.530146644106035,0.16666666666666666
full_year,absz_bat_speed__log_kernel_h0.5_m20,log_kernel_h0.5_m20,absz_bat_speed,all,False,False,unpooled,10,7,52,0.5165300013015749,0.45053689964857485,0.5822318755694389,0.25
full_year,absz_bat_speed__log_kernel_h0.5_m20,log_kernel_h0.5_m20,absz_bat_speed,all,False,False,unpooled,10,8,49,0.5074588210918886,0.4505369660554578,0.5675075106184606,0.20408163265306123
full_year,absz_bat_speed__log_kernel_h0.5_m20,log_kernel_h0.5_m20,absz_bat_speed,all,False,False,unpooled,10,9,50,0.5176311336717427,0.4548206429780034,0.581565143824027,0.32
full_year,absz_bat_speed__log_kernel_h0.5_m20,log_kernel_h0.5_m20,absz_bat_speed,all,False,False,unpooled,10,10,35,0.45557167029248247,0.36600435097897027,0.5435194585448392,0.3142857142857143
full_year,absz_bat_speed__log_kernel_h0.5_m20,log_kernel_h0.5_m20,absz_bat_speed,all,False,False,pooled,4,1,123,0.48163509553877265,0.43327899522650054,0.527099583178573,0.2764227642276423
full_year,absz_bat_speed__log_kernel_h0.5_m20,log_kernel_h0.5_m20,absz_bat_speed,all,False,False,pooled,4,2,110,0.5197200430702968,0.4788278726349791,0.5638247961852022,0.2545454545454545
full_year,absz_bat_speed__log_kernel_h0.5_m20,log_kernel_h0.5_m20,absz_bat_speed,all,False,False,pooled,4,3,109,0.4873950232074389,0.4431014141790465,0.5370123721262361,0.1926605504587156
full_year,absz_bat_speed__log_kernel_h0.5_m20,log_kernel_h0.5_m20,absz_bat_speed,all,False,False,pooled,4,4,123,0.5202082731487213,0.4761565762865751,0.5618677176619482,0.3008130081300813
full_year,absz_bat_speed__log_kernel_h0.5_m20,log_kernel_h0.5_m20,absz_bat_speed,all,False,False,pooled,10,1,53,0.5076301759090764,0.43865530121635854,0.5844810522619162,0.3584905660377358
full_year,absz_bat_speed__log_kernel_h0.5_m20,log_kernel_h0.5_m20,absz_bat_speed,all,False,False,pooled,10,2,45,0.46273735664598603,0.3944388042865201,0.5298589960518894,0.24444444444444444
full_year,absz_bat_speed__log_kernel_h0.5_m20,log_kernel_h0.5_m20,absz_bat_speed,all,False,False,pooled,10,3,52,0.43931407002472994,0.3784394116881427,0.5043700377456722,0.17307692307692307
full_year,absz_bat_speed__log_kernel_h0.5_m20,log_kernel_h0.5_m20,absz_bat_speed,all,False,False,pooled,10,4,44,0.5638747884940778,0.4940816797415782,0.6398938624826948,0.2727272727272727
full_year,absz_bat_speed__log_kernel_h0.5_m20,log_kernel_h0.5_m20,absz_bat_speed,all,False,False,pooled,10,5,39,0.5391774046596381,0.46931754089114497,0.5993188424660505,0.28205128205128205
full_year,absz_bat_speed__log_kernel_h0.5_m20,log_kernel_h0.5_m20,absz_bat_speed,all,False,False,pooled,10,6,40,0.49039763113367163,0.4204230118443316,0.5673879018612521,0.2
full_year,absz_bat_speed__log_kernel_h0.5_m20,log_kernel_h0.5_m20,absz_bat_speed,all,False,False,pooled,10,7,46,0.544361068196866,0.47821672919885244,0.6091407342014272,0.1956521739130435
full_year,absz_bat_speed__log_kernel_h0.5_m20,log_kernel_h0.5_m20,absz_bat_speed,all,False,False,pooled,10,8,50,0.4726226734348562,0.40141962774957696,0.5493181049069373,0.3
full_year,absz_bat_speed__log_kernel_h0.5_m20,log_kernel_h0.5_m20,absz_bat_speed,all,False,False,pooled,10,9,45,0.5260951306636585,0.457845459672871,0.5922316224854296,0.3111111111111111
full_year,absz_bat_speed__log_kernel_h0.5_m20,log_kernel_h0.5_m20,absz_bat_speed,all,False,False,pooled,10,10,51,0.4931322782920275,0.4234813045353505,0.5612239142695995,0.23529411764705882
full_year,absz_bat_speed__log_kernel_h1_m5,log_kernel_h1_m5,absz_bat_speed,all,False,False,unpooled,4,1,106,0.5189958426606972,0.46960665174288463,0.5624112567956508,0.24528301886792453
full_year,absz_bat_speed__log_kernel_h1_m5,log_kernel_h1_m5,absz_bat_speed,all,False,False,unpooled,4,2,130,0.509986962190352,0.4734159061277705,0.5458696219035202,0.2230769230769231
full_year,absz_bat_speed__log_kernel_h1_m5,log_kernel_h1_m5,absz_bat_speed,all,False,False,unpooled,4,3,122,0.4643928869130313,0.4246776882467352,0.5040316754654072,0.1557377049180328
full_year,absz_bat_speed__log_kernel_h1_m5,log_kernel_h1_m5,absz_bat_speed,all,False,False,unpooled,4,4,107,0.5265563123712974,0.4804910502138445,0.5713242515444321,0.308411214953271
full_year,absz_bat_speed__log_kernel_h1_m5,log_kernel_h1_m5,absz_bat_speed,all,False,False,unpooled,10,1,37,0.5793632615666514,0.49923728813559326,0.6661291800274851,0.40540540540540543
full_year,absz_bat_speed__log_kernel_h1_m5,log_kernel_h1_m5,absz_bat_speed,all,False,False,unpooled,10,2,45,0.4624293785310734,0.3950640301318268,0.5272391713747645,0.13333333333333333
full_year,absz_bat_speed__log_kernel_h1_m5,log_kernel_h1_m5,absz_bat_speed,all,False,False,unpooled,10,3,51,0.4688767032236623,0.41219674310402127,0.5290744433366565,0.1568627450980392
full_year,absz_bat_speed__log_kernel_h1_m5,log_kernel_h1_m5,absz_bat_speed,all,False,False,unpooled,10,4,52,0.5086701434159061,0.45213494132985654,0.5688217079530639,0.19230769230769232
full_year,absz_bat_speed__log_kernel_h1_m5,log_kernel_h1_m5,absz_bat_speed,all,False,False,unpooled,10,5,51,0.5627949484878697,0.4960817547357926,0.6240229312063807,0.3137254901960784
full_year,absz_bat_speed__log_kernel_h1_m5,log_kernel_h1_m5,absz_bat_speed,all,False,False,unpooled,10,6,50,0.5173559322033898,0.45872542372881364,0.5767576271186441,0.2
full_year,absz_bat_speed__log_kernel_h1_m5,log_kernel_h1_m5,absz_bat_speed,all,False,False,unpooled,10,7,47,0.41988820771727375,0.36076090876307243,0.48595924990984496,0.10638297872340426
full_year,absz_bat_speed__log_kernel_h1_m5,log_kernel_h1_m5,absz_bat_speed,all,False,False,unpooled,10,8,51,0.4928049185776004,0.4310086407444334,0.550074775672981,0.23529411764705882
full_year,absz_bat_speed__log_kernel_h1_m5,log_kernel_h1_m5,absz_bat_speed,all,False,False,unpooled,10,9,45,0.5435969868173258,0.47480037664783425,0.6051468926553673,0.26666666666666666
full_year,absz_bat_speed__log_kernel_h1_m5,log_kernel_h1_m5,absz_bat_speed,all,False,False,unpooled,10,10,36,0.49444444444444435,0.4103154425612053,0.5802095103578153,0.3611111111111111
full_year,absz_bat_speed__log_kernel_h1_m5,log_kernel_h1_m5,absz_bat_speed,all,False,False,pooled,4,1,119,0.4570360347528842,0.4155163082182025,0.502770972795898,0.2184873949579832
full_year,absz_bat_speed__log_kernel_h1_m5,log_kernel_h1_m5,absz_bat_speed,all,False,False,pooled,4,2,117,0.5660799652325076,0.5259655222367088,0.6053512965377371,0.2905982905982906
full_year,absz_bat_speed__log_kernel_h1_m5,log_kernel_h1_m5,absz_bat_speed,all,False,False,pooled,4,3,106,0.46829229293252317,0.4287631915574032,0.5107419251678925,0.18867924528301888
full_year,absz_bat_speed__log_kernel_h1_m5,log_kernel_h1_m5,absz_bat_speed,all,False,False,pooled,4,4,123,0.511306324927656,0.46822791787239904,0.553282348077718,0.2682926829268293
full_year,absz_bat_speed__log_kernel_h1_m5,log_kernel_h1_m5,absz_bat_speed,all,False,False,pooled,10,1,51,0.47824858757062144,0.4056596876038552,0.5583748753738784,0.29411764705882354
full_year,absz_bat_speed__log_kernel_h1_m5,log_kernel_h1_m5,absz_bat_speed,all,False,False,pooled,10,2,45,0.461638418079096,0.3954990583804143,0.5281412429378531,0.17777777777777778
full_year,absz_bat_speed__log_kernel_h1_m5,log_kernel_h1_m5,absz_bat_speed,all,False,False,pooled,10,3,49,0.47462815634728467,0.41354029747492216,0.5347993773780698,0.22448979591836735
full_year,absz_bat_speed__log_kernel_h1_m5,log_kernel_h1_m5,absz_bat_speed,all,False,False,pooled,10,4,46,0.5561532792925571,0.4917741341193809,0.6169823139277819,0.2391304347826087
full_year,absz_bat_speed__log_kernel_h1_m5,log_kernel_h1_m5,absz_bat_speed,all,False,False,pooled,10,5,45,0.5914312617702447,0.5248719397363464,0.6556421845574388,0.3333333333333333
full_year,absz_bat_speed__log_kernel_h1_m5,log_kernel_h1_m5,absz_bat_speed,all,False,False,pooled,10,6,44,0.5314329738058551,0.4684514637904469,0.5929429892141757,0.20454545454545456
full_year,absz_bat_speed__log_kernel_h1_m5,log_kernel_h1_m5,absz_bat_speed,all,False,False,pooled,10,7,41,0.41482017362546514,0.34258371227780077,0.48652128978916903,0.17073170731707318
full_year,absz_bat_speed__log_kernel_h1_m5,log_kernel_h1_m5,absz_bat_speed,all,False,False,pooled,10,8,46,0.5034635224760501,0.43350773765659545,0.5814019896831244,0.32608695652173914
full_year,absz_bat_speed__log_kernel_h1_m5,log_kernel_h1_m5,absz_bat_speed,all,False,False,pooled,10,9,47,0.4768301478543095,0.40639920663541307,0.545616660656329,0.14893617021276595
full_year,absz_bat_speed__log_kernel_h1_m5,log_kernel_h1_m5,absz_bat_speed,all,False,False,pooled,10,10,51,0.5209538052509141,0.45132269857095386,0.591630109670987,0.29411764705882354
full_year,absz_bat_speed__log_kernel_h2_m5,log_kernel_h2_m5,absz_bat_speed,all,False,False,unpooled,4,1,111,0.5062803920671941,0.4598435999451228,0.5538154906175211,0.26126126126126126
full_year,absz_bat_speed__log_kernel_h2_m5,log_kernel_h2_m5,absz_bat_speed,all,False,False,unpooled,4,2,128,0.5282756979695433,0.49102223456006766,0.5637558164128595,0.234375
full_year,absz_bat_speed__log_kernel_h2_m5,log_kernel_h2_m5,absz_bat_speed,all,False,False,unpooled,4,3,122,0.45693600732295914,0.4191936423400184,0.4940736734071177,0.1557377049180328
full_year,absz_bat_speed__log_kernel_h2_m5,log_kernel_h2_m5,absz_bat_speed,all,False,False,unpooled,4,4,104,0.5164486528699727,0.46789584146817653,0.5631271964076533,0.2692307692307692
full_year,absz_bat_speed__log_kernel_h2_m5,log_kernel_h2_m5,absz_bat_speed,all,False,False,unpooled,10,1,38,0.5498708700685725,0.4626948080862053,0.6291811381244992,0.3684210526315789
full_year,absz_bat_speed__log_kernel_h2_m5,log_kernel_h2_m5,absz_bat_speed,all,False,False,unpooled,10,2,47,0.48246750909025454,0.4214710011880332,0.5441912373546458,0.14893617021276595
full_year,absz_bat_speed__log_kernel_h2_m5,log_kernel_h2_m5,absz_bat_speed,all,False,False,unpooled,10,3,50,0.521590524534687,0.4578967851099831,0.5881252115059221,0.28
full_year,absz_bat_speed__log_kernel_h2_m5,log_kernel_h2_m5,absz_bat_speed,all,False,False,unpooled,10,4,51,0.531618061776318,0.47407517998739257,0.5951826415845526,0.27450980392156865
full_year,absz_bat_speed__log_kernel_h2_m5,log_kernel_h2_m5,absz_bat_speed,all,False,False,unpooled,10,5,53,0.5104396130638829,0.4495977396801073,0.5672253615554066,0.18867924528301888
full_year,absz_bat_speed__log_kernel_h2_m5,log_kernel_h2_m5,absz_bat_speed,all,False,False,unpooled,10,6,49,0.44640698919161564,0.3886995407299976,0.5077471597776165,0.1836734693877551
full_year,absz_bat_speed__log_kernel_h2_m5,log_kernel_h2_m5,absz_bat_speed,all,False,False,unpooled,10,7,48,0.4649957698815566,0.4051942329385223,0.5282889170896785,0.14583333333333334
full_year,absz_bat_speed__log_kernel_h2_m5,log_kernel_h2_m5,absz_bat_speed,all,False,False,unpooled,10,8,48,0.520762831359278,0.4562112239142696,0.5829543852227862,0.20833333333333334
full_year,absz_bat_speed__log_kernel_h2_m5,log_kernel_h2_m5,absz_bat_speed,all,False,False,unpooled,10,9,45,0.4997367926301936,0.428888888888889,0.5668283511938333,0.26666666666666666
full_year,absz_bat_speed__log_kernel_h2_m5,log_kernel_h2_m5,absz_bat_speed,all,False,False,unpooled,10,10,36,0.4938428275991728,0.4091911073510059,0.5772114119195336,0.25
full_year,absz_bat_speed__log_kernel_h2_m5,log_kernel_h2_m5,absz_bat_speed,all,False,False,pooled,4,1,122,0.499597792016865,0.4551031871515354,0.5432456797314915,0.2540983606557377
full_year,absz_bat_speed__log_kernel_h2_m5,log_kernel_h2_m5,absz_bat_speed,all,False,False,pooled,4,2,115,0.5155815493268594,0.4758456558522769,0.5583638637534025,0.24347826086956523
full_year,absz_bat_speed__log_kernel_h2_m5,log_kernel_h2_m5,absz_bat_speed,all,False,False,pooled,4,3,107,0.49312111580245743,0.4543431851605864,0.5366296630137419,0.21495327102803738
full_year,absz_bat_speed__log_kernel_h2_m5,log_kernel_h2_m5,absz_bat_speed,all,False,False,pooled,4,4,121,0.4893163289563843,0.4449539231726587,0.5350267790969221,0.2727272727272727
full_year,absz_bat_speed__log_kernel_h2_m5,log_kernel_h2_m5,absz_bat_speed,all,False,False,pooled,10,1,50,0.44199661590524536,0.36879526226734355,0.5122453468697122,0.22
full_year,absz_bat_speed__log_kernel_h2_m5,log_kernel_h2_m5,absz_bat_speed,all,False,False,pooled,10,2,47,0.5141483961550924,0.4406145372070418,0.585100982827519,0.2553191489361702
full_year,absz_bat_speed__log_kernel_h2_m5,log_kernel_h2_m5,absz_bat_speed,all,False,False,pooled,10,3,48,0.5554498025944726,0.49485864354201914,0.6194849830795263,0.2708333333333333
full_year,absz_bat_speed__log_kernel_h2_m5,log_kernel_h2_m5,absz_bat_speed,all,False,False,pooled,10,4,45,0.5418123707463809,0.4782252303064486,0.5999887196841511,0.28888888888888886
full_year,absz_bat_speed__log_kernel_h2_m5,log_kernel_h2_m5,absz_bat_speed,all,False,False,pooled,10,5,47,0.4879756633185729,0.41985455592756593,0.5595924685891204,0.2127659574468085
full_year,absz_bat_speed__log_kernel_h2_m5,log_kernel_h2_m5,absz_bat_speed,all,False,False,pooled,10,6,43,0.47210089324361554,0.40091291858497624,0.5378979262582142,0.20930232558139536
full_year,absz_bat_speed__log_kernel_h2_m5,log_kernel_h2_m5,absz_bat_speed,all,False,False,pooled,10,7,42,0.5150269921843526,0.4477882523567803,0.5847252437353959,0.21428571428571427
full_year,absz_bat_speed__log_kernel_h2_m5,log_kernel_h2_m5,absz_bat_speed,all,False,False,pooled,10,8,45,0.466572664034593,0.39128031584884376,0.5396728708403835,0.24444444444444444
full_year,absz_bat_speed__log_kernel_h2_m5,log_kernel_h2_m5,absz_bat_speed,all,False,False,pooled,10,9,46,0.4652026778488928,0.3829397483999118,0.5436070036047965,0.2608695652173913
full_year,absz_bat_speed__log_kernel_h2_m5,log_kernel_h2_m5,absz_bat_speed,all,False,False,pooled,10,10,52,0.5316282702069505,0.46758427697513993,0.5940875959911492,0.28846153846153844
full_year,absz_bat_speed__log_kernel_h2_m20,log_kernel_h2_m20,absz_bat_speed,all,False,False,unpooled,4,1,113,0.5019316293068595,0.4582947756165492,0.5484457122321549,0.24778761061946902
full_year,absz_bat_speed__log_kernel_h2_m20,log_kernel_h2_m20,absz_bat_speed,all,False,False,unpooled,4,2,126,0.5290468133107727,0.4928638573308624,0.5655319206080628,0.2698412698412698
full_year,absz_bat_speed__log_kernel_h2_m20,log_kernel_h2_m20,absz_bat_speed,all,False,False,unpooled,4,3,120,0.4635504794134236,0.4261943034404963,0.5033996051889452,0.14166666666666666
full_year,absz_bat_speed__log_kernel_h2_m20,log_kernel_h2_m20,absz_bat_speed,all,False,False,unpooled,4,4,106,0.5044695591099192,0.4597085208951888,0.5503503815087954,0.24528301886792453
full_year,absz_bat_speed__log_kernel_h2_m20,log_kernel_h2_m20,absz_bat_speed,all,False,False,unpooled,10,1,40,0.5134517766497462,0.4310681049069374,0.5937055837563452,0.3
full_year,absz_bat_speed__log_kernel_h2_m20,log_kernel_h2_m20,absz_bat_speed,all,False,False,unpooled,10,2,45,0.466647866140252,0.39250987027636774,0.538885128783606,0.2
full_year,absz_bat_speed__log_kernel_h2_m20,log_kernel_h2_m20,absz_bat_speed,all,False,False,unpooled,10,3,52,0.5341338019002992,0.4787013536379019,0.5966468176493558,0.28846153846153844
full_year,absz_bat_speed__log_kernel_h2_m20,log_kernel_h2_m20,absz_bat_speed,all,False,False,unpooled,10,4,49,0.5151248316585517,0.4573742187230222,0.5722020788010634,0.24489795918367346
full_year,absz_bat_speed__log_kernel_h2_m20,log_kernel_h2_m20,absz_bat_speed,all,False,False,unpooled,10,5,53,0.5438655301216359,0.48626887590588397,0.6003862976087859,0.2641509433962264
full_year,absz_bat_speed__log_kernel_h2_m20,log_kernel_h2_m20,absz_bat_speed,all,False,False,unpooled,10,6,48,0.4504371122391427,0.39047342075578123,0.5121968415115623,0.14583333333333334
full_year,absz_bat_speed__log_kernel_h2_m20,log_kernel_h2_m20,absz_bat_speed,all,False,False,unpooled,10,7,47,0.4639269899557186,0.40293768225510307,0.5306476581344277,0.1702127659574468
full_year,absz_bat_speed__log_kernel_h2_m20,log_kernel_h2_m20,absz_bat_speed,all,False,False,unpooled,10,8,51,0.526906871039448,0.4691781958130122,0.586931422315119,0.1568627450980392
full_year,absz_bat_speed__log_kernel_h2_m20,log_kernel_h2_m20,absz_bat_speed,all,False,False,unpooled,10,9,41,0.5056951838553919,0.4352172836449177,0.5762473690726755,0.24390243902439024
full_year,absz_bat_speed__log_kernel_h2_m20,log_kernel_h2_m20,absz_bat_speed,all,False,False,unpooled,10,10,39,0.4632955876610699,0.37656514382402717,0.5474814525575947,0.2564102564102564
full_year,absz_bat_speed__log_kernel_h2_m20,log_kernel_h2_m20,absz_bat_speed,all,False,False,pooled,4,1,122,0.48572855121910624,0.4436562092591052,0.5334949099886271,0.27049180327868855
full_year,absz_bat_speed__log_kernel_h2_m20,log_kernel_h2_m20,absz_bat_speed,all,False,False,pooled,4,2,113,0.5378239971250168,0.4964429570399652,0.5787977479298624,0.26548672566371684
full_year,absz_bat_speed__log_kernel_h2_m20,log_kernel_h2_m20,absz_bat_speed,all,False,False,pooled,4,3,110,0.49387786494385494,0.4501699738501769,0.5398907860329178,0.22727272727272727
full_year,absz_bat_speed__log_kernel_h2_m20,log_kernel_h2_m20,absz_bat_speed,all,False,False,pooled,4,4,120,0.4804850535815003,0.43585166384658774,0.5273011844331642,0.25
full_year,absz_bat_speed__log_kernel_h2_m20,log_kernel_h2_m20,absz_bat_speed,all,False,False,pooled,10,1,48,0.45681754089114496,0.3801272560631697,0.5335800902425267,0.2708333333333333
full_year,absz_bat_speed__log_kernel_h2_m20,log_kernel_h2_m20,absz_bat_speed,all,False,False,pooled,10,2,47,0.5151204233718545,0.44595168664722606,0.5846545703279692,0.2553191489361702
full_year,absz_bat_speed__log_kernel_h2_m20,log_kernel_h2_m20,absz_bat_speed,all,False,False,pooled,10,3,52,0.505954705193284,0.44050175712612255,0.5710692437849798,0.2692307692307692
full_year,absz_bat_speed__log_kernel_h2_m20,log_kernel_h2_m20,absz_bat_speed,all,False,False,pooled,10,4,44,0.5067681895093062,0.44208006460544536,0.567258883248731,0.25
full_year,absz_bat_speed__log_kernel_h2_m20,log_kernel_h2_m20,absz_bat_speed,all,False,False,pooled,10,5,44,0.5747192739578527,0.5002518843254884,0.6413282571912015,0.29545454545454547
full_year,absz_bat_speed__log_kernel_h2_m20,log_kernel_h2_m20,absz_bat_speed,all,False,False,pooled,10,6,45,0.49161496521902603,0.427183681143072,0.5595036661026507,0.26666666666666666
full_year,absz_bat_speed__log_kernel_h2_m20,log_kernel_h2_m20,absz_bat_speed,all,False,False,pooled,10,7,43,0.4676543501357573,0.40317554007791284,0.5335674654704285,0.13953488372093023
full_year,absz_bat_speed__log_kernel_h2_m20,log_kernel_h2_m20,absz_bat_speed,all,False,False,pooled,10,8,45,0.5060161684527167,0.4369373942470389,0.5760387290844143,0.28888888888888886
full_year,absz_bat_speed__log_kernel_h2_m20,log_kernel_h2_m20,absz_bat_speed,all,False,False,pooled,10,9,44,0.4508152591908937,0.38056645131518224,0.5265228426395938,0.20454545454545456
full_year,absz_bat_speed__log_kernel_h2_m20,log_kernel_h2_m20,absz_bat_speed,all,False,False,pooled,10,10,53,0.5121955112856368,0.44571560833892043,0.5811097276761484,0.2830188679245283
full_year,absz_bat_speed__linear_exposure_pitcher,linear_exposure_pitcher,absz_bat_speed,all,False,False,unpooled,4,1,115,0.529103214890017,0.4834267637754727,0.5733428970793791,0.28695652173913044
full_year,absz_bat_speed__linear_exposure_pitcher,linear_exposure_pitcher,absz_bat_speed,all,False,False,unpooled,4,2,127,0.49172628802110396,0.45044566129741404,0.5297593828690196,0.2204724409448819
full_year,absz_bat_speed__linear_exposure_pitcher,linear_exposure_pitcher,absz_bat_speed,all,False,False,unpooled,4,3,119,0.4965021541611569,0.4565214918454692,0.5361863527136743,0.19327731092436976
full_year,absz_bat_speed__linear_exposure_pitcher,linear_exposure_pitcher,absz_bat_speed,all,False,False,unpooled,4,4,104,0.49952817909670705,0.4530684628400365,0.5483893010542756,0.2692307692307692
full_year,absz_bat_speed__linear_exposure_pitcher,linear_exposure_pitcher,absz_bat_speed,all,False,False,unpooled,10,1,41,0.6137798687631546,0.5364099706986917,0.6925673723742314,0.43902439024390244
full_year,absz_bat_speed__linear_exposure_pitcher,linear_exposure_pitcher,absz_bat_speed,all,False,False,unpooled,10,2,49,0.47313443143754963,0.4162574674539867,0.5339549017576575,0.16326530612244897
full_year,absz_bat_speed__linear_exposure_pitcher,linear_exposure_pitcher,absz_bat_speed,all,False,False,unpooled,10,3,52,0.5250553169334895,0.4599001041259924,0.5923825328647664,0.2692307692307692
full_year,absz_bat_speed__linear_exposure_pitcher,linear_exposure_pitcher,absz_bat_speed,all,False,False,unpooled,10,4,47,0.4108615041221154,0.34958418835727406,0.47512510350289816,0.14893617021276595
full_year,absz_bat_speed__linear_exposure_pitcher,linear_exposure_pitcher,absz_bat_speed,all,False,False,unpooled,10,5,53,0.5346071576796603,0.4687114899594547,0.5987453309070011,0.2641509433962264
full_year,absz_bat_speed__linear_exposure_pitcher,linear_exposure_pitcher,absz_bat_speed,all,False,False,unpooled,10,6,47,0.5007560211685927,0.4331353277891781,0.5714350001800049,0.2765957446808511
full_year,absz_bat_speed__linear_exposure_pitcher,linear_exposure_pitcher,absz_bat_speed,all,False,False,unpooled,10,7,50,0.5069035532994923,0.45102538071065995,0.5593570219966159,0.16
full_year,absz_bat_speed__linear_exposure_pitcher,linear_exposure_pitcher,absz_bat_speed,all,False,False,unpooled,10,8,47,0.46414299600388814,0.40646038089066494,0.5219156136371819,0.14893617021276595
full_year,absz_bat_speed__linear_exposure_pitcher,linear_exposure_pitcher,absz_bat_speed,all,False,False,unpooled,10,9,42,0.5253001369752638,0.4602650874224478,0.5846527274192248,0.21428571428571427
full_year,absz_bat_speed__linear_exposure_pitcher,linear_exposure_pitcher,absz_bat_speed,all,False,False,unpooled,10,10,37,0.493963506653862,0.40843051173000405,0.5878126857822291,0.3783783783783784
full_year,absz_bat_speed__linear_exposure_pitcher,linear_exposure_pitcher,absz_bat_speed,all,False,False,pooled,4,1,121,0.5039854008474222,0.4585742053670064,0.55708072883892,0.3140495867768595
full_year,absz_bat_speed__linear_exposure_pitcher,linear_exposure_pitcher,absz_bat_speed,all,False,False,pooled,4,2,123,0.5116104714346636,0.46913870661549256,0.5524128870730333,0.24390243902439024
full_year,absz_bat_speed__linear_exposure_pitcher,linear_exposure_pitcher,absz_bat_speed,all,False,False,pooled,4,3,100,0.4746362098138748,0.4274289340101523,0.5205186125211506,0.23
full_year,absz_bat_speed__linear_exposure_pitcher,linear_exposure_pitcher,absz_bat_speed,all,False,False,pooled,4,4,121,0.5011606605976703,0.4582322999258855,0.5454776188278726,0.2396694214876033
full_year,absz_bat_speed__linear_exposure_pitcher,linear_exposure_pitcher,absz_bat_speed,all,False,False,pooled,10,1,48,0.48819091934574166,0.41879230118443317,0.5547165820642979,0.25
full_year,absz_bat_speed__linear_exposure_pitcher,linear_exposure_pitcher,absz_bat_speed,all,False,False,pooled,10,2,50,0.5123857868020305,0.4369187817258883,0.592238578680203,0.36
full_year,absz_bat_speed__linear_exposure_pitcher,linear_exposure_pitcher,absz_bat_speed,all,False,False,pooled,10,3,49,0.49951655789219235,0.42981283884112026,0.5690130874684899,0.30612244897959184
full_year,absz_bat_speed__linear_exposure_pitcher,linear_exposure_pitcher,absz_bat_speed,all,False,False,pooled,10,4,51,0.4666235360472446,0.4029511296904548,0.5291662519491722,0.1568627450980392
full_year,absz_bat_speed__linear_exposure_pitcher,linear_exposure_pitcher,absz_bat_speed,all,False,False,pooled,10,5,46,0.5779077466342971,0.5166997719414405,0.6405649966894725,0.32608695652173914
full_year,absz_bat_speed__linear_exposure_pitcher,linear_exposure_pitcher,absz_bat_speed,all,False,False,pooled,10,6,35,0.4814841672709693,0.40417452260091846,0.5629949238578681,0.2571428571428571
full_year,absz_bat_speed__linear_exposure_pitcher,linear_exposure_pitcher,absz_bat_speed,all,False,False,pooled,10,7,40,0.43481387478849404,0.35750423011844334,0.516751269035533,0.2
full_year,absz_bat_speed__linear_exposure_pitcher,linear_exposure_pitcher,absz_bat_speed,all,False,False,pooled,10,8,48,0.5159686971235194,0.4454966864072194,0.5787348420755781,0.20833333333333334
full_year,absz_bat_speed__linear_exposure_pitcher,linear_exposure_pitcher,absz_bat_speed,all,False,False,pooled,10,9,47,0.49189977319364936,0.42190481333477337,0.5616625265507434,0.19148936170212766
full_year,absz_bat_speed__linear_exposure_pitcher,linear_exposure_pitcher,absz_bat_speed,all,False,False,pooled,10,10,51,0.5092896718755184,0.4411996947679241,0.5743439169237915,0.3137254901960784
full_year,absz_bat_speed__saturating_exposure_pitcher,saturating_exposure_pitcher,absz_bat_speed,all,False,False,unpooled,4,1,114,0.5235670511896179,0.48088350156212445,0.5663196947849076,0.2631578947368421
full_year,absz_bat_speed__saturating_exposure_pitcher,saturating_exposure_pitcher,absz_bat_speed,all,False,False,unpooled,4,2,128,0.5079195205479452,0.46946302440068494,0.5482535584332192,0.2421875
full_year,absz_bat_speed__saturating_exposure_pitcher,saturating_exposure_pitcher,absz_bat_speed,all,False,False,unpooled,4,3,115,0.46646069088743297,0.4253260869565217,0.5035616438356164,0.1565217391304348
full_year,absz_bat_speed__saturating_exposure_pitcher,saturating_exposure_pitcher,absz_bat_speed,all,False,False,unpooled,4,4,103,0.5040813273041628,0.45804628275036574,0.551655805293257,0.2621359223300971
full_year,absz_bat_speed__saturating_exposure_pitcher,saturating_exposure_pitcher,absz_bat_speed,all,False,False,unpooled,10,1,40,0.5459332191780822,0.4670676369863013,0.6314383561643836,0.375
full_year,absz_bat_speed__saturating_exposure_pitcher,saturating_exposure_pitcher,absz_bat_speed,all,False,False,unpooled,10,2,47,0.5040622267560478,0.43736884290294376,0.5777652287962693,0.2127659574468085
full_year,absz_bat_speed__saturating_exposure_pitcher,saturating_exposure_pitcher,absz_bat_speed,all,False,False,unpooled,10,3,52,0.5172220758693362,0.4642979452054795,0.5708986433087461,0.21153846153846154
full_year,absz_bat_speed__saturating_exposure_pitcher,saturating_exposure_pitcher,absz_bat_speed,all,False,False,unpooled,10,4,51,0.4908843674456083,0.42369392962664526,0.5570608380338438,0.21568627450980393
full_year,absz_bat_speed__saturating_exposure_pitcher,saturating_exposure_pitcher,absz_bat_speed,all,False,False,unpooled,10,5,52,0.5238738145416229,0.4636574683877766,0.5885290437302423,0.2692307692307692
full_year,absz_bat_speed__saturating_exposure_pitcher,saturating_exposure_pitcher,absz_bat_speed,all,False,False,unpooled,10,6,46,0.42540202501488994,0.35720108695652175,0.48998846039309113,0.10869565217391304
full_year,absz_bat_speed__saturating_exposure_pitcher,saturating_exposure_pitcher,absz_bat_speed,all,False,False,unpooled,10,7,49,0.4475293542074364,0.3879210930947722,0.5031101481688566,0.14285714285714285
full_year,absz_bat_speed__saturating_exposure_pitcher,saturating_exposure_pitcher,absz_bat_speed,all,False,False,unpooled,10,8,45,0.5329718417047183,0.46957382039573825,0.5980669710806696,0.2222222222222222
full_year,absz_bat_speed__saturating_exposure_pitcher,saturating_exposure_pitcher,absz_bat_speed,all,False,False,unpooled,10,9,43,0.5253464479133482,0.4562101784007645,0.5945026282255494,0.2558139534883721
full_year,absz_bat_speed__saturating_exposure_pitcher,saturating_exposure_pitcher,absz_bat_speed,all,False,False,unpooled,10,10,35,0.49977984344422705,0.4087646771037182,0.5901076320939335,0.34285714285714286
full_year,absz_bat_speed__saturating_exposure_pitcher,saturating_exposure_pitcher,absz_bat_speed,all,False,False,pooled,4,1,120,0.5094320776255707,0.461451198630137,0.5601869292237442,0.25
full_year,absz_bat_speed__saturating_exposure_pitcher,saturating_exposure_pitcher,absz_bat_speed,all,False,False,pooled,4,2,122,0.5043931057713901,0.46165015158320233,0.5459240961149787,0.27049180327868855
full_year,absz_bat_speed__saturating_exposure_pitcher,saturating_exposure_pitcher,absz_bat_speed,all,False,False,pooled,4,3,102,0.49536663980660756,0.4476111334944938,0.5400399543378995,0.23529411764705882
full_year,absz_bat_speed__saturating_exposure_pitcher,saturating_exposure_pitcher,absz_bat_speed,all,False,False,pooled,4,4,116,0.4834228861596598,0.44035117501180915,0.5254096303731696,0.25
full_year,absz_bat_speed__saturating_exposure_pitcher,saturating_exposure_pitcher,absz_bat_speed,all,False,False,pooled,10,1,49,0.5273098965613642,0.46028096169974836,0.5964338132513279,0.24489795918367346
full_year,absz_bat_speed__saturating_exposure_pitcher,saturating_exposure_pitcher,absz_bat_speed,all,False,False,pooled,10,2,46,0.4831000595592615,0.4122971262656343,0.5546977367480642,0.1956521739130435
full_year,absz_bat_speed__saturating_exposure_pitcher,saturating_exposure_pitcher,absz_bat_speed,all,False,False,pooled,10,3,52,0.5154768177028453,0.4426567439409905,0.5871970495258166,0.3076923076923077
full_year,absz_bat_speed__saturating_exposure_pitcher,saturating_exposure_pitcher,absz_bat_speed,all,False,False,pooled,10,4,49,0.4892892088342186,0.428471833939055,0.5512073665082471,0.22448979591836735
full_year,absz_bat_speed__saturating_exposure_pitcher,saturating_exposure_pitcher,absz_bat_speed,all,False,False,pooled,10,5,46,0.5179794520547946,0.45084499702203684,0.5872599017272186,0.32608695652173914
full_year,absz_bat_speed__saturating_exposure_pitcher,saturating_exposure_pitcher,absz_bat_speed,all,False,False,pooled,10,6,38,0.4928803172314348,0.4128649963950974,0.5698292177361212,0.23684210526315788
full_year,absz_bat_speed__saturating_exposure_pitcher,saturating_exposure_pitcher,absz_bat_speed,all,False,False,pooled,10,7,42,0.46522341813437695,0.40144324853228963,0.5329541748206131,0.21428571428571427
full_year,absz_bat_speed__saturating_exposure_pitcher,saturating_exposure_pitcher,absz_bat_speed,all,False,False,pooled,10,8,41,0.5215711660541262,0.4524933177413966,0.593624707651186,0.2682926829268293
full_year,absz_bat_speed__saturating_exposure_pitcher,saturating_exposure_pitcher,absz_bat_speed,all,False,False,pooled,10,9,46,0.4296456223942824,0.36158986003573557,0.4994323257891602,0.17391304347826086
full_year,absz_bat_speed__saturating_exposure_pitcher,saturating_exposure_pitcher,absz_bat_speed,all,False,False,pooled,10,10,51,0.5330882352941176,0.4617898871877518,0.6027951248992747,0.3137254901960784
full_year,absz_swing_length__log_exposure_pitcher,log_exposure_pitcher,absz_swing_length,all,False,False,unpooled,4,1,110,0.4287648054145516,0.383511767420397,0.47357406552838033,0.18181818181818182
full_year,absz_swing_length__log_exposure_pitcher,log_exposure_pitcher,absz_swing_length,all,False,False,unpooled,4,2,121,0.47839493224818563,0.4381479772342716,0.5174875194026094,0.24793388429752067
full_year,absz_swing_length__log_exposure_pitcher,log_exposure_pitcher,absz_swing_length,all,False,False,unpooled,4,3,125,0.5605617597292725,0.521317089678511,0.5985340101522842,0.264
full_year,absz_swing_length__log_exposure_pitcher,log_exposure_pitcher,absz_swing_length,all,False,False,unpooled,4,4,109,0.5137847529455595,0.4684378832332077,0.5577609090485727,0.22935779816513763
full_year,absz_swing_length__log_exposure_pitcher,log_exposure_pitcher,absz_swing_length,all,False,False,unpooled,10,1,39,0.37648054145516074,0.3014230552301619,0.4540609137055839,0.1282051282051282
full_year,absz_swing_length__log_exposure_pitcher,log_exposure_pitcher,absz_swing_length,all,False,False,unpooled,10,2,49,0.45790600504161055,0.393319866017473,0.5207534790565972,0.1836734693877551
full_year,absz_swing_length__log_exposure_pitcher,log_exposure_pitcher,absz_swing_length,all,False,False,unpooled,10,3,46,0.4777091149856544,0.40562789671154287,0.5481240344294858,0.2608695652173913
full_year,absz_swing_length__log_exposure_pitcher,log_exposure_pitcher,absz_swing_length,all,False,False,unpooled,10,4,46,0.5052600603251673,0.44423048627970274,0.5668119620392849,0.2608695652173913
full_year,absz_swing_length__log_exposure_pitcher,log_exposure_pitcher,absz_swing_length,all,False,False,unpooled,10,5,51,0.4453568229322185,0.3826067482830695,0.5100859294648487,0.23529411764705882
full_year,absz_swing_length__log_exposure_pitcher,log_exposure_pitcher,absz_swing_length,all,False,False,unpooled,10,6,52,0.5282441754522972,0.46221365352076016,0.5958300793960691,0.25
full_year,absz_swing_length__log_exposure_pitcher,log_exposure_pitcher,absz_swing_length,all,False,False,unpooled,10,7,49,0.60400911633689,0.5423219033806416,0.6626351048033426,0.30612244897959184
full_year,absz_swing_length__log_exposure_pitcher,log_exposure_pitcher,absz_swing_length,all,False,False,unpooled,10,8,46,0.5003310527477378,0.4473497388361657,0.5547726771132201,0.1956521739130435
full_year,absz_swing_length__log_exposure_pitcher,log_exposure_pitcher,absz_swing_length,all,False,False,unpooled,10,9,46,0.5168836901346281,0.45367100713602576,0.5786103141322738,0.21739130434782608
full_year,absz_swing_length__log_exposure_pitcher,log_exposure_pitcher,absz_swing_length,all,False,False,unpooled,10,10,41,0.5418472205026619,0.4707564689860096,0.6165057158185796,0.2682926829268293
full_year,absz_swing_length__log_exposure_pitcher,log_exposure_pitcher,absz_swing_length,all,False,False,pooled,4,1,124,0.4424976802576278,0.39277332023361167,0.4929370667539982,0.25806451612903225
full_year,absz_swing_length__log_exposure_pitcher,log_exposure_pitcher,absz_swing_length,all,False,False,pooled,4,2,106,0.4652970660536985,0.422568879098426,0.5097651885196182,0.20754716981132076
full_year,absz_swing_length__log_exposure_pitcher,log_exposure_pitcher,absz_swing_length,all,False,False,pooled,4,3,113,0.5358324723357741,0.49093032658011776,0.5830615575820195,0.3274336283185841
full_year,absz_swing_length__log_exposure_pitcher,log_exposure_pitcher,absz_swing_length,all,False,False,pooled,4,4,122,0.5394995977920168,0.49877603949959787,0.579907630856287,0.27049180327868855
full_year,absz_swing_length__log_exposure_pitcher,log_exposure_pitcher,absz_swing_length,all,False,False,pooled,10,1,52,0.3753091240400885,0.3062735910451646,0.4478800598724456,0.23076923076923078
full_year,absz_swing_length__log_exposure_pitcher,log_exposure_pitcher,absz_swing_length,all,False,False,pooled,10,2,50,0.5089340101522842,0.43674111675126903,0.5840118443316412,0.34
full_year,absz_swing_length__log_exposure_pitcher,log_exposure_pitcher,absz_swing_length,all,False,False,pooled,10,3,45,0.3924233878548599,0.33317540891144953,0.45119947358526036,0.08888888888888889
full_year,absz_swing_length__log_exposure_pitcher,log_exposure_pitcher,absz_swing_length,all,False,False,pooled,10,4,47,0.45114663210569905,0.3861936134211758,0.517924901897253,0.19148936170212766
full_year,absz_swing_length__log_exposure_pitcher,log_exposure_pitcher,absz_swing_length,all,False,False,pooled,10,5,36,0.565707839819515,0.4983878548599362,0.6353684903177287,0.3333333333333333
full_year,absz_swing_length__log_exposure_pitcher,log_exposure_pitcher,absz_swing_length,all,False,False,pooled,10,6,44,0.502268881710506,0.42562298107983376,0.5902649592370404,0.3181818181818182
full_year,absz_swing_length__log_exposure_pitcher,log_exposure_pitcher,absz_swing_length,all,False,False,pooled,10,7,43,0.5806673749655687,0.5093220005508992,0.6567898319757605,0.37209302325581395
full_year,absz_swing_length__log_exposure_pitcher,log_exposure_pitcher,absz_swing_length,all,False,False,pooled,10,8,49,0.5558720950309057,0.49450429918160166,0.6160399185054733,0.2653061224489796
full_year,absz_swing_length__log_exposure_pitcher,log_exposure_pitcher,absz_swing_length,all,False,False,pooled,10,9,47,0.5723260251287036,0.5042841199553587,0.6431058069625949,0.3191489361702128
full_year,absz_swing_length__log_exposure_pitcher,log_exposure_pitcher,absz_swing_length,all,False,False,pooled,10,10,52,0.48389301054275674,0.4201825458805155,0.5478735519979175,0.23076923076923078
full_year,absz_swing_length__log_exposure_pa,log_exposure_pa,absz_swing_length,all,False,False,unpooled,4,1,112,0.4984412832929782,0.447751210653753,0.5463846852300243,0.26785714285714285
full_year,absz_swing_length__log_exposure_pa,log_exposure_pa,absz_swing_length,all,False,False,unpooled,4,2,116,0.49585037989479835,0.45654441846873167,0.5333671829339567,0.1896551724137931
full_year,absz_swing_length__log_exposure_pa,log_exposure_pa,absz_swing_length,all,False,False,unpooled,4,3,127,0.5021820365674631,0.46642666488722806,0.5393780862137993,0.1968503937007874
full_year,absz_swing_length__log_exposure_pa,log_exposure_pa,absz_swing_length,all,False,False,unpooled,4,4,109,0.5083735033431814,0.4620315658529,0.5505457938112268,0.28440366972477066
full_year,absz_swing_length__log_exposure_pa,log_exposure_pa,absz_swing_length,all,False,False,unpooled,10,1,40,0.571864406779661,0.4876271186440678,0.6487817796610169,0.35
full_year,absz_swing_length__log_exposure_pa,log_exposure_pa,absz_swing_length,all,False,False,unpooled,10,2,45,0.43839924670433145,0.3682222222222222,0.5132090395480227,0.2222222222222222
full_year,absz_swing_length__log_exposure_pa,log_exposure_pa,absz_swing_length,all,False,False,unpooled,10,3,48,0.48022598870056493,0.4159198446327683,0.5480579096045197,0.20833333333333334
full_year,absz_swing_length__log_exposure_pa,log_exposure_pa,absz_swing_length,all,False,False,unpooled,10,4,48,0.4832274011299435,0.42962217514124296,0.5416013418079095,0.125
full_year,absz_swing_length__log_exposure_pa,log_exposure_pa,absz_swing_length,all,False,False,unpooled,10,5,47,0.5211864406779662,0.45780742877749725,0.5799567255679768,0.2553191489361702
full_year,absz_swing_length__log_exposure_pa,log_exposure_pa,absz_swing_length,all,False,False,unpooled,10,6,51,0.5030408773678963,0.4446776337653706,0.5657178464606181,0.19607843137254902
full_year,absz_swing_length__log_exposure_pa,log_exposure_pa,absz_swing_length,all,False,False,unpooled,10,7,53,0.5254077390470099,0.4654940837863767,0.5837224176527022,0.24528301886792453
full_year,absz_swing_length__log_exposure_pa,log_exposure_pa,absz_swing_length,all,False,False,unpooled,10,8,46,0.46768607221812813,0.41060427413411943,0.5252523949889463,0.13043478260869565
full_year,absz_swing_length__log_exposure_pa,log_exposure_pa,absz_swing_length,all,False,False,unpooled,10,9,48,0.5281426553672316,0.4669756355932204,0.5830985169491526,0.2708333333333333
full_year,absz_swing_length__log_exposure_pa,log_exposure_pa,absz_swing_length,all,False,False,unpooled,10,10,38,0.4953612845673506,0.4112533452274754,0.584085637823372,0.3684210526315789
full_year,absz_swing_length__log_exposure_pa,log_exposure_pa,absz_swing_length,all,False,False,pooled,4,1,119,0.4530052699045719,0.40589802022503907,0.5034403931063951,0.2605042016806723
full_year,absz_swing_length__log_exposure_pa,log_exposure_pa,absz_swing_length,all,False,False,pooled,4,2,109,0.5235033431814649,0.4771201990359198,0.5656196547970767,0.28440366972477066
full_year,absz_swing_length__log_exposure_pa,log_exposure_pa,absz_swing_length,all,False,False,pooled,4,3,111,0.5241945335165674,0.4767208734157888,0.5670316078790654,0.2882882882882883
full_year,absz_swing_length__log_exposure_pa,log_exposure_pa,absz_swing_length,all,False,False,pooled,4,4,125,0.5178644067796611,0.4760833898305084,0.5600420338983051,0.264
full_year,absz_swing_length__log_exposure_pa,log_exposure_pa,absz_swing_length,all,False,False,pooled,10,1,49,0.4685057073676928,0.39188516084399866,0.543495330335524,0.2653061224489796
full_year,absz_swing_length__log_exposure_pa,log_exposure_pa,absz_swing_length,all,False,False,pooled,10,2,49,0.43460740228294714,0.36283638879280533,0.5088446904185401,0.24489795918367346
full_year,absz_swing_length__log_exposure_pa,log_exposure_pa,absz_swing_length,all,False,False,pooled,10,3,47,0.5030833032816445,0.4351334294987378,0.5733393436711143,0.2978723404255319
full_year,absz_swing_length__log_exposure_pa,log_exposure_pa,absz_swing_length,all,False,False,pooled,10,4,44,0.4837057010785825,0.4102850539291218,0.5576059322033898,0.2727272727272727
full_year,absz_swing_length__log_exposure_pa,log_exposure_pa,absz_swing_length,all,False,False,pooled,10,5,39,0.5586918730986528,0.48404823989569756,0.6338418079096043,0.28205128205128205
full_year,absz_swing_length__log_exposure_pa,log_exposure_pa,absz_swing_length,all,False,False,pooled,10,6,42,0.5221549636803874,0.44466908797417276,0.5983131557707829,0.2857142857142857
full_year,absz_swing_length__log_exposure_pa,log_exposure_pa,absz_swing_length,all,False,False,pooled,10,7,46,0.5119380987472365,0.44025055268975677,0.5890364775239499,0.2826086956521739
full_year,absz_swing_length__log_exposure_pa,log_exposure_pa,absz_swing_length,all,False,False,pooled,10,8,44,0.5499999999999999,0.47276001540832047,0.6266024653312791,0.3409090909090909
full_year,absz_swing_length__log_exposure_pa,log_exposure_pa,absz_swing_length,all,False,False,pooled,10,9,49,0.4774991352473193,0.42110861293670004,0.5348529920442754,0.12244897959183673
full_year,absz_swing_length__log_exposure_pa,log_exposure_pa,absz_swing_length,all,False,False,pooled,10,10,55,0.5425731895223421,0.47375346687211084,0.6109876733436055,0.34545454545454546
full_year,absz_swing_length__log_exposure_type,log_exposure_type,absz_swing_length,all,False,False,unpooled,4,1,110,0.5097369635440702,0.46452930318412555,0.5512867251192124,0.22727272727272727
full_year,absz_swing_length__log_exposure_type,log_exposure_type,absz_swing_length,all,False,False,unpooled,4,2,121,0.5030065304638448,0.46432926402931013,0.5437002698885486,0.24793388429752067
full_year,absz_swing_length__log_exposure_type,log_exposure_type,absz_swing_length,all,False,False,unpooled,4,3,134,0.5191807460161124,0.48197338182185523,0.5538967598555445,0.23134328358208955
full_year,absz_swing_length__log_exposure_type,log_exposure_type,absz_swing_length,all,False,False,unpooled,4,4,100,0.5107106598984772,0.4613028764805414,0.5592563451776651,0.27
full_year,absz_swing_length__log_exposure_type,log_exposure_type,absz_swing_length,all,False,False,unpooled,10,1,40,0.5266074450084602,0.45194162436548224,0.5942533840947546,0.275
full_year,absz_swing_length__log_exposure_type,log_exposure_type,absz_swing_length,all,False,False,unpooled,10,2,44,0.5219966159052454,0.46181356714351635,0.5901957391170589,0.20454545454545456
full_year,absz_swing_length__log_exposure_type,log_exposure_type,absz_swing_length,all,False,False,unpooled,10,3,47,0.45615077222162215,0.398651762249343,0.5168178709003852,0.1702127659574468
full_year,absz_swing_length__log_exposure_type,log_exposure_type,absz_swing_length,all,False,False,unpooled,10,4,53,0.5181017143951728,0.45676340069597426,0.5794304504677074,0.2830188679245283
full_year,absz_swing_length__log_exposure_type,log_exposure_type,absz_swing_length,all,False,False,unpooled,10,5,47,0.5107283003924109,0.44840695539475106,0.5781761889332901,0.2553191489361702
full_year,absz_swing_length__log_exposure_type,log_exposure_type,absz_swing_length,all,False,False,unpooled,10,6,54,0.4524973365920912,0.40055774895030405,0.5074011405652692,0.14814814814814814
full_year,absz_swing_length__log_exposure_type,log_exposure_type,absz_swing_length,all,False,False,unpooled,10,7,55,0.5395631441316721,0.4796815874480849,0.5995646823565605,0.2545454545454545
full_year,absz_swing_length__log_exposure_type,log_exposure_type,absz_swing_length,all,False,False,unpooled,10,8,48,0.5913000564015792,0.5273776790750142,0.6511227439368302,0.3125
full_year,absz_swing_length__log_exposure_type,log_exposure_type,absz_swing_length,all,False,False,unpooled,10,9,42,0.49927483683828866,0.4290105551526871,0.5677322536459593,0.2857142857142857
full_year,absz_swing_length__log_exposure_type,log_exposure_type,absz_swing_length,all,False,False,unpooled,10,10,35,0.4908145999516558,0.4005583756345178,0.5777544114092336,0.2571428571428571
full_year,absz_swing_length__log_exposure_type,log_exposure_type,absz_swing_length,all,False,False,pooled,4,1,122,0.49790574463953846,0.4535103048459127,0.5421673462594656,0.26229508196721313
full_year,absz_swing_length__log_exposure_type,log_exposure_type,absz_swing_length,all,False,False,pooled,4,2,108,0.4739769380209313,0.4231544149902864,0.5187120072695368,0.25
full_year,absz_swing_length__log_exposure_type,log_exposure_type,absz_swing_length,all,False,False,pooled,4,3,111,0.5014786359964024,0.4566088931571165,0.5440107620310665,0.23423423423423423
full_year,absz_swing_length__log_exposure_type,log_exposure_type,absz_swing_length,all,False,False,pooled,4,4,124,0.5368293215435839,0.4912613940287103,0.5802801430052945,0.3225806451612903
full_year,absz_swing_length__log_exposure_type,log_exposure_type,absz_swing_length,all,False,False,pooled,10,1,52,0.45629962254327744,0.3924492385786802,0.5168440062475594,0.19230769230769232
full_year,absz_swing_length__log_exposure_type,log_exposure_type,absz_swing_length,all,False,False,pooled,10,2,47,0.5669258739244698,0.4931202073658063,0.641885372790438,0.3617021276595745
full_year,absz_swing_length__log_exposure_type,log_exposure_type,absz_swing_length,all,False,False,pooled,10,3,46,0.4629588758920033,0.39078569852129774,0.5351706760832782,0.21739130434782608
full_year,absz_swing_length__log_exposure_type,log_exposure_type,absz_swing_length,all,False,False,pooled,10,4,46,0.467078643419407,0.3988063709262121,0.5355219598322666,0.2391304347826087
full_year,absz_swing_length__log_exposure_type,log_exposure_type,absz_swing_length,all,False,False,pooled,10,5,39,0.48151763633997136,0.3953295153802768,0.5631827845025815,0.28205128205128205
full_year,absz_swing_length__log_exposure_type,log_exposure_type,absz_swing_length,all,False,False,pooled,10,6,46,0.4407047745162952,0.37560509085558746,0.4978739056867505,0.15217391304347827
full_year,absz_swing_length__log_exposure_type,log_exposure_type,absz_swing_length,all,False,False,pooled,10,7,44,0.6028687894170128,0.533062221196739,0.6711467466543608,0.36363636363636365
full_year,absz_swing_length__log_exposure_type,log_exposure_type,absz_swing_length,all,False,False,pooled,10,8,44,0.4948084910013845,0.42008729426242125,0.5671492847254268,0.22727272727272727
full_year,absz_swing_length__log_exposure_type,log_exposure_type,absz_swing_length,all,False,False,pooled,10,9,51,0.5713314090441591,0.5003898344447762,0.6386234696924455,0.35294117647058826
full_year,absz_swing_length__log_exposure_type,log_exposure_type,absz_swing_length,all,False,False,pooled,10,10,50,0.49045685279187823,0.4157343485617597,0.5583570219966159,0.3
full_year,absz_swing_length__log_kernel_exposure,log_kernel_exposure,absz_swing_length,all,False,False,unpooled,4,1,110,0.46617443470235354,0.4212613444085525,0.5111013690201507,0.20909090909090908
full_year,absz_swing_length__log_kernel_exposure,log_kernel_exposure,absz_swing_length,all,False,False,unpooled,4,2,119,0.47980918255627125,0.4358927327276088,0.5181148601572609,0.2184873949579832
full_year,absz_swing_length__log_kernel_exposure,log_kernel_exposure,absz_swing_length,all,False,False,unpooled,4,3,124,0.5179848261557775,0.48164128595600675,0.5543863599148519,0.22580645161290322
full_year,absz_swing_length__log_kernel_exposure,log_kernel_exposure,absz_swing_length,all,False,False,unpooled,4,4,112,0.5302755620014503,0.4858683828861494,0.5729113790186124,0.25892857142857145
full_year,absz_swing_length__log_kernel_exposure,log_kernel_exposure,absz_swing_length,all,False,False,unpooled,10,1,34,0.4507813277595303,0.3596123220861949,0.5554916890614113,0.2647058823529412
full_year,absz_swing_length__log_kernel_exposure,log_kernel_exposure,absz_swing_length,all,False,False,unpooled,10,2,50,0.46450084602368863,0.4043282571912014,0.5276514382402707,0.16
full_year,absz_swing_length__log_kernel_exposure,log_kernel_exposure,absz_swing_length,all,False,False,unpooled,10,3,51,0.48958229653959723,0.43455260276699514,0.5502007232673103,0.21568627450980393
full_year,absz_swing_length__log_kernel_exposure,log_kernel_exposure,absz_swing_length,all,False,False,unpooled,10,4,45,0.4300996427899982,0.37350441812370744,0.4953299492385785,0.15555555555555556
full_year,absz_swing_length__log_kernel_exposure,log_kernel_exposure,absz_swing_length,all,False,False,unpooled,10,5,49,0.5204426948444352,0.4555302323975275,0.5891363652059809,0.2857142857142857
full_year,absz_swing_length__log_kernel_exposure,log_kernel_exposure,absz_swing_length,all,False,False,unpooled,10,6,52,0.5157165169855525,0.45425777691006114,0.5793488871534556,0.21153846153846154
full_year,absz_swing_length__log_kernel_exposure,log_kernel_exposure,absz_swing_length,all,False,False,unpooled,10,7,49,0.5133637211229669,0.4610086674263615,0.5650367761317725,0.20408163265306123
full_year,absz_swing_length__log_kernel_exposure,log_kernel_exposure,absz_swing_length,all,False,False,unpooled,10,8,50,0.510186125211506,0.44834517766497467,0.5699306260575296,0.24
full_year,absz_swing_length__log_kernel_exposure,log_kernel_exposure,absz_swing_length,all,False,False,unpooled,10,9,49,0.5697192582616804,0.5100676818950931,0.6332832625435961,0.2857142857142857
full_year,absz_swing_length__log_kernel_exposure,log_kernel_exposure,absz_swing_length,all,False,False,unpooled,10,10,36,0.506204173716864,0.4178299492385787,0.5918053205489753,0.2777777777777778
full_year,absz_swing_length__log_kernel_exposure,log_kernel_exposure,absz_swing_length,all,False,False,pooled,4,1,120,0.4480682459108855,0.4035434292160181,0.49667724196277496,0.25
full_year,absz_swing_length__log_kernel_exposure,log_kernel_exposure,absz_swing_length,all,False,False,pooled,4,2,109,0.4883729955447927,0.44101352085564816,0.534108725686521,0.24770642201834864
full_year,absz_swing_length__log_kernel_exposure,log_kernel_exposure,absz_swing_length,all,False,False,pooled,4,3,119,0.5325328100783462,0.48833411537203714,0.5753750231056889,0.31092436974789917
full_year,absz_swing_length__log_kernel_exposure,log_kernel_exposure,absz_swing_length,all,False,False,pooled,4,4,117,0.5277524693768348,0.48831330354172986,0.5666384658770446,0.2564102564102564
full_year,absz_swing_length__log_kernel_exposure,log_kernel_exposure,absz_swing_length,all,False,False,pooled,10,1,51,0.4225307720380876,0.3507315616601971,0.4921900401446535,0.27450980392156865
full_year,absz_swing_length__log_kernel_exposure,log_kernel_exposure,absz_swing_length,all,False,False,pooled,10,2,48,0.48741539763113373,0.4157307529610829,0.5592569091934574,0.25
full_year,absz_swing_length__log_kernel_exposure,log_kernel_exposure,absz_swing_length,all,False,False,pooled,10,3,43,0.45616416794553977,0.38619997639003667,0.5273914925431865,0.20930232558139536
full_year,absz_swing_length__log_kernel_exposure,log_kernel_exposure,absz_swing_length,all,False,False,pooled,10,4,47,0.4958598840767541,0.4266551463440977,0.5611081110271088,0.2553191489361702
full_year,absz_swing_length__log_kernel_exposure,log_kernel_exposure,absz_swing_length,all,False,False,pooled,10,5,40,0.47838409475465316,0.3995219966159052,0.5634602368866328,0.25
full_year,absz_swing_length__log_kernel_exposure,log_kernel_exposure,absz_swing_length,all,False,False,pooled,10,6,45,0.523538259071254,0.4490110923105848,0.5976142131979695,0.3111111111111111
full_year,absz_swing_length__log_kernel_exposure,log_kernel_exposure,absz_swing_length,all,False,False,pooled,10,7,48,0.5724760293288212,0.5016233079526227,0.6421125916525663,0.3541666666666667
full_year,absz_swing_length__log_kernel_exposure,log_kernel_exposure,absz_swing_length,all,False,False,pooled,10,8,48,0.4990129723632262,0.43036872532430914,0.5743707698815567,0.2916666666666667
full_year,absz_swing_length__log_kernel_exposure,log_kernel_exposure,absz_swing_length,all,False,False,pooled,10,9,45,0.5453092686595226,0.47670050761421323,0.6122523030644859,0.26666666666666666
full_year,absz_swing_length__log_kernel_exposure,log_kernel_exposure,absz_swing_length,all,False,False,pooled,10,10,50,0.5117766497461929,0.45522335025380706,0.5767021996615905,0.2
full_year,absz_swing_length__log_exposure_sequence,log_exposure_sequence,absz_swing_length,all,False,False,unpooled,4,1,109,0.48576506931184904,0.44239820549837783,0.5288191372110712,0.22018348623853212
full_year,absz_swing_length__log_exposure_sequence,log_exposure_sequence,absz_swing_length,all,False,False,unpooled,4,2,125,0.5366700507614214,0.4977780033840948,0.5738409475465314,0.272
full_year,absz_swing_length__log_exposure_sequence,log_exposure_sequence,absz_swing_length,all,False,False,unpooled,4,3,121,0.5021814825691152,0.4656360559913859,0.5375291913132245,0.19834710743801653
full_year,absz_swing_length__log_exposure_sequence,log_exposure_sequence,absz_swing_length,all,False,False,unpooled,4,4,110,0.5450084602368866,0.5002238117212738,0.5870896785109982,0.2909090909090909
full_year,absz_swing_length__log_exposure_sequence,log_exposure_sequence,absz_swing_length,all,False,False,unpooled,10,1,38,0.5180781903998576,0.43840502270905696,0.6027762935256924,0.3157894736842105
full_year,absz_swing_length__log_exposure_sequence,log_exposure_sequence,absz_swing_length,all,False,False,unpooled,10,2,44,0.520150746039071,0.4599657744962313,0.583416012921089,0.20454545454545456
full_year,absz_swing_length__log_exposure_sequence,log_exposure_sequence,absz_swing_length,all,False,False,unpooled,10,3,50,0.44206429780033835,0.3779661590524535,0.5036565143824028,0.18
full_year,absz_swing_length__log_exposure_sequence,log_exposure_sequence,absz_swing_length,all,False,False,unpooled,10,4,51,0.5474436813642547,0.485720447231346,0.612763345608971,0.3137254901960784
full_year,absz_swing_length__log_exposure_sequence,log_exposure_sequence,absz_swing_length,all,False,False,unpooled,10,5,51,0.5379549450914037,0.48568892870176833,0.5926113931190073,0.23529411764705882
full_year,absz_swing_length__log_exposure_sequence,log_exposure_sequence,absz_swing_length,all,False,False,unpooled,10,6,48,0.4626339537507051,0.40944021432600114,0.5181613085166386,0.14583333333333334
full_year,absz_swing_length__log_exposure_sequence,log_exposure_sequence,absz_swing_length,all,False,False,unpooled,10,7,50,0.5051099830795261,0.4430372250423013,0.5653824027072758,0.22
full_year,absz_swing_length__log_exposure_sequence,log_exposure_sequence,absz_swing_length,all,False,False,unpooled,10,8,49,0.5568735108256501,0.49726509893297416,0.6147570703408266,0.2857142857142857
full_year,absz_swing_length__log_exposure_sequence,log_exposure_sequence,absz_swing_length,all,False,False,unpooled,10,9,47,0.5455052741476761,0.4830597256723189,0.6140691939374303,0.2765957446808511
full_year,absz_swing_length__log_exposure_sequence,log_exposure_sequence,absz_swing_length,all,False,False,unpooled,10,10,37,0.5493894910138565,0.4673000411579092,0.6266909041020716,0.2972972972972973
full_year,absz_swing_length__log_exposure_sequence,log_exposure_sequence,absz_swing_length,all,False,False,pooled,4,1,124,0.4675781889634845,0.42287402434364935,0.5114151793024398,0.2661290322580645
full_year,absz_swing_length__log_exposure_sequence,log_exposure_sequence,absz_swing_length,all,False,False,pooled,4,2,110,0.52853407168128,0.48084448546377484,0.5779333948623289,0.2909090909090909
full_year,absz_swing_length__log_exposure_sequence,log_exposure_sequence,absz_swing_length,all,False,False,pooled,4,3,106,0.4788015196500973,0.43541965967499924,0.521369281358746,0.16037735849056603
full_year,absz_swing_length__log_exposure_sequence,log_exposure_sequence,absz_swing_length,all,False,False,pooled,4,4,125,0.5626463620981389,0.5216994923857868,0.6064764805414553,0.344
full_year,absz_swing_length__log_exposure_sequence,log_exposure_sequence,absz_swing_length,all,False,False,pooled,10,1,48,0.4149041173152848,0.33574626339537506,0.49080125493513815,0.22916666666666666
full_year,absz_swing_length__log_exposure_sequence,log_exposure_sequence,absz_swing_length,all,False,False,pooled,10,2,51,0.4454895325304403,0.3780067018347102,0.5134434822998574,0.23529411764705882
full_year,absz_swing_length__log_exposure_sequence,log_exposure_sequence,absz_swing_length,all,False,False,pooled,10,3,45,0.5678322993043805,0.4994980259447265,0.6395957886820831,0.35555555555555557
full_year,absz_swing_length__log_exposure_sequence,log_exposure_sequence,absz_swing_length,all,False,False,pooled,10,4,51,0.480226269864968,0.40205865764241394,0.5545701867887596,0.27450980392156865
full_year,absz_swing_length__log_exposure_sequence,log_exposure_sequence,absz_swing_length,all,False,False,pooled,10,5,39,0.6010022126773396,0.5349255933012278,0.6664150288515772,0.3076923076923077
full_year,absz_swing_length__log_exposure_sequence,log_exposure_sequence,absz_swing_length,all,False,False,pooled,10,6,37,0.487744089266932,0.41701879544519144,0.5523414277221385,0.16216216216216217
full_year,absz_swing_length__log_exposure_sequence,log_exposure_sequence,absz_swing_length,all,False,False,pooled,10,7,46,0.44578091664827474,0.3872875744868682,0.5036489369528433,0.15217391304347827
full_year,absz_swing_length__log_exposure_sequence,log_exposure_sequence,absz_swing_length,all,False,False,pooled,10,8,50,0.5207783417935703,0.4541353637901862,0.5875262267343485,0.22
full_year,absz_swing_length__log_exposure_sequence,log_exposure_sequence,absz_swing_length,all,False,False,pooled,10,9,46,0.5538512469653499,0.4875928786875598,0.6206852791878171,0.30434782608695654
full_year,absz_swing_length__log_exposure_sequence,log_exposure_sequence,absz_swing_length,all,False,False,pooled,10,10,52,0.5964467005076143,0.5314037485357282,0.6627359104516465,0.4230769230769231
full_year,absz_swing_length__log_kernel_h0.5_m5,log_kernel_h0.5_m5,absz_swing_length,all,False,False,unpooled,4,1,105,0.48599821529974857,0.4429204185933317,0.5300040561369352,0.19047619047619047
full_year,absz_swing_length__log_kernel_h0.5_m5,log_kernel_h0.5_m5,absz_swing_length,all,False,False,unpooled,4,2,118,0.49257933185112457,0.45177865042011955,0.5335352120809632,0.22033898305084745
full_year,absz_swing_length__log_kernel_h0.5_m5,log_kernel_h0.5_m5,absz_swing_length,all,False,False,unpooled,4,3,125,0.4866848381601363,0.4475284497444634,0.5264981260647359,0.192
full_year,absz_swing_length__log_kernel_h0.5_m5,log_kernel_h0.5_m5,absz_swing_length,all,False,False,unpooled,4,4,115,0.5288719354121917,0.48488482334641875,0.5727738686023257,0.28695652173913044
full_year,absz_swing_length__log_kernel_h0.5_m5,log_kernel_h0.5_m5,absz_swing_length,all,False,False,unpooled,10,1,34,0.49418779436817317,0.41175468483816013,0.5722266760196414,0.23529411764705882
full_year,absz_swing_length__log_kernel_h0.5_m5,log_kernel_h0.5_m5,absz_swing_length,all,False,False,unpooled,10,2,47,0.5149334879843416,0.4553408967342058,0.572686577983979,0.23404255319148937
full_year,absz_swing_length__log_kernel_h0.5_m5,log_kernel_h0.5_m5,absz_swing_length,all,False,False,unpooled,10,3,44,0.44989933405606314,0.3792918538020753,0.5172429146662537,0.1590909090909091
full_year,absz_swing_length__log_kernel_h0.5_m5,log_kernel_h0.5_m5,absz_swing_length,all,False,False,unpooled,10,4,50,0.49192504258943776,0.4282027257240204,0.5557103918228278,0.18
full_year,absz_swing_length__log_kernel_h0.5_m5,log_kernel_h0.5_m5,absz_swing_length,all,False,False,unpooled,10,5,48,0.4949602498580352,0.43416027825099374,0.5580706984667801,0.22916666666666666
full_year,absz_swing_length__log_kernel_h0.5_m5,log_kernel_h0.5_m5,absz_swing_length,all,False,False,unpooled,10,6,53,0.5173572048471602,0.45959306997524996,0.5746022307222526,0.18867924528301888
full_year,absz_swing_length__log_kernel_h0.5_m5,log_kernel_h0.5_m5,absz_swing_length,all,False,False,unpooled,10,7,45,0.4047510883967443,0.3410353965549877,0.4691027825099375,0.13333333333333333
full_year,absz_swing_length__log_kernel_h0.5_m5,log_kernel_h0.5_m5,absz_swing_length,all,False,False,unpooled,10,8,54,0.5460596883084105,0.4896744274086693,0.6025427471764779,0.2777777777777778
full_year,absz_swing_length__log_kernel_h0.5_m5,log_kernel_h0.5_m5,absz_swing_length,all,False,False,unpooled,10,9,48,0.5341425326519023,0.4657013060760931,0.6043725156161271,0.2708333333333333
full_year,absz_swing_length__log_kernel_h0.5_m5,log_kernel_h0.5_m5,absz_swing_length,all,False,False,unpooled,10,10,40,0.5224020442930153,0.4409220613287905,0.6068590289608177,0.325
full_year,absz_swing_length__log_kernel_h0.5_m5,log_kernel_h0.5_m5,absz_swing_length,all,False,False,pooled,4,1,119,0.48849011495569267,0.44039339756345464,0.5357056962478347,0.2605042016806723
full_year,absz_swing_length__log_kernel_h0.5_m5,log_kernel_h0.5_m5,absz_swing_length,all,False,False,pooled,4,2,107,0.5027066184782435,0.45636851406645546,0.5485416102787817,0.2616822429906542
full_year,absz_swing_length__log_kernel_h0.5_m5,log_kernel_h0.5_m5,absz_swing_length,all,False,False,pooled,4,3,116,0.5079451330552781,0.46624860482876107,0.5510287552135347,0.28448275862068967
full_year,absz_swing_length__log_kernel_h0.5_m5,log_kernel_h0.5_m5,absz_swing_length,all,False,False,pooled,4,4,121,0.4987610345361623,0.451878159009954,0.538565615892548,0.24793388429752067
full_year,absz_swing_length__log_kernel_h0.5_m5,log_kernel_h0.5_m5,absz_swing_length,all,False,False,pooled,10,1,55,0.45691497599504416,0.3799473439677869,0.5264008053275514,0.2545454545454545
full_year,absz_swing_length__log_kernel_h0.5_m5,log_kernel_h0.5_m5,absz_swing_length,all,False,False,pooled,10,2,41,0.5199858727718453,0.4467278846553371,0.5948310965222089,0.2926829268292683
full_year,absz_swing_length__log_kernel_h0.5_m5,log_kernel_h0.5_m5,absz_swing_length,all,False,False,pooled,10,3,45,0.5111300397501419,0.4376130986182094,0.5832576187772099,0.2222222222222222
full_year,absz_swing_length__log_kernel_h0.5_m5,log_kernel_h0.5_m5,absz_swing_length,all,False,False,pooled,10,4,44,0.5002710236952145,0.4271062412885241,0.5682669970574571,0.22727272727272727
full_year,absz_swing_length__log_kernel_h0.5_m5,log_kernel_h0.5_m5,absz_swing_length,all,False,False,pooled,10,5,41,0.4989612332239165,0.4126314039971745,0.5809199318568995,0.3170731707317073
full_year,absz_swing_length__log_kernel_h0.5_m5,log_kernel_h0.5_m5,absz_swing_length,all,False,False,pooled,10,6,47,0.5110913769980788,0.4468556308673745,0.5760901083765267,0.2765957446808511
full_year,absz_swing_length__log_kernel_h0.5_m5,log_kernel_h0.5_m5,absz_swing_length,all,False,False,pooled,10,7,48,0.5115701306076094,0.4440286059057354,0.583304940374787,0.3125
full_year,absz_swing_length__log_kernel_h0.5_m5,log_kernel_h0.5_m5,absz_swing_length,all,False,False,pooled,10,8,45,0.4647170168464887,0.39012682188150677,0.5363108082528866,0.2222222222222222
full_year,absz_swing_length__log_kernel_h0.5_m5,log_kernel_h0.5_m5,absz_swing_length,all,False,False,pooled,10,9,46,0.5500703651581365,0.483621583586401,0.6171857640174802,0.32608695652173914
full_year,absz_swing_length__log_kernel_h0.5_m5,log_kernel_h0.5_m5,absz_swing_length,all,False,False,pooled,10,10,51,0.47999131509503284,0.4112319203661022,0.5435013528409661,0.19607843137254902
full_year,absz_swing_length__log_kernel_h0.5_m20,log_kernel_h0.5_m20,absz_swing_length,all,False,False,unpooled,4,1,106,0.4841969160042142,0.4387359129074481,0.5281119305302813,0.22641509433962265
full_year,absz_swing_length__log_kernel_h0.5_m20,log_kernel_h0.5_m20,absz_swing_length,all,False,False,unpooled,4,2,123,0.4703685361726714,0.4286795152215482,0.5095751998129119,0.17886178861788618
full_year,absz_swing_length__log_kernel_h0.5_m20,log_kernel_h0.5_m20,absz_swing_length,all,False,False,unpooled,4,3,121,0.5226119058606369,0.48153990295199345,0.5619617960873152,0.2396694214876033
full_year,absz_swing_length__log_kernel_h0.5_m20,log_kernel_h0.5_m20,absz_swing_length,all,False,False,unpooled,4,4,115,0.5089163540057382,0.4689237107334657,0.5526329728536746,0.22608695652173913
full_year,absz_swing_length__log_kernel_h0.5_m20,log_kernel_h0.5_m20,absz_swing_length,all,False,False,unpooled,10,1,33,0.47641388504332666,0.3872481156745116,0.5708429472388863,0.30303030303030304
full_year,absz_swing_length__log_kernel_h0.5_m20,log_kernel_h0.5_m20,absz_swing_length,all,False,False,unpooled,10,2,50,0.4809475465313029,0.4224653130287648,0.5391962774957698,0.2
full_year,absz_swing_length__log_kernel_h0.5_m20,log_kernel_h0.5_m20,absz_swing_length,all,False,False,unpooled,10,3,47,0.4964359002052059,0.434618569319941,0.5582766317456889,0.19148936170212766
full_year,absz_swing_length__log_kernel_h0.5_m20,log_kernel_h0.5_m20,absz_swing_length,all,False,False,unpooled,10,4,47,0.45611477121359395,0.3968589120495374,0.5175288908089425,0.14893617021276595
full_year,absz_swing_length__log_kernel_h0.5_m20,log_kernel_h0.5_m20,absz_swing_length,all,False,False,unpooled,10,5,52,0.47387088376936093,0.4126610698945725,0.5319878302746323,0.19230769230769232
full_year,absz_swing_length__log_kernel_h0.5_m20,log_kernel_h0.5_m20,absz_swing_length,all,False,False,unpooled,10,6,50,0.522741116751269,0.45616074450084604,0.5840304568527919,0.22
full_year,absz_swing_length__log_kernel_h0.5_m20,log_kernel_h0.5_m20,absz_swing_length,all,False,False,unpooled,10,7,48,0.5460377890580936,0.48042688945290474,0.6127784827975182,0.3125
full_year,absz_swing_length__log_kernel_h0.5_m20,log_kernel_h0.5_m20,absz_swing_length,all,False,False,unpooled,10,8,51,0.4897813609369297,0.435328953916592,0.5490146312332039,0.19607843137254902
full_year,absz_swing_length__log_kernel_h0.5_m20,log_kernel_h0.5_m20,absz_swing_length,all,False,False,unpooled,10,9,49,0.504868952657205,0.44092682758382545,0.5650972063952485,0.1836734693877551
full_year,absz_swing_length__log_kernel_h0.5_m20,log_kernel_h0.5_m20,absz_swing_length,all,False,False,unpooled,10,10,38,0.5183453557752248,0.43765473327990034,0.5991294861519278,0.2631578947368421
full_year,absz_swing_length__log_kernel_h0.5_m20,log_kernel_h0.5_m20,absz_swing_length,all,False,False,pooled,4,1,122,0.48814179911791633,0.4403414607084408,0.5333624587390086,0.28688524590163933
full_year,absz_swing_length__log_kernel_h0.5_m20,log_kernel_h0.5_m20,absz_swing_length,all,False,False,pooled,4,2,109,0.4840109284527857,0.43135022276036566,0.5325346559244944,0.26605504587155965
full_year,absz_swing_length__log_kernel_h0.5_m20,log_kernel_h0.5_m20,absz_swing_length,all,False,False,pooled,4,3,115,0.5461413963069228,0.5035864047671597,0.5888288089457809,0.30434782608695654
full_year,absz_swing_length__log_kernel_h0.5_m20,log_kernel_h0.5_m20,absz_swing_length,all,False,False,pooled,4,4,119,0.47608383454904807,0.4373956689274694,0.520043651978558,0.2184873949579832
full_year,absz_swing_length__log_kernel_h0.5_m20,log_kernel_h0.5_m20,absz_swing_length,all,False,False,pooled,10,1,55,0.45732964159360107,0.3886555914474696,0.5226980464543916,0.2727272727272727
full_year,absz_swing_length__log_kernel_h0.5_m20,log_kernel_h0.5_m20,absz_swing_length,all,False,False,pooled,10,2,43,0.5434029827253767,0.4705052532168575,0.6155196159445953,0.3488372093023256
full_year,absz_swing_length__log_kernel_h0.5_m20,log_kernel_h0.5_m20,absz_swing_length,all,False,False,pooled,10,3,45,0.5053017484489566,0.4308836247414928,0.5795130663658583,0.2222222222222222
full_year,absz_swing_length__log_kernel_h0.5_m20,log_kernel_h0.5_m20,absz_swing_length,all,False,False,pooled,10,4,47,0.4642509990279729,0.3896713107967024,0.5366526262735357,0.23404255319148937
full_year,absz_swing_length__log_kernel_h0.5_m20,log_kernel_h0.5_m20,absz_swing_length,all,False,False,pooled,10,5,41,0.46908918327761956,0.38896867648879535,0.54843795138459,0.3170731707317073
full_year,absz_swing_length__log_kernel_h0.5_m20,log_kernel_h0.5_m20,absz_swing_length,all,False,False,pooled,10,6,42,0.5646200950769479,0.49912577552171455,0.6387519136250102,0.30952380952380953
full_year,absz_swing_length__log_kernel_h0.5_m20,log_kernel_h0.5_m20,absz_swing_length,all,False,False,pooled,10,7,49,0.5241721053903795,0.45906281294243584,0.5903346110017611,0.2857142857142857
full_year,absz_swing_length__log_kernel_h0.5_m20,log_kernel_h0.5_m20,absz_swing_length,all,False,False,pooled,10,8,45,0.5208309832675315,0.44795450272607634,0.5878774205677759,0.3111111111111111
full_year,absz_swing_length__log_kernel_h0.5_m20,log_kernel_h0.5_m20,absz_swing_length,all,False,False,pooled,10,9,49,0.46025415242239026,0.393982872336752,0.528611139887427,0.20408163265306123
full_year,absz_swing_length__log_kernel_h0.5_m20,log_kernel_h0.5_m20,absz_swing_length,all,False,False,pooled,10,10,49,0.49126351048033423,0.4232362995959805,0.5631306329638454,0.20408163265306123
full_year,absz_swing_length__log_kernel_h1_m5,log_kernel_h1_m5,absz_swing_length,all,False,False,unpooled,4,1,107,0.4740297798194202,0.42856724219863773,0.519529542214478,0.24299065420560748
full_year,absz_swing_length__log_kernel_h1_m5,log_kernel_h1_m5,absz_swing_length,all,False,False,unpooled,4,2,117,0.46933941764450243,0.42961393596986813,0.5075880052151238,0.19658119658119658
full_year,absz_swing_length__log_kernel_h1_m5,log_kernel_h1_m5,absz_swing_length,all,False,False,unpooled,4,3,128,0.5179952330508475,0.47855733580508475,0.555109904661017,0.2421875
full_year,absz_swing_length__log_kernel_h1_m5,log_kernel_h1_m5,absz_swing_length,all,False,False,unpooled,4,4,113,0.5328258587070647,0.4901702414879256,0.5754192290385481,0.23008849557522124
full_year,absz_swing_length__log_kernel_h1_m5,log_kernel_h1_m5,absz_swing_length,all,False,False,unpooled,10,1,32,0.44788135593220335,0.3618114406779661,0.5433315677966101,0.21875
full_year,absz_swing_length__log_kernel_h1_m5,log_kernel_h1_m5,absz_swing_length,all,False,False,unpooled,10,2,49,0.4694742303701142,0.40494119681771007,0.5352144586648218,0.22448979591836735
full_year,absz_swing_length__log_kernel_h1_m5,log_kernel_h1_m5,absz_swing_length,all,False,False,unpooled,10,3,48,0.46062853107344637,0.39574329096045197,0.523589336158192,0.20833333333333334
full_year,absz_swing_length__log_kernel_h1_m5,log_kernel_h1_m5,absz_swing_length,all,False,False,unpooled,10,4,48,0.5159604519774011,0.45751412429378535,0.5755367231638417,0.22916666666666666
full_year,absz_swing_length__log_kernel_h1_m5,log_kernel_h1_m5,absz_swing_length,all,False,False,unpooled,10,5,47,0.455769924269744,0.390654525784349,0.5216227912008655,0.2127659574468085
full_year,absz_swing_length__log_kernel_h1_m5,log_kernel_h1_m5,absz_swing_length,all,False,False,unpooled,10,6,56,0.512318401937046,0.45443401937046,0.5673108353510896,0.21428571428571427
full_year,absz_swing_length__log_kernel_h1_m5,log_kernel_h1_m5,absz_swing_length,all,False,False,unpooled,10,7,44,0.515331278890601,0.4559649460708783,0.5717064714946071,0.22727272727272727
full_year,absz_swing_length__log_kernel_h1_m5,log_kernel_h1_m5,absz_swing_length,all,False,False,unpooled,10,8,53,0.5097697473616886,0.45115126319155735,0.5690454109370003,0.22641509433962265
full_year,absz_swing_length__log_kernel_h1_m5,log_kernel_h1_m5,absz_swing_length,all,False,False,unpooled,10,9,51,0.5454137587238285,0.48162180126287807,0.6069358590893985,0.2549019607843137
full_year,absz_swing_length__log_kernel_h1_m5,log_kernel_h1_m5,absz_swing_length,all,False,False,unpooled,10,10,37,0.5490380210719196,0.4695098488318828,0.6256917086578103,0.2702702702702703
full_year,absz_swing_length__log_kernel_h1_m5,log_kernel_h1_m5,absz_swing_length,all,False,False,pooled,4,1,118,0.4711864406779661,0.4287122953174375,0.5163846595805802,0.2627118644067797
full_year,absz_swing_length__log_kernel_h1_m5,log_kernel_h1_m5,absz_swing_length,all,False,False,pooled,4,2,106,0.46754077390470106,0.42250399744163736,0.5164566677326511,0.24528301886792453
full_year,absz_swing_length__log_kernel_h1_m5,log_kernel_h1_m5,absz_swing_length,all,False,False,pooled,4,3,122,0.515087524312309,0.4713135593220339,0.557204779105307,0.27049180327868855
full_year,absz_swing_length__log_kernel_h1_m5,log_kernel_h1_m5,absz_swing_length,all,False,False,pooled,4,4,119,0.5378792194844039,0.4970011394388264,0.5785650192280304,0.24369747899159663
full_year,absz_swing_length__log_kernel_h1_m5,log_kernel_h1_m5,absz_swing_length,all,False,False,pooled,10,1,53,0.43234729772945324,0.3634937639910457,0.49820275023984645,0.24528301886792453
full_year,absz_swing_length__log_kernel_h1_m5,log_kernel_h1_m5,absz_swing_length,all,False,False,pooled,10,2,42,0.48240516545601286,0.4038337368845844,0.557867231638418,0.2857142857142857
full_year,absz_swing_length__log_kernel_h1_m5,log_kernel_h1_m5,absz_swing_length,all,False,False,pooled,10,3,46,0.46039056742815043,0.3865051584377304,0.5359764185703759,0.21739130434782608
full_year,absz_swing_length__log_kernel_h1_m5,log_kernel_h1_m5,absz_swing_length,all,False,False,pooled,10,4,47,0.546790479624955,0.47597908402452205,0.6130364226469527,0.3191489361702128
full_year,absz_swing_length__log_kernel_h1_m5,log_kernel_h1_m5,absz_swing_length,all,False,False,pooled,10,5,36,0.4196327683615819,0.34312617702448217,0.49283192090395467,0.19444444444444445
full_year,absz_swing_length__log_kernel_h1_m5,log_kernel_h1_m5,absz_swing_length,all,False,False,pooled,10,6,49,0.4943791075752335,0.4261397440332065,0.5609373919059149,0.22448979591836735
full_year,absz_swing_length__log_kernel_h1_m5,log_kernel_h1_m5,absz_swing_length,all,False,False,pooled,10,7,51,0.5467763376537056,0.47181954137587245,0.6147524094383516,0.3333333333333333
full_year,absz_swing_length__log_kernel_h1_m5,log_kernel_h1_m5,absz_swing_length,all,False,False,pooled,10,8,46,0.5298452468680913,0.4558198231392778,0.6010003684598378,0.30434782608695654
full_year,absz_swing_length__log_kernel_h1_m5,log_kernel_h1_m5,absz_swing_length,all,False,False,pooled,10,9,47,0.5547962495492246,0.4882672196177426,0.6185142445005408,0.23404255319148937
full_year,absz_swing_length__log_kernel_h1_m5,log_kernel_h1_m5,absz_swing_length,all,False,False,pooled,10,10,48,0.5060381355932203,0.44070444915254237,0.5670391949152541,0.1875
full_year,absz_swing_length__log_kernel_h2_m5,log_kernel_h2_m5,absz_swing_length,all,False,False,unpooled,4,1,106,0.45524055805638036,0.41143967691472716,0.4981044280560611,0.19811320754716982
full_year,absz_swing_length__log_kernel_h2_m5,log_kernel_h2_m5,absz_swing_length,all,False,False,unpooled,4,2,126,0.47351811565009544,0.43582910321488993,0.5135692799398383,0.20634920634920634
full_year,absz_swing_length__log_kernel_h2_m5,log_kernel_h2_m5,absz_swing_length,all,False,False,unpooled,4,3,123,0.5250092856258511,0.48572145873742995,0.5629799292916787,0.22764227642276422
full_year,absz_swing_length__log_kernel_h2_m5,log_kernel_h2_m5,absz_swing_length,all,False,False,unpooled,4,4,110,0.5451469004768495,0.5022811875096138,0.5878541762805722,0.2909090909090909
full_year,absz_swing_length__log_kernel_h2_m5,log_kernel_h2_m5,absz_swing_length,all,False,False,unpooled,10,1,36,0.41229554427523973,0.3303087986463621,0.4947805038541079,0.16666666666666666
full_year,absz_swing_length__log_kernel_h2_m5,log_kernel_h2_m5,absz_swing_length,all,False,False,unpooled,10,2,47,0.4709831875292508,0.40675198905569354,0.52952802678475,0.1702127659574468
full_year,absz_swing_length__log_kernel_h2_m5,log_kernel_h2_m5,absz_swing_length,all,False,False,unpooled,10,3,46,0.44629588758920036,0.37853674685499894,0.5163760759214301,0.2608695652173913
full_year,absz_swing_length__log_kernel_h2_m5,log_kernel_h2_m5,absz_swing_length,all,False,False,unpooled,10,4,54,0.4625869524346682,0.40238453343360286,0.5209343861628125,0.2037037037037037
full_year,absz_swing_length__log_kernel_h2_m5,log_kernel_h2_m5,absz_swing_length,all,False,False,unpooled,10,5,49,0.5189923685210124,0.46482613349908486,0.5754739459235471,0.20408163265306123
full_year,absz_swing_length__log_kernel_h2_m5,log_kernel_h2_m5,absz_swing_length,all,False,False,unpooled,10,6,52,0.5045555121697254,0.4443771964076532,0.5632353898216843,0.25
full_year,absz_swing_length__log_kernel_h2_m5,log_kernel_h2_m5,absz_swing_length,all,False,False,unpooled,10,7,50,0.56917089678511,0.511590524534687,0.6213891708967851,0.22
full_year,absz_swing_length__log_kernel_h2_m5,log_kernel_h2_m5,absz_swing_length,all,False,False,unpooled,10,8,46,0.4868682410064004,0.4272033399543883,0.5455473405429265,0.1956521739130435
full_year,absz_swing_length__log_kernel_h2_m5,log_kernel_h2_m5,absz_swing_length,all,False,False,unpooled,10,9,46,0.5545133524608253,0.49020819539468846,0.6175347605385125,0.2608695652173913
full_year,absz_swing_length__log_kernel_h2_m5,log_kernel_h2_m5,absz_swing_length,all,False,False,unpooled,10,10,39,0.5626491387912708,0.48255238838995196,0.6497071456462319,0.38461538461538464
full_year,absz_swing_length__log_kernel_h2_m5,log_kernel_h2_m5,absz_swing_length,all,False,False,pooled,4,1,121,0.4403448420522717,0.39742417250492934,0.48418774733957004,0.2396694214876033
full_year,absz_swing_length__log_kernel_h2_m5,log_kernel_h2_m5,absz_swing_length,all,False,False,pooled,4,2,111,0.4751528177924117,0.43121522537766194,0.5211612627856284,0.23423423423423423
full_year,absz_swing_length__log_kernel_h2_m5,log_kernel_h2_m5,absz_swing_length,all,False,False,pooled,4,3,112,0.5284777616630408,0.48219875513657234,0.5730382825719121,0.29464285714285715
full_year,absz_swing_length__log_kernel_h2_m5,log_kernel_h2_m5,absz_swing_length,all,False,False,pooled,4,4,121,0.5500202766008027,0.5119673896323643,0.5871103746276798,0.2644628099173554
full_year,absz_swing_length__log_kernel_h2_m5,log_kernel_h2_m5,absz_swing_length,all,False,False,pooled,10,1,52,0.37791227385136017,0.3144816477938305,0.44283645711310676,0.17307692307692307
full_year,absz_swing_length__log_kernel_h2_m5,log_kernel_h2_m5,absz_swing_length,all,False,False,pooled,10,2,44,0.473004153207199,0.39851176742039685,0.5533533302568835,0.2727272727272727
full_year,absz_swing_length__log_kernel_h2_m5,log_kernel_h2_m5,absz_swing_length,all,False,False,pooled,10,3,45,0.508949050573416,0.43482045497273925,0.580507614213198,0.3111111111111111
full_year,absz_swing_length__log_kernel_h2_m5,log_kernel_h2_m5,absz_swing_length,all,False,False,pooled,10,4,47,0.40862944162436554,0.33684343161608526,0.4857093998631962,0.1702127659574468
full_year,absz_swing_length__log_kernel_h2_m5,log_kernel_h2_m5,absz_swing_length,all,False,False,pooled,10,5,44,0.532994923857868,0.45940624519304724,0.5998384863867098,0.2727272727272727
full_year,absz_swing_length__log_kernel_h2_m5,log_kernel_h2_m5,absz_swing_length,all,False,False,pooled,10,6,40,0.5593485617597292,0.4873709813874789,0.632802453468697,0.3
full_year,absz_swing_length__log_kernel_h2_m5,log_kernel_h2_m5,absz_swing_length,all,False,False,pooled,10,7,46,0.49047303759287864,0.4219800632678585,0.5630214080776871,0.2391304347826087
full_year,absz_swing_length__log_kernel_h2_m5,log_kernel_h2_m5,absz_swing_length,all,False,False,pooled,10,8,52,0.5874007549134452,0.5275396980346219,0.6498551997917478,0.3269230769230769
full_year,absz_swing_length__log_kernel_h2_m5,log_kernel_h2_m5,absz_swing_length,all,False,False,pooled,10,9,47,0.5286928033984952,0.461009108255031,0.6006732188501278,0.3191489361702128
full_year,absz_swing_length__log_kernel_h2_m5,log_kernel_h2_m5,absz_swing_length,all,False,False,pooled,10,10,48,0.5294345741680767,0.46638289622109425,0.5949608714043992,0.20833333333333334
full_year,absz_swing_length__log_kernel_h2_m20,log_kernel_h2_m20,absz_swing_length,all,False,False,unpooled,4,1,111,0.45557994542766117,0.41370482157284183,0.49839407935854635,0.21621621621621623
full_year,absz_swing_length__log_kernel_h2_m20,log_kernel_h2_m20,absz_swing_length,all,False,False,unpooled,4,2,123,0.48836201559985143,0.4483182699847303,0.5299382333924862,0.21951219512195122
full_year,absz_swing_length__log_kernel_h2_m20,log_kernel_h2_m20,absz_swing_length,all,False,False,unpooled,4,3,127,0.5246879038597333,0.4856469083496543,0.5607504962894868,0.25196850393700787
full_year,absz_swing_length__log_kernel_h2_m20,log_kernel_h2_m20,absz_swing_length,all,False,False,unpooled,4,4,104,0.5341500715866198,0.48952069504099965,0.5770369647273201,0.25
full_year,absz_swing_length__log_kernel_h2_m20,log_kernel_h2_m20,absz_swing_length,all,False,False,unpooled,10,1,34,0.3794167413158157,0.2973001891111775,0.46587538568726977,0.20588235294117646
full_year,absz_swing_length__log_kernel_h2_m20,log_kernel_h2_m20,absz_swing_length,all,False,False,unpooled,10,2,48,0.48522983643542017,0.4316025098702763,0.5405809362662155,0.16666666666666666
full_year,absz_swing_length__log_kernel_h2_m20,log_kernel_h2_m20,absz_swing_length,all,False,False,unpooled,10,3,53,0.4681703540529324,0.40493886281646074,0.5341889346486606,0.3018867924528302
full_year,absz_swing_length__log_kernel_h2_m20,log_kernel_h2_m20,absz_swing_length,all,False,False,unpooled,10,4,49,0.48349390517628377,0.42349701301840537,0.5379674712524604,0.1836734693877551
full_year,absz_swing_length__log_kernel_h2_m20,log_kernel_h2_m20,absz_swing_length,all,False,False,unpooled,10,5,50,0.5188494077834178,0.45708798646362103,0.5831167512690356,0.22
full_year,absz_swing_length__log_kernel_h2_m20,log_kernel_h2_m20,absz_swing_length,all,False,False,unpooled,10,6,53,0.5057146505762539,0.4408182485713373,0.5643504772850622,0.20754716981132076
full_year,absz_swing_length__log_kernel_h2_m20,log_kernel_h2_m20,absz_swing_length,all,False,False,unpooled,10,7,49,0.5435443212818122,0.4835871404399323,0.6069909181946891,0.32653061224489793
full_year,absz_swing_length__log_kernel_h2_m20,log_kernel_h2_m20,absz_swing_length,all,False,False,unpooled,10,8,45,0.5186501222034217,0.459088174468885,0.5784169956758789,0.17777777777777778
full_year,absz_swing_length__log_kernel_h2_m20,log_kernel_h2_m20,absz_swing_length,all,False,False,unpooled,10,9,45,0.5349689791314157,0.47417183681143077,0.60029328821207,0.17777777777777778
full_year,absz_swing_length__log_kernel_h2_m20,log_kernel_h2_m20,absz_swing_length,all,False,False,unpooled,10,10,39,0.5471170115840166,0.45637554774610606,0.6296867543060437,0.38461538461538464
full_year,absz_swing_length__log_kernel_h2_m20,log_kernel_h2_m20,absz_swing_length,all,False,False,pooled,4,1,121,0.4325837982967655,0.38900169204737733,0.4759365691991442,0.2231404958677686
full_year,absz_swing_length__log_kernel_h2_m20,log_kernel_h2_m20,absz_swing_length,all,False,False,pooled,4,2,113,0.4866433074285372,0.4418826647500112,0.5316517676654239,0.25663716814159293
full_year,absz_swing_length__log_kernel_h2_m20,log_kernel_h2_m20,absz_swing_length,all,False,False,pooled,4,3,107,0.5306782421683508,0.47924316460300137,0.5824533105618547,0.3177570093457944
full_year,absz_swing_length__log_kernel_h2_m20,log_kernel_h2_m20,absz_swing_length,all,False,False,pooled,4,4,124,0.5488101086185252,0.5072833087713553,0.5878247639320999,0.27419354838709675
full_year,absz_swing_length__log_kernel_h2_m20,log_kernel_h2_m20,absz_swing_length,all,False,False,pooled,10,1,52,0.40134062215280486,0.332705323441364,0.4709960301965379,0.23076923076923078
full_year,absz_swing_length__log_kernel_h2_m20,log_kernel_h2_m20,absz_swing_length,all,False,False,pooled,10,2,47,0.4614429204017712,0.39133815746840916,0.53233430536055,0.2553191489361702
full_year,absz_swing_length__log_kernel_h2_m20,log_kernel_h2_m20,absz_swing_length,all,False,False,pooled,10,3,44,0.4596215966774343,0.38904207045069983,0.5261882787263499,0.22727272727272727
full_year,absz_swing_length__log_kernel_h2_m20,log_kernel_h2_m20,absz_swing_length,all,False,False,pooled,10,4,43,0.459626962578208,0.3851532680124346,0.5428304411128162,0.2558139534883721
full_year,absz_swing_length__log_kernel_h2_m20,log_kernel_h2_m20,absz_swing_length,all,False,False,pooled,10,5,48,0.5164269599548788,0.4516550338409476,0.5832275803722503,0.22916666666666666
full_year,absz_swing_length__log_kernel_h2_m20,log_kernel_h2_m20,absz_swing_length,all,False,False,pooled,10,6,40,0.522165820642978,0.4297313874788494,0.6090207275803722,0.325
full_year,absz_swing_length__log_kernel_h2_m20,log_kernel_h2_m20,absz_swing_length,all,False,False,pooled,10,7,45,0.5606128971611206,0.49069937958262827,0.6318292912201542,0.3111111111111111
full_year,absz_swing_length__log_kernel_h2_m20,log_kernel_h2_m20,absz_swing_length,all,False,False,pooled,10,8,47,0.5313568779925838,0.46096410699499585,0.6045487273643663,0.2553191489361702
full_year,absz_swing_length__log_kernel_h2_m20,log_kernel_h2_m20,absz_swing_length,all,False,False,pooled,10,9,51,0.5771706313659136,0.5216465943399357,0.6354118974154805,0.3333333333333333
full_year,absz_swing_length__log_kernel_h2_m20,log_kernel_h2_m20,absz_swing_length,all,False,False,pooled,10,10,48,0.5064861816130851,0.4400310208685843,0.574173364354202,0.25
full_year,absz_swing_length__linear_exposure_pitcher,linear_exposure_pitcher,absz_swing_length,all,False,False,unpooled,4,1,113,0.4560217420601052,0.4105161493194376,0.5016725813455519,0.23893805309734514
full_year,absz_swing_length__linear_exposure_pitcher,linear_exposure_pitcher,absz_swing_length,all,False,False,unpooled,4,2,120,0.4974337281443881,0.45831359278059786,0.5381711787930061,0.2
full_year,absz_swing_length__linear_exposure_pitcher,linear_exposure_pitcher,absz_swing_length,all,False,False,unpooled,4,3,127,0.5202645989048322,0.4818984238645297,0.5604360685878732,0.29133858267716534
full_year,absz_swing_length__linear_exposure_pitcher,linear_exposure_pitcher,absz_swing_length,all,False,False,unpooled,4,4,105,0.5344049633389735,0.49050036258158086,0.578791394730481,0.21904761904761905
full_year,absz_swing_length__linear_exposure_pitcher,linear_exposure_pitcher,absz_swing_length,all,False,False,unpooled,10,1,42,0.42820884699057293,0.353744661993393,0.5050016114736926,0.19047619047619047
full_year,absz_swing_length__linear_exposure_pitcher,linear_exposure_pitcher,absz_swing_length,all,False,False,unpooled,10,2,45,0.46999435984207555,0.3981895093062606,0.5412126339537507,0.26666666666666666
full_year,absz_swing_length__linear_exposure_pitcher,linear_exposure_pitcher,absz_swing_length,all,False,False,unpooled,10,3,47,0.49441984375562514,0.42893401015228433,0.5672336825431112,0.2553191489361702
full_year,absz_swing_length__linear_exposure_pitcher,linear_exposure_pitcher,absz_swing_length,all,False,False,unpooled,10,4,47,0.5294848255751161,0.47116859272059614,0.588974691291356,0.23404255319148937
full_year,absz_swing_length__linear_exposure_pitcher,linear_exposure_pitcher,absz_swing_length,all,False,False,unpooled,10,5,52,0.4608551347130027,0.39953143303397104,0.5223854614083041,0.15384615384615385
full_year,absz_swing_length__linear_exposure_pitcher,linear_exposure_pitcher,absz_swing_length,all,False,False,unpooled,10,6,53,0.4822494652491779,0.41967084889697664,0.5392794432206366,0.20754716981132076
full_year,absz_swing_length__linear_exposure_pitcher,linear_exposure_pitcher,absz_swing_length,all,False,False,unpooled,10,7,49,0.5438551054939742,0.4755689077661522,0.6065316481922719,0.3469387755102041
full_year,absz_swing_length__linear_exposure_pitcher,linear_exposure_pitcher,absz_swing_length,all,False,False,unpooled,10,8,45,0.5832863320172965,0.5118424515886445,0.6500714420003759,0.35555555555555557
full_year,absz_swing_length__linear_exposure_pitcher,linear_exposure_pitcher,absz_swing_length,all,False,False,unpooled,10,9,44,0.5088063374865406,0.44018420243039535,0.5810471465928317,0.18181818181818182
full_year,absz_swing_length__linear_exposure_pitcher,linear_exposure_pitcher,absz_swing_length,all,False,False,unpooled,10,10,41,0.5205521852172837,0.45167966654285824,0.5922784862366389,0.1951219512195122
full_year,absz_swing_length__linear_exposure_pitcher,linear_exposure_pitcher,absz_swing_length,all,False,False,pooled,4,1,126,0.46528617086992724,0.41881865549378244,0.5100260521580319,0.2698412698412698
full_year,absz_swing_length__linear_exposure_pitcher,linear_exposure_pitcher,absz_swing_length,all,False,False,pooled,4,2,110,0.4827257345023842,0.43574757729580077,0.5315343793262576,0.23636363636363636
full_year,absz_swing_length__linear_exposure_pitcher,linear_exposure_pitcher,absz_swing_length,all,False,False,pooled,4,3,107,0.5305675474801145,0.48558280753356425,0.5781654727453864,0.308411214953271
full_year,absz_swing_length__linear_exposure_pitcher,linear_exposure_pitcher,absz_swing_length,all,False,False,pooled,4,4,122,0.5205126071398852,0.47507558736234784,0.5626286372083993,0.27049180327868855
full_year,absz_swing_length__linear_exposure_pitcher,linear_exposure_pitcher,absz_swing_length,all,False,False,pooled,10,1,50,0.4266666666666667,0.34906937394247034,0.5042791878172589,0.26
full_year,absz_swing_length__linear_exposure_pitcher,linear_exposure_pitcher,absz_swing_length,all,False,False,pooled,10,2,54,0.5021307263270037,0.43964247665601297,0.5718242777464435,0.2777777777777778
full_year,absz_swing_length__linear_exposure_pitcher,linear_exposure_pitcher,absz_swing_length,all,False,False,pooled,10,3,44,0.4274342408860176,0.34589293954776185,0.5008267958775572,0.20454545454545456
full_year,absz_swing_length__linear_exposure_pitcher,linear_exposure_pitcher,absz_swing_length,all,False,False,pooled,10,4,44,0.494154745423781,0.42692278111059834,0.5588024919243194,0.20454545454545456
full_year,absz_swing_length__linear_exposure_pitcher,linear_exposure_pitcher,absz_swing_length,all,False,False,pooled,10,5,44,0.5165359175511459,0.4361175203814799,0.5853772496538995,0.3181818181818182
full_year,absz_swing_length__linear_exposure_pitcher,linear_exposure_pitcher,absz_swing_length,all,False,False,pooled,10,6,40,0.46298646362098134,0.38522208121827406,0.5410194585448392,0.25
full_year,absz_swing_length__linear_exposure_pitcher,linear_exposure_pitcher,absz_swing_length,all,False,False,pooled,10,7,40,0.541243654822335,0.4756429780033841,0.6095600676818951,0.3
full_year,absz_swing_length__linear_exposure_pitcher,linear_exposure_pitcher,absz_swing_length,all,False,False,pooled,10,8,50,0.5726226734348561,0.4976497461928933,0.6449847715736041,0.36
full_year,absz_swing_length__linear_exposure_pitcher,linear_exposure_pitcher,absz_swing_length,all,False,False,pooled,10,9,48,0.5523477157360407,0.4887514100394811,0.6186548223350253,0.3333333333333333
full_year,absz_swing_length__linear_exposure_pitcher,linear_exposure_pitcher,absz_swing_length,all,False,False,pooled,10,10,51,0.48941640954182003,0.42690687103944797,0.5530539796290767,0.19607843137254902
full_year,absz_swing_length__saturating_exposure_pitcher,saturating_exposure_pitcher,absz_swing_length,all,False,False,unpooled,4,1,108,0.4414637239979705,0.3971770357686454,0.4886494799594114,0.2037037037037037
full_year,absz_swing_length__saturating_exposure_pitcher,saturating_exposure_pitcher,absz_swing_length,all,False,False,unpooled,4,2,119,0.4653721077472085,0.42712961897087603,0.5081529872222862,0.19327731092436976
full_year,absz_swing_length__saturating_exposure_pitcher,saturating_exposure_pitcher,absz_swing_length,all,False,False,unpooled,4,3,123,0.5590335783494821,0.5189957122173962,0.5964681479006572,0.2926829268292683
full_year,absz_swing_length__saturating_exposure_pitcher,saturating_exposure_pitcher,absz_swing_length,all,False,False,unpooled,4,4,110,0.519785180572852,0.47879592154420925,0.5585320672478207,0.21818181818181817
full_year,absz_swing_length__saturating_exposure_pitcher,saturating_exposure_pitcher,absz_swing_length,all,False,False,unpooled,10,1,39,0.397765191429575,0.328716631541974,0.4806440990516333,0.15384615384615385
full_year,absz_swing_length__saturating_exposure_pitcher,saturating_exposure_pitcher,absz_swing_length,all,False,False,unpooled,10,2,45,0.4524162861491629,0.39527397260273966,0.5151636225266363,0.15555555555555556
full_year,absz_swing_length__saturating_exposure_pitcher,saturating_exposure_pitcher,absz_swing_length,all,False,False,unpooled,10,3,50,0.4652739726027397,0.3962602739726027,0.5355530821917809,0.28
full_year,absz_swing_length__saturating_exposure_pitcher,saturating_exposure_pitcher,absz_swing_length,all,False,False,unpooled,10,4,45,0.5295091324200913,0.47178082191780824,0.5853215372907153,0.24444444444444444
full_year,absz_swing_length__saturating_exposure_pitcher,saturating_exposure_pitcher,absz_swing_length,all,False,False,unpooled,10,5,48,0.4186287100456621,0.34907783961187216,0.4812714041095891,0.14583333333333334
full_year,absz_swing_length__saturating_exposure_pitcher,saturating_exposure_pitcher,absz_swing_length,all,False,False,unpooled,10,6,51,0.5405419016921837,0.4689447354284179,0.605469379532635,0.3137254901960784
full_year,absz_swing_length__saturating_exposure_pitcher,saturating_exposure_pitcher,absz_swing_length,all,False,False,unpooled,10,7,48,0.5743079337899544,0.5191548944063927,0.6341645262557077,0.2916666666666667
full_year,absz_swing_length__saturating_exposure_pitcher,saturating_exposure_pitcher,absz_swing_length,all,False,False,unpooled,10,8,47,0.5579823666569513,0.49371538909938795,0.6144181725444477,0.2127659574468085
full_year,absz_swing_length__saturating_exposure_pitcher,saturating_exposure_pitcher,absz_swing_length,all,False,False,unpooled,10,9,44,0.477233810709838,0.41871497509339983,0.5386363636363637,0.18181818181818182
full_year,absz_swing_length__saturating_exposure_pitcher,saturating_exposure_pitcher,absz_swing_length,all,False,False,unpooled,10,10,43,0.5483633322714241,0.47499800892003824,0.6211492513539343,0.27906976744186046
full_year,absz_swing_length__saturating_exposure_pitcher,saturating_exposure_pitcher,absz_swing_length,all,False,False,pooled,4,1,121,0.4423539567530851,0.39607225744367713,0.49106475716064757,0.2396694214876033
full_year,absz_swing_length__saturating_exposure_pitcher,saturating_exposure_pitcher,absz_swing_length,all,False,False,pooled,4,2,106,0.4565133109330577,0.41335535668131296,0.5057678017575601,0.2169811320754717
full_year,absz_swing_length__saturating_exposure_pitcher,saturating_exposure_pitcher,absz_swing_length,all,False,False,pooled,4,3,110,0.5515722291407222,0.5083211394769614,0.5953012141967621,0.33636363636363636
full_year,absz_swing_length__saturating_exposure_pitcher,saturating_exposure_pitcher,absz_swing_length,all,False,False,pooled,4,4,123,0.5338358948657981,0.4957630304042766,0.572456565319078,0.2601626016260163
full_year,absz_swing_length__saturating_exposure_pitcher,saturating_exposure_pitcher,absz_swing_length,all,False,False,pooled,10,1,51,0.3777027934461456,0.30125067150147733,0.4541062315337094,0.21568627450980393
full_year,absz_swing_length__saturating_exposure_pitcher,saturating_exposure_pitcher,absz_swing_length,all,False,False,pooled,10,2,48,0.5183005136986302,0.4458511700913242,0.5946471889269406,0.3333333333333333
full_year,absz_swing_length__saturating_exposure_pitcher,saturating_exposure_pitcher,absz_swing_length,all,False,False,pooled,10,3,46,0.38613013698630144,0.32656901429422275,0.44934298689696256,0.10869565217391304
full_year,absz_swing_length__saturating_exposure_pitcher,saturating_exposure_pitcher,absz_swing_length,all,False,False,pooled,10,4,44,0.46851650062266503,0.39487663449564137,0.5411464819427149,0.20454545454545456
full_year,absz_swing_length__saturating_exposure_pitcher,saturating_exposure_pitcher,absz_swing_length,all,False,False,pooled,10,5,38,0.510454217736121,0.4314640410958904,0.5902509913482337,0.2894736842105263
full_year,absz_swing_length__saturating_exposure_pitcher,saturating_exposure_pitcher,absz_swing_length,all,False,False,pooled,10,6,41,0.545084363514868,0.4602739726027398,0.6237783995990644,0.36585365853658536
full_year,absz_swing_length__saturating_exposure_pitcher,saturating_exposure_pitcher,absz_swing_length,all,False,False,pooled,10,7,46,0.5411703394877903,0.46995607504466946,0.6119174359737939,0.30434782608695654
full_year,absz_swing_length__saturating_exposure_pitcher,saturating_exposure_pitcher,absz_swing_length,all,False,False,pooled,10,8,48,0.5826912100456622,0.5189622574200913,0.645415953196347,0.2708333333333333
full_year,absz_swing_length__saturating_exposure_pitcher,saturating_exposure_pitcher,absz_swing_length,all,False,False,pooled,10,9,46,0.5606759976176295,0.4914979154258488,0.6323090381179274,0.34782608695652173
full_year,absz_swing_length__saturating_exposure_pitcher,saturating_exposure_pitcher,absz_swing_length,all,False,False,pooled,10,10,52,0.4871575342465754,0.4247662012644889,0.5508874473129609,0.21153846153846154
full_year,distortion__log_exposure_pitcher__speed50,log_exposure_pitcher,distortion,speed50,False,False,unpooled,4,1,104,0.5063340733968917,0.4693197401070916,0.54546166906099,0.19230769230769232
full_year,distortion__log_exposure_pitcher__speed50,log_exposure_pitcher,distortion,speed50,False,False,unpooled,4,2,130,0.47758913412563664,0.43881154499151104,0.5188585607940447,0.2076923076923077
full_year,distortion__log_exposure_pitcher__speed50,log_exposure_pitcher,distortion,speed50,False,False,unpooled,4,3,124,0.5033682019825839,0.463233200065721,0.5445300947477957,0.23387096774193547
full_year,distortion__log_exposure_pitcher__speed50,log_exposure_pitcher,distortion,speed50,False,False,unpooled,4,4,106,0.4989428836851715,0.45574927123041936,0.5462656565332992,0.2641509433962264
full_year,distortion__log_exposure_pitcher__speed50,log_exposure_pitcher,distortion,speed50,False,False,unpooled,10,1,31,0.5009858152144148,0.42334465195246185,0.5804562133742265,0.1935483870967742
full_year,distortion__log_exposure_pitcher__speed50,log_exposure_pitcher,distortion,speed50,False,False,unpooled,10,2,47,0.4760502835675323,0.4272044214861106,0.5280749918722681,0.10638297872340426
full_year,distortion__log_exposure_pitcher__speed50,log_exposure_pitcher,distortion,speed50,False,False,unpooled,10,3,52,0.5279156327543425,0.4646810108397545,0.5899993470027425,0.3076923076923077
full_year,distortion__log_exposure_pitcher__speed50,log_exposure_pitcher,distortion,speed50,False,False,unpooled,10,4,53,0.4773520838004934,0.4196335330108594,0.5327465803888906,0.1509433962264151
full_year,distortion__log_exposure_pitcher__speed50,log_exposure_pitcher,distortion,speed50,False,False,unpooled,10,5,51,0.4723359632477779,0.39994673590998364,0.5393305369686074,0.23529411764705882
full_year,distortion__log_exposure_pitcher__speed50,log_exposure_pitcher,distortion,speed50,False,False,unpooled,10,6,48,0.546866157328806,0.49155701754385966,0.6066107809847199,0.20833333333333334
full_year,distortion__log_exposure_pitcher__speed50,log_exposure_pitcher,distortion,speed50,False,False,unpooled,10,7,51,0.43808049535603716,0.3728286560804288,0.49881154499151104,0.23529411764705882
full_year,distortion__log_exposure_pitcher__speed50,log_exposure_pitcher,distortion,speed50,False,False,unpooled,10,8,47,0.540819275367554,0.4717443918650436,0.6055196329877542,0.2765957446808511
full_year,distortion__log_exposure_pitcher__speed50,log_exposure_pitcher,distortion,speed50,False,False,unpooled,10,9,47,0.5011198208286674,0.43727558429360974,0.5680923310334862,0.23404255319148937
full_year,distortion__log_exposure_pitcher__speed50,log_exposure_pitcher,distortion,speed50,False,False,unpooled,10,10,37,0.47953471298123257,0.38730555683017487,0.5692997751571606,0.2972972972972973
full_year,distortion__log_exposure_pitcher__speed50,log_exposure_pitcher,distortion,speed50,False,False,pooled,4,1,115,0.4932826456041928,0.44803498929652325,0.5401166309884108,0.24347826086956523
full_year,distortion__log_exposure_pitcher__speed50,log_exposure_pitcher,distortion,speed50,False,False,pooled,4,2,119,0.48366409382089004,0.4418812686364868,0.5254597594555649,0.226890756302521
full_year,distortion__log_exposure_pitcher__speed50,log_exposure_pitcher,distortion,speed50,False,False,pooled,4,3,110,0.5114215156659979,0.4638601636054946,0.5535645933014354,0.2545454545454545
full_year,distortion__log_exposure_pitcher__speed50,log_exposure_pitcher,distortion,speed50,False,False,pooled,4,4,120,0.4948217317487266,0.44965973401245046,0.5449490662139219,0.3
full_year,distortion__log_exposure_pitcher__speed50,log_exposure_pitcher,distortion,speed50,False,False,pooled,10,1,47,0.4987718094137195,0.4310732218328937,0.5684770436730123,0.2553191489361702
full_year,distortion__log_exposure_pitcher__speed50,log_exposure_pitcher,distortion,speed50,False,False,pooled,10,2,44,0.5036271029479857,0.4383045223028246,0.5703522920203734,0.20454545454545456
full_year,distortion__log_exposure_pitcher__speed50,log_exposure_pitcher,distortion,speed50,False,False,pooled,10,3,49,0.511572710578289,0.44424309621981223,0.5857298776896158,0.30612244897959184
full_year,distortion__log_exposure_pitcher__speed50,log_exposure_pitcher,distortion,speed50,False,False,pooled,10,4,50,0.46658743633276745,0.3999728353140918,0.5315857385398981,0.16
full_year,distortion__log_exposure_pitcher__speed50,log_exposure_pitcher,distortion,speed50,False,False,pooled,10,5,44,0.46102793640993966,0.38572889334773885,0.5460507022688685,0.25
full_year,distortion__log_exposure_pitcher__speed50,log_exposure_pitcher,distortion,speed50,False,False,pooled,10,6,40,0.524320882852292,0.4535929541595925,0.5892211375212223,0.25
full_year,distortion__log_exposure_pitcher__speed50,log_exposure_pitcher,distortion,speed50,False,False,pooled,10,7,47,0.5189285843297331,0.44577177329046713,0.5891196763356573,0.2765957446808511
full_year,distortion__log_exposure_pitcher__speed50,log_exposure_pitcher,distortion,speed50,False,False,pooled,10,8,49,0.46853885866740586,0.39799383250753617,0.5413221995079865,0.24489795918367346
full_year,distortion__log_exposure_pitcher__speed50,log_exposure_pitcher,distortion,speed50,False,False,pooled,10,9,43,0.46604414261460103,0.38593003514036406,0.545866071781103,0.27906976744186046
full_year,distortion__log_exposure_pitcher__speed50,log_exposure_pitcher,distortion,speed50,False,False,pooled,10,10,51,0.5347881087919039,0.4673341322946836,0.5975731548986317,0.3333333333333333
full_year,distortion__log_exposure_pitcher__innings6,log_exposure_pitcher,distortion,innings6,False,False,unpooled,4,1,96,0.4922763315380012,0.4439482345900658,0.5385809395571514,0.25
full_year,distortion__log_exposure_pitcher__innings6,log_exposure_pitcher,distortion,innings6,False,False,unpooled,4,2,124,0.5291741472172352,0.4910327503330051,0.568209590548445,0.25806451612903225
full_year,distortion__log_exposure_pitcher__innings6,log_exposure_pitcher,distortion,innings6,False,False,unpooled,4,3,123,0.44323539285662156,0.4015909853892076,0.48402957189356455,0.18699186991869918
full_year,distortion__log_exposure_pitcher__innings6,log_exposure_pitcher,distortion,innings6,False,False,unpooled,4,4,97,0.48957967017712706,0.44347942771474574,0.5363055026004553,0.25773195876288657
full_year,distortion__log_exposure_pitcher__innings6,log_exposure_pitcher,distortion,innings6,False,False,unpooled,10,1,30,0.4474566128067026,0.3573159784560144,0.5381508078994615,0.2
full_year,distortion__log_exposure_pitcher__innings6,log_exposure_pitcher,distortion,innings6,False,False,unpooled,10,2,45,0.537183323359266,0.46260921603830046,0.6038539796529024,0.3111111111111111
full_year,distortion__log_exposure_pitcher__innings6,log_exposure_pitcher,distortion,innings6,False,False,unpooled,10,3,43,0.5164920045092063,0.4567262327251472,0.5826875704563483,0.2558139534883721
full_year,distortion__log_exposure_pitcher__innings6,log_exposure_pitcher,distortion,innings6,False,False,unpooled,10,4,52,0.4965819638171523,0.4373532661234637,0.5534715508907609,0.21153846153846154
full_year,distortion__log_exposure_pitcher__innings6,log_exposure_pitcher,distortion,innings6,False,False,unpooled,10,5,50,0.5449551166965889,0.4815278276481149,0.6086929982046679,0.28
full_year,distortion__log_exposure_pitcher__innings6,log_exposure_pitcher,distortion,innings6,False,False,unpooled,10,6,51,0.4389939099517724,0.3779772591262717,0.5033671278206076,0.17647058823529413
full_year,distortion__log_exposure_pitcher__innings6,log_exposure_pitcher,distortion,innings6,False,False,unpooled,10,7,47,0.43208296726383744,0.36653424500553883,0.4980499637113717,0.19148936170212766
full_year,distortion__log_exposure_pitcher__innings6,log_exposure_pitcher,distortion,innings6,False,False,unpooled,10,8,47,0.43949348714618597,0.3733068490011078,0.5056629359410213,0.1702127659574468
full_year,distortion__log_exposure_pitcher__innings6,log_exposure_pitcher,distortion,innings6,False,False,unpooled,10,9,43,0.5220032566489917,0.4547764185211474,0.5914158072731828,0.2558139534883721
full_year,distortion__log_exposure_pitcher__innings6,log_exposure_pitcher,distortion,innings6,False,False,unpooled,10,10,32,0.506508078994614,0.4120679982046679,0.6011024461400359,0.34375
full_year,distortion__log_exposure_pitcher__innings6,log_exposure_pitcher,distortion,innings6,False,False,pooled,4,1,107,0.4798822127888053,0.43103323881273176,0.5271724357791239,0.2336448598130841
full_year,distortion__log_exposure_pitcher__innings6,log_exposure_pitcher,distortion,innings6,False,False,pooled,4,2,112,0.5397698127725058,0.49146495896383685,0.5814119004873045,0.30357142857142855
full_year,distortion__log_exposure_pitcher__innings6,log_exposure_pitcher,distortion,innings6,False,False,pooled,4,3,110,0.48511506446874497,0.4410959686632936,0.5342573853435614,0.22727272727272727
full_year,distortion__log_exposure_pitcher__innings6,log_exposure_pitcher,distortion,innings6,False,False,pooled,4,4,111,0.4636728290229188,0.4170200721367689,0.5156113025053779,0.24324324324324326
full_year,distortion__log_exposure_pitcher__innings6,log_exposure_pitcher,distortion,innings6,False,False,pooled,10,1,46,0.4271329326360159,0.3575306377331981,0.49551947545078445,0.17391304347826086
full_year,distortion__log_exposure_pitcher__innings6,log_exposure_pitcher,distortion,innings6,False,False,pooled,10,2,39,0.564401786125305,0.492052202734429,0.6427680338811398,0.3333333333333333
full_year,distortion__log_exposure_pitcher__innings6,log_exposure_pitcher,distortion,innings6,False,False,pooled,10,3,44,0.41708829769871064,0.349959196996899,0.4849906153092867,0.1590909090909091
full_year,distortion__log_exposure_pitcher__innings6,log_exposure_pitcher,distortion,innings6,False,False,pooled,10,4,46,0.607524783389275,0.5445300913277652,0.6711068612910779,0.3695652173913043
full_year,distortion__log_exposure_pitcher__innings6,log_exposure_pitcher,distortion,innings6,False,False,pooled,10,5,44,0.5419046841847559,0.4671923453566183,0.6168353190794843,0.3181818181818182
full_year,distortion__log_exposure_pitcher__innings6,log_exposure_pitcher,distortion,innings6,False,False,pooled,10,6,44,0.5200750775257059,0.4439713562918231,0.5940794842500409,0.3181818181818182
full_year,distortion__log_exposure_pitcher__innings6,log_exposure_pitcher,distortion,innings6,False,False,pooled,10,7,43,0.45190179950732745,0.37525781804517555,0.5292033735543401,0.18604651162790697
full_year,distortion__log_exposure_pitcher__innings6,log_exposure_pitcher,distortion,innings6,False,False,pooled,10,8,47,0.4959509530539745,0.43532793460407204,0.5564078077848656,0.19148936170212766
full_year,distortion__log_exposure_pitcher__innings6,log_exposure_pitcher,distortion,innings6,False,False,pooled,10,9,39,0.4196243612760669,0.33674446439257927,0.5021567002716016,0.1794871794871795
full_year,distortion__log_exposure_pitcher__innings6,log_exposure_pitcher,distortion,innings6,False,False,pooled,10,10,48,0.47583782166367444,0.3978156792339916,0.5539048473967684,0.2916666666666667
full_year,distortion__log_exposure_pitcher__innings3,log_exposure_pitcher,distortion,innings3,False,False,unpooled,4,1,87,0.4782281238413051,0.42953860771227276,0.5280577956989247,0.22988505747126436
full_year,distortion__log_exposure_pitcher__innings3,log_exposure_pitcher,distortion,innings3,False,False,unpooled,4,2,102,0.5226913345983554,0.47758934218848825,0.5660815939278937,0.27450980392156865
full_year,distortion__log_exposure_pitcher__innings3,log_exposure_pitcher,distortion,innings3,False,False,unpooled,4,3,106,0.496880706025563,0.45265995891661603,0.5427314744370054,0.2169811320754717
full_year,distortion__log_exposure_pitcher__innings3,log_exposure_pitcher,distortion,innings3,False,False,unpooled,4,4,84,0.48043874807987713,0.42919186827956984,0.5313244047619048,0.20238095238095238
full_year,distortion__log_exposure_pitcher__innings3,log_exposure_pitcher,distortion,innings3,False,False,unpooled,10,1,29,0.5516198553948832,0.4478135428253615,0.6446607341490544,0.3793103448275862
full_year,distortion__log_exposure_pitcher__innings3,log_exposure_pitcher,distortion,innings3,False,False,unpooled,10,2,39,0.43121898263027303,0.3530293631100082,0.5119210090984285,0.20512820512820512
full_year,distortion__log_exposure_pitcher__innings3,log_exposure_pitcher,distortion,innings3,False,False,unpooled,10,3,39,0.4760390818858561,0.40974979321753524,0.5470740281224153,0.15384615384615385
full_year,distortion__log_exposure_pitcher__innings3,log_exposure_pitcher,distortion,innings3,False,False,unpooled,10,4,42,0.533650153609831,0.4703653033794162,0.594047619047619,0.21428571428571427
full_year,distortion__log_exposure_pitcher__innings3,log_exposure_pitcher,distortion,innings3,False,False,unpooled,10,5,40,0.5281754032258065,0.45006552419354834,0.6016204637096774,0.35
full_year,distortion__log_exposure_pitcher__innings3,log_exposure_pitcher,distortion,innings3,False,False,unpooled,10,6,46,0.5238429172510519,0.4551542776998598,0.5937675315568023,0.2826086956521739
full_year,distortion__log_exposure_pitcher__innings3,log_exposure_pitcher,distortion,innings3,False,False,unpooled,10,7,41,0.5114329268292683,0.4443941778127459,0.5750295043273013,0.1951219512195122
full_year,distortion__log_exposure_pitcher__innings3,log_exposure_pitcher,distortion,innings3,False,False,unpooled,10,8,36,0.4149305555555556,0.3390344982078853,0.4947188620071685,0.16666666666666666
full_year,distortion__log_exposure_pitcher__innings3,log_exposure_pitcher,distortion,innings3,False,False,unpooled,10,9,35,0.48251728110599074,0.39832661290322585,0.5607229262672809,0.2
full_year,distortion__log_exposure_pitcher__innings3,log_exposure_pitcher,distortion,innings3,False,False,unpooled,10,10,32,0.5042212701612903,0.43130670362903223,0.576171875,0.1875
full_year,distortion__log_exposure_pitcher__innings3,log_exposure_pitcher,distortion,innings3,False,False,pooled,4,1,97,0.5113796973727968,0.45978861822414363,0.5619970069837046,0.26804123711340205
full_year,distortion__log_exposure_pitcher__innings3,log_exposure_pitcher,distortion,innings3,False,False,pooled,4,2,92,0.5126446353436185,0.4604137447405329,0.5663240708274895,0.2826086956521739
full_year,distortion__log_exposure_pitcher__innings3,log_exposure_pitcher,distortion,innings3,False,False,pooled,4,3,95,0.4790853140916809,0.4345755517826824,0.5253300084889644,0.22105263157894736
full_year,distortion__log_exposure_pitcher__innings3,log_exposure_pitcher,distortion,innings3,False,False,pooled,4,4,95,0.485282258064516,0.4354934210526315,0.5364463073005094,0.2631578947368421
full_year,distortion__log_exposure_pitcher__innings3,log_exposure_pitcher,distortion,innings3,False,False,pooled,10,1,42,0.45036482334869427,0.37895785330261134,0.5198756720430108,0.21428571428571427
full_year,distortion__log_exposure_pitcher__innings3,log_exposure_pitcher,distortion,innings3,False,False,pooled,10,2,37,0.5483598517872711,0.4737331081081082,0.6235042502179599,0.2972972972972973
full_year,distortion__log_exposure_pitcher__innings3,log_exposure_pitcher,distortion,innings3,False,False,pooled,10,3,41,0.5214643981117231,0.44569974429583,0.6015907749803304,0.21951219512195122
full_year,distortion__log_exposure_pitcher__innings3,log_exposure_pitcher,distortion,innings3,False,False,pooled,10,4,34,0.486954459203036,0.40025794592030367,0.5789284867172676,0.29411764705882354
full_year,distortion__log_exposure_pitcher__innings3,log_exposure_pitcher,distortion,innings3,False,False,pooled,10,5,35,0.5607430875576037,0.47926267281105983,0.6433554147465439,0.37142857142857144
full_year,distortion__log_exposure_pitcher__innings3,log_exposure_pitcher,distortion,innings3,False,False,pooled,10,6,37,0.5218777244986921,0.44537380122057546,0.5917365954664341,0.24324324324324326
full_year,distortion__log_exposure_pitcher__innings3,log_exposure_pitcher,distortion,innings3,False,False,pooled,10,7,40,0.4100806451612903,0.3476285282258065,0.47888608870967736,0.125
full_year,distortion__log_exposure_pitcher__innings3,log_exposure_pitcher,distortion,innings3,False,False,pooled,10,8,38,0.532258064516129,0.4464585101867573,0.6092131791171477,0.3684210526315789
full_year,distortion__log_exposure_pitcher__innings3,log_exposure_pitcher,distortion,innings3,False,False,pooled,10,9,33,0.42781647116324534,0.33532196969696965,0.5232251955034213,0.2727272727272727
full_year,distortion__log_exposure_pitcher__innings3,log_exposure_pitcher,distortion,innings3,False,False,pooled,10,10,42,0.513296850998464,0.4483654953917051,0.5826228878648233,0.21428571428571427
full_year,distortion__log_exposure_pitcher__recent_similar,log_exposure_pitcher,distortion,recent_similar,False,False,unpooled,4,1,101,0.48066730464868046,0.4319233317383784,0.5285711656667526,0.25742574257425743
full_year,distortion__log_exposure_pitcher__recent_similar,log_exposure_pitcher,distortion,recent_similar,False,False,unpooled,4,2,115,0.4927024406012607,0.45146032002586073,0.5320227897203814,0.23478260869565218
full_year,distortion__log_exposure_pitcher__recent_similar,log_exposure_pitcher,distortion,recent_similar,False,False,unpooled,4,3,112,0.5087958045671801,0.46862138210302706,0.551480350504514,0.20535714285714285
full_year,distortion__log_exposure_pitcher__recent_similar,log_exposure_pitcher,distortion,recent_similar,False,False,unpooled,4,4,99,0.5458018850212158,0.4981788141639442,0.5923538357553229,0.2828282828282828
full_year,distortion__log_exposure_pitcher__recent_similar,log_exposure_pitcher,distortion,recent_similar,False,False,unpooled,10,1,31,0.5435004197145941,0.45240436503177833,0.6353759443578365,0.3870967741935484
full_year,distortion__log_exposure_pitcher__recent_similar,log_exposure_pitcher,distortion,recent_similar,False,False,unpooled,10,2,46,0.45890577016324546,0.3908376434459352,0.5249313075804107,0.1956521739130435
full_year,distortion__log_exposure_pitcher__recent_similar,log_exposure_pitcher,distortion,recent_similar,False,False,unpooled,10,3,46,0.4195894617746888,0.3567055923711006,0.4838431388395022,0.17391304347826086
full_year,distortion__log_exposure_pitcher__recent_similar,log_exposure_pitcher,distortion,recent_similar,False,False,unpooled,10,4,45,0.5138579099545643,0.4514745972738537,0.575485336637753,0.28888888888888886
full_year,distortion__log_exposure_pitcher__recent_similar,log_exposure_pitcher,distortion,recent_similar,False,False,unpooled,10,5,48,0.5171933085501859,0.4514521375464684,0.5850894516728624,0.22916666666666666
full_year,distortion__log_exposure_pitcher__recent_similar,log_exposure_pitcher,distortion,recent_similar,False,False,unpooled,10,6,46,0.5275173751414256,0.47091684176499105,0.5959693712623242,0.1956521739130435
full_year,distortion__log_exposure_pitcher__recent_similar,log_exposure_pitcher,distortion,recent_similar,False,False,unpooled,10,7,46,0.4565621464360757,0.3855543882333926,0.5301519314692096,0.17391304347826086
full_year,distortion__log_exposure_pitcher__recent_similar,log_exposure_pitcher,distortion,recent_similar,False,False,unpooled,10,8,43,0.5861718682458719,0.5211960750410651,0.6564601884671911,0.3023255813953488
full_year,distortion__log_exposure_pitcher__recent_similar,log_exposure_pitcher,distortion,recent_similar,False,False,unpooled,10,9,42,0.5048238626305541,0.4354686670207117,0.5748805098247478,0.21428571428571427
full_year,distortion__log_exposure_pitcher__recent_similar,log_exposure_pitcher,distortion,recent_similar,False,False,unpooled,10,10,34,0.5689372403236388,0.4870243822436037,0.6517493986442159,0.35294117647058826
full_year,distortion__log_exposure_pitcher__recent_similar,log_exposure_pitcher,distortion,recent_similar,False,False,pooled,4,1,108,0.4677646977832851,0.4232471086327964,0.5169360112901006,0.2037037037037037
full_year,distortion__log_exposure_pitcher__recent_similar,log_exposure_pitcher,distortion,recent_similar,False,False,pooled,4,2,108,0.4989329478177062,0.454494527054936,0.543647597411538,0.25
full_year,distortion__log_exposure_pitcher__recent_similar,log_exposure_pitcher,distortion,recent_similar,False,False,pooled,4,3,102,0.514997448793644,0.4687112763320942,0.5601073328959835,0.23529411764705882
full_year,distortion__log_exposure_pitcher__recent_similar,log_exposure_pitcher,distortion,recent_similar,False,False,pooled,4,4,109,0.5404573513863783,0.49455680229187265,0.5881254049998295,0.3211009174311927
full_year,distortion__log_exposure_pitcher__recent_similar,log_exposure_pitcher,distortion,recent_similar,False,False,pooled,10,1,44,0.5403430212909767,0.4658098175059142,0.6150515376816491,0.2727272727272727
full_year,distortion__log_exposure_pitcher__recent_similar,log_exposure_pitcher,distortion,recent_similar,False,False,pooled,10,2,44,0.39654444068942213,0.323912216965191,0.46708981074687395,0.13636363636363635
full_year,distortion__log_exposure_pitcher__recent_similar,log_exposure_pitcher,distortion,recent_similar,False,False,pooled,10,3,44,0.47106285907401146,0.3950912470429199,0.5449919736397432,0.20454545454545456
full_year,distortion__log_exposure_pitcher__recent_similar,log_exposure_pitcher,distortion,recent_similar,False,False,pooled,10,4,46,0.49692904477129474,0.4329117504444804,0.5679448844351057,0.2608695652173913
full_year,distortion__log_exposure_pitcher__recent_similar,log_exposure_pitcher,distortion,recent_similar,False,False,pooled,10,5,38,0.515652514185091,0.44010467618861293,0.5912761690471532,0.2631578947368421
full_year,distortion__log_exposure_pitcher__recent_similar,log_exposure_pitcher,distortion,recent_similar,False,False,pooled,10,6,39,0.582475455152035,0.5130492803355255,0.6458798017348204,0.2564102564102564
full_year,distortion__log_exposure_pitcher__recent_similar,log_exposure_pitcher,distortion,recent_similar,False,False,pooled,10,7,42,0.46304655691272795,0.394979199858382,0.5302575677110992,0.21428571428571427
full_year,distortion__log_exposure_pitcher__recent_similar,log_exposure_pitcher,distortion,recent_similar,False,False,pooled,10,8,41,0.5488031553177986,0.46075573488076893,0.6338131290234835,0.34146341463414637
full_year,distortion__log_exposure_pitcher__recent_similar,log_exposure_pitcher,distortion,recent_similar,False,False,pooled,10,9,43,0.5341704850004323,0.46598080746952536,0.5991419555632402,0.23255813953488372
full_year,distortion__log_exposure_pitcher__recent_similar,log_exposure_pitcher,distortion,recent_similar,False,False,pooled,10,10,46,0.5174963633424923,0.4382697591724584,0.5947955390334572,0.34782608695652173
full_year,distortion__log_future_exposure,log_future_exposure,distortion,all,False,True,unpooled,4,1,114,0.46148365838454,0.4181991569448155,0.5033996794015496,0.20175438596491227
full_year,distortion__log_future_exposure,log_future_exposure,distortion,all,False,True,unpooled,4,2,120,0.4620699379582628,0.42448604060913714,0.504577693175409,0.19166666666666668
full_year,distortion__log_future_exposure,log_future_exposure,distortion,all,False,True,unpooled,4,3,121,0.5169624253611332,0.47818377592258543,0.557921158982534,0.2231404958677686
full_year,distortion__log_future_exposure,log_future_exposure,distortion,all,False,True,unpooled,4,4,110,0.5612367328103369,0.5182110444546992,0.6045354560836794,0.32727272727272727
full_year,distortion__log_future_exposure,log_future_exposure,distortion,all,False,True,unpooled,10,1,39,0.4976571651698555,0.4296303527267995,0.56361664280446,0.1794871794871795
full_year,distortion__log_future_exposure,log_future_exposure,distortion,all,False,True,unpooled,10,2,49,0.4303498048965779,0.3576073068821437,0.5003625815808557,0.20408163265306123
full_year,distortion__log_future_exposure,log_future_exposure,distortion,all,False,True,unpooled,10,3,44,0.47404245500692194,0.4039186279033995,0.5385748346408245,0.25
full_year,distortion__log_future_exposure,log_future_exposure,distortion,all,False,True,unpooled,10,4,49,0.4386028523084361,0.3728201940674747,0.5064349597707104,0.22448979591836735
full_year,distortion__log_future_exposure,log_future_exposure,distortion,all,False,True,unpooled,10,5,53,0.4757047536953676,0.4174648022220094,0.5375857995721993,0.1320754716981132
full_year,distortion__log_future_exposure,log_future_exposure,distortion,all,False,True,unpooled,10,6,50,0.5249746192893401,0.4667326565143824,0.5813282571912014,0.22
full_year,distortion__log_future_exposure,log_future_exposure,distortion,all,False,True,unpooled,10,7,44,0.5112290416858944,0.44462005845254576,0.5705026149823105,0.20454545454545456
full_year,distortion__log_future_exposure,log_future_exposure,distortion,all,False,True,unpooled,10,8,48,0.5434644670050761,0.47528729554427523,0.607330442752397,0.3125
full_year,distortion__log_future_exposure,log_future_exposure,distortion,all,False,True,unpooled,10,9,45,0.5721564203797705,0.4995807482609513,0.6376461740928745,0.3333333333333333
full_year,distortion__log_future_exposure,log_future_exposure,distortion,all,False,True,unpooled,10,10,44,0.538917089678511,0.4633383325642209,0.6131095216120597,0.29545454545454547
full_year,distortion__log_future_exposure,log_future_exposure,distortion,all,False,True,pooled,4,1,126,0.4391802970483174,0.39645005774447406,0.48192732253645953,0.20634920634920634
full_year,distortion__log_future_exposure,log_future_exposure,distortion,all,False,True,pooled,4,2,107,0.4693217578316492,0.4233020225500893,0.5185848474785332,0.2336448598130841
full_year,distortion__log_future_exposure,log_future_exposure,distortion,all,False,True,pooled,4,3,109,0.49968953259131627,0.4557397662180412,0.5434359428119034,0.21100917431192662
full_year,distortion__log_future_exposure,log_future_exposure,distortion,all,False,True,pooled,4,4,123,0.5695527767460417,0.5312327184185548,0.6109666680423149,0.37398373983739835
full_year,distortion__log_future_exposure,log_future_exposure,distortion,all,False,True,pooled,10,1,52,0.42379278927502284,0.36517636339971354,0.4878058701028244,0.23076923076923078
full_year,distortion__log_future_exposure,log_future_exposure,distortion,all,False,True,pooled,10,2,51,0.47269500016588706,0.40584088119173223,0.5421220264755647,0.21568627450980393
full_year,distortion__log_future_exposure,log_future_exposure,distortion,all,False,True,pooled,10,3,44,0.47085063836332863,0.3963774803876326,0.5405956775880634,0.20454545454545456
full_year,distortion__log_future_exposure,log_future_exposure,distortion,all,False,True,pooled,10,4,43,0.44872702947310433,0.3798095462952032,0.5237752331483887,0.20930232558139536
full_year,distortion__log_future_exposure,log_future_exposure,distortion,all,False,True,pooled,10,5,43,0.45108802581355995,0.37612442450714206,0.523818518081297,0.23255813953488372
full_year,distortion__log_future_exposure,log_future_exposure,distortion,all,False,True,pooled,10,6,39,0.5051629137923553,0.44109071977092285,0.5721289426873183,0.20512820512820512
full_year,distortion__log_future_exposure,log_future_exposure,distortion,all,False,True,pooled,10,7,46,0.5073935113661444,0.43604244831898775,0.57777348635327,0.21739130434782608
full_year,distortion__log_future_exposure,log_future_exposure,distortion,all,False,True,pooled,10,8,50,0.5240609137055838,0.4595076142131979,0.585876480541455,0.28
full_year,distortion__log_future_exposure,log_future_exposure,distortion,all,False,True,pooled,10,9,46,0.5647024203634223,0.49774700213345113,0.630876186272346,0.34782608695652173
full_year,distortion__log_future_exposure,log_future_exposure,distortion,all,False,True,pooled,10,10,51,0.5745164394014797,0.4998954911914004,0.6446219435320658,0.4117647058823529
full_year,distortion__log_irrelevant_exposure,log_irrelevant_exposure,distortion,all,False,True,unpooled,4,1,105,0.5060913705583757,0.4638554508097656,0.5502207718958988,0.22857142857142856
full_year,distortion__log_irrelevant_exposure,log_irrelevant_exposure,distortion,all,False,True,unpooled,4,2,123,0.5173331682555403,0.4754157896908919,0.5619475052618544,0.24390243902439024
full_year,distortion__log_irrelevant_exposure,log_irrelevant_exposure,distortion,all,False,True,unpooled,4,3,125,0.45790186125211507,0.4173576988155669,0.4987018612521151,0.184
full_year,distortion__log_irrelevant_exposure,log_irrelevant_exposure,distortion,all,False,True,unpooled,4,4,112,0.5026136088953347,0.4573045080976553,0.544212291515591,0.2767857142857143
full_year,distortion__log_irrelevant_exposure,log_irrelevant_exposure,distortion,all,False,True,unpooled,10,1,39,0.5045121263395376,0.42887977786454945,0.5803982819211245,0.2564102564102564
full_year,distortion__log_irrelevant_exposure,log_irrelevant_exposure,distortion,all,False,True,unpooled,10,2,42,0.4550801708162114,0.39093143179437595,0.517615421803239,0.19047619047619047
full_year,distortion__log_irrelevant_exposure,log_irrelevant_exposure,distortion,all,False,True,unpooled,10,3,46,0.5791216067093358,0.5204094018980356,0.6381556683587141,0.21739130434782608
full_year,distortion__log_irrelevant_exposure,log_irrelevant_exposure,distortion,all,False,True,unpooled,10,4,50,0.4802030456852792,0.40485786802030455,0.5590372250423011,0.3
full_year,distortion__log_irrelevant_exposure,log_irrelevant_exposure,distortion,all,False,True,unpooled,10,5,51,0.5359311237185229,0.4763030423675392,0.591599482432567,0.21568627450980393
full_year,distortion__log_irrelevant_exposure,log_irrelevant_exposure,distortion,all,False,True,unpooled,10,6,50,0.4490693739424704,0.3828054145516075,0.517326565143824,0.2
full_year,distortion__log_irrelevant_exposure,log_irrelevant_exposure,distortion,all,False,True,unpooled,10,7,48,0.46302171460800906,0.4069603073886069,0.5196383248730964,0.16666666666666666
full_year,distortion__log_irrelevant_exposure,log_irrelevant_exposure,distortion,all,False,True,unpooled,10,8,52,0.4645971625667057,0.4057643498633347,0.5279985031888584,0.17307692307692307
full_year,distortion__log_irrelevant_exposure,log_irrelevant_exposure,distortion,all,False,True,unpooled,10,9,45,0.5465501034028952,0.48231810490693744,0.6146738108667041,0.3333333333333333
full_year,distortion__log_irrelevant_exposure,log_irrelevant_exposure,distortion,all,False,True,unpooled,10,10,42,0.4785271130448795,0.40504995568447355,0.5595580533397793,0.2857142857142857
full_year,distortion__log_irrelevant_exposure,log_irrelevant_exposure,distortion,all,False,True,pooled,4,1,116,0.48631775482816975,0.4417447050586382,0.5302584748235019,0.2413793103448276
full_year,distortion__log_irrelevant_exposure,log_irrelevant_exposure,distortion,all,False,True,pooled,4,2,112,0.5590403674160019,0.5152095419386029,0.601724528643945,0.3482142857142857
full_year,distortion__log_irrelevant_exposure,log_irrelevant_exposure,distortion,all,False,True,pooled,4,3,112,0.4375,0.3949397208121827,0.48003233019095964,0.1875
full_year,distortion__log_irrelevant_exposure,log_irrelevant_exposure,distortion,all,False,True,pooled,4,4,125,0.4958849407783418,0.4502240270727581,0.5397678510998308,0.24
full_year,distortion__log_irrelevant_exposure,log_irrelevant_exposure,distortion,all,False,True,pooled,10,1,51,0.4880893135596032,0.4149779370292957,0.5609916724727115,0.3137254901960784
full_year,distortion__log_irrelevant_exposure,log_irrelevant_exposure,distortion,all,False,True,pooled,10,2,44,0.45335333025688346,0.3907783417935703,0.511340562990309,0.11363636363636363
full_year,distortion__log_irrelevant_exposure,log_irrelevant_exposure,distortion,all,False,True,pooled,10,3,42,0.5654661187656111,0.48871766980904036,0.6442470389170897,0.38095238095238093
full_year,distortion__log_irrelevant_exposure,log_irrelevant_exposure,distortion,all,False,True,pooled,10,4,44,0.5641824334717735,0.48411782802645753,0.6416724350099985,0.36363636363636365
full_year,distortion__log_irrelevant_exposure,log_irrelevant_exposure,distortion,all,False,True,pooled,10,5,47,0.5449292580192245,0.4803236490621737,0.6068329913237571,0.2978723404255319
full_year,distortion__log_irrelevant_exposure,log_irrelevant_exposure,distortion,all,False,True,pooled,10,6,42,0.43517847071146576,0.3648940456047055,0.507310047538474,0.14285714285714285
full_year,distortion__log_irrelevant_exposure,log_irrelevant_exposure,distortion,all,False,True,pooled,10,7,48,0.40898195149464184,0.34676043429216014,0.47581782289904123,0.1875
full_year,distortion__log_irrelevant_exposure,log_irrelevant_exposure,distortion,all,False,True,pooled,10,8,46,0.5104465533730596,0.4441440447289045,0.5795409401898035,0.2826086956521739
full_year,distortion__log_irrelevant_exposure,log_irrelevant_exposure,distortion,all,False,True,pooled,10,9,49,0.44910045236368656,0.38379260333575055,0.515311302185849,0.1836734693877551
full_year,distortion__log_irrelevant_exposure,log_irrelevant_exposure,distortion,all,False,True,pooled,10,10,52,0.5305870102824417,0.4560555772484707,0.6016253416634127,0.2692307692307692
full_year,distortion__log_exposure_pitcher__n500,log_exposure_pitcher,distortion,all,True,False,unpooled,4,1,35,0.4510756586898718,0.3979453710418177,0.5016509547981629,0.05714285714285714
full_year,distortion__log_exposure_pitcher__n500,log_exposure_pitcher,distortion,all,True,False,unpooled,4,2,69,0.5144682311974301,0.4690968390593198,0.5586171804114863,0.17391304347826086
full_year,distortion__log_exposure_pitcher__n500,log_exposure_pitcher,distortion,all,True,False,unpooled,4,3,64,0.4642290609137055,0.41934882614213204,0.5128503066835871,0.15625
full_year,distortion__log_exposure_pitcher__n500,log_exposure_pitcher,distortion,all,True,False,unpooled,4,4,35,0.41829828378051737,0.3490983804689389,0.484776408025139,0.17142857142857143
full_year,distortion__log_exposure_pitcher__n500,log_exposure_pitcher,distortion,all,True,False,unpooled,10,1,3,0.29075014100394814,0.16723068245910885,0.41426959954878734,0.0
full_year,distortion__log_exposure_pitcher__n500,log_exposure_pitcher,distortion,all,True,False,unpooled,10,2,22,0.44116289801569,0.3676780495308414,0.5127018920166128,0.045454545454545456
full_year,distortion__log_exposure_pitcher__n500,log_exposure_pitcher,distortion,all,True,False,unpooled,10,3,23,0.5441403663650408,0.4804494960641506,0.6041822997130876,0.17391304347826086
full_year,distortion__log_exposure_pitcher__n500,log_exposure_pitcher,distortion,all,True,False,unpooled,10,4,28,0.5323301909596326,0.4644458544839255,0.5981478124244622,0.14285714285714285
full_year,distortion__log_exposure_pitcher__n500,log_exposure_pitcher,distortion,all,True,False,unpooled,10,5,28,0.4745588590766256,0.4080704616872129,0.5498156876963982,0.17857142857142858
full_year,distortion__log_exposure_pitcher__n500,log_exposure_pitcher,distortion,all,True,False,unpooled,10,6,27,0.44691984708905186,0.38437049570721316,0.5124992166447326,0.07407407407407407
full_year,distortion__log_exposure_pitcher__n500,log_exposure_pitcher,distortion,all,True,False,unpooled,10,7,28,0.4879743775682862,0.4145455644186608,0.5631103456611071,0.25
full_year,distortion__log_exposure_pitcher__n500,log_exposure_pitcher,distortion,all,True,False,unpooled,10,8,20,0.43274111675126914,0.3553130287648054,0.5109179357021997,0.15
full_year,distortion__log_exposure_pitcher__n500,log_exposure_pitcher,distortion,all,True,False,unpooled,10,9,16,0.4236463620981387,0.309412013536379,0.5267079103214889,0.1875
full_year,distortion__log_exposure_pitcher__n500,log_exposure_pitcher,distortion,all,True,False,unpooled,10,10,8,0.39847715736040606,0.2899534686971235,0.5209496615905245,0.125
full_year,distortion__log_exposure_pitcher__n500,log_exposure_pitcher,distortion,all,True,False,pooled,4,1,62,0.5186398122373234,0.46007996288412206,0.577883303313138,0.25806451612903225
full_year,distortion__log_exposure_pitcher__n500,log_exposure_pitcher,distortion,all,True,False,pooled,4,2,42,0.5012488921118363,0.41724075416968814,0.5860003222947385,0.30952380952380953
full_year,distortion__log_exposure_pitcher__n500,log_exposure_pitcher,distortion,all,True,False,pooled,4,3,32,0.4265016920473773,0.34473614636209815,0.5033259306260575,0.15625
full_year,distortion__log_exposure_pitcher__n500,log_exposure_pitcher,distortion,all,True,False,pooled,4,4,67,0.44034901633962165,0.38172715104679644,0.5065497386165617,0.2537313432835821
full_year,distortion__log_exposure_pitcher__n500,log_exposure_pitcher,distortion,all,True,False,pooled,10,1,31,0.43417389880465046,0.3484143878609246,0.5191119480377707,0.16129032258064516
full_year,distortion__log_exposure_pitcher__n500,log_exposure_pitcher,distortion,all,True,False,pooled,10,2,22,0.6328257191201354,0.544527764959237,0.7211198277188126,0.36363636363636365
full_year,distortion__log_exposure_pitcher__n500,log_exposure_pitcher,distortion,all,True,False,pooled,10,3,17,0.509654623270628,0.37870508609535186,0.6348362695331938,0.35294117647058826
full_year,distortion__log_exposure_pitcher__n500,log_exposure_pitcher,distortion,all,True,False,pooled,10,4,20,0.5352791878172589,0.41674703891708964,0.6556937394247038,0.3
full_year,distortion__log_exposure_pitcher__n500,log_exposure_pitcher,distortion,all,True,False,pooled,10,5,14,0.46120377084844094,0.32245588590766255,0.6130408508581097,0.2857142857142857
full_year,distortion__log_exposure_pitcher__n500,log_exposure_pitcher,distortion,all,True,False,pooled,10,6,7,0.4780033840947547,0.30323906212231083,0.6409958907420836,0.14285714285714285
full_year,distortion__log_exposure_pitcher__n500,log_exposure_pitcher,distortion,all,True,False,pooled,10,7,19,0.3802208567103037,0.2849986641731232,0.4821889749755098,0.15789473684210525
full_year,distortion__log_exposure_pitcher__n500,log_exposure_pitcher,distortion,all,True,False,pooled,10,8,18,0.5555555555555556,0.4172917841699568,0.6792912201541642,0.4444444444444444
full_year,distortion__log_exposure_pitcher__n500,log_exposure_pitcher,distortion,all,True,False,pooled,10,9,23,0.4727801074082248,0.3665967777532554,0.5876370190539247,0.2608695652173913
full_year,distortion__log_exposure_pitcher__n500,log_exposure_pitcher,distortion,all,True,False,pooled,10,10,32,0.3658523688663282,0.28851522842639593,0.45115006345177666,0.125
full_year,absz_attack_angle__log_exposure_pitcher__n500,log_exposure_pitcher,absz_attack_angle,all,True,False,unpooled,4,1,41,0.43830217489992157,0.38228302587594404,0.49714002723783585,0.12195121951219512
full_year,absz_attack_angle__log_exposure_pitcher__n500,log_exposure_pitcher,absz_attack_angle,all,True,False,unpooled,4,2,65,0.4590524534686971,0.414120786151243,0.5024222308993883,0.13846153846153847
full_year,absz_attack_angle__log_exposure_pitcher__n500,log_exposure_pitcher,absz_attack_angle,all,True,False,unpooled,4,3,63,0.47545188408132566,0.43304192517390483,0.523315338543765,0.12698412698412698
full_year,absz_attack_angle__log_exposure_pitcher__n500,log_exposure_pitcher,absz_attack_angle,all,True,False,unpooled,4,4,34,0.4819846720414053,0.41945854483925543,0.547230516572111,0.14705882352941177
full_year,absz_attack_angle__log_exposure_pitcher__n500,log_exposure_pitcher,absz_attack_angle,all,True,False,unpooled,10,1,7,0.4161227942953832,0.22105390379502055,0.5996736765772298,0.2857142857142857
full_year,absz_attack_angle__log_exposure_pitcher__n500,log_exposure_pitcher,absz_attack_angle,all,True,False,unpooled,10,2,21,0.3708403835307389,0.31385061638868744,0.43138345016517604,0.047619047619047616
full_year,absz_attack_angle__log_exposure_pitcher__n500,log_exposure_pitcher,absz_attack_angle,all,True,False,unpooled,10,3,25,0.5102199661590525,0.4457800338409475,0.5716108291032148,0.12
full_year,absz_attack_angle__log_exposure_pitcher__n500,log_exposure_pitcher,absz_attack_angle,all,True,False,unpooled,10,4,31,0.40633699033895526,0.34501118934555974,0.4702035915070138,0.06451612903225806
full_year,absz_attack_angle__log_exposure_pitcher__n500,log_exposure_pitcher,absz_attack_angle,all,True,False,unpooled,10,5,22,0.5343793262574988,0.4569912321181356,0.6166282110444545,0.2727272727272727
full_year,absz_attack_angle__log_exposure_pitcher__n500,log_exposure_pitcher,absz_attack_angle,all,True,False,unpooled,10,6,26,0.4982428738773917,0.42924638812963684,0.5728263699075882,0.15384615384615385
full_year,absz_attack_angle__log_exposure_pitcher__n500,log_exposure_pitcher,absz_attack_angle,all,True,False,unpooled,10,7,27,0.46791376825217773,0.4028639468571787,0.5331421946481169,0.14814814814814814
full_year,absz_attack_angle__log_exposure_pitcher__n500,log_exposure_pitcher,absz_attack_angle,all,True,False,unpooled,10,8,19,0.39384629085403866,0.33203758126280175,0.4626057529610829,0.0
full_year,absz_attack_angle__log_exposure_pitcher__n500,log_exposure_pitcher,absz_attack_angle,all,True,False,unpooled,10,9,19,0.5451509484370826,0.4541366105619378,0.6380532549648231,0.2631578947368421
full_year,absz_attack_angle__log_exposure_pitcher__n500,log_exposure_pitcher,absz_attack_angle,all,True,False,unpooled,10,10,6,0.48533558939650306,0.37646644106034965,0.5862944162436549,0.0
full_year,absz_attack_angle__log_exposure_pitcher__n500,log_exposure_pitcher,absz_attack_angle,all,True,False,pooled,4,1,74,0.41697535098550326,0.3595989390405634,0.48113252846755383,0.24324324324324326
full_year,absz_attack_angle__log_exposure_pitcher__n500,log_exposure_pitcher,absz_attack_angle,all,True,False,pooled,4,2,31,0.49716172697996835,0.38890890235249165,0.603940832923967,0.3548387096774194
full_year,absz_attack_angle__log_exposure_pitcher__n500,log_exposure_pitcher,absz_attack_angle,all,True,False,pooled,4,3,30,0.511844331641286,0.41239142695995495,0.6035194585448392,0.3
full_year,absz_attack_angle__log_exposure_pitcher__n500,log_exposure_pitcher,absz_attack_angle,all,True,False,pooled,4,4,68,0.47220563352244455,0.406812978998706,0.5407994923857867,0.27941176470588236
full_year,absz_attack_angle__log_exposure_pitcher__n500,log_exposure_pitcher,absz_attack_angle,all,True,False,pooled,10,1,37,0.4229432478163443,0.33978369232176336,0.5121049983994148,0.21621621621621623
full_year,absz_attack_angle__log_exposure_pitcher__n500,log_exposure_pitcher,absz_attack_angle,all,True,False,pooled,10,2,26,0.3126382923337238,0.23577378628140047,0.39815827150852534,0.15384615384615385
full_year,absz_attack_angle__log_exposure_pitcher__n500,log_exposure_pitcher,absz_attack_angle,all,True,False,pooled,10,3,23,0.501103509159126,0.38520194217612014,0.6107261090267049,0.391304347826087
full_year,absz_attack_angle__log_exposure_pitcher__n500,log_exposure_pitcher,absz_attack_angle,all,True,False,pooled,10,4,9,0.5092122579432224,0.29426583944350443,0.7104154916337658,0.4444444444444444
full_year,absz_attack_angle__log_exposure_pitcher__n500,log_exposure_pitcher,absz_attack_angle,all,True,False,pooled,10,5,10,0.6382402707275804,0.4801438240270728,0.7738409475465312,0.4
full_year,absz_attack_angle__log_exposure_pitcher__n500,log_exposure_pitcher,absz_attack_angle,all,True,False,pooled,10,6,12,0.5905245346869713,0.43254371122391433,0.7401438240270729,0.5
full_year,absz_attack_angle__log_exposure_pitcher__n500,log_exposure_pitcher,absz_attack_angle,all,True,False,pooled,10,7,9,0.38757285203985714,0.20329949238578682,0.5846681707087799,0.2222222222222222
full_year,absz_attack_angle__log_exposure_pitcher__n500,log_exposure_pitcher,absz_attack_angle,all,True,False,pooled,10,8,22,0.5439932318104908,0.4471542839563145,0.6437971081372096,0.3181818181818182
full_year,absz_attack_angle__log_exposure_pitcher__n500,log_exposure_pitcher,absz_attack_angle,all,True,False,pooled,10,9,24,0.42703045685279184,0.3156232374506487,0.5340559785673998,0.20833333333333334
full_year,absz_attack_angle__log_exposure_pitcher__n500,log_exposure_pitcher,absz_attack_angle,all,True,False,pooled,10,10,31,0.4733638993504721,0.38435947819442173,0.5621363462693084,0.25806451612903225
full_year,absz_attack_direction__log_exposure_pitcher__n500,log_exposure_pitcher,absz_attack_direction,all,True,False,unpooled,4,1,39,0.45010629528396023,0.3890472471690745,0.508952666059265,0.10256410256410256
full_year,absz_attack_direction__log_exposure_pitcher__n500,log_exposure_pitcher,absz_attack_direction,all,True,False,unpooled,4,2,65,0.4460367044123389,0.4031029545750358,0.4911883378888455,0.09230769230769231
full_year,absz_attack_direction__log_exposure_pitcher__n500,log_exposure_pitcher,absz_attack_direction,all,True,False,unpooled,4,3,73,0.5105463226942957,0.46748255800477484,0.5545186936467097,0.1643835616438356
full_year,absz_attack_direction__log_exposure_pitcher__n500,log_exposure_pitcher,absz_attack_direction,all,True,False,unpooled,4,4,26,0.4825588962644801,0.41146362098138756,0.5609820382663022,0.11538461538461539
full_year,absz_attack_direction__log_exposure_pitcher__n500,log_exposure_pitcher,absz_attack_direction,all,True,False,unpooled,10,1,3,0.44529046813310774,0.28398195149464184,0.6065989847715736,0.0
full_year,absz_attack_direction__log_exposure_pitcher__n500,log_exposure_pitcher,absz_attack_direction,all,True,False,unpooled,10,2,26,0.4112325914356371,0.3460171807887544,0.4769002993622282,0.038461538461538464
full_year,absz_attack_direction__log_exposure_pitcher__n500,log_exposure_pitcher,absz_attack_direction,all,True,False,unpooled,10,3,23,0.5189067902596924,0.43282571912013545,0.6014235268152726,0.21739130434782608
full_year,absz_attack_direction__log_exposure_pitcher__n500,log_exposure_pitcher,absz_attack_direction,all,True,False,unpooled,10,4,28,0.4352791878172588,0.36957940536620737,0.501761542180324,0.10714285714285714
full_year,absz_attack_direction__log_exposure_pitcher__n500,log_exposure_pitcher,absz_attack_direction,all,True,False,unpooled,10,5,24,0.4331641285956007,0.3706993795826283,0.4972609983079526,0.041666666666666664
full_year,absz_attack_direction__log_exposure_pitcher__n500,log_exposure_pitcher,absz_attack_direction,all,True,False,unpooled,10,6,32,0.5275486463620982,0.4680890439932318,0.5853955160744501,0.125
full_year,absz_attack_direction__log_exposure_pitcher__n500,log_exposure_pitcher,absz_attack_direction,all,True,False,unpooled,10,7,27,0.4540013787052704,0.3732687848593094,0.5306918593720624,0.1111111111111111
full_year,absz_attack_direction__log_exposure_pitcher__n500,log_exposure_pitcher,absz_attack_direction,all,True,False,unpooled,10,8,22,0.5617597292724197,0.46952391939701593,0.6429395477618828,0.2727272727272727
full_year,absz_attack_direction__log_exposure_pitcher__n500,log_exposure_pitcher,absz_attack_direction,all,True,False,unpooled,10,9,15,0.4678510998307953,0.37117315284827973,0.5697856739988719,0.06666666666666667
full_year,absz_attack_direction__log_exposure_pitcher__n500,log_exposure_pitcher,absz_attack_direction,all,True,False,unpooled,10,10,3,0.4334461364918218,0.24280879864636207,0.6240834743372815,0.3333333333333333
full_year,absz_attack_direction__log_exposure_pitcher__n500,log_exposure_pitcher,absz_attack_direction,all,True,False,pooled,4,1,74,0.43778296062560024,0.37910664471578176,0.5007900032011707,0.2702702702702703
full_year,absz_attack_direction__log_exposure_pitcher__n500,log_exposure_pitcher,absz_attack_direction,all,True,False,pooled,4,2,33,0.43498436138030044,0.35826539506742555,0.5165820642978004,0.18181818181818182
full_year,absz_attack_direction__log_exposure_pitcher__n500,log_exposure_pitcher,absz_attack_direction,all,True,False,pooled,4,3,38,0.48575117998040784,0.4069418470032951,0.5635786802030457,0.2631578947368421
full_year,absz_attack_direction__log_exposure_pitcher__n500,log_exposure_pitcher,absz_attack_direction,all,True,False,pooled,4,4,58,0.5154034657798006,0.4351916681253282,0.588918548340043,0.3620689655172414
full_year,absz_attack_direction__log_exposure_pitcher__n500,log_exposure_pitcher,absz_attack_direction,all,True,False,pooled,10,1,29,0.35745959507555863,0.26325339868137,0.4594550440515782,0.20689655172413793
full_year,absz_attack_direction__log_exposure_pitcher__n500,log_exposure_pitcher,absz_attack_direction,all,True,False,pooled,10,2,29,0.5063014178190093,0.40658148083318746,0.6084748235019546,0.3448275862068966
full_year,absz_attack_direction__log_exposure_pitcher__n500,log_exposure_pitcher,absz_attack_direction,all,True,False,pooled,10,3,24,0.4367597292724197,0.32845812182741113,0.5404787084038354,0.25
full_year,absz_attack_direction__log_exposure_pitcher__n500,log_exposure_pitcher,absz_attack_direction,all,True,False,pooled,10,4,16,0.42512690355329946,0.3244342216582064,0.5175549915397631,0.0625
full_year,absz_attack_direction__log_exposure_pitcher__n500,log_exposure_pitcher,absz_attack_direction,all,True,False,pooled,10,5,9,0.4907877420567776,0.3345083662342545,0.6610547095318667,0.3333333333333333
full_year,absz_attack_direction__log_exposure_pitcher__n500,log_exposure_pitcher,absz_attack_direction,all,True,False,pooled,10,6,15,0.4391990975747321,0.3363169768753525,0.5532543711223915,0.2
full_year,absz_attack_direction__log_exposure_pitcher__n500,log_exposure_pitcher,absz_attack_direction,all,True,False,pooled,10,7,18,0.5472833239330701,0.4365247226922354,0.66038259071254,0.3333333333333333
full_year,absz_attack_direction__log_exposure_pitcher__n500,log_exposure_pitcher,absz_attack_direction,all,True,False,pooled,10,8,13,0.4708447221137577,0.31789014707796426,0.6343680853833139,0.3076923076923077
full_year,absz_attack_direction__log_exposure_pitcher__n500,log_exposure_pitcher,absz_attack_direction,all,True,False,pooled,10,9,20,0.5165820642978003,0.38532571912013536,0.6397292724196277,0.4
full_year,absz_attack_direction__log_exposure_pitcher__n500,log_exposure_pitcher,absz_attack_direction,all,True,False,pooled,10,10,30,0.5153412295544275,0.42069655950366613,0.6216638465877045,0.3333333333333333
full_year,absz_swing_path_tilt__log_exposure_pitcher__n500,log_exposure_pitcher,absz_swing_path_tilt,all,True,False,unpooled,4,1,27,0.4119508679576361,0.3382371373065112,0.4889515573102713,0.07407407407407407
full_year,absz_swing_path_tilt__log_exposure_pitcher__n500,log_exposure_pitcher,absz_swing_path_tilt,all,True,False,unpooled,4,2,71,0.5030981149162318,0.4552370057910918,0.547738376111151,0.15492957746478872
full_year,absz_swing_path_tilt__log_exposure_pitcher__n500,log_exposure_pitcher,absz_swing_path_tilt,all,True,False,unpooled,4,3,65,0.4999739685018872,0.45423402316803335,0.5453546791617857,0.16923076923076924
full_year,absz_swing_path_tilt__log_exposure_pitcher__n500,log_exposure_pitcher,absz_swing_path_tilt,all,True,False,unpooled,4,4,40,0.5246615905245346,0.45756979695431477,0.5869310490693739,0.225
full_year,absz_swing_path_tilt__log_exposure_pitcher__n500,log_exposure_pitcher,absz_swing_path_tilt,all,True,False,unpooled,10,1,4,0.21742808798646363,0.12013536379018613,0.3147208121827411,0.0
full_year,absz_swing_path_tilt__log_exposure_pitcher__n500,log_exposure_pitcher,absz_swing_path_tilt,all,True,False,unpooled,10,2,12,0.6051889452904682,0.5034757473209249,0.7058728144388042,0.16666666666666666
full_year,absz_swing_path_tilt__log_exposure_pitcher__n500,log_exposure_pitcher,absz_swing_path_tilt,all,True,False,unpooled,10,3,29,0.37076258824902275,0.3086819534395239,0.4369216407024914,0.06896551724137931
full_year,absz_swing_path_tilt__log_exposure_pitcher__n500,log_exposure_pitcher,absz_swing_path_tilt,all,True,False,unpooled,10,4,27,0.5148524158676443,0.45761107977690046,0.5658175095569342,0.1111111111111111
full_year,absz_swing_path_tilt__log_exposure_pitcher__n500,log_exposure_pitcher,absz_swing_path_tilt,all,True,False,unpooled,10,5,26,0.5406742158011194,0.45798516204607576,0.6211343225302615,0.23076923076923078
full_year,absz_swing_path_tilt__log_exposure_pitcher__n500,log_exposure_pitcher,absz_swing_path_tilt,all,True,False,unpooled,10,6,26,0.5128205128205128,0.44412664323831835,0.5738318365221918,0.15384615384615385
full_year,absz_swing_path_tilt__log_exposure_pitcher__n500,log_exposure_pitcher,absz_swing_path_tilt,all,True,False,unpooled,10,7,32,0.4714995769881557,0.4099883671742809,0.5336373730964467,0.125
full_year,absz_swing_path_tilt__log_exposure_pitcher__n500,log_exposure_pitcher,absz_swing_path_tilt,all,True,False,unpooled,10,8,19,0.5717784308486953,0.472272686793125,0.6725932852435657,0.3684210526315789
full_year,absz_swing_path_tilt__log_exposure_pitcher__n500,log_exposure_pitcher,absz_swing_path_tilt,all,True,False,unpooled,10,9,19,0.5490693739424704,0.4722949505744055,0.628702466826966,0.21052631578947367
full_year,absz_swing_path_tilt__log_exposure_pitcher__n500,log_exposure_pitcher,absz_swing_path_tilt,all,True,False,unpooled,10,10,9,0.41859372062417743,0.30047001316036853,0.5458826847151721,0.1111111111111111
full_year,absz_swing_path_tilt__log_exposure_pitcher__n500,log_exposure_pitcher,absz_swing_path_tilt,all,True,False,pooled,4,1,64,0.44294627749576987,0.37715339467005077,0.5044455901015227,0.21875
full_year,absz_swing_path_tilt__log_exposure_pitcher__n500,log_exposure_pitcher,absz_swing_path_tilt,all,True,False,pooled,4,2,36,0.5029610829103214,0.41210048881368677,0.5976499341981575,0.3055555555555556
full_year,absz_swing_path_tilt__log_exposure_pitcher__n500,log_exposure_pitcher,absz_swing_path_tilt,all,True,False,pooled,4,3,38,0.5257814587229495,0.4343129397096803,0.6055303232701041,0.3684210526315789
full_year,absz_swing_path_tilt__log_exposure_pitcher__n500,log_exposure_pitcher,absz_swing_path_tilt,all,True,False,pooled,4,4,65,0.5039047247169074,0.43700247299232065,0.5675933879994794,0.3384615384615385
full_year,absz_swing_path_tilt__log_exposure_pitcher__n500,log_exposure_pitcher,absz_swing_path_tilt,all,True,False,pooled,10,1,27,0.4118255311148712,0.31412232875853857,0.5122234755906501,0.18518518518518517
full_year,absz_swing_path_tilt__log_exposure_pitcher__n500,log_exposure_pitcher,absz_swing_path_tilt,all,True,False,pooled,10,2,26,0.4388910581803984,0.3340003904724717,0.5492808798646361,0.2692307692307692
full_year,absz_swing_path_tilt__log_exposure_pitcher__n500,log_exposure_pitcher,absz_swing_path_tilt,all,True,False,pooled,10,3,21,0.4924260736443477,0.39470228023527515,0.5938763999677705,0.19047619047619047
full_year,absz_swing_path_tilt__log_exposure_pitcher__n500,log_exposure_pitcher,absz_swing_path_tilt,all,True,False,pooled,10,4,17,0.5403105404598387,0.40633522444510795,0.6676420822135961,0.35294117647058826
full_year,absz_swing_path_tilt__log_exposure_pitcher__n500,log_exposure_pitcher,absz_swing_path_tilt,all,True,False,pooled,10,5,9,0.48871968415115613,0.265454032712916,0.7083192329385223,0.3333333333333333
full_year,absz_swing_path_tilt__log_exposure_pitcher__n500,log_exposure_pitcher,absz_swing_path_tilt,all,True,False,pooled,10,6,14,0.6178390137781001,0.48136934977036505,0.7467851099830793,0.42857142857142855
full_year,absz_swing_path_tilt__log_exposure_pitcher__n500,log_exposure_pitcher,absz_swing_path_tilt,all,True,False,pooled,10,7,16,0.39202622673434856,0.2726205583756345,0.5240640862944161,0.1875
full_year,absz_swing_path_tilt__log_exposure_pitcher__n500,log_exposure_pitcher,absz_swing_path_tilt,all,True,False,pooled,10,8,20,0.4296108291032149,0.2971108291032149,0.5657064297800339,0.35
full_year,absz_swing_path_tilt__log_exposure_pitcher__n500,log_exposure_pitcher,absz_swing_path_tilt,all,True,False,pooled,10,9,21,0.5567238739827572,0.4441624365482233,0.6705865764241399,0.42857142857142855
full_year,absz_swing_path_tilt__log_exposure_pitcher__n500,log_exposure_pitcher,absz_swing_path_tilt,all,True,False,pooled,10,10,32,0.547747461928934,0.46431895093062603,0.631979695431472,0.34375
full_year,absz_bat_speed__log_exposure_pitcher__n500,log_exposure_pitcher,absz_bat_speed,all,True,False,unpooled,4,1,40,0.5159898477157361,0.45861675126903556,0.5714255499153975,0.15
full_year,absz_bat_speed__log_exposure_pitcher__n500,log_exposure_pitcher,absz_bat_speed,all,True,False,unpooled,4,2,66,0.49061682818027996,0.4486053427677793,0.5313938881197765,0.07575757575757576
full_year,absz_bat_speed__log_exposure_pitcher__n500,log_exposure_pitcher,absz_bat_speed,all,True,False,unpooled,4,3,60,0.42461928934010146,0.3824703891708968,0.4659404963338974,0.05
full_year,absz_bat_speed__log_exposure_pitcher__n500,log_exposure_pitcher,absz_bat_speed,all,True,False,unpooled,4,4,37,0.4618603374948553,0.40495724150546486,0.5229638267709334,0.10810810810810811
full_year,absz_bat_speed__log_exposure_pitcher__n500,log_exposure_pitcher,absz_bat_speed,all,True,False,unpooled,10,1,4,0.2817258883248731,0.16370558375634517,0.41878172588832485,0.0
full_year,absz_bat_speed__log_exposure_pitcher__n500,log_exposure_pitcher,absz_bat_speed,all,True,False,unpooled,10,2,21,0.5292482475223592,0.450060430263476,0.6051486584481508,0.14285714285714285
full_year,absz_bat_speed__log_exposure_pitcher__n500,log_exposure_pitcher,absz_bat_speed,all,True,False,unpooled,10,3,31,0.5301839419245673,0.4687735385623056,0.5884394956607171,0.16129032258064516
full_year,absz_bat_speed__log_exposure_pitcher__n500,log_exposure_pitcher,absz_bat_speed,all,True,False,unpooled,10,4,25,0.4932318104906937,0.42676818950930623,0.5582605752961083,0.08
full_year,absz_bat_speed__log_exposure_pitcher__n500,log_exposure_pitcher,absz_bat_speed,all,True,False,unpooled,10,5,25,0.480507614213198,0.4115363790186125,0.5441082910321489,0.04
full_year,absz_bat_speed__log_exposure_pitcher__n500,log_exposure_pitcher,absz_bat_speed,all,True,False,unpooled,10,6,26,0.35832357152154104,0.30024729923207083,0.4187784719510607,0.0
full_year,absz_bat_speed__log_exposure_pitcher__n500,log_exposure_pitcher,absz_bat_speed,all,True,False,unpooled,10,7,24,0.4664410603496898,0.4012901861252115,0.5289868866328256,0.041666666666666664
full_year,absz_bat_speed__log_exposure_pitcher__n500,log_exposure_pitcher,absz_bat_speed,all,True,False,unpooled,10,8,21,0.450447183949722,0.385726371766981,0.5146241237611796,0.09523809523809523
full_year,absz_bat_speed__log_exposure_pitcher__n500,log_exposure_pitcher,absz_bat_speed,all,True,False,unpooled,10,9,22,0.47461928934010145,0.40108829410859875,0.5525457621904322,0.13636363636363635
full_year,absz_bat_speed__log_exposure_pitcher__n500,log_exposure_pitcher,absz_bat_speed,all,True,False,unpooled,10,10,4,0.5384940778341794,0.36209813874788493,0.718274111675127,0.25
full_year,absz_bat_speed__log_exposure_pitcher__n500,log_exposure_pitcher,absz_bat_speed,all,True,False,pooled,4,1,74,0.5129418758860383,0.4527758723190196,0.5716890748616638,0.28378378378378377
full_year,absz_bat_speed__log_exposure_pitcher__n500,log_exposure_pitcher,absz_bat_speed,all,True,False,pooled,4,2,32,0.5324661590524534,0.43776173857868017,0.6282466159052453,0.34375
full_year,absz_bat_speed__log_exposure_pitcher__n500,log_exposure_pitcher,absz_bat_speed,all,True,False,pooled,4,3,35,0.3635242929659173,0.28810248972685526,0.43513898960599473,0.11428571428571428
full_year,absz_bat_speed__log_exposure_pitcher__n500,log_exposure_pitcher,absz_bat_speed,all,True,False,pooled,4,4,62,0.4585994214289613,0.3969447628404563,0.5197355493695759,0.24193548387096775
full_year,absz_bat_speed__log_exposure_pitcher__n500,log_exposure_pitcher,absz_bat_speed,all,True,False,pooled,10,1,32,0.537753807106599,0.44914868866328256,0.6318871615905245,0.28125
full_year,absz_bat_speed__log_exposure_pitcher__n500,log_exposure_pitcher,absz_bat_speed,all,True,False,pooled,10,2,28,0.47788252356780275,0.36468455402465566,0.5780456852791878,0.2857142857142857
full_year,absz_bat_speed__log_exposure_pitcher__n500,log_exposure_pitcher,absz_bat_speed,all,True,False,pooled,10,3,21,0.5229635001208606,0.40180887922004677,0.6462492949802595,0.3333333333333333
full_year,absz_bat_speed__log_exposure_pitcher__n500,log_exposure_pitcher,absz_bat_speed,all,True,False,pooled,10,4,14,0.4949238578680203,0.3572637176698091,0.6328438481991782,0.2857142857142857
full_year,absz_bat_speed__log_exposure_pitcher__n500,log_exposure_pitcher,absz_bat_speed,all,True,False,pooled,10,5,11,0.5906014459313952,0.45572219658514074,0.7163051838178741,0.36363636363636365
full_year,absz_bat_speed__log_exposure_pitcher__n500,log_exposure_pitcher,absz_bat_speed,all,True,False,pooled,10,6,13,0.3068462840036444,0.18852010933229207,0.42661720682025256,0.07692307692307693
full_year,absz_bat_speed__log_exposure_pitcher__n500,log_exposure_pitcher,absz_bat_speed,all,True,False,pooled,10,7,13,0.34446179877651956,0.2357282311597032,0.4691721983600156,0.07692307692307693
full_year,absz_bat_speed__log_exposure_pitcher__n500,log_exposure_pitcher,absz_bat_speed,all,True,False,pooled,10,8,17,0.4593908629441624,0.3552503234796457,0.5568478152682393,0.17647058823529413
full_year,absz_bat_speed__log_exposure_pitcher__n500,log_exposure_pitcher,absz_bat_speed,all,True,False,pooled,10,9,21,0.46720651035371846,0.3461606639271614,0.5827532028039644,0.3333333333333333
full_year,absz_bat_speed__log_exposure_pitcher__n500,log_exposure_pitcher,absz_bat_speed,all,True,False,pooled,10,10,33,0.45662205814490076,0.3775598625852433,0.5379531354150644,0.21212121212121213
full_year,absz_swing_length__log_exposure_pitcher__n500,log_exposure_pitcher,absz_swing_length,all,True,False,unpooled,4,1,41,0.4260864182245883,0.36863109240229464,0.4910919896000991,0.12195121951219512
full_year,absz_swing_length__log_exposure_pitcher__n500,log_exposure_pitcher,absz_swing_length,all,True,False,unpooled,4,2,61,0.40582785498321816,0.36528945105544924,0.44535657818091035,0.09836065573770492
full_year,absz_swing_length__log_exposure_pitcher__n500,log_exposure_pitcher,absz_swing_length,all,True,False,unpooled,4,3,63,0.5375204791448447,0.4829412080681115,0.5864300486127899,0.15873015873015872
full_year,absz_swing_length__log_exposure_pitcher__n500,log_exposure_pitcher,absz_swing_length,all,True,False,unpooled,4,4,38,0.5161189776471636,0.4586294416243655,0.5716092261109627,0.13157894736842105
full_year,absz_swing_length__log_exposure_pitcher__n500,log_exposure_pitcher,absz_swing_length,all,True,False,unpooled,10,1,7,0.2872854725646604,0.1758399806623157,0.42227459511723464,0.0
full_year,absz_swing_length__log_exposure_pitcher__n500,log_exposure_pitcher,absz_swing_length,all,True,False,unpooled,10,2,23,0.4590230265577872,0.3811042448318987,0.5450562789671154,0.17391304347826086
full_year,absz_swing_length__log_exposure_pitcher__n500,log_exposure_pitcher,absz_swing_length,all,True,False,unpooled,10,3,23,0.41672184212462304,0.34674832634444197,0.4837600235415287,0.08695652173913043
full_year,absz_swing_length__log_exposure_pitcher__n500,log_exposure_pitcher,absz_swing_length,all,True,False,unpooled,10,4,25,0.46615905245346867,0.4102402707275804,0.5254111675126903,0.16
full_year,absz_swing_length__log_exposure_pitcher__n500,log_exposure_pitcher,absz_swing_length,all,True,False,unpooled,10,5,24,0.3507473209249859,0.28196206993795825,0.42240905245346866,0.041666666666666664
full_year,absz_swing_length__log_exposure_pitcher__n500,log_exposure_pitcher,absz_swing_length,all,True,False,unpooled,10,6,24,0.5230541455160744,0.4363120417371687,0.6038529328821207,0.16666666666666666
full_year,absz_swing_length__log_exposure_pitcher__n500,log_exposure_pitcher,absz_swing_length,all,True,False,unpooled,10,7,26,0.5726278797344787,0.5096967330469868,0.6339385656644538,0.15384615384615385
full_year,absz_swing_length__log_exposure_pitcher__n500,log_exposure_pitcher,absz_swing_length,all,True,False,unpooled,10,8,23,0.5209666740233945,0.44435371146913855,0.5953579048039431,0.21739130434782608
full_year,absz_swing_length__log_exposure_pitcher__n500,log_exposure_pitcher,absz_swing_length,all,True,False,unpooled,10,9,22,0.46439009383171825,0.3871596677434241,0.5433048761728965,0.045454545454545456
full_year,absz_swing_length__log_exposure_pitcher__n500,log_exposure_pitcher,absz_swing_length,all,True,False,unpooled,10,10,6,0.6393119007332206,0.5726452340665539,0.6996897913141569,0.16666666666666666
full_year,absz_swing_length__log_exposure_pitcher__n500,log_exposure_pitcher,absz_swing_length,all,True,False,pooled,4,1,73,0.3968082887142758,0.3357844841573372,0.4651183274227568,0.2465753424657534
full_year,absz_swing_length__log_exposure_pitcher__n500,log_exposure_pitcher,absz_swing_length,all,True,False,pooled,4,2,28,0.33405849649504477,0.2531363306744017,0.4132281846748852,0.10714285714285714
full_year,absz_swing_length__log_exposure_pitcher__n500,log_exposure_pitcher,absz_swing_length,all,True,False,pooled,4,3,36,0.5262737356645987,0.4388489377702576,0.6136021808610641,0.3611111111111111
full_year,absz_swing_length__log_exposure_pitcher__n500,log_exposure_pitcher,absz_swing_length,all,True,False,pooled,4,4,66,0.5351228016202634,0.4798992462698047,0.5940419422652925,0.3181818181818182
full_year,absz_swing_length__log_exposure_pitcher__n500,log_exposure_pitcher,absz_swing_length,all,True,False,pooled,10,1,35,0.34660381919265165,0.2629344935943921,0.430700991056321,0.2
full_year,absz_swing_length__log_exposure_pitcher__n500,log_exposure_pitcher,absz_swing_length,all,True,False,pooled,10,2,30,0.450253807106599,0.3601240834743374,0.5562436548223351,0.3
full_year,absz_swing_length__log_exposure_pitcher__n500,log_exposure_pitcher,absz_swing_length,all,True,False,pooled,10,3,18,0.34602368866328254,0.2390392931002068,0.44966629065613833,0.1111111111111111
full_year,absz_swing_length__log_exposure_pitcher__n500,log_exposure_pitcher,absz_swing_length,all,True,False,pooled,10,4,11,0.3630979849253961,0.21829718504845405,0.5137978772496538,0.18181818181818182
full_year,absz_swing_length__log_exposure_pitcher__n500,log_exposure_pitcher,absz_swing_length,all,True,False,pooled,10,5,7,0.35134155184916604,0.2038796229151559,0.5331157843848199,0.14285714285714285
full_year,absz_swing_length__log_exposure_pitcher__n500,log_exposure_pitcher,absz_swing_length,all,True,False,pooled,10,6,12,0.5187535250987029,0.3555837563451777,0.6942611393119007,0.4166666666666667
full_year,absz_swing_length__log_exposure_pitcher__n500,log_exposure_pitcher,absz_swing_length,all,True,False,pooled,10,7,14,0.5250181290790428,0.38984771573604066,0.6925489485134155,0.35714285714285715
full_year,absz_swing_length__log_exposure_pitcher__n500,log_exposure_pitcher,absz_swing_length,all,True,False,pooled,10,8,18,0.5720060161684527,0.47262173340853547,0.6679733032524909,0.3333333333333333
full_year,absz_swing_length__log_exposure_pitcher__n500,log_exposure_pitcher,absz_swing_length,all,True,False,pooled,10,9,24,0.5511139311900733,0.458442611393119,0.6425831923293852,0.3333333333333333
full_year,absz_swing_length__log_exposure_pitcher__n500,log_exposure_pitcher,absz_swing_length,all,True,False,pooled,10,10,34,0.5048770777346472,0.42289489399820845,0.5892679406788096,0.29411764705882354
