stage,specification,x,y,restriction,high_information,negative_control,method,endpoint,estimate,ci90_low,ci90_high,permutation_p_positive,permutation_p_two_sided,permutation_null_mean,permutations,bootstrap_replicates,shared_players,median_n_a,median_n_b,min_n_a,min_n_b,median_games_a,median_games_b,median_information_a,median_information_b,median_se_a,median_se_b,median_shrinkage_a,median_shrinkage_b,score_se_spearman_a,score_se_spearman_b,se_stability_spearman,top_quartile_baseline_n,status,bh_q_positive,bh_q_two_sided,by_q_positive,family_tests
full_year,distortion__log_exposure_pitcher,log_exposure_pitcher,distortion,all,False,False,unpooled,spearman,-0.05070941962218392,-0.13275199339486687,0.027245758373376557,0.86545,0.2722,0.0,19999,1000,465,640.0,560.0,43,40,99.0,92.0,81.87396376665937,80.8172362291269,0.09903093679372564,0.09603022595825995,0.11795149746501037,0.1858710742407691,-0.0029028438847169247,-0.0037291076876071185,0.49810865195949733,105,ok,0.9030782608695653,0.6558370786516854,1.0,840
full_year,distortion__log_exposure_pitcher,log_exposure_pitcher,distortion,all,False,False,unpooled,kendall,-0.035409714497589916,-0.09051174886226432,0.016911792669763885,0.87485,0.2526,0.0,19999,1000,465,640.0,560.0,43,40,99.0,92.0,81.87396376665937,80.8172362291269,0.09903093679372564,0.09603022595825995,0.11795149746501037,0.1858710742407691,-0.0029028438847169247,-0.0037291076876071185,0.49810865195949733,105,ok,0.9106245353159852,0.6361616766467066,1.0,840
full_year,distortion__log_exposure_pitcher,log_exposure_pitcher,distortion,all,False,False,unpooled,quartile_trend,-0.051017661391954655,-0.12882457048565396,0.023919160412498162,0.86455,0.26985,0.0,19999,1000,465,640.0,560.0,43,40,99.0,92.0,81.87396376665937,80.8172362291269,0.09903093679372564,0.09603022595825995,0.11795149746501037,0.1858710742407691,-0.0029028438847169247,-0.0037291076876071185,0.49810865195949733,105,ok,0.9030782608695653,0.6558370786516854,1.0,840
full_year,distortion__log_exposure_pitcher,log_exposure_pitcher,distortion,all,False,False,unpooled,decile_trend,-0.04636679635367907,-0.12599094783266374,0.03013688828791035,0.84405,0.3167,0.0,19999,1000,465,640.0,560.0,43,40,99.0,92.0,81.87396376665937,80.8172362291269,0.09903093679372564,0.09603022595825995,0.11795149746501037,0.1858710742407691,-0.0029028438847169247,-0.0037291076876071185,0.49810865195949733,105,ok,0.8884736842105263,0.7006263157894737,1.0,840
full_year,distortion__log_exposure_pitcher,log_exposure_pitcher,distortion,all,False,False,unpooled,top_quartile_retention,0.24761904761904763,0.17923038728897714,0.3181818181818182,0.3609,0.69605,0.23010752688172043,19999,1000,465,640.0,560.0,43,40,99.0,92.0,81.87396376665937,80.8172362291269,0.09903093679372564,0.09603022595825995,0.11795149746501037,0.1858710742407691,-0.0029028438847169247,-0.0037291076876071185,0.49810865195949733,105,ok,0.6124363636363637,0.8863272727272727,1.0,840
full_year,distortion__log_exposure_pitcher,log_exposure_pitcher,distortion,all,False,False,pooled,spearman,-0.07021440131381076,-0.14906620165464085,0.0040126012832775145,0.9324,0.1356,0.0,19999,1000,465,640.0,560.0,43,40,99.0,92.0,81.87396376665937,80.8172362291269,0.09903093679372564,0.09603022595825995,0.11795149746501037,0.1858710742407691,-0.006737338100989656,-0.023526617557896954,0.49810865195949733,117,ok,0.9447720144752714,0.49618181818181817,1.0,840
full_year,distortion__log_exposure_pitcher,log_exposure_pitcher,distortion,all,False,False,pooled,kendall,-0.0460697070819429,-0.09963232917816016,0.004829060629633596,0.9281,0.1429,0.0,19999,1000,465,640.0,560.0,43,40,99.0,92.0,81.87396376665937,80.8172362291269,0.09903093679372564,0.09603022595825995,0.11795149746501037,0.1858710742407691,-0.006737338100989656,-0.023526617557896954,0.49810865195949733,117,ok,0.9442898550724638,0.50015,1.0,840
full_year,distortion__log_exposure_pitcher,log_exposure_pitcher,distortion,all,False,False,pooled,quartile_trend,-0.06564698281666041,-0.14262079100644012,0.007496968860262504,0.9202,0.1616,0.0,19999,1000,465,640.0,560.0,43,40,99.0,92.0,81.87396376665937,80.8172362291269,0.09903093679372564,0.09603022595825995,0.11795149746501037,0.1858710742407691,-0.006737338100989656,-0.023526617557896954,0.49810865195949733,117,ok,0.9403503649635035,0.5323294117647058,1.0,840
full_year,distortion__log_exposure_pitcher,log_exposure_pitcher,distortion,all,False,False,pooled,decile_trend,-0.06299318508624001,-0.13936243581616897,0.01045019649305015,0.90905,0.1804,0.0,19999,1000,465,640.0,560.0,43,40,99.0,92.0,81.87396376665937,80.8172362291269,0.09903093679372564,0.09603022595825995,0.11795149746501037,0.1858710742407691,-0.006737338100989656,-0.023526617557896954,0.49810865195949733,117,ok,0.9312219512195121,0.5558461538461539,1.0,840
full_year,distortion__log_exposure_pitcher,log_exposure_pitcher,distortion,all,False,False,pooled,top_quartile_retention,0.23931623931623933,0.17647058823529413,0.30434782608695654,0.7225,0.7187,0.25591397849462366,19999,1000,465,640.0,560.0,43,40,99.0,92.0,81.87396376665937,80.8172362291269,0.09903093679372564,0.09603022595825995,0.11795149746501037,0.1858710742407691,-0.006737338100989656,-0.023526617557896954,0.49810865195949733,117,ok,0.8419696551724138,0.8885739130434782,1.0,840
full_year,distortion__log_exposure_pa,log_exposure_pa,distortion,all,False,False,unpooled,spearman,-0.022409348520194022,-0.10482112049903532,0.057700126925909846,0.6844,0.62865,0.0,19999,1000,464,642.5,560.5,43,40,99.0,92.0,26.625646703590945,24.756705660146864,0.1693199911619198,0.16743400441981848,0.16036852707646626,0.2006435158657062,-0.016422735124460342,0.03488721569682656,0.43328392238075897,103,ok,0.8414623955431755,0.8579127625201939,1.0,840
full_year,distortion__log_exposure_pa,log_exposure_pa,distortion,all,False,False,unpooled,kendall,-0.014876740895211139,-0.0727514278130565,0.0400532233045312,0.6821,0.63195,0.0,19999,1000,464,642.5,560.5,43,40,99.0,92.0,26.625646703590945,24.756705660146864,0.1693199911619198,0.16743400441981848,0.16036852707646626,0.2006435158657062,-0.016422735124460342,0.03488721569682656,0.43328392238075897,103,ok,0.8414623955431755,0.8579127625201939,1.0,840
full_year,distortion__log_exposure_pa,log_exposure_pa,distortion,all,False,False,unpooled,quartile_trend,-0.01223255782092585,-0.09659777454827423,0.06900815581137545,0.60355,0.79385,0.0,19999,1000,464,642.5,560.5,43,40,99.0,92.0,26.625646703590945,24.756705660146864,0.1693199911619198,0.16743400441981848,0.16036852707646626,0.2006435158657062,-0.016422735124460342,0.03488721569682656,0.43328392238075897,103,ok,0.7997223974763407,0.9203527815468113,1.0,840
full_year,distortion__log_exposure_pa,log_exposure_pa,distortion,all,False,False,unpooled,decile_trend,-0.021398967486460654,-0.10341137294807214,0.05938122038193774,0.6765,0.6454,0.0,19999,1000,464,642.5,560.5,43,40,99.0,92.0,26.625646703590945,24.756705660146864,0.1693199911619198,0.16743400441981848,0.16036852707646626,0.2006435158657062,-0.016422735124460342,0.03488721569682656,0.43328392238075897,103,ok,0.8414623955431755,0.8646507177033492,1.0,840
full_year,distortion__log_exposure_pa,log_exposure_pa,distortion,all,False,False,unpooled,top_quartile_retention,0.24271844660194175,0.17647058823529413,0.3118328894150143,0.49035,0.89955,0.23706896551724138,19999,1000,464,642.5,560.5,43,40,99.0,92.0,26.625646703590945,24.756705660146864,0.1693199911619198,0.16743400441981848,0.16036852707646626,0.2006435158657062,-0.016422735124460342,0.03488721569682656,0.43328392238075897,103,ok,0.7163373913043478,0.9639239543726235,1.0,840
full_year,distortion__log_exposure_pa,log_exposure_pa,distortion,all,False,False,pooled,spearman,0.01518918308559787,-0.06058338137853921,0.09401223755265525,0.36825,0.73755,0.0,19999,1000,464,642.5,560.5,43,40,99.0,92.0,26.625646703590945,24.756705660146864,0.1693199911619198,0.16743400441981848,0.16036852707646626,0.2006435158657062,0.01688701388872205,0.025824470193663702,0.43328392238075897,121,ok,0.6186600000000001,0.8952919075144509,1.0,840
full_year,distortion__log_exposure_pa,log_exposure_pa,distortion,all,False,False,pooled,kendall,0.00912340805838981,-0.04143525648766578,0.06151842928176153,0.38115,0.7645,0.0,19999,1000,464,642.5,560.5,43,40,99.0,92.0,26.625646703590945,24.756705660146864,0.1693199911619198,0.16743400441981848,0.16036852707646626,0.2006435158657062,0.01688701388872205,0.025824470193663702,0.43328392238075897,121,ok,0.6299179687500001,0.9134850640113797,1.0,840
full_year,distortion__log_exposure_pa,log_exposure_pa,distortion,all,False,False,pooled,quartile_trend,0.008683282195440789,-0.0715951672647449,0.08787196561619727,0.4243,0.8486,0.0,19999,1000,464,642.5,560.5,43,40,99.0,92.0,26.625646703590945,24.756705660146864,0.1693199911619198,0.16743400441981848,0.16036852707646626,0.2006435158657062,0.01688701388872205,0.025824470193663702,0.43328392238075897,121,ok,0.6612467532467533,0.9456111111111111,1.0,840
full_year,distortion__log_exposure_pa,log_exposure_pa,distortion,all,False,False,pooled,decile_trend,0.01843644757885406,-0.05860404621082958,0.09709333113804715,0.3439,0.6883,0.0,19999,1000,464,642.5,560.5,43,40,99.0,92.0,26.625646703590945,24.756705660146864,0.1693199911619198,0.16743400441981848,0.16036852707646626,0.2006435158657062,0.01688701388872205,0.025824470193663702,0.43328392238075897,121,ok,0.5991252566735112,0.8836030534351145,1.0,840
full_year,distortion__log_exposure_pa,log_exposure_pa,distortion,all,False,False,pooled,top_quartile_retention,0.2809917355371901,0.21210837185413456,0.3520724137931034,0.3694,0.72075,0.2650862068965517,19999,1000,464,642.5,560.5,43,40,99.0,92.0,26.625646703590945,24.756705660146864,0.1693199911619198,0.16743400441981848,0.16036852707646626,0.2006435158657062,0.01688701388872205,0.025824470193663702,0.43328392238075897,121,ok,0.6193532934131737,0.8885739130434782,1.0,840
full_year,distortion__log_exposure_type,log_exposure_type,distortion,all,False,False,unpooled,spearman,-0.0277430335088582,-0.10207587777162205,0.05230913609080874,0.72355,0.5568,0.0,19999,1000,465,640.0,560.0,43,40,99.0,92.0,145.17710697865078,134.67291191527073,0.07836797372438088,0.07824698878209951,0.14394322174492702,0.18447695385667257,0.08048439611012714,-0.01502611389860933,0.5067157356528714,102,ok,0.8419696551724138,0.8427243243243243,1.0,840
full_year,distortion__log_exposure_type,log_exposure_type,distortion,all,False,False,unpooled,kendall,-0.016314423433444566,-0.06566250433668126,0.037248685178101246,0.6988,0.6041,0.0,19999,1000,465,640.0,560.0,43,40,99.0,92.0,145.17710697865078,134.67291191527073,0.07836797372438088,0.07824698878209951,0.14394322174492702,0.18447695385667257,0.08048439611012714,-0.01502611389860933,0.5067157356528714,102,ok,0.8414623955431755,0.8514161073825502,1.0,840
full_year,distortion__log_exposure_type,log_exposure_type,distortion,all,False,False,unpooled,quartile_trend,-0.019870181846108004,-0.09652639541031813,0.06215802017310028,0.6652,0.6743,0.0,19999,1000,465,640.0,560.0,43,40,99.0,92.0,145.17710697865078,134.67291191527073,0.07836797372438088,0.07824698878209951,0.14394322174492702,0.18447695385667257,0.08048439611012714,-0.01502611389860933,0.5067157356528714,102,ok,0.8414623955431755,0.8727457627118644,1.0,840
full_year,distortion__log_exposure_type,log_exposure_type,distortion,all,False,False,unpooled,decile_trend,-0.016935395195576002,-0.08984696732284567,0.06453528345824207,0.6393,0.7218,0.0,19999,1000,465,640.0,560.0,43,40,99.0,92.0,145.17710697865078,134.67291191527073,0.07836797372438088,0.07824698878209951,0.14394322174492702,0.18447695385667257,0.08048439611012714,-0.01502611389860933,0.5067157356528714,102,ok,0.8333343605546997,0.8885739130434782,1.0,840
full_year,distortion__log_exposure_type,log_exposure_type,distortion,all,False,False,unpooled,top_quartile_retention,0.23529411764705882,0.16666666666666666,0.30558390022675735,0.4014,0.78545,0.221505376344086,19999,1000,465,640.0,560.0,43,40,99.0,92.0,145.17710697865078,134.67291191527073,0.07836797372438088,0.07824698878209951,0.14394322174492702,0.18447695385667257,0.08048439611012714,-0.01502611389860933,0.5067157356528714,102,ok,0.6434656488549618,0.9203527815468113,1.0,840
full_year,distortion__log_exposure_type,log_exposure_type,distortion,all,False,False,pooled,spearman,-0.011402512090209914,-0.08933267723551255,0.07008772763204177,0.59445,0.80635,0.0,19999,1000,465,640.0,560.0,43,40,99.0,92.0,145.17710697865078,134.67291191527073,0.07836797372438088,0.07824698878209951,0.14394322174492702,0.18447695385667257,0.06931342407157215,0.0006830431523819981,0.5067157356528714,121,ok,0.7989408,0.9203527815468113,1.0,840
full_year,distortion__log_exposure_type,log_exposure_type,distortion,all,False,False,pooled,kendall,-0.006933629959213941,-0.059361311509037916,0.04816047978218511,0.58525,0.8235,0.0,19999,1000,465,640.0,560.0,43,40,99.0,92.0,145.17710697865078,134.67291191527073,0.07836797372438088,0.07824698878209951,0.14394322174492702,0.18447695385667257,0.06931342407157215,0.0006830431523819981,0.5067157356528714,121,ok,0.7920578778135049,0.9301532258064517,1.0,840
full_year,distortion__log_exposure_type,log_exposure_type,distortion,all,False,False,pooled,quartile_trend,-0.004388882796122053,-0.08268574692776579,0.07511526652649567,0.5345,0.92515,0.0,19999,1000,465,640.0,560.0,43,40,99.0,92.0,145.17710697865078,134.67291191527073,0.07836797372438088,0.07824698878209951,0.14394322174492702,0.18447695385667257,0.06931342407157215,0.0006830431523819981,0.5067157356528714,121,ok,0.7558585858585858,0.9746315789473684,1.0,840
full_year,distortion__log_exposure_type,log_exposure_type,distortion,all,False,False,pooled,decile_trend,-0.013335501797964125,-0.09225519441821162,0.0687722774948411,0.6108,0.7748,0.0,19999,1000,465,640.0,560.0,43,40,99.0,92.0,145.17710697865078,134.67291191527073,0.07836797372438088,0.07824698878209951,0.14394322174492702,0.18447695385667257,0.06931342407157215,0.0006830431523819981,0.5067157356528714,121,ok,0.8079874015748032,0.9192542372881356,1.0,840
full_year,distortion__log_exposure_type,log_exposure_type,distortion,all,False,False,pooled,top_quartile_retention,0.2892561983471074,0.22212806026365348,0.36037512922758824,0.12995,0.21785,0.24731182795698925,19999,1000,465,640.0,560.0,43,40,99.0,92.0,145.17710697865078,134.67291191527073,0.07836797372438088,0.07824698878209951,0.14394322174492702,0.18447695385667257,0.06931342407157215,0.0006830431523819981,0.5067157356528714,121,ok,0.35907236842105267,0.5980582524271845,1.0,840
full_year,distortion__log_kernel_exposure,log_kernel_exposure,distortion,all,False,False,unpooled,spearman,-0.03383552063093471,-0.11437773862213761,0.04787983562047434,0.77435,0.45745,0.0,19999,1000,465,640.0,560.0,43,40,99.0,92.0,46.13504005511925,44.544642502712165,0.1297018626983356,0.13212798842291923,0.17131307747998095,0.15789159702035166,0.018516639852578214,-0.001217852931488015,0.4753072082953401,105,ok,0.8571541501976284,0.8055723270440253,1.0,840
full_year,distortion__log_kernel_exposure,log_kernel_exposure,distortion,all,False,False,unpooled,kendall,-0.023489061920652574,-0.07918283909425823,0.0316486945364157,0.78325,0.441,0.0,19999,1000,465,640.0,560.0,43,40,99.0,92.0,46.13504005511925,44.544642502712165,0.1297018626983356,0.13212798842291923,0.17131307747998095,0.15789159702035166,0.018516639852578214,-0.001217852931488015,0.4753072082953401,105,ok,0.8605428937259924,0.7966451612903226,1.0,840
full_year,distortion__log_kernel_exposure,log_kernel_exposure,distortion,all,False,False,unpooled,quartile_trend,-0.026196946107772574,-0.10891253390592932,0.05287919459970967,0.71925,0.56815,0.0,19999,1000,465,640.0,560.0,43,40,99.0,92.0,46.13504005511925,44.544642502712165,0.1297018626983356,0.13212798842291923,0.17131307747998095,0.15789159702035166,0.018516639852578214,-0.001217852931488015,0.4753072082953401,105,ok,0.8414623955431755,0.8476838365896981,1.0,840
full_year,distortion__log_kernel_exposure,log_kernel_exposure,distortion,all,False,False,unpooled,decile_trend,-0.026389965806374937,-0.10792717787091778,0.053545749401595046,0.7219,0.56355,0.0,19999,1000,465,640.0,560.0,43,40,99.0,92.0,46.13504005511925,44.544642502712165,0.1297018626983356,0.13212798842291923,0.17131307747998095,0.15789159702035166,0.018516639852578214,-0.001217852931488015,0.4753072082953401,105,ok,0.8419696551724138,0.8447914438502675,1.0,840
full_year,distortion__log_kernel_exposure,log_kernel_exposure,distortion,all,False,False,unpooled,top_quartile_retention,0.21904761904761905,0.1509433962264151,0.2844076241695666,0.64105,0.89925,0.22795698924731184,19999,1000,465,640.0,560.0,43,40,99.0,92.0,46.13504005511925,44.544642502712165,0.1297018626983356,0.13212798842291923,0.17131307747998095,0.15789159702035166,0.018516639852578214,-0.001217852931488015,0.4753072082953401,105,ok,0.8333343605546997,0.9639239543726235,1.0,840
full_year,distortion__log_kernel_exposure,log_kernel_exposure,distortion,all,False,False,pooled,spearman,-0.03523490573694186,-0.11244872552537213,0.046927016716977334,0.7724,0.4482,0.0,19999,1000,465,640.0,560.0,43,40,99.0,92.0,46.13504005511925,44.544642502712165,0.1297018626983356,0.13212798842291923,0.17131307747998095,0.15789159702035166,0.0006754047176882279,-0.019160177975528367,0.4753072082953401,123,ok,0.8570885072655219,0.8034626865671642,1.0,840
full_year,distortion__log_kernel_exposure,log_kernel_exposure,distortion,all,False,False,pooled,kendall,-0.024601408972932885,-0.07701253611445422,0.030435775905620167,0.7821,0.4295,0.0,19999,1000,465,640.0,560.0,43,40,99.0,92.0,46.13504005511925,44.544642502712165,0.1297018626983356,0.13212798842291923,0.17131307747998095,0.15789159702035166,0.0006754047176882279,-0.019160177975528367,0.4753072082953401,123,ok,0.8605428937259924,0.7909695652173913,1.0,840
full_year,distortion__log_kernel_exposure,log_kernel_exposure,distortion,all,False,False,pooled,quartile_trend,-0.04479192318165882,-0.12360061682915902,0.0353248899087974,0.83065,0.33595,0.0,19999,1000,465,640.0,560.0,43,40,99.0,92.0,46.13504005511925,44.544642502712165,0.1297018626983356,0.13212798842291923,0.17131307747998095,0.15789159702035166,0.0006754047176882279,-0.019160177975528367,0.4753072082953401,123,ok,0.8787732997481108,0.711778337531486,1.0,840
full_year,distortion__log_kernel_exposure,log_kernel_exposure,distortion,all,False,False,pooled,decile_trend,-0.04313911401685975,-0.1200237115681725,0.04135103868622393,0.8207,0.35285,0.0,19999,1000,465,640.0,560.0,43,40,99.0,92.0,46.13504005511925,44.544642502712165,0.1297018626983356,0.13212798842291923,0.17131307747998095,0.15789159702035166,0.0006754047176882279,-0.019160177975528367,0.4753072082953401,123,ok,0.8715398230088496,0.7222572815533981,1.0,840
full_year,distortion__log_kernel_exposure,log_kernel_exposure,distortion,all,False,False,pooled,top_quartile_retention,0.21138211382113822,0.15151515151515152,0.2756041270703231,0.91895,0.22685,0.2537634408602151,19999,1000,465,640.0,560.0,43,40,99.0,92.0,46.13504005511925,44.544642502712165,0.1297018626983356,0.13212798842291923,0.17131307747998095,0.15789159702035166,0.0006754047176882279,-0.019160177975528367,0.4753072082953401,123,ok,0.940216808769793,0.6082666666666666,1.0,840
full_year,distortion__log_exposure_sequence,log_exposure_sequence,distortion,all,False,False,unpooled,spearman,0.027750075190841515,-0.04933916641129566,0.10301003200139026,0.27315,0.5455,0.0,19999,1000,465,640.0,560.0,43,40,99.0,92.0,75.36734592763811,62.265152649880775,0.10257778183426539,0.10711941504711231,0.15955859083149612,0.0919804466919956,-0.017911293903096908,-0.05306181880678103,0.489255228747249,110,ok,0.5226560364464693,0.8406823104693141,1.0,840
full_year,distortion__log_exposure_sequence,log_exposure_sequence,distortion,all,False,False,unpooled,kendall,0.019466073414905447,-0.03249678748094718,0.07002114203674686,0.2634,0.52665,0.0,19999,1000,465,640.0,560.0,43,40,99.0,92.0,75.36734592763811,62.265152649880775,0.10257778183426539,0.10711941504711231,0.15955859083149612,0.0919804466919956,-0.017911293903096908,-0.05306181880678103,0.489255228747249,110,ok,0.5154988399071926,0.8299924953095684,1.0,840
full_year,distortion__log_exposure_sequence,log_exposure_sequence,distortion,all,False,False,unpooled,quartile_trend,0.039888575949889316,-0.03918541960668645,0.114440103428473,0.195,0.3882,0.0,19999,1000,465,640.0,560.0,43,40,99.0,92.0,75.36734592763811,62.265152649880775,0.10257778183426539,0.10711941504711231,0.15955859083149612,0.0919804466919956,-0.017911293903096908,-0.05306181880678103,0.489255228747249,110,ok,0.43914209115281505,0.76393006993007,1.0,840
full_year,distortion__log_exposure_sequence,log_exposure_sequence,distortion,all,False,False,unpooled,decile_trend,0.026462360225959863,-0.04978962072032402,0.10213387946324354,0.28215,0.5638,0.0,19999,1000,465,640.0,560.0,43,40,99.0,92.0,75.36734592763811,62.265152649880775,0.10257778183426539,0.10711941504711231,0.15955859083149612,0.0919804466919956,-0.017911293903096908,-0.05306181880678103,0.489255228747249,110,ok,0.5325977528089888,0.8447914438502675,1.0,840
full_year,distortion__log_exposure_sequence,log_exposure_sequence,distortion,all,False,False,unpooled,top_quartile_retention,0.2909090909090909,0.2222222222222222,0.3621027721433401,0.1642,0.30915,0.25161290322580643,19999,1000,465,640.0,560.0,43,40,99.0,92.0,75.36734592763811,62.265152649880775,0.10257778183426539,0.10711941504711231,0.15955859083149612,0.0919804466919956,-0.017911293903096908,-0.05306181880678103,0.489255228747249,110,ok,0.4032982456140351,0.6943475935828877,1.0,840
full_year,distortion__log_exposure_sequence,log_exposure_sequence,distortion,all,False,False,pooled,spearman,0.028670267870356668,-0.04463966149245811,0.107204826713761,0.26985,0.5394,0.0,19999,1000,465,640.0,560.0,43,40,99.0,92.0,75.36734592763811,62.265152649880775,0.10257778183426539,0.10711941504711231,0.15955859083149612,0.0919804466919956,-0.002712241068998936,-0.04662882458812129,0.489255228747249,122,ok,0.5226560364464693,0.8406233766233766,1.0,840
full_year,distortion__log_exposure_sequence,log_exposure_sequence,distortion,all,False,False,pooled,kendall,0.0196514645902855,-0.029580490924231418,0.07298937120337042,0.26345,0.52635,0.0,19999,1000,465,640.0,560.0,43,40,99.0,92.0,75.36734592763811,62.265152649880775,0.10257778183426539,0.10711941504711231,0.15955859083149612,0.0919804466919956,-0.002712241068998936,-0.04662882458812129,0.489255228747249,122,ok,0.5154988399071926,0.8299924953095684,1.0,840
full_year,distortion__log_exposure_sequence,log_exposure_sequence,distortion,all,False,False,pooled,quartile_trend,0.03006254712560686,-0.0462709566250986,0.11138025262293078,0.25785,0.51815,0.0,19999,1000,465,640.0,560.0,43,40,99.0,92.0,75.36734592763811,62.265152649880775,0.10257778183426539,0.10711941504711231,0.15955859083149612,0.0919804466919956,-0.002712241068998936,-0.04662882458812129,0.489255228747249,122,ok,0.5129361702127659,0.8258937381404174,1.0,840
full_year,distortion__log_exposure_sequence,log_exposure_sequence,distortion,all,False,False,pooled,decile_trend,0.03159854951913701,-0.042128062628025605,0.10791096154466967,0.24625,0.4946,0.0,19999,1000,465,640.0,560.0,43,40,99.0,92.0,75.36734592763811,62.265152649880775,0.10257778183426539,0.10711941504711231,0.15955859083149612,0.0919804466919956,-0.002712241068998936,-0.04662882458812129,0.489255228747249,122,ok,0.5045121951219512,0.8206768060836502,1.0,840
full_year,distortion__log_exposure_sequence,log_exposure_sequence,distortion,all,False,False,pooled,top_quartile_retention,0.2540983606557377,0.1959312573443008,0.32432432432432434,0.7679,0.55445,0.2752688172043011,19999,1000,465,640.0,560.0,43,40,99.0,92.0,75.36734592763811,62.265152649880775,0.10257778183426539,0.10711941504711231,0.15955859083149612,0.0919804466919956,-0.002712241068998936,-0.04662882458812129,0.489255228747249,122,ok,0.8547973509933774,0.8406823104693141,1.0,840
full_year,distortion__log_kernel_h0.5_m5,log_kernel_h0.5_m5,distortion,all,False,False,unpooled,spearman,-0.03424373161656248,-0.11302341837624923,0.04650048122200233,0.7656,0.46385,0.0,19999,1000,463,645.0,561.0,43,42,99.0,92.0,20.591053339519448,19.04986296707083,0.18996398973739775,0.19483276149139145,0.18720039358601803,0.135233876066528,-0.01283394865356584,-0.003990916732035373,0.4591142919045652,110,ok,0.8547973509933774,0.8058641975308641,1.0,840
full_year,distortion__log_kernel_h0.5_m5,log_kernel_h0.5_m5,distortion,all,False,False,unpooled,kendall,-0.023645900535749345,-0.07696279137183965,0.030561143289630173,0.7745,0.4486,0.0,19999,1000,463,645.0,561.0,43,42,99.0,92.0,20.591053339519448,19.04986296707083,0.18996398973739775,0.19483276149139145,0.18720039358601803,0.135233876066528,-0.01283394865356584,-0.003990916732035373,0.4591142919045652,110,ok,0.8571541501976284,0.8034626865671642,1.0,840
full_year,distortion__log_kernel_h0.5_m5,log_kernel_h0.5_m5,distortion,all,False,False,unpooled,quartile_trend,-0.040025312601018874,-0.11897730000240225,0.03778127113854263,0.80265,0.39015,0.0,19999,1000,463,645.0,561.0,43,42,99.0,92.0,20.591053339519448,19.04986296707083,0.18996398973739775,0.19483276149139145,0.18720039358601803,0.135233876066528,-0.01283394865356584,-0.003990916732035373,0.4591142919045652,110,ok,0.8621815856777494,0.76393006993007,1.0,840
full_year,distortion__log_kernel_h0.5_m5,log_kernel_h0.5_m5,distortion,all,False,False,unpooled,decile_trend,-0.030051068484746882,-0.11070210042608702,0.04975824221238182,0.73825,0.5203,0.0,19999,1000,463,645.0,561.0,43,42,99.0,92.0,20.591053339519448,19.04986296707083,0.18996398973739775,0.19483276149139145,0.18720039358601803,0.135233876066528,-0.01283394865356584,-0.003990916732035373,0.4591142919045652,110,ok,0.8478643147896879,0.8275349716446125,1.0,840
full_year,distortion__log_kernel_h0.5_m5,log_kernel_h0.5_m5,distortion,all,False,False,unpooled,top_quartile_retention,0.20909090909090908,0.14423076923076922,0.2761904761904762,0.7915,0.525,0.23326133909287258,19999,1000,463,645.0,561.0,43,42,99.0,92.0,20.591053339519448,19.04986296707083,0.18996398973739775,0.19483276149139145,0.18720039358601803,0.135233876066528,-0.01283394865356584,-0.003990916732035373,0.4591142919045652,110,ok,0.8605428937259924,0.8299924953095684,1.0,840
full_year,distortion__log_kernel_h0.5_m5,log_kernel_h0.5_m5,distortion,all,False,False,pooled,spearman,-0.019718095637884125,-0.10380241836305924,0.05698445723278501,0.66585,0.67095,0.0,19999,1000,463,645.0,561.0,43,42,99.0,92.0,20.591053339519448,19.04986296707083,0.18996398973739775,0.19483276149139145,0.18720039358601803,0.135233876066528,0.0025914541256762146,-0.020877805816734835,0.4591142919045652,122,ok,0.8414623955431755,0.8710942812982999,1.0,840
full_year,distortion__log_kernel_h0.5_m5,log_kernel_h0.5_m5,distortion,all,False,False,pooled,kendall,-0.0134732078576571,-0.06996329963756798,0.03847291257380282,0.67,0.6638,0.0,19999,1000,463,645.0,561.0,43,42,99.0,92.0,20.591053339519448,19.04986296707083,0.18996398973739775,0.19483276149139145,0.18720039358601803,0.135233876066528,0.0025914541256762146,-0.020877805816734835,0.4591142919045652,122,ok,0.8414623955431755,0.8688055987558321,1.0,840
full_year,distortion__log_kernel_h0.5_m5,log_kernel_h0.5_m5,distortion,all,False,False,pooled,quartile_trend,-0.024927985486540863,-0.10848043715442142,0.05294896502349175,0.70585,0.58915,0.0,19999,1000,463,645.0,561.0,43,42,99.0,92.0,20.591053339519448,19.04986296707083,0.18996398973739775,0.19483276149139145,0.18720039358601803,0.135233876066528,0.0025914541256762146,-0.020877805816734835,0.4591142919045652,122,ok,0.8414623955431755,0.8498571428571429,1.0,840
full_year,distortion__log_kernel_h0.5_m5,log_kernel_h0.5_m5,distortion,all,False,False,pooled,decile_trend,-0.011240566207243423,-0.09361077583902883,0.06620160419502441,0.59915,0.80385,0.0,19999,1000,463,645.0,561.0,43,42,99.0,92.0,20.591053339519448,19.04986296707083,0.18996398973739775,0.19483276149139145,0.18720039358601803,0.135233876066528,0.0025914541256762146,-0.020877805816734835,0.4591142919045652,122,ok,0.7997223974763407,0.9203527815468113,1.0,840
full_year,distortion__log_kernel_h0.5_m5,log_kernel_h0.5_m5,distortion,all,False,False,pooled,top_quartile_retention,0.27049180327868855,0.20419107565748473,0.3389830508474576,0.3362,0.62295,0.2526997840172786,19999,1000,463,645.0,561.0,43,42,99.0,92.0,20.591053339519448,19.04986296707083,0.18996398973739775,0.19483276149139145,0.18720039358601803,0.135233876066528,0.0025914541256762146,-0.020877805816734835,0.4591142919045652,122,ok,0.5908117154811716,0.8579127625201939,1.0,840
full_year,distortion__log_kernel_h0.5_m20,log_kernel_h0.5_m20,distortion,all,False,False,unpooled,spearman,-0.03714009844032712,-0.11795097330453072,0.045898835492522876,0.78675,0.4259,0.0,19999,1000,465,640.0,560.0,43,40,99.0,92.0,35.863149688286924,34.057223116863504,0.14313076986464288,0.145409333772377,0.18886056445045332,0.14762971859535212,-0.015363995283266582,-0.02257503568581209,0.46775339313591174,109,ok,0.8605428937259924,0.7897483443708609,1.0,840
full_year,distortion__log_kernel_h0.5_m20,log_kernel_h0.5_m20,distortion,all,False,False,unpooled,kendall,-0.025417130144605112,-0.08086238451180676,0.03240689230422007,0.79245,0.4148,0.0,19999,1000,465,640.0,560.0,43,40,99.0,92.0,35.863149688286924,34.057223116863504,0.14313076986464288,0.145409333772377,0.18886056445045332,0.14762971859535212,-0.015363995283266582,-0.02257503568581209,0.46775339313591174,109,ok,0.8605428937259924,0.77971875,1.0,840
full_year,distortion__log_kernel_h0.5_m20,log_kernel_h0.5_m20,distortion,all,False,False,unpooled,quartile_trend,-0.02565030541514218,-0.10455842329923866,0.05887954643275286,0.7085,0.5833,0.0,19999,1000,465,640.0,560.0,43,40,99.0,92.0,35.863149688286924,34.057223116863504,0.14313076986464288,0.145409333772377,0.18886056445045332,0.14762971859535212,-0.015363995283266582,-0.02257503568581209,0.46775339313591174,109,ok,0.8414623955431755,0.8498571428571429,1.0,840
full_year,distortion__log_kernel_h0.5_m20,log_kernel_h0.5_m20,distortion,all,False,False,unpooled,decile_trend,-0.025246149580336004,-0.10527117521723457,0.05721637229143357,0.7022,0.59125,0.0,19999,1000,465,640.0,560.0,43,40,99.0,92.0,35.863149688286924,34.057223116863504,0.14313076986464288,0.145409333772377,0.18886056445045332,0.14762971859535212,-0.015363995283266582,-0.02257503568581209,0.46775339313591174,109,ok,0.8414623955431755,0.8498571428571429,1.0,840
full_year,distortion__log_kernel_h0.5_m20,log_kernel_h0.5_m20,distortion,all,False,False,unpooled,top_quartile_retention,0.24770642201834864,0.18177899686520377,0.31934072598111407,0.3977,0.79445,0.23440860215053763,19999,1000,465,640.0,560.0,43,40,99.0,92.0,35.863149688286924,34.057223116863504,0.14313076986464288,0.145409333772377,0.18886056445045332,0.14762971859535212,-0.015363995283266582,-0.02257503568581209,0.46775339313591174,109,ok,0.6399770114942528,0.9203527815468113,1.0,840
full_year,distortion__log_kernel_h0.5_m20,log_kernel_h0.5_m20,distortion,all,False,False,pooled,spearman,-0.034590770861281255,-0.11637335795928724,0.04417046148293996,0.77205,0.4565,0.0,19999,1000,465,640.0,560.0,43,40,99.0,92.0,35.863149688286924,34.057223116863504,0.14313076986464288,0.145409333772377,0.18886056445045332,0.14762971859535212,-0.0016929874395489508,-0.03089305236624385,0.46775339313591174,121,ok,0.8570885072655219,0.8055723270440253,1.0,840
full_year,distortion__log_kernel_h0.5_m20,log_kernel_h0.5_m20,distortion,all,False,False,pooled,kendall,-0.022636262513904336,-0.07864357286685637,0.031158167798764166,0.7683,0.4652,0.0,19999,1000,465,640.0,560.0,43,40,99.0,92.0,35.863149688286924,34.057223116863504,0.14313076986464288,0.145409333772377,0.18886056445045332,0.14762971859535212,-0.0016929874395489508,-0.03089305236624385,0.46775339313591174,121,ok,0.8547973509933774,0.8058641975308641,1.0,840
full_year,distortion__log_kernel_h0.5_m20,log_kernel_h0.5_m20,distortion,all,False,False,pooled,quartile_trend,-0.03105274937029233,-0.11127251105465401,0.04214114198873894,0.7488,0.5051,0.0,19999,1000,465,640.0,560.0,43,40,99.0,92.0,35.863149688286924,34.057223116863504,0.14313076986464288,0.145409333772377,0.18886056445045332,0.14762971859535212,-0.0016929874395489508,-0.03089305236624385,0.46775339313591174,121,ok,0.8488183041722746,0.8206768060836502,1.0,840
full_year,distortion__log_kernel_h0.5_m20,log_kernel_h0.5_m20,distortion,all,False,False,pooled,decile_trend,-0.03914490433474299,-0.11954056192487855,0.0375155825330022,0.8001,0.399,0.0,19999,1000,465,640.0,560.0,43,40,99.0,92.0,35.863149688286924,34.057223116863504,0.14313076986464288,0.145409333772377,0.18886056445045332,0.14762971859535212,-0.0016929874395489508,-0.03089305236624385,0.46775339313591174,121,ok,0.8605428937259924,0.7704827586206897,1.0,840
full_year,distortion__log_kernel_h0.5_m20,log_kernel_h0.5_m20,distortion,all,False,False,pooled,top_quartile_retention,0.23140495867768596,0.17389507725476105,0.29367413632119516,0.7982,0.5434,0.25591397849462366,19999,1000,465,640.0,560.0,43,40,99.0,92.0,35.863149688286924,34.057223116863504,0.14313076986464288,0.145409333772377,0.18886056445045332,0.14762971859535212,-0.0016929874395489508,-0.03089305236624385,0.46775339313591174,121,ok,0.8605428937259924,0.8406823104693141,1.0,840
full_year,distortion__log_kernel_h1_m5,log_kernel_h1_m5,distortion,all,False,False,unpooled,spearman,-0.009769199921706044,-0.08520542292330253,0.07095274446808955,0.58895,0.8336,0.0,19999,1000,465,640.0,560.0,43,40,99.0,92.0,25.6612044761499,25.211996482995083,0.17165641081595182,0.17618638555710608,0.1802793824967503,0.14230203263529548,0.033373275981419516,0.010488883690509725,0.4612880549203455,107,ok,0.7940898876404494,0.9361283422459894,1.0,840
full_year,distortion__log_kernel_h1_m5,log_kernel_h1_m5,distortion,all,False,False,unpooled,kendall,-0.005172413793103447,-0.05635397420581054,0.04987681083169382,0.57275,0.86635,0.0,19999,1000,465,640.0,560.0,43,40,99.0,92.0,25.6612044761499,25.211996482995083,0.17165641081595182,0.17618638555710608,0.1802793824967503,0.14230203263529548,0.033373275981419516,0.010488883690509725,0.4612880549203455,107,ok,0.7848450244698205,0.955031496062992,1.0,840
full_year,distortion__log_kernel_h1_m5,log_kernel_h1_m5,distortion,all,False,False,unpooled,quartile_trend,-0.020645595021480844,-0.0987095187348462,0.05515136091750319,0.67805,0.65265,0.0,19999,1000,465,640.0,560.0,43,40,99.0,92.0,25.6612044761499,25.211996482995083,0.17165641081595182,0.17618638555710608,0.1802793824967503,0.14230203263529548,0.033373275981419516,0.010488883690509725,0.4612880549203455,107,ok,0.8414623955431755,0.8660758293838863,1.0,840
full_year,distortion__log_kernel_h1_m5,log_kernel_h1_m5,distortion,all,False,False,unpooled,decile_trend,-0.014778454768240192,-0.08940421909079402,0.06510849133259441,0.633,0.74825,0.0,19999,1000,465,640.0,560.0,43,40,99.0,92.0,25.6612044761499,25.211996482995083,0.17165641081595182,0.17618638555710608,0.1802793824967503,0.14230203263529548,0.033373275981419516,0.010488883690509725,0.4612880549203455,107,ok,0.8282242990654206,0.900893982808023,1.0,840
full_year,distortion__log_kernel_h1_m5,log_kernel_h1_m5,distortion,all,False,False,unpooled,top_quartile_retention,0.205607476635514,0.14285714285714285,0.2745343137254902,0.7785,0.59975,0.22795698924731184,19999,1000,465,640.0,560.0,43,40,99.0,92.0,25.6612044761499,25.211996482995083,0.17165641081595182,0.17618638555710608,0.1802793824967503,0.14230203263529548,0.033373275981419516,0.010488883690509725,0.4612880549203455,107,ok,0.8593166885676741,0.8506239460370996,1.0,840
full_year,distortion__log_kernel_h1_m5,log_kernel_h1_m5,distortion,all,False,False,pooled,spearman,-0.023347711095303796,-0.10514943336152557,0.0482558036336368,0.6899,0.6153,0.0,19999,1000,465,640.0,560.0,43,40,99.0,92.0,25.6612044761499,25.211996482995083,0.17165641081595182,0.17618638555710608,0.1802793824967503,0.14230203263529548,0.011588579585328478,-0.01678426673413951,0.4612880549203455,126,ok,0.8414623955431755,0.8579127625201939,1.0,840
full_year,distortion__log_kernel_h1_m5,log_kernel_h1_m5,distortion,all,False,False,pooled,kendall,-0.016833518724508712,-0.07280116113515037,0.03175044127810794,0.70415,0.5891,0.0,19999,1000,465,640.0,560.0,43,40,99.0,92.0,25.6612044761499,25.211996482995083,0.17165641081595182,0.17618638555710608,0.1802793824967503,0.14230203263529548,0.011588579585328478,-0.01678426673413951,0.4612880549203455,126,ok,0.8414623955431755,0.8498571428571429,1.0,840
full_year,distortion__log_kernel_h1_m5,log_kernel_h1_m5,distortion,all,False,False,pooled,quartile_trend,-0.028293179624791887,-0.11161425109631382,0.044990455890633003,0.7267,0.5473,0.0,19999,1000,465,640.0,560.0,43,40,99.0,92.0,25.6612044761499,25.211996482995083,0.17165641081595182,0.17618638555710608,0.1802793824967503,0.14230203263529548,0.011588579585328478,-0.01678426673413951,0.4612880549203455,126,ok,0.8419696551724138,0.8406823104693141,1.0,840
full_year,distortion__log_kernel_h1_m5,log_kernel_h1_m5,distortion,all,False,False,pooled,decile_trend,-0.025541512035865372,-0.10783602571950175,0.04691376000407442,0.70745,0.5827,0.0,19999,1000,465,640.0,560.0,43,40,99.0,92.0,25.6612044761499,25.211996482995083,0.17165641081595182,0.17618638555710608,0.1802793824967503,0.14230203263529548,0.011588579585328478,-0.01678426673413951,0.4612880549203455,126,ok,0.8414623955431755,0.8498571428571429,1.0,840
full_year,distortion__log_kernel_h1_m5,log_kernel_h1_m5,distortion,all,False,False,pooled,top_quartile_retention,0.25396825396825395,0.19082151944747366,0.3230769230769231,0.5426,1.0,0.2537634408602151,19999,1000,465,640.0,560.0,43,40,99.0,92.0,25.6612044761499,25.211996482995083,0.17165641081595182,0.17618638555710608,0.1802793824967503,0.14230203263529548,0.011588579585328478,-0.01678426673413951,0.4612880549203455,126,ok,0.7621806020066889,1.0,1.0,840
full_year,distortion__log_kernel_h2_m5,log_kernel_h2_m5,distortion,all,False,False,unpooled,spearman,0.01978223300090229,-0.061750800456396075,0.0955146551713654,0.33955,0.66965,0.0,19999,1000,465,640.0,560.0,43,40,99.0,92.0,31.983308663379468,30.932835210435556,0.15739152230001027,0.1605514938348491,0.15617052696110953,0.15630612509731395,0.06816419770178597,0.027041371671910137,0.48474640396816693,106,ok,0.59393762993763,0.8707523219814242,1.0,840
full_year,distortion__log_kernel_h2_m5,log_kernel_h2_m5,distortion,all,False,False,unpooled,kendall,0.013663329625509825,-0.04314146698897522,0.06565416106029529,0.3353,0.661,0.0,19999,1000,465,640.0,560.0,43,40,99.0,92.0,31.983308663379468,30.932835210435556,0.15739152230001027,0.1605514938348491,0.15617052696110953,0.15630612509731395,0.06816419770178597,0.027041371671910137,0.48474640396816693,106,ok,0.5907295597484277,0.8688055987558321,1.0,840
full_year,distortion__log_kernel_h2_m5,log_kernel_h2_m5,distortion,all,False,False,unpooled,quartile_trend,0.020083839876518395,-0.06015890829126473,0.09391156976027004,0.3349,0.66505,0.0,19999,1000,465,640.0,560.0,43,40,99.0,92.0,31.983308663379468,30.932835210435556,0.15739152230001027,0.1605514938348491,0.15617052696110953,0.15630612509731395,0.06816419770178597,0.027041371671910137,0.48474640396816693,106,ok,0.5907295597484277,0.8688055987558321,1.0,840
full_year,distortion__log_kernel_h2_m5,log_kernel_h2_m5,distortion,all,False,False,unpooled,decile_trend,0.019674028856989795,-0.062348995687782516,0.09468096642917263,0.3394,0.6724,0.0,19999,1000,465,640.0,560.0,43,40,99.0,92.0,31.983308663379468,30.932835210435556,0.15739152230001027,0.1605514938348491,0.15617052696110953,0.15630612509731395,0.06816419770178597,0.027041371671910137,0.48474640396816693,106,ok,0.59393762993763,0.8716296296296296,1.0,840
full_year,distortion__log_kernel_h2_m5,log_kernel_h2_m5,distortion,all,False,False,unpooled,top_quartile_retention,0.22641509433962265,0.15828703703703703,0.29217455453410507,0.56195,1.0,0.22795698924731184,19999,1000,465,640.0,560.0,43,40,99.0,92.0,31.983308663379468,30.932835210435556,0.15739152230001027,0.1605514938348491,0.15617052696110953,0.15630612509731395,0.06816419770178597,0.027041371671910137,0.48474640396816693,106,ok,0.774727868852459,1.0,1.0,840
full_year,distortion__log_kernel_h2_m5,log_kernel_h2_m5,distortion,all,False,False,pooled,spearman,0.009019917218464006,-0.06377668952032926,0.0816155131298308,0.42065,0.84135,0.0,19999,1000,465,640.0,560.0,43,40,99.0,92.0,31.983308663379468,30.932835210435556,0.15739152230001027,0.1605514938348491,0.15617052696110953,0.15630612509731395,0.03158003408651482,-0.0071833510767805924,0.48474640396816693,127,ok,0.6607164179104478,0.942312,1.0,840
full_year,distortion__log_kernel_h2_m5,log_kernel_h2_m5,distortion,all,False,False,pooled,kendall,0.006229143492769744,-0.043369619896241905,0.05605298132452848,0.41845,0.8363,0.0,19999,1000,465,640.0,560.0,43,40,99.0,92.0,31.983308663379468,30.932835210435556,0.15739152230001027,0.1605514938348491,0.15617052696110953,0.15630612509731395,0.03158003408651482,-0.0071833510767805924,0.48474640396816693,127,ok,0.6607105263157894,0.9379065420560748,1.0,840
full_year,distortion__log_kernel_h2_m5,log_kernel_h2_m5,distortion,all,False,False,pooled,quartile_trend,0.005744441860204305,-0.06789458361484414,0.07695683832358616,0.4511,0.903,0.0,19999,1000,465,640.0,560.0,43,40,99.0,92.0,31.983308663379468,30.932835210435556,0.15739152230001027,0.1605514938348491,0.15617052696110953,0.15630612509731395,0.03158003408651482,-0.0071833510767805924,0.48474640396816693,127,ok,0.682745945945946,0.9639239543726235,1.0,840
full_year,distortion__log_kernel_h2_m5,log_kernel_h2_m5,distortion,all,False,False,pooled,decile_trend,0.002978316503874541,-0.06887653543725712,0.075394443600292,0.475,0.94815,0.0,19999,1000,465,640.0,560.0,43,40,99.0,92.0,31.983308663379468,30.932835210435556,0.15739152230001027,0.1605514938348491,0.15617052696110953,0.15630612509731395,0.03158003408651482,-0.0071833510767805924,0.48474640396816693,127,ok,0.7,0.987806691449814,1.0,840
full_year,distortion__log_kernel_h2_m5,log_kernel_h2_m5,distortion,all,False,False,pooled,top_quartile_retention,0.25196850393700787,0.18603622144474172,0.3200714285714285,0.59315,0.907,0.25591397849462366,19999,1000,465,640.0,560.0,43,40,99.0,92.0,31.983308663379468,30.932835210435556,0.15739152230001027,0.1605514938348491,0.15617052696110953,0.15630612509731395,0.03158003408651482,-0.0071833510767805924,0.48474640396816693,127,ok,0.7984711538461539,0.9640884955752212,1.0,840
full_year,distortion__log_kernel_h2_m20,log_kernel_h2_m20,distortion,all,False,False,unpooled,spearman,-0.01499926002663904,-0.09041183172415264,0.060549922342349176,0.6265,0.74705,0.0,19999,1000,465,640.0,560.0,43,40,99.0,92.0,57.757959124801566,56.64902012324762,0.11870568659333873,0.12035942596597264,0.15932542573450034,0.17559588133678655,0.02911007461795892,0.020481746528092735,0.5034252412074456,107,ok,0.82228125,0.900893982808023,1.0,840
full_year,distortion__log_kernel_h2_m20,log_kernel_h2_m20,distortion,all,False,False,unpooled,kendall,-0.00782350760103819,-0.059292300347048195,0.04404833059235009,0.5991,0.80095,0.0,19999,1000,465,640.0,560.0,43,40,99.0,92.0,57.757959124801566,56.64902012324762,0.11870568659333873,0.12035942596597264,0.15932542573450034,0.17559588133678655,0.02911007461795892,0.020481746528092735,0.5034252412074456,107,ok,0.7997223974763407,0.9203527815468113,1.0,840
full_year,distortion__log_kernel_h2_m20,log_kernel_h2_m20,distortion,all,False,False,unpooled,quartile_trend,-0.008433205516084957,-0.08660061771451935,0.07136498196481136,0.5699,0.85625,0.0,19999,1000,465,640.0,560.0,43,40,99.0,92.0,57.757959124801566,56.64902012324762,0.11870568659333873,0.12035942596597264,0.15932542573450034,0.17559588133678655,0.02911007461795892,0.020481746528092735,0.5034252412074456,107,ok,0.7834959083469721,0.9476284584980237,1.0,840
full_year,distortion__log_kernel_h2_m20,log_kernel_h2_m20,distortion,all,False,False,unpooled,decile_trend,-0.0237187986138388,-0.10197112723566165,0.05432455567223136,0.6947,0.6096,0.0,19999,1000,465,640.0,560.0,43,40,99.0,92.0,57.757959124801566,56.64902012324762,0.11870568659333873,0.12035942596597264,0.15932542573450034,0.17559588133678655,0.02911007461795892,0.020481746528092735,0.5034252412074456,107,ok,0.8414623955431755,0.8569682804674457,1.0,840
full_year,distortion__log_kernel_h2_m20,log_kernel_h2_m20,distortion,all,False,False,unpooled,top_quartile_retention,0.21495327102803738,0.1504424778761062,0.28187821612349906,0.5956,1.0,0.21935483870967742,19999,1000,465,640.0,560.0,43,40,99.0,92.0,57.757959124801566,56.64902012324762,0.11870568659333873,0.12035942596597264,0.15932542573450034,0.17559588133678655,0.02911007461795892,0.020481746528092735,0.5034252412074456,107,ok,0.7990047846889953,1.0,1.0,840
full_year,distortion__log_kernel_h2_m20,log_kernel_h2_m20,distortion,all,False,False,pooled,spearman,-0.002277805095790745,-0.07361942454930813,0.07248594449165884,0.52035,0.96175,0.0,19999,1000,465,640.0,560.0,43,40,99.0,92.0,57.757959124801566,56.64902012324762,0.11870568659333873,0.12035942596597264,0.15932542573450034,0.17559588133678655,0.03579704679018653,-0.0012034115158951054,0.5034252412074456,122,ok,0.7408372881355932,0.9975259259259259,1.0,840
full_year,distortion__log_kernel_h2_m20,log_kernel_h2_m20,distortion,all,False,False,pooled,kendall,-0.0006674082313681868,-0.048345173896270355,0.049653615047220365,0.50935,0.98405,0.0,19999,1000,465,640.0,560.0,43,40,99.0,92.0,57.757959124801566,56.64902012324762,0.11870568659333873,0.12035942596597264,0.15932542573450034,0.17559588133678655,0.03579704679018653,-0.0012034115158951054,0.5034252412074456,122,ok,0.7334897260273973,1.0,1.0,840
full_year,distortion__log_kernel_h2_m20,log_kernel_h2_m20,distortion,all,False,False,pooled,quartile_trend,-0.01179346778839451,-0.08186173922672768,0.06000557043559623,0.60135,0.80125,0.0,19999,1000,465,640.0,560.0,43,40,99.0,92.0,57.757959124801566,56.64902012324762,0.11870568659333873,0.12035942596597264,0.15932542573450034,0.17559588133678655,0.03579704679018653,-0.0012034115158951054,0.5034252412074456,122,ok,0.7997223974763407,0.9203527815468113,1.0,840
full_year,distortion__log_kernel_h2_m20,log_kernel_h2_m20,distortion,all,False,False,pooled,decile_trend,-0.003036097678389707,-0.07533869569640791,0.07242327766358189,0.52715,0.94835,0.0,19999,1000,465,640.0,560.0,43,40,99.0,92.0,57.757959124801566,56.64902012324762,0.11870568659333873,0.12035942596597264,0.15932542573450034,0.17559588133678655,0.03579704679018653,-0.0012034115158951054,0.5034252412074456,122,ok,0.7467217537942664,0.987806691449814,1.0,840
full_year,distortion__log_kernel_h2_m20,log_kernel_h2_m20,distortion,all,False,False,pooled,top_quartile_retention,0.22131147540983606,0.16260162601626016,0.2871607664363558,0.8173,0.4737,0.24731182795698925,19999,1000,465,640.0,560.0,43,40,99.0,92.0,57.757959124801566,56.64902012324762,0.11870568659333873,0.12035942596597264,0.15932542573450034,0.17559588133678655,0.03579704679018653,-0.0012034115158951054,0.5034252412074456,122,ok,0.8690278481012659,0.8099512195121951,1.0,840
full_year,distortion__linear_exposure_pitcher,linear_exposure_pitcher,distortion,all,False,False,unpooled,spearman,-0.008659001179183355,-0.08624532294158466,0.07435814455414454,0.57725,0.84725,0.0,19999,1000,465,640.0,560.0,43,40,99.0,92.0,651.3099623373058,632.8676350113744,0.03269064508003958,0.033307545301043386,0.17299652498536378,0.21145268686259847,-0.05219342426253301,-0.052872290145941844,0.48571505296777057,105,ok,0.7883338735818476,0.9456111111111111,1.0,840
full_year,distortion__linear_exposure_pitcher,linear_exposure_pitcher,distortion,all,False,False,unpooled,kendall,-0.005821282906933629,-0.05958744864569912,0.05106060723441002,0.5783,0.8454,0.0,19999,1000,465,640.0,560.0,43,40,99.0,92.0,651.3099623373058,632.8676350113744,0.03269064508003958,0.033307545301043386,0.17299652498536378,0.21145268686259847,-0.05219342426253301,-0.052872290145941844,0.48571505296777057,105,ok,0.7883338735818476,0.9455872170439416,1.0,840
full_year,distortion__linear_exposure_pitcher,linear_exposure_pitcher,distortion,all,False,False,unpooled,quartile_trend,-0.0030870116557757308,-0.07985177735373267,0.07938667168609186,0.52555,0.949,0.0,19999,1000,465,640.0,560.0,43,40,99.0,92.0,651.3099623373058,632.8676350113744,0.03269064508003958,0.033307545301043386,0.17299652498536378,0.21145268686259847,-0.05219342426253301,-0.052872290145941844,0.48571505296777057,105,ok,0.7457128378378378,0.987806691449814,1.0,840
full_year,distortion__linear_exposure_pitcher,linear_exposure_pitcher,distortion,all,False,False,unpooled,decile_trend,-0.004144038387063101,-0.08043007868748107,0.07756619323332616,0.5379,0.9259,0.0,19999,1000,465,640.0,560.0,43,40,99.0,92.0,651.3099623373058,632.8676350113744,0.03269064508003958,0.033307545301043386,0.17299652498536378,0.21145268686259847,-0.05219342426253301,-0.052872290145941844,0.48571505296777057,105,ok,0.7581140939597316,0.9746315789473684,1.0,840
full_year,distortion__linear_exposure_pitcher,linear_exposure_pitcher,distortion,all,False,False,unpooled,top_quartile_retention,0.2857142857142857,0.21818181818181817,0.3620973853732474,0.07805,0.14225,0.23010752688172043,19999,1000,465,640.0,560.0,43,40,99.0,92.0,651.3099623373058,632.8676350113744,0.03269064508003958,0.033307545301043386,0.17299652498536378,0.21145268686259847,-0.05219342426253301,-0.052872290145941844,0.48571505296777057,105,ok,0.28454545454545455,0.50015,1.0,840
full_year,distortion__linear_exposure_pitcher,linear_exposure_pitcher,distortion,all,False,False,pooled,spearman,-0.04545369915070154,-0.12249715801428221,0.034109344787128446,0.8355,0.3259,0.0,19999,1000,465,640.0,560.0,43,40,99.0,92.0,651.3099623373058,632.8676350113744,0.03269064508003958,0.033307545301043386,0.17299652498536378,0.21145268686259847,-0.0354491399599937,-0.0470738827595755,0.48571505296777057,118,ok,0.8816834170854272,0.7062061855670103,1.0,840
full_year,distortion__linear_exposure_pitcher,linear_exposure_pitcher,distortion,all,False,False,pooled,kendall,-0.03294401186503522,-0.08536950127597435,0.020595088936962606,0.8554,0.28795,0.0,19999,1000,465,640.0,560.0,43,40,99.0,92.0,651.3099623373058,632.8676350113744,0.03269064508003958,0.033307545301043386,0.17299652498536378,0.21145268686259847,-0.0354491399599937,-0.0470738827595755,0.48571505296777057,118,ok,0.8970486891385768,0.6627945205479452,1.0,840
full_year,distortion__linear_exposure_pitcher,linear_exposure_pitcher,distortion,all,False,False,pooled,quartile_trend,-0.05247048397635701,-0.12889254038061942,0.025480407508836816,0.8708,0.2563,0.0,19999,1000,465,640.0,560.0,43,40,99.0,92.0,651.3099623373058,632.8676350113744,0.03269064508003958,0.033307545301043386,0.17299652498536378,0.21145268686259847,-0.0354491399599937,-0.0470738827595755,0.48571505296777057,118,ok,0.9075334987593052,0.6388486646884273,1.0,840
full_year,distortion__linear_exposure_pitcher,linear_exposure_pitcher,distortion,all,False,False,pooled,decile_trend,-0.04427321988678798,-0.12284376421519984,0.0366623890471877,0.82785,0.34055,0.0,19999,1000,465,640.0,560.0,43,40,99.0,92.0,651.3099623373058,632.8676350113744,0.03269064508003958,0.033307545301043386,0.17299652498536378,0.21145268686259847,-0.0354491399599937,-0.0470738827595755,0.48571505296777057,118,ok,0.8776040353089534,0.7159949999999999,1.0,840
full_year,distortion__linear_exposure_pitcher,linear_exposure_pitcher,distortion,all,False,False,pooled,top_quartile_retention,0.2288135593220339,0.16806722689075632,0.28868961404106663,0.7392,0.6261,0.24731182795698925,19999,1000,465,640.0,560.0,43,40,99.0,92.0,651.3099623373058,632.8676350113744,0.03269064508003958,0.033307545301043386,0.17299652498536378,0.21145268686259847,-0.0354491399599937,-0.0470738827595755,0.48571505296777057,118,ok,0.8478643147896879,0.8579127625201939,1.0,840
full_year,distortion__saturating_exposure_pitcher,saturating_exposure_pitcher,distortion,all,False,False,unpooled,spearman,-0.05465711702015523,-0.13287885717919523,0.02824549887831372,0.87825,0.24485,0.0,19999,1000,460,648.0,571.0,43,40,99.5,92.5,17.742083755233594,17.41370007814426,0.21501828358157457,0.20524860182526328,0.11638005137435278,0.17943711461895284,0.0057252263664433365,0.006204064825653611,0.4966584250726919,105,ok,0.9130321782178218,0.6251489361702128,1.0,840
full_year,distortion__saturating_exposure_pitcher,saturating_exposure_pitcher,distortion,all,False,False,unpooled,kendall,-0.03902623851472956,-0.09296985598257443,0.018031182821189793,0.8927,0.2149,0.0,19999,1000,460,648.0,571.0,43,40,99.5,92.5,17.742083755233594,17.41370007814426,0.21501828358157457,0.20524860182526328,0.11638005137435278,0.17943711461895284,0.0057252263664433365,0.006204064825653611,0.4966584250726919,105,ok,0.9200834355828221,0.5957623762376238,1.0,840
full_year,distortion__saturating_exposure_pitcher,saturating_exposure_pitcher,distortion,all,False,False,unpooled,quartile_trend,-0.0593440664329258,-0.13778925515935433,0.021606722447292698,0.89835,0.2046,0.0,19999,1000,460,648.0,571.0,43,40,99.5,92.5,17.742083755233594,17.41370007814426,0.21501828358157457,0.20524860182526328,0.11638005137435278,0.17943711461895284,0.0057252263664433365,0.006204064825653611,0.4966584250726919,105,ok,0.9247720588235294,0.5767248322147651,1.0,840
full_year,distortion__saturating_exposure_pitcher,saturating_exposure_pitcher,distortion,all,False,False,unpooled,decile_trend,-0.055478267932128275,-0.13302766735641933,0.0293452726551008,0.8821,0.23725,0.0,19999,1000,460,648.0,571.0,43,40,99.5,92.5,17.742083755233594,17.41370007814426,0.21501828358157457,0.20524860182526328,0.11638005137435278,0.17943711461895284,0.0057252263664433365,0.006204064825653611,0.4966584250726919,105,ok,0.914419235511714,0.6166892307692308,1.0,840
full_year,distortion__saturating_exposure_pitcher,saturating_exposure_pitcher,distortion,all,False,False,unpooled,top_quartile_retention,0.21904761904761905,0.1559429153924567,0.2857142857142857,0.6647,0.79905,0.23043478260869565,19999,1000,460,648.0,571.0,43,40,99.5,92.5,17.742083755233594,17.41370007814426,0.21501828358157457,0.20524860182526328,0.11638005137435278,0.17943711461895284,0.0057252263664433365,0.006204064825653611,0.4966584250726919,105,ok,0.8414623955431755,0.9203527815468113,1.0,840
full_year,distortion__saturating_exposure_pitcher,saturating_exposure_pitcher,distortion,all,False,False,pooled,spearman,-0.0686288687564686,-0.142639642607315,0.0036192852581014316,0.9302,0.1384,0.0,19999,1000,460,648.0,571.0,43,40,99.5,92.5,17.742083755233594,17.41370007814426,0.21501828358157457,0.20524860182526328,0.11638005137435278,0.17943711461895284,-0.010452708229696987,-0.018716740051989235,0.4966584250726919,116,ok,0.9442898550724638,0.50015,1.0,840
full_year,distortion__saturating_exposure_pitcher,saturating_exposure_pitcher,distortion,all,False,False,pooled,kendall,-0.04575163398692811,-0.09633904126818614,0.002601247351378662,0.92945,0.1401,0.0,19999,1000,460,648.0,571.0,43,40,99.5,92.5,17.742083755233594,17.41370007814426,0.21501828358157457,0.20524860182526328,0.11638005137435278,0.17943711461895284,-0.010452708229696987,-0.018716740051989235,0.4966584250726919,116,ok,0.9442898550724638,0.50015,1.0,840
full_year,distortion__saturating_exposure_pitcher,saturating_exposure_pitcher,distortion,all,False,False,pooled,quartile_trend,-0.06945901140285217,-0.14406448347069975,0.004905311388084059,0.9308,0.1363,0.0,19999,1000,460,648.0,571.0,43,40,99.5,92.5,17.742083755233594,17.41370007814426,0.21501828358157457,0.20524860182526328,0.11638005137435278,0.17943711461895284,-0.010452708229696987,-0.018716740051989235,0.4966584250726919,116,ok,0.9442898550724638,0.49618181818181817,1.0,840
full_year,distortion__saturating_exposure_pitcher,saturating_exposure_pitcher,distortion,all,False,False,pooled,decile_trend,-0.06812197888842167,-0.14211542662646662,0.005152417619866143,0.92825,0.1412,0.0,19999,1000,460,648.0,571.0,43,40,99.5,92.5,17.742083755233594,17.41370007814426,0.21501828358157457,0.20524860182526328,0.11638005137435278,0.17943711461895284,-0.010452708229696987,-0.018716740051989235,0.4966584250726919,116,ok,0.9442898550724638,0.50015,1.0,840
full_year,distortion__saturating_exposure_pitcher,saturating_exposure_pitcher,distortion,all,False,False,pooled,top_quartile_retention,0.21551724137931033,0.15570944036178633,0.2803374655647382,0.90095,0.2718,0.2565217391304348,19999,1000,460,648.0,571.0,43,40,99.5,92.5,17.742083755233594,17.41370007814426,0.21501828358157457,0.20524860182526328,0.11638005137435278,0.17943711461895284,-0.010452708229696987,-0.018716740051989235,0.4966584250726919,116,ok,0.9251809290953545,0.6558370786516854,1.0,840
full_year,absz_attack_angle__log_exposure_pitcher,log_exposure_pitcher,absz_attack_angle,all,False,False,unpooled,spearman,0.025664305117273842,-0.05446467283792463,0.09674672109377085,0.2956,0.5843,0.0,19999,1000,465,640.0,560.0,43,40,99.0,92.0,81.87396376665937,80.8172362291269,0.068793490921281,0.06615669876086838,0.09347444505725944,0.03108010066087188,0.0852577016904811,0.11659306716571108,0.5158507067939103,111,ok,0.5493451327433627,0.8498571428571429,1.0,840
full_year,absz_attack_angle__log_exposure_pitcher,log_exposure_pitcher,absz_attack_angle,all,False,False,unpooled,kendall,0.01861327400815721,-0.03561077059315199,0.06634536836428112,0.27855,0.5512,0.0,19999,1000,465,640.0,560.0,43,40,99.0,92.0,81.87396376665937,80.8172362291269,0.068793490921281,0.06615669876086838,0.09347444505725944,0.03108010066087188,0.0852577016904811,0.11659306716571108,0.5158507067939103,111,ok,0.529371040723982,0.8406823104693141,1.0,840
full_year,absz_attack_angle__log_exposure_pitcher,log_exposure_pitcher,absz_attack_angle,all,False,False,unpooled,quartile_trend,0.014324886979729012,-0.0649357036599541,0.08774255674405504,0.382,0.76055,0.0,19999,1000,465,640.0,560.0,43,40,99.0,92.0,81.87396376665937,80.8172362291269,0.068793490921281,0.06615669876086838,0.09347444505725944,0.03108010066087188,0.0852577016904811,0.11659306716571108,0.5158507067939103,111,ok,0.6299179687500001,0.911358059914408,1.0,840
full_year,absz_attack_angle__log_exposure_pitcher,log_exposure_pitcher,absz_attack_angle,all,False,False,unpooled,decile_trend,0.0281604847383411,-0.0517937477512714,0.09883215151902025,0.2771,0.5492,0.0,19999,1000,465,640.0,560.0,43,40,99.0,92.0,81.87396376665937,80.8172362291269,0.068793490921281,0.06615669876086838,0.09347444505725944,0.03108010066087188,0.0852577016904811,0.11659306716571108,0.5158507067939103,111,ok,0.5278095238095238,0.8406823104693141,1.0,840
full_year,absz_attack_angle__log_exposure_pitcher,log_exposure_pitcher,absz_attack_angle,all,False,False,unpooled,top_quartile_retention,0.24324324324324326,0.1775411463071706,0.3113207547169811,0.44715,0.8987,0.23440860215053763,19999,1000,465,640.0,560.0,43,40,99.0,92.0,81.87396376665937,80.8172362291269,0.068793490921281,0.06615669876086838,0.09347444505725944,0.03108010066087188,0.0852577016904811,0.11659306716571108,0.5158507067939103,111,ok,0.6787472924187726,0.9639239543726235,1.0,840
full_year,absz_attack_angle__log_exposure_pitcher,log_exposure_pitcher,absz_attack_angle,all,False,False,pooled,spearman,0.030396792812232953,-0.04676837633391329,0.10760392897390834,0.2554,0.50955,0.0,19999,1000,465,640.0,560.0,43,40,99.0,92.0,81.87396376665937,80.8172362291269,0.068793490921281,0.06615669876086838,0.09347444505725944,0.03108010066087188,0.07360109229616123,0.12524812977700547,0.5158507067939103,124,ok,0.5108,0.8206768060836502,1.0,840
full_year,absz_attack_angle__log_exposure_pitcher,log_exposure_pitcher,absz_attack_angle,all,False,False,pooled,kendall,0.01876158694846125,-0.03381659112861282,0.06952917808311006,0.2723,0.54515,0.0,19999,1000,465,640.0,560.0,43,40,99.0,92.0,81.87396376665937,80.8172362291269,0.068793490921281,0.06615669876086838,0.09347444505725944,0.03108010066087188,0.07360109229616123,0.12524812977700547,0.5158507067939103,124,ok,0.5226560364464693,0.8406823104693141,1.0,840
full_year,absz_attack_angle__log_exposure_pitcher,log_exposure_pitcher,absz_attack_angle,all,False,False,pooled,quartile_trend,0.008793204115081832,-0.06717940377715498,0.08196506823614183,0.4288,0.85105,0.0,19999,1000,465,640.0,560.0,43,40,99.0,92.0,81.87396376665937,80.8172362291269,0.068793490921281,0.06615669876086838,0.09347444505725944,0.03108010066087188,0.07360109229616123,0.12524812977700547,0.5158507067939103,124,ok,0.6633370165745857,0.9456111111111111,1.0,840
full_year,absz_attack_angle__log_exposure_pitcher,log_exposure_pitcher,absz_attack_angle,all,False,False,pooled,decile_trend,0.03415571145753085,-0.04361469711139255,0.10763272751111372,0.229,0.45705,0.0,19999,1000,465,640.0,560.0,43,40,99.0,92.0,81.87396376665937,80.8172362291269,0.068793490921281,0.06615669876086838,0.09347444505725944,0.03108010066087188,0.07360109229616123,0.12524812977700547,0.5158507067939103,124,ok,0.4828421052631579,0.8055723270440253,1.0,840
full_year,absz_attack_angle__log_exposure_pitcher,log_exposure_pitcher,absz_attack_angle,all,False,False,pooled,top_quartile_retention,0.23387096774193547,0.16948469108802625,0.296875,0.8468,0.4068,0.2645161290322581,19999,1000,465,640.0,560.0,43,40,99.0,92.0,81.87396376665937,80.8172362291269,0.068793490921281,0.06615669876086838,0.09347444505725944,0.03108010066087188,0.07360109229616123,0.12524812977700547,0.5158507067939103,124,ok,0.890252816020025,0.7735791855203621,1.0,840
full_year,absz_attack_angle__log_exposure_pa,log_exposure_pa,absz_attack_angle,all,False,False,unpooled,spearman,0.010887547238712561,-0.06787182555960102,0.09026869386814104,0.4082,0.8152,0.0,19999,1000,464,642.5,560.5,43,40,99.0,92.0,26.625646703590945,24.756705660146864,0.1224104712893305,0.11847681524627973,0.1068706220338431,0.11686055553381136,0.00649930208030521,0.11911603245266518,0.5198811013917551,110,ok,0.6496528301886791,0.92434008097166,1.0,840
full_year,absz_attack_angle__log_exposure_pa,log_exposure_pa,absz_attack_angle,all,False,False,unpooled,kendall,0.008024875251359202,-0.045230372465769685,0.061035485705089314,0.3975,0.79505,0.0,19999,1000,464,642.5,560.5,43,40,99.0,92.0,26.625646703590945,24.756705660146864,0.1224104712893305,0.11847681524627973,0.1068706220338431,0.11686055553381136,0.00649930208030521,0.11911603245266518,0.5198811013917551,110,ok,0.6399770114942528,0.9203527815468113,1.0,840
full_year,absz_attack_angle__log_exposure_pa,log_exposure_pa,absz_attack_angle,all,False,False,unpooled,quartile_trend,0.01654100627078524,-0.06039825822408248,0.09425170001698095,0.36005,0.72165,0.0,19999,1000,464,642.5,560.5,43,40,99.0,92.0,26.625646703590945,24.756705660146864,0.1224104712893305,0.11847681524627973,0.1068706220338431,0.11686055553381136,0.00649930208030521,0.11911603245266518,0.5198811013917551,110,ok,0.6124363636363637,0.8885739130434782,1.0,840
full_year,absz_attack_angle__log_exposure_pa,log_exposure_pa,absz_attack_angle,all,False,False,unpooled,decile_trend,-0.0020934343799851756,-0.0807848904427153,0.07775823531637678,0.5182,0.96445,0.0,19999,1000,464,642.5,560.5,43,40,99.0,92.0,26.625646703590945,24.756705660146864,0.1224104712893305,0.11847681524627973,0.1068706220338431,0.11686055553381136,0.00649930208030521,0.11911603245266518,0.5198811013917551,110,ok,0.7408372881355932,0.998937114673243,1.0,840
full_year,absz_attack_angle__log_exposure_pa,log_exposure_pa,absz_attack_angle,all,False,False,unpooled,top_quartile_retention,0.2727272727272727,0.20754716981132076,0.3431521093285799,0.1892,0.3675,0.23706896551724138,19999,1000,464,642.5,560.5,43,40,99.0,92.0,26.625646703590945,24.756705660146864,0.1224104712893305,0.11847681524627973,0.1068706220338431,0.11686055553381136,0.00649930208030521,0.11911603245266518,0.5198811013917551,110,ok,0.4318695652173913,0.7355971563981042,1.0,840
full_year,absz_attack_angle__log_exposure_pa,log_exposure_pa,absz_attack_angle,all,False,False,pooled,spearman,0.01925189255159921,-0.05925028937246735,0.08878529941380288,0.3401,0.68005,0.0,19999,1000,464,642.5,560.5,43,40,99.0,92.0,26.625646703590945,24.756705660146864,0.1224104712893305,0.11847681524627973,0.1068706220338431,0.11686055553381136,0.030289955001597643,0.09156886581442783,0.5198811013917551,121,ok,0.59393762993763,0.8761380368098161,1.0,840
full_year,absz_attack_angle__log_exposure_pa,log_exposure_pa,absz_attack_angle,all,False,False,pooled,kendall,0.012363148879124151,-0.038695396705813796,0.05963998185438845,0.34525,0.6904,0.0,19999,1000,464,642.5,560.5,43,40,99.0,92.0,26.625646703590945,24.756705660146864,0.1224104712893305,0.11847681524627973,0.1068706220338431,0.11686055553381136,0.030289955001597643,0.09156886581442783,0.5198811013917551,121,ok,0.5991252566735112,0.8840487804878049,1.0,840
full_year,absz_attack_angle__log_exposure_pa,log_exposure_pa,absz_attack_angle,all,False,False,pooled,quartile_trend,0.007034369255030481,-0.06449953272313325,0.07684930176856707,0.4425,0.8794,0.0,19999,1000,464,642.5,560.5,43,40,99.0,92.0,26.625646703590945,24.756705660146864,0.1224104712893305,0.11847681524627973,0.1068706220338431,0.11686055553381136,0.030289955001597643,0.09156886581442783,0.5198811013917551,121,ok,0.6769546279491834,0.9639239543726235,1.0,840
full_year,absz_attack_angle__log_exposure_pa,log_exposure_pa,absz_attack_angle,all,False,False,pooled,decile_trend,0.01653166592076555,-0.06198606189950371,0.08756353423220738,0.3591,0.7195,0.0,19999,1000,464,642.5,560.5,43,40,99.0,92.0,26.625646703590945,24.756705660146864,0.1224104712893305,0.11847681524627973,0.1068706220338431,0.11686055553381136,0.030289955001597643,0.09156886581442783,0.5198811013917551,121,ok,0.6124363636363637,0.8885739130434782,1.0,840
full_year,absz_attack_angle__log_exposure_pa,log_exposure_pa,absz_attack_angle,all,False,False,pooled,top_quartile_retention,0.23140495867768596,0.17391304347826086,0.29664452588181395,0.88985,0.288,0.26939655172413796,19999,1000,464,642.5,560.5,43,40,99.0,92.0,26.625646703590945,24.756705660146864,0.1224104712893305,0.11847681524627973,0.1068706220338431,0.11686055553381136,0.030289955001597643,0.09156886581442783,0.5198811013917551,121,ok,0.9182727272727274,0.6627945205479452,1.0,840
full_year,absz_attack_angle__log_exposure_type,log_exposure_type,absz_attack_angle,all,False,False,unpooled,spearman,0.006017057579475526,-0.06760047466429796,0.08565627526379503,0.4457,0.89175,0.0,19999,1000,465,640.0,560.0,43,40,99.0,92.0,145.17710697865078,134.67291191527073,0.052798905135654155,0.052954978243068315,0.14984295267983053,0.06494750062748562,0.08757560856841413,0.0697654045744676,0.4987452677510063,108,ok,0.6782391304347826,0.9639239543726235,1.0,840
full_year,absz_attack_angle__log_exposure_type,log_exposure_type,absz_attack_angle,all,False,False,unpooled,kendall,0.004097144975899147,-0.04635362485633031,0.0581865371589538,0.44365,0.88765,0.0,19999,1000,465,640.0,560.0,43,40,99.0,92.0,145.17710697865078,134.67291191527073,0.052798905135654155,0.052954978243068315,0.14984295267983053,0.06494750062748562,0.08757560856841413,0.0697654045744676,0.4987452677510063,108,ok,0.6769546279491834,0.9639239543726235,1.0,840
full_year,absz_attack_angle__log_exposure_type,log_exposure_type,absz_attack_angle,all,False,False,unpooled,quartile_trend,-0.010041860830552772,-0.08620819209137288,0.07156838826091282,0.5865,0.82605,0.0,19999,1000,465,640.0,560.0,43,40,99.0,92.0,145.17710697865078,134.67291191527073,0.052798905135654155,0.052954978243068315,0.14984295267983053,0.06494750062748562,0.08757560856841413,0.0697654045744676,0.4987452677510063,108,ok,0.7920578778135049,0.9301930294906166,1.0,840
full_year,absz_attack_angle__log_exposure_type,log_exposure_type,absz_attack_angle,all,False,False,unpooled,decile_trend,-0.0067417157160275945,-0.08221897424244122,0.07655703049466989,0.5589,0.88305,0.0,19999,1000,465,640.0,560.0,43,40,99.0,92.0,145.17710697865078,134.67291191527073,0.052798905135654155,0.052954978243068315,0.14984295267983053,0.06494750062748562,0.08757560856841413,0.0697654045744676,0.4987452677510063,108,ok,0.7747128712871286,0.9639239543726235,1.0,840
full_year,absz_attack_angle__log_exposure_type,log_exposure_type,absz_attack_angle,all,False,False,unpooled,top_quartile_retention,0.2962962962962963,0.225178917234992,0.3729241568224619,0.10825,0.1996,0.24731182795698925,19999,1000,465,640.0,560.0,43,40,99.0,92.0,145.17710697865078,134.67291191527073,0.052798905135654155,0.052954978243068315,0.14984295267983053,0.06494750062748562,0.08757560856841413,0.0697654045744676,0.4987452677510063,108,ok,0.3282671480144404,0.5767248322147651,1.0,840
full_year,absz_attack_angle__log_exposure_type,log_exposure_type,absz_attack_angle,all,False,False,pooled,spearman,0.044979519446977326,-0.03943989989987886,0.12064245728919601,0.1679,0.3312,0.0,19999,1000,465,640.0,560.0,43,40,99.0,92.0,145.17710697865078,134.67291191527073,0.052798905135654155,0.052954978243068315,0.14984295267983053,0.06494750062748562,0.08451378976163311,0.09960065308616632,0.4987452677510063,126,ok,0.40332,0.711778337531486,1.0,840
full_year,absz_attack_angle__log_exposure_type,log_exposure_type,absz_attack_angle,all,False,False,pooled,kendall,0.031015943641082684,-0.0254795869184733,0.08249956762466414,0.16035,0.31615,0.0,19999,1000,465,640.0,560.0,43,40,99.0,92.0,145.17710697865078,134.67291191527073,0.052798905135654155,0.052954978243068315,0.14984295267983053,0.06494750062748562,0.08451378976163311,0.09960065308616632,0.4987452677510063,126,ok,0.4025731343283582,0.7006263157894737,1.0,840
full_year,absz_attack_angle__log_exposure_type,log_exposure_type,absz_attack_angle,all,False,False,pooled,quartile_trend,0.045718709996539146,-0.03756560127610914,0.12025782820097154,0.1647,0.32405,0.0,19999,1000,465,640.0,560.0,43,40,99.0,92.0,145.17710697865078,134.67291191527073,0.052798905135654155,0.052954978243068315,0.14984295267983053,0.06494750062748562,0.08451378976163311,0.09960065308616632,0.4987452677510063,126,ok,0.40332,0.7062061855670103,1.0,840
full_year,absz_attack_angle__log_exposure_type,log_exposure_type,absz_attack_angle,all,False,False,pooled,decile_trend,0.04960644383266364,-0.035227595735986515,0.12631686332517056,0.1435,0.2828,0.0,19999,1000,465,640.0,560.0,43,40,99.0,92.0,145.17710697865078,134.67291191527073,0.052798905135654155,0.052954978243068315,0.14984295267983053,0.06494750062748562,0.08451378976163311,0.09960065308616632,0.4987452677510063,126,ok,0.3752608695652174,0.6617047353760446,1.0,840
full_year,absz_attack_angle__log_exposure_type,log_exposure_type,absz_attack_angle,all,False,False,pooled,top_quartile_retention,0.30158730158730157,0.23356447688564477,0.37038332038332034,0.27235,0.48285,0.27741935483870966,19999,1000,465,640.0,560.0,43,40,99.0,92.0,145.17710697865078,134.67291191527073,0.052798905135654155,0.052954978243068315,0.14984295267983053,0.06494750062748562,0.08451378976163311,0.09960065308616632,0.4987452677510063,126,ok,0.5226560364464693,0.815472,1.0,840
full_year,absz_attack_angle__log_kernel_exposure,log_kernel_exposure,absz_attack_angle,all,False,False,unpooled,spearman,0.024341423708746486,-0.05103102348291061,0.10057432549785854,0.30235,0.6023,0.0,19999,1000,465,640.0,560.0,43,40,99.0,92.0,46.13504005511925,44.544642502712165,0.09038085318493774,0.08973972370877081,0.18228982588712325,0.08721174646969573,0.07242059608434744,0.09209469749411603,0.5310775683043153,114,ok,0.5554454148471616,0.8514161073825502,1.0,840
full_year,absz_attack_angle__log_kernel_exposure,log_kernel_exposure,absz_attack_angle,all,False,False,unpooled,kendall,0.015888023730070446,-0.034559578273610926,0.06732948086244524,0.30595,0.6111,0.0,19999,1000,465,640.0,560.0,43,40,99.0,92.0,46.13504005511925,44.544642502712165,0.09038085318493774,0.08973972370877081,0.18228982588712325,0.08721174646969573,0.07242059608434744,0.09209469749411603,0.5310775683043153,114,ok,0.5599084967320261,0.8569682804674457,1.0,840
full_year,absz_attack_angle__log_kernel_exposure,log_kernel_exposure,absz_attack_angle,all,False,False,unpooled,quartile_trend,0.046511473881223335,-0.023686152460115566,0.1172410816652,0.15785,0.31575,0.0,19999,1000,465,640.0,560.0,43,40,99.0,92.0,46.13504005511925,44.544642502712165,0.09038085318493774,0.08973972370877081,0.18228982588712325,0.08721174646969573,0.07242059608434744,0.09209469749411603,0.5310775683043153,114,ok,0.39937951807228916,0.7006263157894737,1.0,840
full_year,absz_attack_angle__log_kernel_exposure,log_kernel_exposure,absz_attack_angle,all,False,False,unpooled,decile_trend,0.01520161837790892,-0.05865715827162637,0.08976052297981636,0.3734,0.74505,0.0,19999,1000,465,640.0,560.0,43,40,99.0,92.0,46.13504005511925,44.544642502712165,0.09038085318493774,0.08973972370877081,0.18228982588712325,0.08721174646969573,0.07242059608434744,0.09209469749411603,0.5310775683043153,114,ok,0.6242385685884693,0.900893982808023,1.0,840
full_year,absz_attack_angle__log_kernel_exposure,log_kernel_exposure,absz_attack_angle,all,False,False,unpooled,top_quartile_retention,0.2719298245614035,0.20588235294117646,0.3370898277276455,0.29795,0.5304,0.24946236559139784,19999,1000,465,640.0,560.0,43,40,99.0,92.0,46.13504005511925,44.544642502712165,0.09038085318493774,0.08973972370877081,0.18228982588712325,0.08721174646969573,0.07242059608434744,0.09209469749411603,0.5310775683043153,114,ok,0.5500615384615385,0.8306145251396648,1.0,840
full_year,absz_attack_angle__log_kernel_exposure,log_kernel_exposure,absz_attack_angle,all,False,False,pooled,spearman,0.010378603789618412,-0.06867129561289849,0.09017421505567098,0.40955,0.8277,0.0,19999,1000,465,640.0,560.0,43,40,99.0,92.0,46.13504005511925,44.544642502712165,0.09038085318493774,0.08973972370877081,0.18228982588712325,0.08721174646969573,0.0917736445358935,0.07156174958346663,0.5310775683043153,123,ok,0.6496528301886791,0.9307469879518072,1.0,840
full_year,absz_attack_angle__log_kernel_exposure,log_kernel_exposure,absz_attack_angle,all,False,False,pooled,kendall,0.005876900259547645,-0.04789872093058998,0.06073695599493622,0.4216,0.8535,0.0,19999,1000,465,640.0,560.0,43,40,99.0,92.0,46.13504005511925,44.544642502712165,0.09038085318493774,0.08973972370877081,0.18228982588712325,0.08721174646969573,0.0917736445358935,0.07156174958346663,0.5310775683043153,123,ok,0.6607164179104478,0.9460527704485489,1.0,840
full_year,absz_attack_angle__log_kernel_exposure,log_kernel_exposure,absz_attack_angle,all,False,False,pooled,quartile_trend,-0.002866141726034125,-0.08157271060033515,0.07605109112490849,0.52015,0.95065,0.0,19999,1000,465,640.0,560.0,43,40,99.0,92.0,46.13504005511925,44.544642502712165,0.09038085318493774,0.08973972370877081,0.18228982588712325,0.08721174646969573,0.0917736445358935,0.07156174958346663,0.5310775683043153,123,ok,0.7408372881355932,0.9882995049504951,1.0,840
full_year,absz_attack_angle__log_kernel_exposure,log_kernel_exposure,absz_attack_angle,all,False,False,pooled,decile_trend,0.010457690611603834,-0.06924253473598246,0.08981357930622129,0.40905,0.8261,0.0,19999,1000,465,640.0,560.0,43,40,99.0,92.0,46.13504005511925,44.544642502712165,0.09038085318493774,0.08973972370877081,0.18228982588712325,0.08721174646969573,0.0917736445358935,0.07156174958346663,0.5310775683043153,123,ok,0.6496528301886791,0.9301930294906166,1.0,840
full_year,absz_attack_angle__log_kernel_exposure,log_kernel_exposure,absz_attack_angle,all,False,False,pooled,top_quartile_retention,0.24390243902439024,0.1875,0.3106219760631525,0.79735,0.48445,0.26881720430107525,19999,1000,465,640.0,560.0,43,40,99.0,92.0,46.13504005511925,44.544642502712165,0.09038085318493774,0.08973972370877081,0.18228982588712325,0.08721174646969573,0.0917736445358935,0.07156174958346663,0.5310775683043153,123,ok,0.8605428937259924,0.815472,1.0,840
full_year,absz_attack_angle__log_exposure_sequence,log_exposure_sequence,absz_attack_angle,all,False,False,unpooled,spearman,0.030972778528360077,-0.046696596897125395,0.113900594806655,0.25065,0.506,0.0,19999,1000,465,640.0,560.0,43,40,99.0,92.0,75.36734592763811,62.265152649880775,0.07058378360075701,0.07453117272996958,0.09426335398348311,0.14908544935481183,0.0019141439940420213,0.12364895186353937,0.5210956857166046,108,ok,0.506115107913669,0.8206768060836502,1.0,840
full_year,absz_attack_angle__log_exposure_sequence,log_exposure_sequence,absz_attack_angle,all,False,False,unpooled,kendall,0.02065257693733778,-0.032672621500477,0.07822427040845567,0.2511,0.5067,0.0,19999,1000,465,640.0,560.0,43,40,99.0,92.0,75.36734592763811,62.265152649880775,0.07058378360075701,0.07453117272996958,0.09426335398348311,0.14908544935481183,0.0019141439940420213,0.12364895186353937,0.5210956857166046,108,ok,0.506115107913669,0.8206768060836502,1.0,840
full_year,absz_attack_angle__log_exposure_sequence,log_exposure_sequence,absz_attack_angle,all,False,False,unpooled,quartile_trend,0.023374461120312284,-0.05328076620475489,0.10761608109448222,0.30285,0.61365,0.0,19999,1000,465,640.0,560.0,43,40,99.0,92.0,75.36734592763811,62.265152649880775,0.07058378360075701,0.07453117272996958,0.09426335398348311,0.14908544935481183,0.0019141439940420213,0.12364895186353937,0.5210956857166046,108,ok,0.5554454148471616,0.8576805324459235,1.0,840
full_year,absz_attack_angle__log_exposure_sequence,log_exposure_sequence,absz_attack_angle,all,False,False,unpooled,decile_trend,0.030479214560947085,-0.04843486673408826,0.11693850912496424,0.2547,0.5139,0.0,19999,1000,465,640.0,560.0,43,40,99.0,92.0,75.36734592763811,62.265152649880775,0.07058378360075701,0.07453117272996958,0.09426335398348311,0.14908544935481183,0.0019141439940420213,0.12364895186353937,0.5210956857166046,108,ok,0.5106157517899761,0.8206768060836502,1.0,840
full_year,absz_attack_angle__log_exposure_sequence,log_exposure_sequence,absz_attack_angle,all,False,False,unpooled,top_quartile_retention,0.2962962962962963,0.2285601799775028,0.3693791617704661,0.1769,0.3143,0.25806451612903225,19999,1000,465,640.0,560.0,43,40,99.0,92.0,75.36734592763811,62.265152649880775,0.07058378360075701,0.07453117272996958,0.09426335398348311,0.14908544935481183,0.0019141439940420213,0.12364895186353937,0.5210956857166046,108,ok,0.4171764705882353,0.7006263157894737,1.0,840
full_year,absz_attack_angle__log_exposure_sequence,log_exposure_sequence,absz_attack_angle,all,False,False,pooled,spearman,0.08291508925033537,0.00856638651657909,0.15558087365306023,0.0383,0.0743,0.0,19999,1000,465,640.0,560.0,43,40,99.0,92.0,75.36734592763811,62.265152649880775,0.07058378360075701,0.07453117272996958,0.09426335398348311,0.14908544935481183,0.016834632662901555,0.10237507578759425,0.5210956857166046,120,ok,0.1806703910614525,0.34867039106145253,1.0,840
full_year,absz_attack_angle__log_exposure_sequence,log_exposure_sequence,absz_attack_angle,all,False,False,pooled,kendall,0.05591397849462365,0.006177451778380283,0.10539919579925663,0.03755,0.0724,0.0,19999,1000,465,640.0,560.0,43,40,99.0,92.0,75.36734592763811,62.265152649880775,0.07058378360075701,0.07453117272996958,0.09426335398348311,0.14908544935481183,0.016834632662901555,0.10237507578759425,0.5210956857166046,120,ok,0.17820338983050849,0.34355056179775284,1.0,840
full_year,absz_attack_angle__log_exposure_sequence,log_exposure_sequence,absz_attack_angle,all,False,False,pooled,quartile_trend,0.08685638650351013,0.009807044529338766,0.16261927480046978,0.0308,0.0603,0.0,19999,1000,465,640.0,560.0,43,40,99.0,92.0,75.36734592763811,62.265152649880775,0.07058378360075701,0.07453117272996958,0.09426335398348311,0.14908544935481183,0.016834632662901555,0.10237507578759425,0.5210956857166046,120,ok,0.1568,0.3069818181818182,1.0,840
full_year,absz_attack_angle__log_exposure_sequence,log_exposure_sequence,absz_attack_angle,all,False,False,pooled,decile_trend,0.08360932189829608,0.008658458498796857,0.15670391131833936,0.0366,0.0719,0.0,19999,1000,465,640.0,560.0,43,40,99.0,92.0,75.36734592763811,62.265152649880775,0.07058378360075701,0.07453117272996958,0.09426335398348311,0.14908544935481183,0.016834632662901555,0.10237507578759425,0.5210956857166046,120,ok,0.17568,0.34355056179775284,1.0,840
full_year,absz_attack_angle__log_exposure_sequence,log_exposure_sequence,absz_attack_angle,all,False,False,pooled,top_quartile_retention,0.26666666666666666,0.2018348623853211,0.32714110617435266,0.7029,0.72895,0.2817204301075269,19999,1000,465,640.0,560.0,43,40,99.0,92.0,75.36734592763811,62.265152649880775,0.07058378360075701,0.07453117272996958,0.09426335398348311,0.14908544935481183,0.016834632662901555,0.10237507578759425,0.5210956857166046,120,ok,0.8414623955431755,0.8885739130434782,1.0,840
full_year,absz_attack_angle__log_kernel_h0.5_m5,log_kernel_h0.5_m5,absz_attack_angle,all,False,False,unpooled,spearman,-0.031060815627360648,-0.10329249299412123,0.04847234350337285,0.74235,0.51095,0.0,19999,1000,463,645.0,561.0,43,42,99.0,92.0,20.591053339519448,19.04986296707083,0.1344894872069388,0.1358873027953415,0.1714808906597763,0.07964928096309726,0.1039870236265559,0.002200934538761305,0.5236185762550548,107,ok,0.8478643147896879,0.8206768060836502,1.0,840
full_year,absz_attack_angle__log_kernel_h0.5_m5,log_kernel_h0.5_m5,absz_attack_angle,all,False,False,unpooled,kendall,-0.020840930128187145,-0.06927458002106408,0.0320500026477622,0.7428,0.50895,0.0,19999,1000,463,645.0,561.0,43,42,99.0,92.0,20.591053339519448,19.04986296707083,0.1344894872069388,0.1358873027953415,0.1714808906597763,0.07964928096309726,0.1039870236265559,0.002200934538761305,0.5236185762550548,107,ok,0.8478643147896879,0.8206768060836502,1.0,840
full_year,absz_attack_angle__log_kernel_h0.5_m5,log_kernel_h0.5_m5,absz_attack_angle,all,False,False,unpooled,quartile_trend,-0.037661288785538365,-0.10878862015988484,0.038201579408926586,0.7829,0.42745,0.0,19999,1000,463,645.0,561.0,43,42,99.0,92.0,20.591053339519448,19.04986296707083,0.1344894872069388,0.1358873027953415,0.1714808906597763,0.07964928096309726,0.1039870236265559,0.002200934538761305,0.5236185762550548,107,ok,0.8605428937259924,0.7908766519823789,1.0,840
full_year,absz_attack_angle__log_kernel_h0.5_m5,log_kernel_h0.5_m5,absz_attack_angle,all,False,False,unpooled,decile_trend,-0.034272151483912,-0.10661804334620718,0.043848215465249106,0.76565,0.46625,0.0,19999,1000,463,645.0,561.0,43,42,99.0,92.0,20.591053339519448,19.04986296707083,0.1344894872069388,0.1358873027953415,0.1714808906597763,0.07964928096309726,0.1039870236265559,0.002200934538761305,0.5236185762550548,107,ok,0.8547973509933774,0.8058641975308641,1.0,840
full_year,absz_attack_angle__log_kernel_h0.5_m5,log_kernel_h0.5_m5,absz_attack_angle,all,False,False,unpooled,top_quartile_retention,0.24299065420560748,0.1757958536309052,0.3076923076923077,0.55615,1.0,0.24406047516198703,19999,1000,463,645.0,561.0,43,42,99.0,92.0,20.591053339519448,19.04986296707083,0.1344894872069388,0.1358873027953415,0.1714808906597763,0.07964928096309726,0.1039870236265559,0.002200934538761305,0.5236185762550548,107,ok,0.7723140495867769,1.0,1.0,840
full_year,absz_attack_angle__log_kernel_h0.5_m5,log_kernel_h0.5_m5,absz_attack_angle,all,False,False,pooled,spearman,-0.007017987598161874,-0.08242622663063404,0.0725334582004271,0.55625,0.8835,0.0,19999,1000,463,645.0,561.0,43,42,99.0,92.0,20.591053339519448,19.04986296707083,0.1344894872069388,0.1358873027953415,0.1714808906597763,0.07964928096309726,0.06556207254427257,0.03599018840696057,0.5236185762550548,117,ok,0.7723140495867769,0.9639239543726235,1.0,840
full_year,absz_attack_angle__log_kernel_h0.5_m5,log_kernel_h0.5_m5,absz_attack_angle,all,False,False,pooled,kendall,-0.00518919525399007,-0.056122154754739736,0.04783747291957645,0.5626,0.8708,0.0,19999,1000,463,645.0,561.0,43,42,99.0,92.0,20.591053339519448,19.04986296707083,0.1344894872069388,0.1358873027953415,0.1714808906597763,0.07964928096309726,0.06556207254427257,0.03599018840696057,0.5236185762550548,117,ok,0.774727868852459,0.9574240837696335,1.0,840
full_year,absz_attack_angle__log_kernel_h0.5_m5,log_kernel_h0.5_m5,absz_attack_angle,all,False,False,pooled,quartile_trend,-0.012358695690054506,-0.08852755653060988,0.06997050225283873,0.60295,0.79195,0.0,19999,1000,463,645.0,561.0,43,42,99.0,92.0,20.591053339519448,19.04986296707083,0.1344894872069388,0.1358873027953415,0.1714808906597763,0.07964928096309726,0.06556207254427257,0.03599018840696057,0.5236185762550548,117,ok,0.7997223974763407,0.9203527815468113,1.0,840
full_year,absz_attack_angle__log_kernel_h0.5_m5,log_kernel_h0.5_m5,absz_attack_angle,all,False,False,pooled,decile_trend,-0.006545154530201075,-0.08212042143381115,0.07083870628695775,0.55195,0.8923,0.0,19999,1000,463,645.0,561.0,43,42,99.0,92.0,20.591053339519448,19.04986296707083,0.1344894872069388,0.1358873027953415,0.1714808906597763,0.07964928096309726,0.06556207254427257,0.03599018840696057,0.5236185762550548,117,ok,0.7703482587064677,0.9639239543726235,1.0,840
full_year,absz_attack_angle__log_kernel_h0.5_m5,log_kernel_h0.5_m5,absz_attack_angle,all,False,False,pooled,top_quartile_retention,0.28205128205128205,0.21665807560137457,0.35839912280701747,0.4073,0.8092,0.26997840172786175,19999,1000,463,645.0,561.0,43,42,99.0,92.0,20.591053339519448,19.04986296707083,0.1344894872069388,0.1358873027953415,0.1714808906597763,0.07964928096309726,0.06556207254427257,0.03599018840696057,0.5236185762550548,117,ok,0.6496528301886791,0.9210406504065042,1.0,840
full_year,absz_attack_angle__log_kernel_h0.5_m20,log_kernel_h0.5_m20,absz_attack_angle,all,False,False,unpooled,spearman,-0.024665699131605455,-0.09916815785827246,0.04920020229497267,0.70275,0.5947,0.0,19999,1000,465,640.0,560.0,43,40,99.0,92.0,35.863149688286924,34.057223116863504,0.10037898675967662,0.10174990155946814,0.18279375007876728,0.07713494149601419,0.07872361756267099,0.025388247313419304,0.5312540877560668,109,ok,0.8414623955431755,0.8498571428571429,1.0,840
full_year,absz_attack_angle__log_kernel_h0.5_m20,log_kernel_h0.5_m20,absz_attack_angle,all,False,False,unpooled,kendall,-0.01611049314052651,-0.06615692849656155,0.034480770517209255,0.6979,0.60405,0.0,19999,1000,465,640.0,560.0,43,40,99.0,92.0,35.863149688286924,34.057223116863504,0.10037898675967662,0.10174990155946814,0.18279375007876728,0.07713494149601419,0.07872361756267099,0.025388247313419304,0.5312540877560668,109,ok,0.8414623955431755,0.8514161073825502,1.0,840
full_year,absz_attack_angle__log_kernel_h0.5_m20,log_kernel_h0.5_m20,absz_attack_angle,all,False,False,unpooled,quartile_trend,-0.027927009302397204,-0.1050919419328422,0.049846756957624694,0.73075,0.54315,0.0,19999,1000,465,640.0,560.0,43,40,99.0,92.0,35.863149688286924,34.057223116863504,0.10037898675967662,0.10174990155946814,0.18279375007876728,0.07713494149601419,0.07872361756267099,0.025388247313419304,0.5312540877560668,109,ok,0.8454958677685951,0.8406823104693141,1.0,840
full_year,absz_attack_angle__log_kernel_h0.5_m20,log_kernel_h0.5_m20,absz_attack_angle,all,False,False,unpooled,decile_trend,-0.025922910331529377,-0.10053086249404714,0.047626678880657275,0.7124,0.5764,0.0,19999,1000,465,640.0,560.0,43,40,99.0,92.0,35.863149688286924,34.057223116863504,0.10037898675967662,0.10174990155946814,0.18279375007876728,0.07713494149601419,0.07872361756267099,0.025388247313419304,0.5312540877560668,109,ok,0.8414623955431755,0.8498571428571429,1.0,840
full_year,absz_attack_angle__log_kernel_h0.5_m20,log_kernel_h0.5_m20,absz_attack_angle,all,False,False,unpooled,top_quartile_retention,0.24770642201834864,0.18017117117117115,0.3211569826707441,0.4527,0.90115,0.23870967741935484,19999,1000,465,640.0,560.0,43,40,99.0,92.0,35.863149688286924,34.057223116863504,0.10037898675967662,0.10174990155946814,0.18279375007876728,0.07713494149601419,0.07872361756267099,0.025388247313419304,0.5312540877560668,109,ok,0.6839352517985611,0.9639239543726235,1.0,840
full_year,absz_attack_angle__log_kernel_h0.5_m20,log_kernel_h0.5_m20,absz_attack_angle,all,False,False,pooled,spearman,-0.022043687072426682,-0.09944760899633555,0.05749570558076929,0.6822,0.63205,0.0,19999,1000,465,640.0,560.0,43,40,99.0,92.0,35.863149688286924,34.057223116863504,0.10037898675967662,0.10174990155946814,0.18279375007876728,0.07713494149601419,0.06618369480634181,0.042558374350136305,0.5312540877560668,119,ok,0.8414623955431755,0.8579127625201939,1.0,840
full_year,absz_attack_angle__log_kernel_h0.5_m20,log_kernel_h0.5_m20,absz_attack_angle,all,False,False,pooled,kendall,-0.015591397849462363,-0.06839634959812282,0.03723094014097579,0.6936,0.6107,0.0,19999,1000,465,640.0,560.0,43,40,99.0,92.0,35.863149688286924,34.057223116863504,0.10037898675967662,0.10174990155946814,0.18279375007876728,0.07713494149601419,0.06618369480634181,0.042558374350136305,0.5312540877560668,119,ok,0.8414623955431755,0.8569682804674457,1.0,840
full_year,absz_attack_angle__log_kernel_h0.5_m20,log_kernel_h0.5_m20,absz_attack_angle,all,False,False,pooled,quartile_trend,-0.03279923908264317,-0.110561458676846,0.041244818226308634,0.76,0.47945,0.0,19999,1000,465,640.0,560.0,43,40,99.0,92.0,35.863149688286924,34.057223116863504,0.10037898675967662,0.10174990155946814,0.18279375007876728,0.07713494149601419,0.06618369480634181,0.042558374350136305,0.5312540877560668,119,ok,0.8544866310160428,0.8138666666666667,1.0,840
full_year,absz_attack_angle__log_kernel_h0.5_m20,log_kernel_h0.5_m20,absz_attack_angle,all,False,False,pooled,decile_trend,-0.02198801108542291,-0.09979953450008833,0.05337373568414557,0.6854,0.6298,0.0,19999,1000,465,640.0,560.0,43,40,99.0,92.0,35.863149688286924,34.057223116863504,0.10037898675967662,0.10174990155946814,0.18279375007876728,0.07713494149601419,0.06618369480634181,0.042558374350136305,0.5312540877560668,119,ok,0.8414623955431755,0.8579127625201939,1.0,840
full_year,absz_attack_angle__log_kernel_h0.5_m20,log_kernel_h0.5_m20,absz_attack_angle,all,False,False,pooled,top_quartile_retention,0.25210084033613445,0.19047619047619047,0.3211173001310616,0.67915,0.8069,0.2645161290322581,19999,1000,465,640.0,560.0,43,40,99.0,92.0,35.863149688286924,34.057223116863504,0.10037898675967662,0.10174990155946814,0.18279375007876728,0.07713494149601419,0.06618369480634181,0.042558374350136305,0.5312540877560668,119,ok,0.8414623955431755,0.9203527815468113,1.0,840
full_year,absz_attack_angle__log_kernel_h1_m5,log_kernel_h1_m5,absz_attack_angle,all,False,False,unpooled,spearman,0.02900361393441449,-0.042950705141450086,0.10837449795389041,0.26555,0.531,0.0,19999,1000,465,640.0,560.0,43,40,99.0,92.0,25.6612044761499,25.211996482995083,0.1204724312353463,0.11969338169347217,0.18119341340425502,0.10211025616136238,0.0986172046193434,0.07612511756028398,0.5269137859424158,112,ok,0.5163472222222223,0.8306145251396648,1.0,840
full_year,absz_attack_angle__log_kernel_h1_m5,log_kernel_h1_m5,absz_attack_angle,all,False,False,unpooled,kendall,0.018743047830923246,-0.029251037325216018,0.07253095596034204,0.2721,0.544,0.0,19999,1000,465,640.0,560.0,43,40,99.0,92.0,25.6612044761499,25.211996482995083,0.1204724312353463,0.11969338169347217,0.18119341340425502,0.10211025616136238,0.0986172046193434,0.07612511756028398,0.5269137859424158,112,ok,0.5226560364464693,0.8406823104693141,1.0,840
full_year,absz_attack_angle__log_kernel_h1_m5,log_kernel_h1_m5,absz_attack_angle,all,False,False,unpooled,quartile_trend,0.00847977214637798,-0.06342385768681222,0.08589793169956168,0.4236,0.8537,0.0,19999,1000,465,640.0,560.0,43,40,99.0,92.0,25.6612044761499,25.211996482995083,0.1204724312353463,0.11969338169347217,0.18119341340425502,0.10211025616136238,0.0986172046193434,0.07612511756028398,0.5269137859424158,112,ok,0.6612467532467533,0.9460527704485489,1.0,840
full_year,absz_attack_angle__log_kernel_h1_m5,log_kernel_h1_m5,absz_attack_angle,all,False,False,unpooled,decile_trend,0.024844454293034866,-0.047656389736741425,0.1040705860260355,0.294,0.59115,0.0,19999,1000,465,640.0,560.0,43,40,99.0,92.0,25.6612044761499,25.211996482995083,0.1204724312353463,0.11969338169347217,0.18119341340425502,0.10211025616136238,0.0986172046193434,0.07612511756028398,0.5269137859424158,112,ok,0.5488,0.8498571428571429,1.0,840
full_year,absz_attack_angle__log_kernel_h1_m5,log_kernel_h1_m5,absz_attack_angle,all,False,False,unpooled,top_quartile_retention,0.25892857142857145,0.19264290755116445,0.33044196909809553,0.3645,0.7009,0.24301075268817204,19999,1000,465,640.0,560.0,43,40,99.0,92.0,25.6612044761499,25.211996482995083,0.1204724312353463,0.11969338169347217,0.18119341340425502,0.10211025616136238,0.0986172046193434,0.07612511756028398,0.5269137859424158,112,ok,0.6148192771084338,0.8885739130434782,1.0,840
full_year,absz_attack_angle__log_kernel_h1_m5,log_kernel_h1_m5,absz_attack_angle,all,False,False,pooled,spearman,0.022351969522645572,-0.0564964834732839,0.10495299999403185,0.31455,0.62885,0.0,19999,1000,465,640.0,560.0,43,40,99.0,92.0,25.6612044761499,25.211996482995083,0.1204724312353463,0.11969338169347217,0.18119341340425502,0.10211025616136238,0.08303694615380944,0.07143619281318776,0.5269137859424158,122,ok,0.5717624190064795,0.8579127625201939,1.0,840
full_year,absz_attack_angle__log_kernel_h1_m5,log_kernel_h1_m5,absz_attack_angle,all,False,False,pooled,kendall,0.014312198739340008,-0.03795375220201404,0.07017325349991901,0.3205,0.64265,0.0,19999,1000,465,640.0,560.0,43,40,99.0,92.0,25.6612044761499,25.211996482995083,0.1204724312353463,0.11969338169347217,0.18119341340425502,0.10211025616136238,0.08303694615380944,0.07143619281318776,0.5269137859424158,122,ok,0.578967741935484,0.8626102236421725,1.0,840
full_year,absz_attack_angle__log_kernel_h1_m5,log_kernel_h1_m5,absz_attack_angle,all,False,False,pooled,quartile_trend,0.01366465668687476,-0.06232469025863505,0.09398894820072036,0.3847,0.7682,0.0,19999,1000,465,640.0,560.0,43,40,99.0,92.0,25.6612044761499,25.211996482995083,0.1204724312353463,0.11969338169347217,0.18119341340425502,0.10211025616136238,0.08303694615380944,0.07143619281318776,0.5269137859424158,122,ok,0.6299181286549707,0.9153021276595745,1.0,840
full_year,absz_attack_angle__log_kernel_h1_m5,log_kernel_h1_m5,absz_attack_angle,all,False,False,pooled,decile_trend,0.016717076194017595,-0.062314805769016345,0.10071011502419264,0.3577,0.7174,0.0,19999,1000,465,640.0,560.0,43,40,99.0,92.0,25.6612044761499,25.211996482995083,0.1204724312353463,0.11969338169347217,0.18119341340425502,0.10211025616136238,0.08303694615380944,0.07143619281318776,0.5269137859424158,122,ok,0.6124363636363637,0.8885739130434782,1.0,840
full_year,absz_attack_angle__log_kernel_h1_m5,log_kernel_h1_m5,absz_attack_angle,all,False,False,pooled,top_quartile_retention,0.2540983606557377,0.19083969465648856,0.3248168498168498,0.68335,0.7211,0.26666666666666666,19999,1000,465,640.0,560.0,43,40,99.0,92.0,25.6612044761499,25.211996482995083,0.1204724312353463,0.11969338169347217,0.18119341340425502,0.10211025616136238,0.08303694615380944,0.07143619281318776,0.5269137859424158,122,ok,0.8414623955431755,0.8885739130434782,1.0,840
full_year,absz_attack_angle__log_kernel_h2_m5,log_kernel_h2_m5,absz_attack_angle,all,False,False,unpooled,spearman,0.06364152825982136,-0.008342935891576218,0.14705881872939822,0.0866,0.17365,0.0,19999,1000,465,640.0,560.0,43,40,99.0,92.0,31.983308663379468,30.932835210435556,0.10903739873032917,0.1088804772603404,0.17750862791268712,0.11990102817297943,0.09833374708187925,0.11402261454071527,0.5273531152878497,112,ok,0.30002459016393446,0.5504377358490565,1.0,840
full_year,absz_attack_angle__log_kernel_h2_m5,log_kernel_h2_m5,absz_attack_angle,all,False,False,unpooled,kendall,0.042843900630329994,-0.006441012160695656,0.09910597097606715,0.0848,0.17075,0.0,19999,1000,465,640.0,560.0,43,40,99.0,92.0,31.983308663379468,30.932835210435556,0.10903739873032917,0.1088804772603404,0.17750862791268712,0.11990102817297943,0.09833374708187925,0.11402261454071527,0.5273531152878497,112,ok,0.2967883817427386,0.5471136363636363,1.0,840
full_year,absz_attack_angle__log_kernel_h2_m5,log_kernel_h2_m5,absz_attack_angle,all,False,False,unpooled,quartile_trend,0.05945993530600634,-0.01340769513760842,0.14040262721829713,0.09965,0.20065,0.0,19999,1000,465,640.0,560.0,43,40,99.0,92.0,31.983308663379468,30.932835210435556,0.10903739873032917,0.1088804772603404,0.17750862791268712,0.11990102817297943,0.09833374708187925,0.11402261454071527,0.5273531152878497,112,ok,0.3146842105263158,0.5767248322147651,1.0,840
full_year,absz_attack_angle__log_kernel_h2_m5,log_kernel_h2_m5,absz_attack_angle,all,False,False,unpooled,decile_trend,0.0620580770208527,-0.009917642038875418,0.14387520249175956,0.0921,0.18365,0.0,19999,1000,465,640.0,560.0,43,40,99.0,92.0,31.983308663379468,30.932835210435556,0.10903739873032917,0.1088804772603404,0.17750862791268712,0.11990102817297943,0.09833374708187925,0.11402261454071527,0.5273531152878497,112,ok,0.3010272373540856,0.5576750902527076,1.0,840
full_year,absz_attack_angle__log_kernel_h2_m5,log_kernel_h2_m5,absz_attack_angle,all,False,False,unpooled,top_quartile_retention,0.32142857142857145,0.2523364485981308,0.4000819672131147,0.0163,0.02345,0.24086021505376345,19999,1000,465,640.0,560.0,43,40,99.0,92.0,31.983308663379468,30.932835210435556,0.10903739873032917,0.1088804772603404,0.17750862791268712,0.11990102817297943,0.09833374708187925,0.11402261454071527,0.5273531152878497,112,ok,0.10451908396946563,0.17165217391304347,0.7641612516779057,840
full_year,absz_attack_angle__log_kernel_h2_m5,log_kernel_h2_m5,absz_attack_angle,all,False,False,pooled,spearman,0.0673350694858856,-0.012554852716121292,0.1438814443406721,0.07395,0.1464,0.0,19999,1000,465,640.0,560.0,43,40,99.0,92.0,31.983308663379468,30.932835210435556,0.10903739873032917,0.1088804772603404,0.17750862791268712,0.11990102817297943,0.1122642230041009,0.11398406431562014,0.5273531152878497,123,ok,0.27912107623318383,0.5067654320987655,1.0,840
full_year,absz_attack_angle__log_kernel_h2_m5,log_kernel_h2_m5,absz_attack_angle,all,False,False,pooled,kendall,0.045420837968112714,-0.007475926695147739,0.09788445012316056,0.07235,0.14265,0.0,19999,1000,465,640.0,560.0,43,40,99.0,92.0,31.983308663379468,30.932835210435556,0.10903739873032917,0.1088804772603404,0.17750862791268712,0.11990102817297943,0.1122642230041009,0.11398406431562014,0.5273531152878497,123,ok,0.27499547511312217,0.50015,1.0,840
full_year,absz_attack_angle__log_kernel_h2_m5,log_kernel_h2_m5,absz_attack_angle,all,False,False,pooled,quartile_trend,0.04506753755757256,-0.033403759191447426,0.12129373050701,0.164,0.3289,0.0,19999,1000,465,640.0,560.0,43,40,99.0,92.0,31.983308663379468,30.932835210435556,0.10903739873032917,0.1088804772603404,0.17750862791268712,0.11990102817297943,0.1122642230041009,0.11398406431562014,0.5273531152878497,123,ok,0.4032982456140351,0.7102210796915167,1.0,840
full_year,absz_attack_angle__log_kernel_h2_m5,log_kernel_h2_m5,absz_attack_angle,all,False,False,pooled,decile_trend,0.06503667262119706,-0.01381417525108481,0.14157296679407566,0.08075,0.16045,0.0,19999,1000,465,640.0,560.0,43,40,99.0,92.0,31.983308663379468,30.932835210435556,0.10903739873032917,0.1088804772603404,0.17750862791268712,0.11990102817297943,0.1122642230041009,0.11398406431562014,0.5273531152878497,123,ok,0.2886382978723404,0.5306220472440946,1.0,840
full_year,absz_attack_angle__log_kernel_h2_m5,log_kernel_h2_m5,absz_attack_angle,all,False,False,pooled,top_quartile_retention,0.2764227642276423,0.21089482668067228,0.3435233778625954,0.477,0.90265,0.2709677419354839,19999,1000,465,640.0,560.0,43,40,99.0,92.0,31.983308663379468,30.932835210435556,0.10903739873032917,0.1088804772603404,0.17750862791268712,0.11990102817297943,0.1122642230041009,0.11398406431562014,0.5273531152878497,123,ok,0.7017162872154116,0.9639239543726235,1.0,840
full_year,absz_attack_angle__log_kernel_h2_m20,log_kernel_h2_m20,absz_attack_angle,all,False,False,unpooled,spearman,0.06084836752328529,-0.023523117602371392,0.14380549183308788,0.09465,0.18865,0.0,19999,1000,465,640.0,560.0,43,40,99.0,92.0,57.757959124801566,56.64902012324762,0.08266214391290368,0.08179570983471367,0.17018398101112114,0.11912755081154106,0.08879704201616485,0.10468283786944962,0.5276356180209771,113,ok,0.3051787072243346,0.5593098591549296,1.0,840
full_year,absz_attack_angle__log_kernel_h2_m20,log_kernel_h2_m20,absz_attack_angle,all,False,False,unpooled,kendall,0.04169447534297367,-0.014538901382865796,0.09700327527854898,0.0885,0.17675,0.0,19999,1000,465,640.0,560.0,43,40,99.0,92.0,57.757959124801566,56.64902012324762,0.08266214391290368,0.08179570983471367,0.17018398101112114,0.11912755081154106,0.08879704201616485,0.10468283786944962,0.5276356180209771,113,ok,0.3010272373540856,0.552089219330855,1.0,840
full_year,absz_attack_angle__log_kernel_h2_m20,log_kernel_h2_m20,absz_attack_angle,all,False,False,unpooled,quartile_trend,0.05573613004235987,-0.027004497708771155,0.13387363809943775,0.11475,0.2281,0.0,19999,1000,465,640.0,560.0,43,40,99.0,92.0,57.757959124801566,56.64902012324762,0.08266214391290368,0.08179570983471367,0.17018398101112114,0.11912755081154106,0.08879704201616485,0.10468283786944962,0.5276356180209771,113,ok,0.3394014084507042,0.6082666666666666,1.0,840
full_year,absz_attack_angle__log_kernel_h2_m20,log_kernel_h2_m20,absz_attack_angle,all,False,False,unpooled,decile_trend,0.05901039612808125,-0.024621823892833457,0.140563704469985,0.10135,0.20275,0.0,19999,1000,465,640.0,560.0,43,40,99.0,92.0,57.757959124801566,56.64902012324762,0.08266214391290368,0.08179570983471367,0.17018398101112114,0.11912755081154106,0.08879704201616485,0.10468283786944962,0.5276356180209771,113,ok,0.31593333333333334,0.5767248322147651,1.0,840
full_year,absz_attack_angle__log_kernel_h2_m20,log_kernel_h2_m20,absz_attack_angle,all,False,False,unpooled,top_quartile_retention,0.2831858407079646,0.21100917431192662,0.35338669950738916,0.12445,0.20155,0.23870967741935484,19999,1000,465,640.0,560.0,43,40,99.0,92.0,57.757959124801566,56.64902012324762,0.08266214391290368,0.08179570983471367,0.17018398101112114,0.11912755081154106,0.08879704201616485,0.10468283786944962,0.5276356180209771,113,ok,0.3543661016949153,0.5767248322147651,1.0,840
full_year,absz_attack_angle__log_kernel_h2_m20,log_kernel_h2_m20,absz_attack_angle,all,False,False,pooled,spearman,0.06233822034019679,-0.015555708003727853,0.14006909321085276,0.08785,0.18065,0.0,19999,1000,465,640.0,560.0,43,40,99.0,92.0,57.757959124801566,56.64902012324762,0.08266214391290368,0.08179570983471367,0.17018398101112114,0.11912755081154106,0.11607735347333949,0.10969639609103106,0.5276356180209771,124,ok,0.3010272373540856,0.5558461538461539,1.0,840
full_year,absz_attack_angle__log_kernel_h2_m20,log_kernel_h2_m20,absz_attack_angle,all,False,False,pooled,kendall,0.04104560622914349,-0.01188136304292402,0.09450804058526288,0.09105,0.1876,0.0,19999,1000,465,640.0,560.0,43,40,99.0,92.0,57.757959124801566,56.64902012324762,0.08266214391290368,0.08179570983471367,0.17018398101112114,0.11912755081154106,0.11607735347333949,0.10969639609103106,0.5276356180209771,124,ok,0.3010272373540856,0.5593098591549296,1.0,840
full_year,absz_attack_angle__log_kernel_h2_m20,log_kernel_h2_m20,absz_attack_angle,all,False,False,pooled,quartile_trend,0.05487825291635617,-0.01763706417518443,0.13534092570039044,0.1162,0.23935,0.0,19999,1000,465,640.0,560.0,43,40,99.0,92.0,57.757959124801566,56.64902012324762,0.08266214391290368,0.08179570983471367,0.17018398101112114,0.11912755081154106,0.11607735347333949,0.10969639609103106,0.5276356180209771,124,ok,0.34008333333333335,0.6167300613496932,1.0,840
full_year,absz_attack_angle__log_kernel_h2_m20,log_kernel_h2_m20,absz_attack_angle,all,False,False,pooled,decile_trend,0.05449195408662064,-0.0202940491492585,0.13228829397723327,0.1162,0.2386,0.0,19999,1000,465,640.0,560.0,43,40,99.0,92.0,57.757959124801566,56.64902012324762,0.08266214391290368,0.08179570983471367,0.17018398101112114,0.11912755081154106,0.11607735347333949,0.10969639609103106,0.5276356180209771,124,ok,0.34008333333333335,0.6166892307692308,1.0,840
full_year,absz_attack_angle__log_kernel_h2_m20,log_kernel_h2_m20,absz_attack_angle,all,False,False,pooled,top_quartile_retention,0.25806451612903225,0.1984702532412456,0.3233193277310924,0.7042,0.7192,0.2731182795698925,19999,1000,465,640.0,560.0,43,40,99.0,92.0,57.757959124801566,56.64902012324762,0.08266214391290368,0.08179570983471367,0.17018398101112114,0.11912755081154106,0.11607735347333949,0.10969639609103106,0.5276356180209771,124,ok,0.8414623955431755,0.8885739130434782,1.0,840
full_year,absz_attack_angle__linear_exposure_pitcher,linear_exposure_pitcher,absz_attack_angle,all,False,False,unpooled,spearman,0.05076742398563974,-0.026823317100422395,0.12984309228235705,0.13175,0.27145,0.0,19999,1000,465,640.0,560.0,43,40,99.0,92.0,651.3099623373058,632.8676350113744,0.0230520519273345,0.023335164196340758,0.1710684009415767,0.11396146377315775,0.039645266318799624,0.08321119794526108,0.46661144714919295,110,ok,0.36027272727272724,0.6558370786516854,1.0,840
full_year,absz_attack_angle__linear_exposure_pitcher,linear_exposure_pitcher,absz_attack_angle,all,False,False,unpooled,kendall,0.03637374860956619,-0.018415464580722907,0.09078308024022788,0.1154,0.238,0.0,19999,1000,465,640.0,560.0,43,40,99.0,92.0,651.3099623373058,632.8676350113744,0.0230520519273345,0.023335164196340758,0.1710684009415767,0.11396146377315775,0.039645266318799624,0.08321119794526108,0.46661144714919295,110,ok,0.34008333333333335,0.6166892307692308,1.0,840
full_year,absz_attack_angle__linear_exposure_pitcher,linear_exposure_pitcher,absz_attack_angle,all,False,False,unpooled,quartile_trend,0.05739118404465626,-0.021530922818370237,0.13425100276150945,0.1046,0.2148,0.0,19999,1000,465,640.0,560.0,43,40,99.0,92.0,651.3099623373058,632.8676350113744,0.0230520519273345,0.023335164196340758,0.1710684009415767,0.11396146377315775,0.039645266318799624,0.08321119794526108,0.46661144714919295,110,ok,0.32179636363636366,0.5957623762376238,1.0,840
full_year,absz_attack_angle__linear_exposure_pitcher,linear_exposure_pitcher,absz_attack_angle,all,False,False,unpooled,decile_trend,0.05117367121811522,-0.026950534142585095,0.13090027575844862,0.12945,0.2679,0.0,19999,1000,465,640.0,560.0,43,40,99.0,92.0,651.3099623373058,632.8676350113744,0.0230520519273345,0.023335164196340758,0.1710684009415767,0.11396146377315775,0.039645266318799624,0.08321119794526108,0.46661144714919295,110,ok,0.3588712871287129,0.6558370786516854,1.0,840
full_year,absz_attack_angle__linear_exposure_pitcher,linear_exposure_pitcher,absz_attack_angle,all,False,False,unpooled,top_quartile_retention,0.3,0.2301552184295547,0.3711340206185567,0.09945,0.16415,0.24946236559139784,19999,1000,465,640.0,560.0,43,40,99.0,92.0,651.3099623373058,632.8676350113744,0.0230520519273345,0.023335164196340758,0.1710684009415767,0.11396146377315775,0.039645266318799624,0.08321119794526108,0.46661144714919295,110,ok,0.3146842105263158,0.5386171875,1.0,840
full_year,absz_attack_angle__linear_exposure_pitcher,linear_exposure_pitcher,absz_attack_angle,all,False,False,pooled,spearman,0.031170303675519293,-0.04483052135666101,0.10857258469493061,0.24695,0.49875,0.0,19999,1000,465,640.0,560.0,43,40,99.0,92.0,651.3099623373058,632.8676350113744,0.0230520519273345,0.023335164196340758,0.1710684009415767,0.11396146377315775,0.04873524230547056,0.09238388385760049,0.46661144714919295,123,ok,0.5047153284671533,0.8206768060836502,1.0,840
full_year,absz_attack_angle__linear_exposure_pitcher,linear_exposure_pitcher,absz_attack_angle,all,False,False,pooled,kendall,0.021282906933629955,-0.029742401494877124,0.07334061268074087,0.24235,0.4905,0.0,19999,1000,465,640.0,560.0,43,40,99.0,92.0,651.3099623373058,632.8676350113744,0.0230520519273345,0.023335164196340758,0.1710684009415767,0.11396146377315775,0.04873524230547056,0.09238388385760049,0.46661144714919295,123,ok,0.5014137931034484,0.8206768060836502,1.0,840
full_year,absz_attack_angle__linear_exposure_pitcher,linear_exposure_pitcher,absz_attack_angle,all,False,False,pooled,quartile_trend,0.025243004546362524,-0.048592729632905604,0.1008952503261742,0.2884,0.58695,0.0,19999,1000,465,640.0,560.0,43,40,99.0,92.0,651.3099623373058,632.8676350113744,0.0230520519273345,0.023335164196340758,0.1710684009415767,0.11396146377315775,0.04873524230547056,0.09238388385760049,0.46661144714919295,123,ok,0.5419597315436242,0.8498571428571429,1.0,840
full_year,absz_attack_angle__linear_exposure_pitcher,linear_exposure_pitcher,absz_attack_angle,all,False,False,pooled,decile_trend,0.03392380530085375,-0.03883675886890095,0.11047755112667056,0.22935,0.46345,0.0,19999,1000,465,640.0,560.0,43,40,99.0,92.0,651.3099623373058,632.8676350113744,0.0230520519273345,0.023335164196340758,0.1710684009415767,0.11396146377315775,0.04873524230547056,0.09238388385760049,0.46661144714919295,123,ok,0.4828421052631579,0.8058641975308641,1.0,840
full_year,absz_attack_angle__linear_exposure_pitcher,linear_exposure_pitcher,absz_attack_angle,all,False,False,pooled,top_quartile_retention,0.2601626016260163,0.19852029654837142,0.3305785123966942,0.7039,0.72615,0.2752688172043011,19999,1000,465,640.0,560.0,43,40,99.0,92.0,651.3099623373058,632.8676350113744,0.0230520519273345,0.023335164196340758,0.1710684009415767,0.11396146377315775,0.04873524230547056,0.09238388385760049,0.46661144714919295,123,ok,0.8414623955431755,0.8885739130434782,1.0,840
full_year,absz_attack_angle__saturating_exposure_pitcher,saturating_exposure_pitcher,absz_attack_angle,all,False,False,unpooled,spearman,0.03507405414301908,-0.04213815570739227,0.11475087356266657,0.23,0.45335,0.0,19999,1000,460,648.0,571.0,43,40,99.5,92.5,17.742083755233594,17.41370007814426,0.1489943881813598,0.14202401415298704,0.10634863680488087,0.032548135546640315,0.09689611831403001,0.1311396022460039,0.5137638317925807,110,ok,0.48300000000000004,0.8051035940803382,1.0,840
full_year,absz_attack_angle__saturating_exposure_pitcher,saturating_exposure_pitcher,absz_attack_angle,all,False,False,unpooled,kendall,0.02421142369991475,-0.027397285029890375,0.07887412948925146,0.2219,0.43775,0.0,19999,1000,460,648.0,571.0,43,40,99.5,92.5,17.742083755233594,17.41370007814426,0.1489943881813598,0.14202401415298704,0.10634863680488087,0.032548135546640315,0.09689611831403001,0.1311396022460039,0.5137638317925807,110,ok,0.4791670951156812,0.7941900647948164,1.0,840
full_year,absz_attack_angle__saturating_exposure_pitcher,saturating_exposure_pitcher,absz_attack_angle,all,False,False,unpooled,quartile_trend,0.030805813057664735,-0.045120941134470176,0.10842840002847472,0.25905,0.5097,0.0,19999,1000,460,648.0,571.0,43,40,99.5,92.5,17.742083755233594,17.41370007814426,0.1489943881813598,0.14202401415298704,0.10634863680488087,0.032548135546640315,0.09689611831403001,0.1311396022460039,0.5137638317925807,110,ok,0.5132122641509435,0.8206768060836502,1.0,840
full_year,absz_attack_angle__saturating_exposure_pitcher,saturating_exposure_pitcher,absz_attack_angle,all,False,False,unpooled,decile_trend,0.04226029716256753,-0.034023267340743624,0.12222975066674746,0.1858,0.36435,0.0,19999,1000,460,648.0,571.0,43,40,99.5,92.5,17.742083755233594,17.41370007814426,0.1489943881813598,0.14202401415298704,0.10634863680488087,0.032548135546640315,0.09689611831403001,0.1311396022460039,0.5137638317925807,110,ok,0.4258365122615803,0.7355971563981042,1.0,840
full_year,absz_attack_angle__saturating_exposure_pitcher,saturating_exposure_pitcher,absz_attack_angle,all,False,False,unpooled,top_quartile_retention,0.2545454545454545,0.18744703389830508,0.32407407407407407,0.26365,0.51365,0.22826086956521738,19999,1000,460,648.0,571.0,43,40,99.5,92.5,17.742083755233594,17.41370007814426,0.1489943881813598,0.14202401415298704,0.10634863680488087,0.032548135546640315,0.09689611831403001,0.1311396022460039,0.5137638317925807,110,ok,0.5154988399071926,0.8206768060836502,1.0,840
full_year,absz_attack_angle__saturating_exposure_pitcher,saturating_exposure_pitcher,absz_attack_angle,all,False,False,pooled,spearman,0.03415878722201572,-0.044641632816551646,0.10976686037363682,0.2329,0.464,0.0,19999,1000,460,648.0,571.0,43,40,99.5,92.5,17.742083755233594,17.41370007814426,0.1489943881813598,0.14202401415298704,0.10634863680488087,0.032548135546640315,0.07178952312793459,0.12930327401481514,0.5137638317925807,123,ok,0.48544913151364766,0.8058641975308641,1.0,840
full_year,absz_attack_angle__saturating_exposure_pitcher,saturating_exposure_pitcher,absz_attack_angle,all,False,False,pooled,kendall,0.02102870133560671,-0.03151095901110169,0.07273319210254281,0.25095,0.501,0.0,19999,1000,460,648.0,571.0,43,40,99.5,92.5,17.742083755233594,17.41370007814426,0.1489943881813598,0.14202401415298704,0.10634863680488087,0.032548135546640315,0.07178952312793459,0.12930327401481514,0.5137638317925807,123,ok,0.506115107913669,0.8206768060836502,1.0,840
full_year,absz_attack_angle__saturating_exposure_pitcher,saturating_exposure_pitcher,absz_attack_angle,all,False,False,pooled,quartile_trend,0.03175966680169012,-0.04699264635220895,0.10943727399190394,0.2509,0.49825,0.0,19999,1000,460,648.0,571.0,43,40,99.5,92.5,17.742083755233594,17.41370007814426,0.1489943881813598,0.14202401415298704,0.10634863680488087,0.032548135546640315,0.07178952312793459,0.12930327401481514,0.5137638317925807,123,ok,0.506115107913669,0.8206768060836502,1.0,840
full_year,absz_attack_angle__saturating_exposure_pitcher,saturating_exposure_pitcher,absz_attack_angle,all,False,False,pooled,decile_trend,0.03205415919785373,-0.04553673400394723,0.10906067759507772,0.24475,0.4897,0.0,19999,1000,460,648.0,571.0,43,40,99.5,92.5,17.742083755233594,17.41370007814426,0.1489943881813598,0.14202401415298704,0.10634863680488087,0.032548135546640315,0.07178952312793459,0.12930327401481514,0.5137638317925807,123,ok,0.5038970588235294,0.8206768060836502,1.0,840
full_year,absz_attack_angle__saturating_exposure_pitcher,saturating_exposure_pitcher,absz_attack_angle,all,False,False,pooled,top_quartile_retention,0.22764227642276422,0.1654073199527745,0.29231494920174167,0.85265,0.39625,0.25869565217391305,19999,1000,460,648.0,571.0,43,40,99.5,92.5,17.742083755233594,17.41370007814426,0.1489943881813598,0.14202401415298704,0.10634863680488087,0.032548135546640315,0.07178952312793459,0.12930327401481514,0.5137638317925807,123,ok,0.8952825,0.7669354838709677,1.0,840
full_year,absz_attack_direction__log_exposure_pitcher,log_exposure_pitcher,absz_attack_direction,all,False,False,unpooled,spearman,0.03841082366196107,-0.03988241324202889,0.12116337364651623,0.2055,0.4083,0.0,19999,1000,465,640.0,560.0,43,40,99.0,92.0,81.87396376665937,80.8172362291269,0.06762041396889928,0.06764897815556002,0.10758703697955999,0.20370786387216278,0.051638086190187484,0.012184019439816297,0.5572254818181385,106,ok,0.4568888888888889,0.7742031602708803,1.0,840
full_year,absz_attack_direction__log_exposure_pitcher,log_exposure_pitcher,absz_attack_direction,all,False,False,unpooled,kendall,0.028457545420837966,-0.023578288452682,0.08402016147715108,0.18125,0.3589,0.0,19999,1000,465,640.0,560.0,43,40,99.0,92.0,81.87396376665937,80.8172362291269,0.06762041396889928,0.06764897815556002,0.10758703697955999,0.20370786387216278,0.051638086190187484,0.012184019439816297,0.5572254818181385,106,ok,0.4187342465753425,0.7282028985507246,1.0,840
full_year,absz_attack_direction__log_exposure_pitcher,log_exposure_pitcher,absz_attack_direction,all,False,False,unpooled,quartile_trend,0.0458560509869775,-0.029213299395878033,0.1290149649827628,0.1623,0.3239,0.0,19999,1000,465,640.0,560.0,43,40,99.0,92.0,81.87396376665937,80.8172362291269,0.06762041396889928,0.06764897815556002,0.10758703697955999,0.20370786387216278,0.051638086190187484,0.012184019439816297,0.5572254818181385,106,ok,0.4031504424778761,0.7062061855670103,1.0,840
full_year,absz_attack_direction__log_exposure_pitcher,log_exposure_pitcher,absz_attack_direction,all,False,False,unpooled,decile_trend,0.04495286674009301,-0.030909472897409217,0.12725845069818048,0.16675,0.33245,0.0,19999,1000,465,640.0,560.0,43,40,99.0,92.0,81.87396376665937,80.8172362291269,0.06762041396889928,0.06764897815556002,0.10758703697955999,0.20370786387216278,0.051638086190187484,0.012184019439816297,0.5572254818181385,106,ok,0.40332,0.711778337531486,1.0,840
full_year,absz_attack_direction__log_exposure_pitcher,log_exposure_pitcher,absz_attack_direction,all,False,False,unpooled,top_quartile_retention,0.32075471698113206,0.25528904054596546,0.40404040404040403,0.00965,0.0128,0.23010752688172043,19999,1000,465,640.0,560.0,43,40,99.0,92.0,81.87396376665937,80.8172362291269,0.06762041396889928,0.06764897815556002,0.10758703697955999,0.20370786387216278,0.051638086190187484,0.012184019439816297,0.5572254818181385,106,ok,0.07869902912621358,0.1342962962962963,0.5753853393940226,840
full_year,absz_attack_direction__log_exposure_pitcher,log_exposure_pitcher,absz_attack_direction,all,False,False,pooled,spearman,0.054013758730492155,-0.021518313374871964,0.13656187991133426,0.12345,0.24715,0.0,19999,1000,465,640.0,560.0,43,40,99.0,92.0,81.87396376665937,80.8172362291269,0.06762041396889928,0.06764897815556002,0.10758703697955999,0.20370786387216278,0.06887946550053232,0.03349751989573537,0.5572254818181385,118,ok,0.35271428571428576,0.6253192771084337,1.0,840
full_year,absz_attack_direction__log_exposure_pitcher,log_exposure_pitcher,absz_attack_direction,all,False,False,pooled,kendall,0.037170930663700405,-0.014714413352601173,0.09501737576987544,0.1166,0.23305,0.0,19999,1000,465,640.0,560.0,43,40,99.0,92.0,81.87396376665937,80.8172362291269,0.06762041396889928,0.06764897815556002,0.10758703697955999,0.20370786387216278,0.06887946550053232,0.03349751989573537,0.5572254818181385,118,ok,0.34008333333333335,0.6136739811912225,1.0,840
full_year,absz_attack_direction__log_exposure_pitcher,log_exposure_pitcher,absz_attack_direction,all,False,False,pooled,quartile_trend,0.04510868224937112,-0.02998857214447699,0.12386227643864621,0.16795,0.3364,0.0,19999,1000,465,640.0,560.0,43,40,99.0,92.0,81.87396376665937,80.8172362291269,0.06762041396889928,0.06764897815556002,0.10758703697955999,0.20370786387216278,0.06887946550053232,0.03349751989573537,0.5572254818181385,118,ok,0.40332,0.711778337531486,1.0,840
full_year,absz_attack_direction__log_exposure_pitcher,log_exposure_pitcher,absz_attack_direction,all,False,False,pooled,decile_trend,0.05325809864828557,-0.021694233387081187,0.13422921755998685,0.12705,0.25295,0.0,19999,1000,465,640.0,560.0,43,40,99.0,92.0,81.87396376665937,80.8172362291269,0.06762041396889928,0.06764897815556002,0.10758703697955999,0.20370786387216278,0.06887946550053232,0.03349751989573537,0.5572254818181385,118,ok,0.3572093023255814,0.6361616766467066,1.0,840
full_year,absz_attack_direction__log_exposure_pitcher,log_exposure_pitcher,absz_attack_direction,all,False,False,pooled,top_quartile_retention,0.3474576271186441,0.276394729464536,0.4222493224932249,0.01845,0.03065,0.26881720430107525,19999,1000,465,640.0,560.0,43,40,99.0,92.0,81.87396376665937,80.8172362291269,0.06762041396889928,0.06764897815556002,0.10758703697955999,0.20370786387216278,0.06887946550053232,0.03349751989573537,0.5572254818181385,118,ok,0.11270503597122303,0.19749618320610687,0.8240104877242688,840
full_year,absz_attack_direction__log_exposure_pa,log_exposure_pa,absz_attack_direction,all,False,False,unpooled,spearman,0.0346496106785317,-0.04228336062414,0.11621265897059703,0.2292,0.45645,0.0,19999,1000,464,642.5,560.5,43,40,99.0,92.0,26.625646703590945,24.756705660146864,0.1181507246840601,0.11939492212976713,0.20728674885799897,0.11865309570132346,-0.0066332401972914465,0.047728577709333864,0.50988295129938,110,ok,0.4828421052631579,0.8055723270440253,1.0,840
full_year,absz_attack_direction__log_exposure_pa,log_exposure_pa,absz_attack_direction,all,False,False,unpooled,kendall,0.022938854546808666,-0.02864870672217314,0.07872064421802062,0.23155,0.46185,0.0,19999,1000,464,642.5,560.5,43,40,99.0,92.0,26.625646703590945,24.756705660146864,0.1181507246840601,0.11939492212976713,0.20728674885799897,0.11865309570132346,-0.0066332401972914465,0.047728577709333864,0.50988295129938,110,ok,0.48504239401496263,0.8058641975308641,1.0,840
full_year,absz_attack_direction__log_exposure_pa,log_exposure_pa,absz_attack_direction,all,False,False,unpooled,quartile_trend,0.028289199391773844,-0.04864735317784389,0.10676262044073999,0.2725,0.545,0.0,19999,1000,464,642.5,560.5,43,40,99.0,92.0,26.625646703590945,24.756705660146864,0.1181507246840601,0.11939492212976713,0.20728674885799897,0.11865309570132346,-0.0066332401972914465,0.047728577709333864,0.50988295129938,110,ok,0.5226560364464693,0.8406823104693141,1.0,840
full_year,absz_attack_direction__log_exposure_pa,log_exposure_pa,absz_attack_direction,all,False,False,unpooled,decile_trend,0.04499094904563162,-0.03127512639609843,0.12668147214281852,0.16805,0.3353,0.0,19999,1000,464,642.5,560.5,43,40,99.0,92.0,26.625646703590945,24.756705660146864,0.1181507246840601,0.11939492212976713,0.20728674885799897,0.11865309570132346,-0.0066332401972914465,0.047728577709333864,0.50988295129938,110,ok,0.40332,0.711778337531486,1.0,840
full_year,absz_attack_direction__log_exposure_pa,log_exposure_pa,absz_attack_direction,all,False,False,unpooled,top_quartile_retention,0.24545454545454545,0.18017117117117115,0.3157894736842105,0.62035,0.9012,0.2521551724137931,19999,1000,464,642.5,560.5,43,40,99.0,92.0,26.625646703590945,24.756705660146864,0.1181507246840601,0.11939492212976713,0.20728674885799897,0.11865309570132346,-0.0066332401972914465,0.047728577709333864,0.50988295129938,110,ok,0.818043956043956,0.9639239543726235,1.0,840
full_year,absz_attack_direction__log_exposure_pa,log_exposure_pa,absz_attack_direction,all,False,False,pooled,spearman,0.06599221116815661,-0.009807905506474757,0.14223706367478872,0.07825,0.1586,0.0,19999,1000,464,642.5,560.5,43,40,99.0,92.0,26.625646703590945,24.756705660146864,0.1181507246840601,0.11939492212976713,0.20728674885799897,0.11865309570132346,0.022148559594654005,0.0033557804808318336,0.50988295129938,122,ok,0.28454545454545455,0.5265770750988142,1.0,840
full_year,absz_attack_direction__log_exposure_pa,log_exposure_pa,absz_attack_direction,all,False,False,pooled,kendall,0.04161391226632904,-0.008505966697390338,0.09366158844967154,0.0899,0.18325,0.0,19999,1000,464,642.5,560.5,43,40,99.0,92.0,26.625646703590945,24.756705660146864,0.1181507246840601,0.11939492212976713,0.20728674885799897,0.11865309570132346,0.022148559594654005,0.0033557804808318336,0.50988295129938,122,ok,0.3010272373540856,0.5576750902527076,1.0,840
full_year,absz_attack_direction__log_exposure_pa,log_exposure_pa,absz_attack_direction,all,False,False,pooled,quartile_trend,0.056863970183749536,-0.017880067807025394,0.13519014972571222,0.1101,0.2215,0.0,19999,1000,464,642.5,560.5,43,40,99.0,92.0,26.625646703590945,24.756705660146864,0.1181507246840601,0.11939492212976713,0.20728674885799897,0.11865309570132346,0.022148559594654005,0.0033557804808318336,0.50988295129938,122,ok,0.33148387096774196,0.5990739549839229,1.0,840
full_year,absz_attack_direction__log_exposure_pa,log_exposure_pa,absz_attack_direction,all,False,False,pooled,decile_trend,0.06174252390126455,-0.013381550201677729,0.1395433954638617,0.0917,0.1879,0.0,19999,1000,464,642.5,560.5,43,40,99.0,92.0,26.625646703590945,24.756705660146864,0.1181507246840601,0.11939492212976713,0.20728674885799897,0.11865309570132346,0.022148559594654005,0.0033557804808318336,0.50988295129938,122,ok,0.3010272373540856,0.5593098591549296,1.0,840
full_year,absz_attack_direction__log_exposure_pa,log_exposure_pa,absz_attack_direction,all,False,False,pooled,top_quartile_retention,0.2540983606557377,0.19683693384480788,0.32459349593495934,0.75365,0.64035,0.27370689655172414,19999,1000,464,642.5,560.5,43,40,99.0,92.0,26.625646703590945,24.756705660146864,0.1181507246840601,0.11939492212976713,0.20728674885799897,0.11865309570132346,0.022148559594654005,0.0033557804808318336,0.50988295129938,122,ok,0.8508951612903226,0.8626102236421725,1.0,840
full_year,absz_attack_direction__log_exposure_type,log_exposure_type,absz_attack_direction,all,False,False,unpooled,spearman,-0.0009327244864346174,-0.0804918852032335,0.08435983352756823,0.50135,0.98425,0.0,19999,1000,465,640.0,560.0,43,40,99.0,92.0,145.17710697865078,134.67291191527073,0.052805226340493595,0.053890750155590555,0.10927990070444807,0.17477228308528617,0.04651365131500428,0.07174901058400607,0.5457446757723174,106,ok,0.7256385542168675,1.0,1.0,840
full_year,absz_attack_direction__log_exposure_type,log_exposure_type,absz_attack_direction,all,False,False,unpooled,kendall,-0.0005190952910641452,-0.054394347217434545,0.058706466496825725,0.50025,0.98695,0.0,19999,1000,465,640.0,560.0,43,40,99.0,92.0,145.17710697865078,134.67291191527073,0.052805226340493595,0.053890750155590555,0.10927990070444807,0.17477228308528617,0.04651365131500428,0.07174901058400607,0.5457446757723174,106,ok,0.7256385542168675,1.0,1.0,840
full_year,absz_attack_direction__log_exposure_type,log_exposure_type,absz_attack_direction,all,False,False,unpooled,quartile_trend,0.013677322939392805,-0.05956767096591122,0.09824444690548408,0.37785,0.7657,0.0,19999,1000,465,640.0,560.0,43,40,99.0,92.0,145.17710697865078,134.67291191527073,0.052805226340493595,0.053890750155590555,0.10927990070444807,0.17477228308528617,0.04651365131500428,0.07174901058400607,0.5457446757723174,106,ok,0.6266863905325443,0.9136193181818182,1.0,840
full_year,absz_attack_direction__log_exposure_type,log_exposure_type,absz_attack_direction,all,False,False,unpooled,decile_trend,-0.0035154436836225783,-0.08107790379815728,0.08262625046023536,0.52395,0.94085,0.0,19999,1000,465,640.0,560.0,43,40,99.0,92.0,145.17710697865078,134.67291191527073,0.052805226340493595,0.053890750155590555,0.10927990070444807,0.17477228308528617,0.04651365131500428,0.07174901058400607,0.5457446757723174,106,ok,0.7447005076142131,0.9842017434620174,1.0,840
full_year,absz_attack_direction__log_exposure_type,log_exposure_type,absz_attack_direction,all,False,False,unpooled,top_quartile_retention,0.3113207547169811,0.2391304347826087,0.38680766889835666,0.0775,0.13205,0.2537634408602151,19999,1000,465,640.0,560.0,43,40,99.0,92.0,145.17710697865078,134.67291191527073,0.052805226340493595,0.053890750155590555,0.10927990070444807,0.17477228308528617,0.04651365131500428,0.07174901058400607,0.5457446757723174,106,ok,0.28454545454545455,0.4886431718061674,1.0,840
full_year,absz_attack_direction__log_exposure_type,log_exposure_type,absz_attack_direction,all,False,False,pooled,spearman,0.006927344163997193,-0.07375185353860106,0.08627207652973264,0.44765,0.8844,0.0,19999,1000,465,640.0,560.0,43,40,99.0,92.0,145.17710697865078,134.67291191527073,0.052805226340493595,0.053890750155590555,0.10927990070444807,0.17477228308528617,0.02481429055650771,0.05695765920168811,0.5457446757723174,127,ok,0.6787472924187726,0.9639239543726235,1.0,840
full_year,absz_attack_direction__log_exposure_type,log_exposure_type,absz_attack_direction,all,False,False,pooled,kendall,0.0040600667408231365,-0.0516406405672336,0.05870552565540576,0.456,0.9005,0.0,19999,1000,465,640.0,560.0,43,40,99.0,92.0,145.17710697865078,134.67291191527073,0.052805226340493595,0.053890750155590555,0.10927990070444807,0.17477228308528617,0.02481429055650771,0.05695765920168811,0.5457446757723174,127,ok,0.684075,0.9639239543726235,1.0,840
full_year,absz_attack_direction__log_exposure_type,log_exposure_type,absz_attack_direction,all,False,False,pooled,quartile_trend,-0.011246718174658233,-0.09166973784060771,0.06957043169656953,0.60195,0.80615,0.0,19999,1000,465,640.0,560.0,43,40,99.0,92.0,145.17710697865078,134.67291191527073,0.052805226340493595,0.053890750155590555,0.10927990070444807,0.17477228308528617,0.02481429055650771,0.05695765920168811,0.5457446757723174,127,ok,0.7997223974763407,0.9203527815468113,1.0,840
full_year,absz_attack_direction__log_exposure_type,log_exposure_type,absz_attack_direction,all,False,False,pooled,decile_trend,0.004757860162140031,-0.07666303547384835,0.08596042372034343,0.46655,0.92145,0.0,19999,1000,465,640.0,560.0,43,40,99.0,92.0,145.17710697865078,134.67291191527073,0.052805226340493595,0.053890750155590555,0.10927990070444807,0.17477228308528617,0.02481429055650771,0.05695765920168811,0.5457446757723174,127,ok,0.6911851851851852,0.9726482412060301,1.0,840
full_year,absz_attack_direction__log_exposure_type,log_exposure_type,absz_attack_direction,all,False,False,pooled,top_quartile_retention,0.30708661417322836,0.2408621919762911,0.37142857142857144,0.20665,0.3529,0.2752688172043011,19999,1000,465,640.0,560.0,43,40,99.0,92.0,145.17710697865078,134.67291191527073,0.052805226340493595,0.053890750155590555,0.10927990070444807,0.17477228308528617,0.02481429055650771,0.05695765920168811,0.5457446757723174,127,ok,0.4580105540897098,0.7222572815533981,1.0,840
full_year,absz_attack_direction__log_kernel_exposure,log_kernel_exposure,absz_attack_direction,all,False,False,unpooled,spearman,0.026952574868595053,-0.049008725988115155,0.10855947810676442,0.2794,0.5615,0.0,19999,1000,465,640.0,560.0,43,40,99.0,92.0,46.13504005511925,44.544642502712165,0.08911498209971258,0.09254319418364414,0.12645027275295082,0.1797380892257515,0.041169372741291003,0.03052151412871718,0.5368147488625894,107,ok,0.5297878103837472,0.8447914438502675,1.0,840
full_year,absz_attack_direction__log_kernel_exposure,log_kernel_exposure,absz_attack_direction,all,False,False,unpooled,kendall,0.02200593251761216,-0.029728871035038743,0.07874011683968617,0.23835,0.4796,0.0,19999,1000,465,640.0,560.0,43,40,99.0,92.0,46.13504005511925,44.544642502712165,0.08911498209971258,0.09254319418364414,0.12645027275295082,0.1797380892257515,0.041169372741291003,0.03052151412871718,0.5368147488625894,107,ok,0.49435555555555555,0.8138666666666667,1.0,840
full_year,absz_attack_direction__log_kernel_exposure,log_kernel_exposure,absz_attack_direction,all,False,False,unpooled,quartile_trend,0.017544474897993125,-0.061080477208423356,0.09627449444662695,0.3523,0.7063,0.0,19999,1000,465,640.0,560.0,43,40,99.0,92.0,46.13504005511925,44.544642502712165,0.08911498209971258,0.09254319418364414,0.12645027275295082,0.1797380892257515,0.041169372741291003,0.03052151412871718,0.5368147488625894,107,ok,0.6064180327868853,0.8885739130434782,1.0,840
full_year,absz_attack_direction__log_kernel_exposure,log_kernel_exposure,absz_attack_direction,all,False,False,unpooled,decile_trend,0.022320563772192496,-0.053613503807529266,0.10272645482159527,0.31645,0.6318,0.0,19999,1000,465,640.0,560.0,43,40,99.0,92.0,46.13504005511925,44.544642502712165,0.08911498209971258,0.09254319418364414,0.12645027275295082,0.1797380892257515,0.041169372741291003,0.03052151412871718,0.5368147488625894,107,ok,0.5728836206896551,0.8579127625201939,1.0,840
full_year,absz_attack_direction__log_kernel_exposure,log_kernel_exposure,absz_attack_direction,all,False,False,unpooled,top_quartile_retention,0.27102803738317754,0.19625251969946858,0.3466236511291578,0.2056,0.3659,0.23655913978494625,19999,1000,465,640.0,560.0,43,40,99.0,92.0,46.13504005511925,44.544642502712165,0.08911498209971258,0.09254319418364414,0.12645027275295082,0.1797380892257515,0.041169372741291003,0.03052151412871718,0.5368147488625894,107,ok,0.4568888888888889,0.7355971563981042,1.0,840
full_year,absz_attack_direction__log_kernel_exposure,log_kernel_exposure,absz_attack_direction,all,False,False,pooled,spearman,0.08675865410780696,0.014344922022248994,0.16758112208555376,0.03195,0.0625,0.0,19999,1000,465,640.0,560.0,43,40,99.0,92.0,46.13504005511925,44.544642502712165,0.08911498209971258,0.09254319418364414,0.12645027275295082,0.1797380892257515,0.08768493366496873,0.04578012288331814,0.5368147488625894,118,ok,0.15975,0.3125,1.0,840
full_year,absz_attack_direction__log_kernel_exposure,log_kernel_exposure,absz_attack_direction,all,False,False,pooled,kendall,0.05810159436410827,0.010096210599354408,0.11298312931041816,0.0317,0.0623,0.0,19999,1000,465,640.0,560.0,43,40,99.0,92.0,46.13504005511925,44.544642502712165,0.08911498209971258,0.09254319418364414,0.12645027275295082,0.1797380892257515,0.08768493366496873,0.04578012288331814,0.5368147488625894,118,ok,0.15975,0.3125,1.0,840
full_year,absz_attack_direction__log_kernel_exposure,log_kernel_exposure,absz_attack_direction,all,False,False,pooled,quartile_trend,0.0736943199427747,0.005832364604089975,0.15104062724035172,0.05685,0.11455,0.0,19999,1000,465,640.0,560.0,43,40,99.0,92.0,46.13504005511925,44.544642502712165,0.08911498209971258,0.09254319418364414,0.12645027275295082,0.1797380892257515,0.08768493366496873,0.04578012288331814,0.5368147488625894,118,ok,0.22958653846153845,0.44167123287671234,1.0,840
full_year,absz_attack_direction__log_kernel_exposure,log_kernel_exposure,absz_attack_direction,all,False,False,pooled,decile_trend,0.08374369184611481,0.015079532589054267,0.1625812390061983,0.0366,0.0722,0.0,19999,1000,465,640.0,560.0,43,40,99.0,92.0,46.13504005511925,44.544642502712165,0.08911498209971258,0.09254319418364414,0.12645027275295082,0.1797380892257515,0.08768493366496873,0.04578012288331814,0.5368147488625894,118,ok,0.17568,0.34355056179775284,1.0,840
full_year,absz_attack_direction__log_kernel_exposure,log_kernel_exposure,absz_attack_direction,all,False,False,pooled,top_quartile_retention,0.3050847457627119,0.23622047244094488,0.3739130434782609,0.14885,0.2765,0.2645161290322581,19999,1000,465,640.0,560.0,43,40,99.0,92.0,46.13504005511925,44.544642502712165,0.08911498209971258,0.09254319418364414,0.12645027275295082,0.1797380892257515,0.08768493366496873,0.04578012288331814,0.5368147488625894,118,ok,0.3835398773006135,0.6558370786516854,1.0,840
full_year,absz_attack_direction__log_exposure_sequence,log_exposure_sequence,absz_attack_direction,all,False,False,unpooled,spearman,0.06879305570805902,-0.01330161331989908,0.14407222612189624,0.07025,0.14095,0.0,19999,1000,465,640.0,560.0,43,40,99.0,92.0,75.36734592763811,62.265152649880775,0.06983592522526591,0.07761630550662008,0.05974951504672547,0.11066877760306054,-0.0478563449135186,-0.00625444580769286,0.5470298424095442,107,ok,0.27165137614678897,0.50015,1.0,840
full_year,absz_attack_direction__log_exposure_sequence,log_exposure_sequence,absz_attack_direction,all,False,False,unpooled,kendall,0.04744160177975528,-0.00868045624109187,0.09942944109073698,0.0641,0.12895,0.0,19999,1000,465,640.0,560.0,43,40,99.0,92.0,75.36734592763811,62.265152649880775,0.06983592522526591,0.07761630550662008,0.05974951504672547,0.11066877760306054,-0.0478563449135186,-0.00625444580769286,0.5470298424095442,107,ok,0.2539811320754717,0.48141333333333336,1.0,840
full_year,absz_attack_direction__log_exposure_sequence,log_exposure_sequence,absz_attack_direction,all,False,False,unpooled,quartile_trend,0.08499139326960438,0.008100264727230898,0.16171520406058965,0.0337,0.06765,0.0,19999,1000,465,640.0,560.0,43,40,99.0,92.0,75.36734592763811,62.265152649880775,0.06983592522526591,0.07761630550662008,0.05974951504672547,0.11066877760306054,-0.0478563449135186,-0.00625444580769286,0.5470298424095442,107,ok,0.1636300578034682,0.33231578947368423,1.0,840
full_year,absz_attack_direction__log_exposure_sequence,log_exposure_sequence,absz_attack_direction,all,False,False,unpooled,decile_trend,0.06730175203029398,-0.011740140489534411,0.14196310274222323,0.07465,0.15,0.0,19999,1000,465,640.0,560.0,43,40,99.0,92.0,75.36734592763811,62.265152649880775,0.06983592522526591,0.07761630550662008,0.05974951504672547,0.11066877760306054,-0.0478563449135186,-0.00625444580769286,0.5470298424095442,107,ok,0.2799375,0.5142857142857142,1.0,840
full_year,absz_attack_direction__log_exposure_sequence,log_exposure_sequence,absz_attack_direction,all,False,False,unpooled,top_quartile_retention,0.29906542056074764,0.22608695652173913,0.375,0.105,0.16925,0.24731182795698925,19999,1000,465,640.0,560.0,43,40,99.0,92.0,75.36734592763811,62.265152649880775,0.06983592522526591,0.07761630550662008,0.05974951504672547,0.11066877760306054,-0.0478563449135186,-0.00625444580769286,0.5470298424095442,107,ok,0.32179636363636366,0.544712643678161,1.0,840
full_year,absz_attack_direction__log_exposure_sequence,log_exposure_sequence,absz_attack_direction,all,False,False,pooled,spearman,0.08817104842290194,0.012891567484027172,0.16114143883355564,0.02935,0.0588,0.0,19999,1000,465,640.0,560.0,43,40,99.0,92.0,75.36734592763811,62.265152649880775,0.06983592522526591,0.07761630550662008,0.05974951504672547,0.11066877760306054,-0.028060983352986398,-0.026188373347591748,0.5470298424095442,124,ok,0.1512515337423313,0.30117073170731706,1.0,840
full_year,absz_attack_direction__log_exposure_sequence,log_exposure_sequence,absz_attack_direction,all,False,False,pooled,kendall,0.059436410826844636,0.009291134998781769,0.10931456784970876,0.0281,0.0566,0.0,19999,1000,465,640.0,560.0,43,40,99.0,92.0,75.36734592763811,62.265152649880775,0.06983592522526591,0.07761630550662008,0.05974951504672547,0.11066877760306054,-0.028060983352986398,-0.026188373347591748,0.5470298424095442,124,ok,0.1466086956521739,0.29348148148148145,1.0,840
full_year,absz_attack_direction__log_exposure_sequence,log_exposure_sequence,absz_attack_direction,all,False,False,pooled,quartile_trend,0.09378228089408126,0.016924681343678433,0.16837792457595832,0.0219,0.0439,0.0,19999,1000,465,640.0,560.0,43,40,99.0,92.0,75.36734592763811,62.265152649880775,0.06983592522526591,0.07761630550662008,0.05974951504672547,0.11066877760306054,-0.028060983352986398,-0.026188373347591748,0.5470298424095442,124,ok,0.12264,0.24748993288590607,0.8966471226743329,840
full_year,absz_attack_direction__log_exposure_sequence,log_exposure_sequence,absz_attack_direction,all,False,False,pooled,decile_trend,0.08984009809883024,0.012089441561161438,0.16319866739332495,0.02705,0.054,0.0,19999,1000,465,640.0,560.0,43,40,99.0,92.0,75.36734592763811,62.265152649880775,0.06983592522526591,0.07761630550662008,0.05974951504672547,0.11066877760306054,-0.028060983352986398,-0.026188373347591748,0.5470298424095442,124,ok,0.1429056603773585,0.2835,1.0,840
full_year,absz_attack_direction__log_exposure_sequence,log_exposure_sequence,absz_attack_direction,all,False,False,pooled,top_quartile_retention,0.3225806451612903,0.25203252032520324,0.39477611940298507,0.13115,0.24685,0.27956989247311825,19999,1000,465,640.0,560.0,43,40,99.0,92.0,75.36734592763811,62.265152649880775,0.06983592522526591,0.07761630550662008,0.05974951504672547,0.11066877760306054,-0.028060983352986398,-0.026188373347591748,0.5470298424095442,124,ok,0.36027272727272724,0.6253192771084337,1.0,840
full_year,absz_attack_direction__log_kernel_h0.5_m5,log_kernel_h0.5_m5,absz_attack_direction,all,False,False,unpooled,spearman,0.03388839506363898,-0.05583579751556309,0.12035905335259249,0.23565,0.4713,0.0,19999,1000,463,645.0,561.0,43,42,99.0,92.0,20.591053339519448,19.04986296707083,0.13305380385540622,0.14012868593283365,0.1371104054990767,0.09892611278988706,0.001352793702164373,-0.039189305518344014,0.5379669671209105,107,ok,0.48996534653465346,0.8090571428571428,1.0,840
full_year,absz_attack_direction__log_kernel_h0.5_m5,log_kernel_h0.5_m5,absz_attack_direction,all,False,False,unpooled,kendall,0.024393892644432598,-0.037787042578076274,0.08444104271674373,0.21955,0.4377,0.0,19999,1000,463,645.0,561.0,43,42,99.0,92.0,20.591053339519448,19.04986296707083,0.13305380385540622,0.14012868593283365,0.1371104054990767,0.09892611278988706,0.001352793702164373,-0.039189305518344014,0.5379669671209105,107,ok,0.47574742268041237,0.7941900647948164,1.0,840
full_year,absz_attack_direction__log_kernel_h0.5_m5,log_kernel_h0.5_m5,absz_attack_direction,all,False,False,unpooled,quartile_trend,0.02495957791041444,-0.06109025646279142,0.1072455639956391,0.29895,0.59755,0.0,19999,1000,463,645.0,561.0,43,42,99.0,92.0,20.591053339519448,19.04986296707083,0.13305380385540622,0.14012868593283365,0.1371104054990767,0.09892611278988706,0.001352793702164373,-0.039189305518344014,0.5379669671209105,107,ok,0.5506973684210527,0.8506239460370996,1.0,840
full_year,absz_attack_direction__log_kernel_h0.5_m5,log_kernel_h0.5_m5,absz_attack_direction,all,False,False,unpooled,decile_trend,0.03996855709898297,-0.0485082895700191,0.12497477404779747,0.1969,0.3951,0.0,19999,1000,463,645.0,561.0,43,42,99.0,92.0,20.591053339519448,19.04986296707083,0.13305380385540622,0.14012868593283365,0.1371104054990767,0.09892611278988706,0.001352793702164373,-0.039189305518344014,0.5379669671209105,107,ok,0.442235294117647,0.7669354838709677,1.0,840
full_year,absz_attack_direction__log_kernel_h0.5_m5,log_kernel_h0.5_m5,absz_attack_direction,all,False,False,unpooled,top_quartile_retention,0.24299065420560748,0.17757009345794392,0.3113207547169811,0.345,0.689,0.22462203023758098,19999,1000,463,645.0,561.0,43,42,99.0,92.0,20.591053339519448,19.04986296707083,0.13305380385540622,0.14012868593283365,0.1371104054990767,0.09892611278988706,0.001352793702164373,-0.039189305518344014,0.5379669671209105,107,ok,0.5991252566735112,0.8836030534351145,1.0,840
full_year,absz_attack_direction__log_kernel_h0.5_m5,log_kernel_h0.5_m5,absz_attack_direction,all,False,False,pooled,spearman,0.06920079622470328,-0.0037289330370094925,0.14819898658410782,0.0674,0.13645,0.0,19999,1000,463,645.0,561.0,43,42,99.0,92.0,20.591053339519448,19.04986296707083,0.13305380385540622,0.14012868593283365,0.1371104054990767,0.09892611278988706,0.022052508078798386,0.0041285053666821735,0.5379669671209105,118,ok,0.2645607476635514,0.49618181818181817,1.0,840
full_year,absz_attack_direction__log_kernel_h0.5_m5,log_kernel_h0.5_m5,absz_attack_direction,all,False,False,pooled,kendall,0.04567426813647116,-0.0032778076757547445,0.09975826961992038,0.0705,0.14225,0.0,19999,1000,463,645.0,561.0,43,42,99.0,92.0,20.591053339519448,19.04986296707083,0.13305380385540622,0.14012868593283365,0.1371104054990767,0.09892611278988706,0.022052508078798386,0.0041285053666821735,0.5379669671209105,118,ok,0.27165137614678897,0.50015,1.0,840
full_year,absz_attack_direction__log_kernel_h0.5_m5,log_kernel_h0.5_m5,absz_attack_direction,all,False,False,pooled,quartile_trend,0.08835818662008484,0.018340376647684682,0.16695568453299145,0.02735,0.05635,0.0,19999,1000,463,645.0,561.0,43,42,99.0,92.0,20.591053339519448,19.04986296707083,0.13305380385540622,0.14012868593283365,0.1371104054990767,0.09892611278988706,0.022052508078798386,0.0041285053666821735,0.5379669671209105,118,ok,0.1435875,0.29348148148148145,1.0,840
full_year,absz_attack_direction__log_kernel_h0.5_m5,log_kernel_h0.5_m5,absz_attack_direction,all,False,False,pooled,decile_trend,0.07551867180011171,0.0020175844612669155,0.15543743358237236,0.0513,0.1036,0.0,19999,1000,463,645.0,561.0,43,42,99.0,92.0,20.591053339519448,19.04986296707083,0.13305380385540622,0.14012868593283365,0.1371104054990767,0.09892611278988706,0.022052508078798386,0.0041285053666821735,0.5379669671209105,118,ok,0.21522388059701492,0.4183846153846154,1.0,840
full_year,absz_attack_direction__log_kernel_h0.5_m5,log_kernel_h0.5_m5,absz_attack_direction,all,False,False,pooled,top_quartile_retention,0.3559322033898305,0.28807663964627855,0.43221484196060467,0.00855,0.0157,0.2678185745140389,19999,1000,463,645.0,561.0,43,42,99.0,92.0,20.591053339519448,19.04986296707083,0.13305380385540622,0.14012868593283365,0.1371104054990767,0.09892611278988706,0.022052508078798386,0.0041285053666821735,0.5379669671209105,118,ok,0.0748125,0.14426086956521741,0.5469700983779643,840
full_year,absz_attack_direction__log_kernel_h0.5_m20,log_kernel_h0.5_m20,absz_attack_direction,all,False,False,unpooled,spearman,0.018108699699714036,-0.05849110487795277,0.09673722445076874,0.3471,0.6942,0.0,19999,1000,465,640.0,560.0,43,40,99.0,92.0,35.863149688286924,34.057223116863504,0.10111463138295647,0.10462730058843207,0.1109802912496243,0.12934682173667145,0.012541832365002604,-0.008943890923152575,0.5333081105854383,105,ok,0.5991252566735112,0.8862127659574469,1.0,840
full_year,absz_attack_direction__log_kernel_h0.5_m20,log_kernel_h0.5_m20,absz_attack_direction,all,False,False,unpooled,kendall,0.014349276974416016,-0.038737846751582275,0.06778245918548575,0.32165,0.64285,0.0,19999,1000,465,640.0,560.0,43,40,99.0,92.0,35.863149688286924,34.057223116863504,0.10111463138295647,0.10462730058843207,0.1109802912496243,0.12934682173667145,0.012541832365002604,-0.008943890923152575,0.5333081105854383,105,ok,0.5797982832618025,0.8626102236421725,1.0,840
full_year,absz_attack_direction__log_kernel_h0.5_m20,log_kernel_h0.5_m20,absz_attack_direction,all,False,False,unpooled,quartile_trend,0.016208023750906596,-0.06104241140853705,0.09494251373909646,0.3661,0.7298,0.0,19999,1000,465,640.0,560.0,43,40,99.0,92.0,35.863149688286924,34.057223116863504,0.10111463138295647,0.10462730058843207,0.1109802912496243,0.12934682173667145,0.012541832365002604,-0.008943890923152575,0.5333081105854383,105,ok,0.6162805611222445,0.8885739130434782,1.0,840
full_year,absz_attack_direction__log_kernel_h0.5_m20,log_kernel_h0.5_m20,absz_attack_direction,all,False,False,unpooled,decile_trend,0.020925617641422024,-0.05535540221038413,0.09975432785045019,0.3266,0.65385,0.0,19999,1000,465,640.0,560.0,43,40,99.0,92.0,35.863149688286924,34.057223116863504,0.10111463138295647,0.10462730058843207,0.1109802912496243,0.12934682173667145,0.012541832365002604,-0.008943890923152575,0.5333081105854383,105,ok,0.584955223880597,0.8662996845425868,1.0,840
full_year,absz_attack_direction__log_kernel_h0.5_m20,log_kernel_h0.5_m20,absz_attack_direction,all,False,False,unpooled,top_quartile_retention,0.26666666666666666,0.1964202269692924,0.3364485981308411,0.2243,0.4331,0.23440860215053763,19999,1000,465,640.0,560.0,43,40,99.0,92.0,35.863149688286924,34.057223116863504,0.10111463138295647,0.10462730058843207,0.1109802912496243,0.12934682173667145,0.012541832365002604,-0.008943890923152575,0.5333081105854383,105,ok,0.4808091603053435,0.7909695652173913,1.0,840
full_year,absz_attack_direction__log_kernel_h0.5_m20,log_kernel_h0.5_m20,absz_attack_direction,all,False,False,pooled,spearman,0.051893257649176246,-0.027522180484872587,0.128044906274894,0.13765,0.2697,0.0,19999,1000,465,640.0,560.0,43,40,99.0,92.0,35.863149688286924,34.057223116863504,0.10111463138295647,0.10462730058843207,0.1109802912496243,0.12934682173667145,0.041668377357769966,0.012563554163663013,0.5333081105854383,117,ok,0.3682356687898089,0.6558370786516854,1.0,840
full_year,absz_attack_direction__log_kernel_h0.5_m20,log_kernel_h0.5_m20,absz_attack_direction,all,False,False,pooled,kendall,0.03398220244716351,-0.01780775040274746,0.08483680946924785,0.14305,0.28075,0.0,19999,1000,465,640.0,560.0,43,40,99.0,92.0,35.863149688286924,34.057223116863504,0.10111463138295647,0.10462730058843207,0.1109802912496243,0.12934682173667145,0.041668377357769966,0.012563554163663013,0.5333081105854383,117,ok,0.3752608695652174,0.6599162011173184,1.0,840
full_year,absz_attack_direction__log_kernel_h0.5_m20,log_kernel_h0.5_m20,absz_attack_direction,all,False,False,pooled,quartile_trend,0.07479534517573086,-0.005466707023559471,0.14996641375236444,0.0551,0.10835,0.0,19999,1000,465,640.0,560.0,43,40,99.0,92.0,35.863149688286924,34.057223116863504,0.10111463138295647,0.10462730058843207,0.1109802912496243,0.12934682173667145,0.041668377357769966,0.012563554163663013,0.5333081105854383,117,ok,0.2257756097560976,0.431345971563981,1.0,840
full_year,absz_attack_direction__log_kernel_h0.5_m20,log_kernel_h0.5_m20,absz_attack_direction,all,False,False,pooled,decile_trend,0.0548193966327144,-0.022856909139589217,0.1290402596750581,0.1233,0.2415,0.0,19999,1000,465,640.0,560.0,43,40,99.0,92.0,35.863149688286924,34.057223116863504,0.10111463138295647,0.10462730058843207,0.1109802912496243,0.12934682173667145,0.041668377357769966,0.012563554163663013,0.5333081105854383,117,ok,0.35271428571428576,0.6203669724770642,1.0,840
full_year,absz_attack_direction__log_kernel_h0.5_m20,log_kernel_h0.5_m20,absz_attack_direction,all,False,False,pooled,top_quartile_retention,0.3247863247863248,0.252091218166656,0.3967068323765062,0.07675,0.11925,0.26881720430107525,19999,1000,465,640.0,560.0,43,40,99.0,92.0,35.863149688286924,34.057223116863504,0.10111463138295647,0.10462730058843207,0.1109802912496243,0.12934682173667145,0.041668377357769966,0.012563554163663013,0.5333081105854383,117,ok,0.28454545454545455,0.4512162162162162,1.0,840
full_year,absz_attack_direction__log_kernel_h1_m5,log_kernel_h1_m5,absz_attack_direction,all,False,False,unpooled,spearman,0.04578835807072236,-0.03522294578803787,0.12637103251124737,0.1616,0.32365,0.0,19999,1000,465,640.0,560.0,43,40,99.0,92.0,25.6612044761499,25.211996482995083,0.11984483215779675,0.12464214373895784,0.14313502052606022,0.15125656429095727,0.04679531859433706,0.01762449455045425,0.5469131175793802,109,ok,0.40280118694362016,0.7062061855670103,1.0,840
full_year,absz_attack_direction__log_kernel_h1_m5,log_kernel_h1_m5,absz_attack_direction,all,False,False,unpooled,kendall,0.03274008157211716,-0.022207809598985752,0.08787238604297157,0.145,0.29205,0.0,19999,1000,465,640.0,560.0,43,40,99.0,92.0,25.6612044761499,25.211996482995083,0.11984483215779675,0.12464214373895784,0.14313502052606022,0.15125656429095727,0.04679531859433706,0.01762449455045425,0.5469131175793802,109,ok,0.3760555555555556,0.6684523160762942,1.0,840
full_year,absz_attack_direction__log_kernel_h1_m5,log_kernel_h1_m5,absz_attack_direction,all,False,False,unpooled,quartile_trend,0.040086237032430375,-0.04165361200944834,0.11964769048152417,0.1943,0.38965,0.0,19999,1000,465,640.0,560.0,43,40,99.0,92.0,25.6612044761499,25.211996482995083,0.11984483215779675,0.12464214373895784,0.14313502052606022,0.15125656429095727,0.04679531859433706,0.01762449455045425,0.5469131175793802,109,ok,0.4387419354838709,0.76393006993007,1.0,840
full_year,absz_attack_direction__log_kernel_h1_m5,log_kernel_h1_m5,absz_attack_direction,all,False,False,unpooled,decile_trend,0.05197975657810704,-0.03148019104262102,0.13353689093031523,0.1316,0.26545,0.0,19999,1000,465,640.0,560.0,43,40,99.0,92.0,25.6612044761499,25.211996482995083,0.11984483215779675,0.12464214373895784,0.14313502052606022,0.15125656429095727,0.04679531859433706,0.01762449455045425,0.5469131175793802,109,ok,0.36027272727272724,0.6538944281524927,1.0,840
full_year,absz_attack_direction__log_kernel_h1_m5,log_kernel_h1_m5,absz_attack_direction,all,False,False,unpooled,top_quartile_retention,0.28440366972477066,0.21356835906414132,0.35835144927536233,0.0912,0.1544,0.23225806451612904,19999,1000,465,640.0,560.0,43,40,99.0,92.0,25.6612044761499,25.211996482995083,0.11984483215779675,0.12464214373895784,0.14313502052606022,0.15125656429095727,0.04679531859433706,0.01762449455045425,0.5469131175793802,109,ok,0.3010272373540856,0.5265770750988142,1.0,840
full_year,absz_attack_direction__log_kernel_h1_m5,log_kernel_h1_m5,absz_attack_direction,all,False,False,pooled,spearman,0.09142358939594304,0.011849552185412981,0.17605687529840539,0.02375,0.04805,0.0,19999,1000,465,640.0,560.0,43,40,99.0,92.0,25.6612044761499,25.211996482995083,0.11984483215779675,0.12464214373895784,0.14313502052606022,0.15125656429095727,0.06842080136727982,0.03847801801715784,0.5469131175793802,120,ok,0.12954545454545455,0.2620909090909091,0.9471343694856523,840
full_year,absz_attack_direction__log_kernel_h1_m5,log_kernel_h1_m5,absz_attack_direction,all,False,False,pooled,kendall,0.0625139043381535,0.00872079936335351,0.12039798053889782,0.0218,0.04355,0.0,19999,1000,465,640.0,560.0,43,40,99.0,92.0,25.6612044761499,25.211996482995083,0.11984483215779675,0.12464214373895784,0.14313502052606022,0.15125656429095727,0.06842080136727982,0.03847801801715784,0.5469131175793802,120,ok,0.12264,0.2471756756756757,0.8966471226743329,840
full_year,absz_attack_direction__log_kernel_h1_m5,log_kernel_h1_m5,absz_attack_direction,all,False,False,pooled,quartile_trend,0.09011419228556707,0.010317907575542183,0.17073460309676772,0.0263,0.0524,0.0,19999,1000,465,640.0,560.0,43,40,99.0,92.0,25.6612044761499,25.211996482995083,0.11984483215779675,0.12464214373895784,0.14313502052606022,0.15125656429095727,0.06842080136727982,0.03847801801715784,0.5469131175793802,120,ok,0.13982278481012658,0.27884810126582277,1.0,840
full_year,absz_attack_direction__log_kernel_h1_m5,log_kernel_h1_m5,absz_attack_direction,all,False,False,pooled,decile_trend,0.08782140989120724,0.00928830768655057,0.1720231671705671,0.02885,0.057,0.0,19999,1000,465,640.0,560.0,43,40,99.0,92.0,25.6612044761499,25.211996482995083,0.11984483215779675,0.12464214373895784,0.14313502052606022,0.15125656429095727,0.06842080136727982,0.03847801801715784,0.5469131175793802,120,ok,0.1495925925925926,0.2937423312883436,1.0,840
full_year,absz_attack_direction__log_kernel_h1_m5,log_kernel_h1_m5,absz_attack_direction,all,False,False,pooled,top_quartile_retention,0.2916666666666667,0.2204724409448819,0.3615649867374005,0.25305,0.4782,0.2645161290322581,19999,1000,465,640.0,560.0,43,40,99.0,92.0,25.6612044761499,25.211996482995083,0.11984483215779675,0.12464214373895784,0.14313502052606022,0.15125656429095727,0.06842080136727982,0.03847801801715784,0.5469131175793802,120,ok,0.5085215311004785,0.8138666666666667,1.0,840
full_year,absz_attack_direction__log_kernel_h2_m5,log_kernel_h2_m5,absz_attack_direction,all,False,False,unpooled,spearman,0.060345543689459435,-0.018186458185472786,0.1422930156603415,0.09555,0.19095,0.0,19999,1000,465,640.0,560.0,43,40,99.0,92.0,31.983308663379468,30.932835210435556,0.10546456801729909,0.11176766334490666,0.15773800249075076,0.16625689859260406,0.09127440121833034,0.039473162837105606,0.5558012717993766,108,ok,0.3051787072243346,0.5608321678321678,1.0,840
full_year,absz_attack_direction__log_kernel_h2_m5,log_kernel_h2_m5,absz_attack_direction,all,False,False,unpooled,kendall,0.042880978865406,-0.009858843380380608,0.09938196450165647,0.0829,0.16505,0.0,19999,1000,465,640.0,560.0,43,40,99.0,92.0,31.983308663379468,30.932835210435556,0.10546456801729909,0.11176766334490666,0.15773800249075076,0.16625689859260406,0.09127440121833034,0.039473162837105606,0.5558012717993766,108,ok,0.29506779661016946,0.5394630350194553,1.0,840
full_year,absz_attack_direction__log_kernel_h2_m5,log_kernel_h2_m5,absz_attack_direction,all,False,False,unpooled,quartile_trend,0.05971300783398078,-0.02051127916618392,0.14526330003116297,0.1004,0.1999,0.0,19999,1000,465,640.0,560.0,43,40,99.0,92.0,31.983308663379468,30.932835210435556,0.10546456801729909,0.11176766334490666,0.15773800249075076,0.16625689859260406,0.09127440121833034,0.039473162837105606,0.5558012717993766,108,ok,0.31586516853932584,0.5767248322147651,1.0,840
full_year,absz_attack_direction__log_kernel_h2_m5,log_kernel_h2_m5,absz_attack_direction,all,False,False,unpooled,decile_trend,0.06512401834217878,-0.01136986667298555,0.14751899920152112,0.07985,0.1574,0.0,19999,1000,465,640.0,560.0,43,40,99.0,92.0,31.983308663379468,30.932835210435556,0.10546456801729909,0.11176766334490666,0.15773800249075076,0.16625689859260406,0.09127440121833034,0.039473162837105606,0.5558012717993766,108,ok,0.2866410256410256,0.5265770750988142,1.0,840
full_year,absz_attack_direction__log_kernel_h2_m5,log_kernel_h2_m5,absz_attack_direction,all,False,False,unpooled,top_quartile_retention,0.3055555555555556,0.23529411764705882,0.37839149829441093,0.03335,0.05245,0.23440860215053763,19999,1000,465,640.0,560.0,43,40,99.0,92.0,31.983308663379468,30.932835210435556,0.10546456801729909,0.11176766334490666,0.15773800249075076,0.16625689859260406,0.09127440121833034,0.039473162837105606,0.5558012717993766,108,ok,0.1636300578034682,0.27884810126582277,1.0,840
full_year,absz_attack_direction__log_kernel_h2_m5,log_kernel_h2_m5,absz_attack_direction,all,False,False,pooled,spearman,0.12499976129891582,0.04447399848801206,0.20550187429756483,0.0035,0.00685,0.0,19999,1000,465,640.0,560.0,43,40,99.0,92.0,31.983308663379468,30.932835210435556,0.10546456801729909,0.11176766334490666,0.15773800249075076,0.16625689859260406,0.1034710718156082,0.05930970033465893,0.5558012717993766,123,ok,0.05068965517241379,0.1006551724137931,0.3706028494756926,840
full_year,absz_attack_direction__log_kernel_h2_m5,log_kernel_h2_m5,absz_attack_direction,all,False,False,pooled,kendall,0.08420467185761957,0.02889653050403783,0.14023517698408264,0.0034,0.00645,0.0,19999,1000,465,640.0,560.0,43,40,99.0,92.0,31.983308663379468,30.932835210435556,0.10546456801729909,0.11176766334490666,0.15773800249075076,0.16625689859260406,0.1034710718156082,0.05930970033465893,0.5558012717993766,123,ok,0.05068965517241379,0.09850909090909091,0.3706028494756926,840
full_year,absz_attack_direction__log_kernel_h2_m5,log_kernel_h2_m5,absz_attack_direction,all,False,False,pooled,quartile_trend,0.12327138015776976,0.04579445957764546,0.20378629100811646,0.00365,0.0073,0.0,19999,1000,465,640.0,560.0,43,40,99.0,92.0,31.983308663379468,30.932835210435556,0.10546456801729909,0.11176766334490666,0.15773800249075076,0.16625689859260406,0.1034710718156082,0.05930970033465893,0.5558012717993766,123,ok,0.0511,0.10161290322580645,0.373602967780972,840
full_year,absz_attack_direction__log_kernel_h2_m5,log_kernel_h2_m5,absz_attack_direction,all,False,False,pooled,decile_trend,0.11718418334441433,0.03572266026198184,0.19983007176332715,0.0057,0.01115,0.0,19999,1000,465,640.0,560.0,43,40,99.0,92.0,31.983308663379468,30.932835210435556,0.10546456801729909,0.11176766334490666,0.15773800249075076,0.16625689859260406,0.1034710718156082,0.05930970033465893,0.5558012717993766,123,ok,0.06731506849315068,0.13191549295774646,0.4921547821021624,840
full_year,absz_attack_direction__log_kernel_h2_m5,log_kernel_h2_m5,absz_attack_direction,all,False,False,pooled,top_quartile_retention,0.2764227642276423,0.20798461538461538,0.344858934169279,0.35845,0.72055,0.26021505376344084,19999,1000,465,640.0,560.0,43,40,99.0,92.0,31.983308663379468,30.932835210435556,0.10546456801729909,0.11176766334490666,0.15773800249075076,0.16625689859260406,0.1034710718156082,0.05930970033465893,0.5558012717993766,123,ok,0.6124363636363637,0.8885739130434782,1.0,840
full_year,absz_attack_direction__log_kernel_h2_m20,log_kernel_h2_m20,absz_attack_direction,all,False,False,unpooled,spearman,0.04264036817255224,-0.03947638727618197,0.12544031228408745,0.1792,0.35425,0.0,19999,1000,465,640.0,560.0,43,40,99.0,92.0,57.757959124801566,56.64902012324762,0.08038059928565246,0.08499405428435142,0.13631481408401042,0.1799336281402562,0.09549380093284386,0.044254703604863777,0.5453427031465578,106,ok,0.4175567867036011,0.7222572815533981,1.0,840
full_year,absz_attack_direction__log_kernel_h2_m20,log_kernel_h2_m20,absz_attack_direction,all,False,False,unpooled,kendall,0.03086763070077864,-0.024704330129465546,0.08706447745747835,0.16,0.31695,0.0,19999,1000,465,640.0,560.0,43,40,99.0,92.0,57.757959124801566,56.64902012324762,0.08038059928565246,0.08499405428435142,0.13631481408401042,0.1799336281402562,0.09549380093284386,0.044254703604863777,0.5453427031465578,106,ok,0.4025731343283582,0.7006263157894737,1.0,840
full_year,absz_attack_direction__log_kernel_h2_m20,log_kernel_h2_m20,absz_attack_direction,all,False,False,unpooled,quartile_trend,0.050468874312084175,-0.028573093567479953,0.13063383762162775,0.1425,0.2773,0.0,19999,1000,465,640.0,560.0,43,40,99.0,92.0,57.757959124801566,56.64902012324762,0.08038059928565246,0.08499405428435142,0.13631481408401042,0.1799336281402562,0.09549380093284386,0.044254703604863777,0.5453427031465578,106,ok,0.3752351097178683,0.6558370786516854,1.0,840
full_year,absz_attack_direction__log_kernel_h2_m20,log_kernel_h2_m20,absz_attack_direction,all,False,False,unpooled,decile_trend,0.04309085276194905,-0.0368543883550636,0.12734168225891157,0.1773,0.3489,0.0,19999,1000,465,640.0,560.0,43,40,99.0,92.0,57.757959124801566,56.64902012324762,0.08038059928565246,0.08499405428435142,0.13631481408401042,0.1799336281402562,0.09549380093284386,0.044254703604863777,0.5453427031465578,106,ok,0.4171764705882353,0.7222572815533981,1.0,840
full_year,absz_attack_direction__log_kernel_h2_m20,log_kernel_h2_m20,absz_attack_direction,all,False,False,unpooled,top_quartile_retention,0.3018867924528302,0.23,0.375,0.04905,0.08595,0.23655913978494625,19999,1000,465,640.0,560.0,43,40,99.0,92.0,57.757959124801566,56.64902012324762,0.08038059928565246,0.08499405428435142,0.13631481408401042,0.1799336281402562,0.09549380093284386,0.044254703604863777,0.5453427031465578,106,ok,0.21021428571428574,0.384031914893617,1.0,840
full_year,absz_attack_direction__log_kernel_h2_m20,log_kernel_h2_m20,absz_attack_direction,all,False,False,pooled,spearman,0.1175062181632429,0.03330923791254634,0.19341868157904954,0.0061,0.01235,0.0,19999,1000,465,640.0,560.0,43,40,99.0,92.0,57.757959124801566,56.64902012324762,0.08038059928565246,0.08499405428435142,0.13631481408401042,0.1799336281402562,0.11812063475392308,0.06749487986174435,0.5453427031465578,123,ok,0.06742105263157895,0.1342962962962963,0.49292965467857164,840
full_year,absz_attack_direction__log_kernel_h2_m20,log_kernel_h2_m20,absz_attack_direction,all,False,False,pooled,kendall,0.07871709306637004,0.022262893897226146,0.13010093303149198,0.006,0.01245,0.0,19999,1000,465,640.0,560.0,43,40,99.0,92.0,57.757959124801566,56.64902012324762,0.08038059928565246,0.08499405428435142,0.13631481408401042,0.1799336281402562,0.11812063475392308,0.06749487986174435,0.5453427031465578,123,ok,0.06742105263157895,0.1342962962962963,0.49292965467857164,840
full_year,absz_attack_direction__log_kernel_h2_m20,log_kernel_h2_m20,absz_attack_direction,all,False,False,pooled,quartile_trend,0.11461559653465027,0.03554085785424003,0.18945480439350085,0.00665,0.01405,0.0,19999,1000,465,640.0,560.0,43,40,99.0,92.0,57.757959124801566,56.64902012324762,0.08038059928565246,0.08499405428435142,0.13631481408401042,0.1799336281402562,0.11812063475392308,0.06749487986174435,0.5453427031465578,123,ok,0.07015909090909091,0.1388470588235294,0.5129480348424927,840
full_year,absz_attack_direction__log_kernel_h2_m20,log_kernel_h2_m20,absz_attack_direction,all,False,False,pooled,decile_trend,0.11508672552615948,0.03207276696880655,0.19149061256615732,0.0072,0.0145,0.0,19999,1000,465,640.0,560.0,43,40,99.0,92.0,57.757959124801566,56.64902012324762,0.08038059928565246,0.08499405428435142,0.13631481408401042,0.1799336281402562,0.11812063475392308,0.06749487986174435,0.5453427031465578,123,ok,0.07015909090909091,0.1416279069767442,0.5129480348424927,840
full_year,absz_attack_direction__log_kernel_h2_m20,log_kernel_h2_m20,absz_attack_direction,all,False,False,pooled,top_quartile_retention,0.34959349593495936,0.2773109243697479,0.4210743801652892,0.01465,0.0249,0.26881720430107525,19999,1000,465,640.0,560.0,43,40,99.0,92.0,57.757959124801566,56.64902012324762,0.08038059928565246,0.08499405428435142,0.13631481408401042,0.1799336281402562,0.11812063475392308,0.06749487986174435,0.5453427031465578,123,ok,0.09766666666666667,0.17876923076923076,0.7140617714274287,840
full_year,absz_attack_direction__linear_exposure_pitcher,linear_exposure_pitcher,absz_attack_direction,all,False,False,unpooled,spearman,0.06163691655487499,-0.015917398354009064,0.14290868188159808,0.09205,0.1871,0.0,19999,1000,465,640.0,560.0,43,40,99.0,92.0,651.3099623373058,632.8676350113744,0.022468174593954466,0.023845730096549965,0.13582319043503335,0.18843178018543186,-0.019980235550229875,0.006422372020413718,0.49359803692228377,103,ok,0.3010272373540856,0.5593098591549296,1.0,840
full_year,absz_attack_direction__linear_exposure_pitcher,linear_exposure_pitcher,absz_attack_direction,all,False,False,unpooled,kendall,0.04517982944011865,-0.009726326498443218,0.10210973121285585,0.0717,0.1466,0.0,19999,1000,465,640.0,560.0,43,40,99.0,92.0,651.3099623373058,632.8676350113744,0.022468174593954466,0.023845730096549965,0.13582319043503335,0.18843178018543186,-0.019980235550229875,0.006422372020413718,0.49359803692228377,103,ok,0.27433636363636366,0.5067654320987655,1.0,840
full_year,absz_attack_direction__linear_exposure_pitcher,linear_exposure_pitcher,absz_attack_direction,all,False,False,unpooled,quartile_trend,0.041933470123615035,-0.034693968205293545,0.12387489927961114,0.18005,0.36825,0.0,19999,1000,465,640.0,560.0,43,40,99.0,92.0,651.3099623373058,632.8676350113744,0.022468174593954466,0.023845730096549965,0.13582319043503335,0.18843178018543186,-0.019980235550229875,0.006422372020413718,0.49359803692228377,103,ok,0.4177955801104972,0.7355971563981042,1.0,840
full_year,absz_attack_direction__linear_exposure_pitcher,linear_exposure_pitcher,absz_attack_direction,all,False,False,unpooled,decile_trend,0.05622263658068676,-0.022589961129205395,0.13919544639020656,0.1128,0.22935,0.0,19999,1000,465,640.0,560.0,43,40,99.0,92.0,651.3099623373058,632.8676350113744,0.022468174593954466,0.023845730096549965,0.13582319043503335,0.18843178018543186,-0.019980235550229875,0.006422372020413718,0.49359803692228377,103,ok,0.3364468085106383,0.6096645569620253,1.0,840
full_year,absz_attack_direction__linear_exposure_pitcher,linear_exposure_pitcher,absz_attack_direction,all,False,False,unpooled,top_quartile_retention,0.34951456310679613,0.2765957446808511,0.4286381842456608,0.00205,0.00255,0.23655913978494625,19999,1000,465,640.0,560.0,43,40,99.0,92.0,651.3099623373058,632.8676350113744,0.022468174593954466,0.023845730096549965,0.13582319043503335,0.18843178018543186,-0.019980235550229875,0.006422372020413718,0.49359803692228377,103,ok,0.042,0.07264864864864866,0.30707093242271677,840
full_year,absz_attack_direction__linear_exposure_pitcher,linear_exposure_pitcher,absz_attack_direction,all,False,False,pooled,spearman,0.09885948621978641,0.022806507525669182,0.17659484405303102,0.01435,0.02985,0.0,19999,1000,465,640.0,560.0,43,40,99.0,92.0,651.3099623373058,632.8676350113744,0.022468174593954466,0.023845730096549965,0.13582319043503335,0.18843178018543186,0.024225534332376945,0.008690629072837248,0.49359803692228377,118,ok,0.096432,0.19437209302325584,0.7050348608425577,840
full_year,absz_attack_direction__linear_exposure_pitcher,linear_exposure_pitcher,absz_attack_direction,all,False,False,pooled,kendall,0.06776047460140897,0.01530122160806354,0.1201770856402993,0.01275,0.0266,0.0,19999,1000,465,640.0,560.0,43,40,99.0,92.0,651.3099623373058,632.8676350113744,0.022468174593954466,0.023845730096549965,0.13582319043503335,0.18843178018543186,0.024225534332376945,0.008690629072837248,0.49359803692228377,118,ok,0.0918974358974359,0.1850082644628099,0.6718816982924402,840
full_year,absz_attack_direction__linear_exposure_pitcher,linear_exposure_pitcher,absz_attack_direction,all,False,False,pooled,quartile_trend,0.11017474050745185,0.03478079871884001,0.18861511027461858,0.00785,0.0158,0.0,19999,1000,465,640.0,560.0,43,40,99.0,92.0,651.3099623373058,632.8676350113744,0.022468174593954466,0.023845730096549965,0.13582319043503335,0.18843178018543186,0.024225534332376945,0.008690629072837248,0.49359803692228377,118,ok,0.07282978723404254,0.14426086956521741,0.5324740636691789,840
full_year,absz_attack_direction__linear_exposure_pitcher,linear_exposure_pitcher,absz_attack_direction,all,False,False,pooled,decile_trend,0.10259290807669572,0.026660838450506357,0.17943053227467004,0.0117,0.0238,0.0,19999,1000,465,640.0,560.0,43,40,99.0,92.0,651.3099623373058,632.8676350113744,0.022468174593954466,0.023845730096549965,0.13582319043503335,0.18843178018543186,0.024225534332376945,0.008690629072837248,0.49359803692228377,118,ok,0.08697345132743363,0.1723448275862069,0.6358813998842099,840
full_year,absz_attack_direction__linear_exposure_pitcher,linear_exposure_pitcher,absz_attack_direction,all,False,False,pooled,top_quartile_retention,0.3813559322033898,0.30708316065754937,0.45221479004087695,0.00205,0.0029,0.2731182795698925,19999,1000,465,640.0,560.0,43,40,99.0,92.0,651.3099623373058,632.8676350113744,0.022468174593954466,0.023845730096549965,0.13582319043503335,0.18843178018543186,0.024225534332376945,0.008690629072837248,0.49359803692228377,118,ok,0.042,0.07264864864864866,0.30707093242271677,840
full_year,absz_attack_direction__saturating_exposure_pitcher,saturating_exposure_pitcher,absz_attack_direction,all,False,False,unpooled,spearman,0.012012385198664332,-0.07249496912428503,0.09641910906451635,0.3964,0.79865,0.0,19999,1000,460,648.0,571.0,43,40,99.5,92.5,17.742083755233594,17.41370007814426,0.14642213845188348,0.14542670430673865,0.1193442524568785,0.20607828895140978,0.06034141280769595,0.008959481809008305,0.5571758886836197,104,ok,0.6399770114942528,0.9203527815468113,1.0,840
full_year,absz_attack_direction__saturating_exposure_pitcher,saturating_exposure_pitcher,absz_attack_direction,all,False,False,unpooled,kendall,0.010893246187363835,-0.0484878575113655,0.06858333569968403,0.3607,0.7299,0.0,19999,1000,460,648.0,571.0,43,40,99.5,92.5,17.742083755233594,17.41370007814426,0.14642213845188348,0.14542670430673865,0.1193442524568785,0.20607828895140978,0.06034141280769595,0.008959481809008305,0.5571758886836197,104,ok,0.6124363636363637,0.8885739130434782,1.0,840
full_year,absz_attack_direction__saturating_exposure_pitcher,saturating_exposure_pitcher,absz_attack_direction,all,False,False,unpooled,quartile_trend,0.02519871905605426,-0.057097402867947455,0.10902992535149995,0.29325,0.5907,0.0,19999,1000,460,648.0,571.0,43,40,99.5,92.5,17.742083755233594,17.41370007814426,0.14642213845188348,0.14542670430673865,0.1193442524568785,0.20607828895140978,0.06034141280769595,0.008959481809008305,0.5571758886836197,104,ok,0.5488,0.8498571428571429,1.0,840
full_year,absz_attack_direction__saturating_exposure_pitcher,saturating_exposure_pitcher,absz_attack_direction,all,False,False,unpooled,decile_trend,0.0046259495536378915,-0.07969555234979524,0.08728480895229244,0.4595,0.9217,0.0,19999,1000,460,648.0,571.0,43,40,99.5,92.5,17.742083755233594,17.41370007814426,0.14642213845188348,0.14542670430673865,0.1193442524568785,0.20607828895140978,0.06034141280769595,0.008959481809008305,0.5571758886836197,104,ok,0.6875444839857652,0.9726482412060301,1.0,840
full_year,absz_attack_direction__saturating_exposure_pitcher,saturating_exposure_pitcher,absz_attack_direction,all,False,False,unpooled,top_quartile_retention,0.3173076923076923,0.24438438438438437,0.39090909090909093,0.0136,0.01825,0.23043478260869565,19999,1000,460,648.0,571.0,43,40,99.5,92.5,17.742083755233594,17.41370007814426,0.14642213845188348,0.14542670430673865,0.1193442524568785,0.20607828895140978,0.06034141280769595,0.008959481809008305,0.5571758886836197,104,ok,0.09398360655737706,0.15194117647058825,0.6871341356672269,840
full_year,absz_attack_direction__saturating_exposure_pitcher,saturating_exposure_pitcher,absz_attack_direction,all,False,False,pooled,spearman,0.03873894365819515,-0.043550713828121666,0.12033245648428753,0.20275,0.41125,0.0,19999,1000,460,648.0,571.0,43,40,99.5,92.5,17.742083755233594,17.41370007814426,0.14642213845188348,0.14542670430673865,0.1193442524568785,0.20607828895140978,0.0704598957379802,0.03689287592178562,0.5571758886836197,116,ok,0.45416,0.7780405405405405,1.0,840
full_year,absz_attack_direction__saturating_exposure_pitcher,saturating_exposure_pitcher,absz_attack_direction,all,False,False,pooled,kendall,0.027072084872596384,-0.029686847718366133,0.08240982097318114,0.19145,0.38855,0.0,19999,1000,460,648.0,571.0,43,40,99.5,92.5,17.742083755233594,17.41370007814426,0.14642213845188348,0.14542670430673865,0.1193442524568785,0.20607828895140978,0.0704598957379802,0.03689287592178562,0.5571758886836197,116,ok,0.43347169811320757,0.76393006993007,1.0,840
full_year,absz_attack_direction__saturating_exposure_pitcher,saturating_exposure_pitcher,absz_attack_direction,all,False,False,pooled,quartile_trend,0.03178768412444439,-0.049664108036754175,0.11156373015652435,0.24595,0.4952,0.0,19999,1000,460,648.0,571.0,43,40,99.5,92.5,17.742083755233594,17.41370007814426,0.14642213845188348,0.14542670430673865,0.1193442524568785,0.20607828895140978,0.0704598957379802,0.03689287592178562,0.5571758886836197,116,ok,0.5045121951219512,0.8206768060836502,1.0,840
full_year,absz_attack_direction__saturating_exposure_pitcher,saturating_exposure_pitcher,absz_attack_direction,all,False,False,pooled,decile_trend,0.04217686102678503,-0.040515000480922575,0.12358556183381551,0.18165,0.3688,0.0,19999,1000,460,648.0,571.0,43,40,99.5,92.5,17.742083755233594,17.41370007814426,0.14642213845188348,0.14542670430673865,0.1193442524568785,0.20607828895140978,0.0704598957379802,0.03689287592178562,0.5571758886836197,116,ok,0.4187342465753425,0.7355971563981042,1.0,840
full_year,absz_attack_direction__saturating_exposure_pitcher,saturating_exposure_pitcher,absz_attack_direction,all,False,False,pooled,top_quartile_retention,0.31896551724137934,0.24792657061361809,0.3893805309734513,0.0919,0.18355,0.2673913043478261,19999,1000,460,648.0,571.0,43,40,99.5,92.5,17.742083755233594,17.41370007814426,0.14642213845188348,0.14542670430673865,0.1193442524568785,0.20607828895140978,0.0704598957379802,0.03689287592178562,0.5571758886836197,116,ok,0.3010272373540856,0.5576750902527076,1.0,840
full_year,absz_swing_path_tilt__log_exposure_pitcher,log_exposure_pitcher,absz_swing_path_tilt,all,False,False,unpooled,spearman,0.1155954159843794,0.03867924902461349,0.19547945027075556,0.00675,0.01295,0.0,19999,1000,465,640.0,560.0,43,40,99.0,92.0,81.87396376665937,80.8172362291269,0.0712619156165206,0.07011296477533882,0.2193321941424193,0.1591092545418394,-0.0115761671289511,-0.09457933707934904,0.6056613929640469,111,ok,0.07015909090909091,0.1342962962962963,0.5129480348424927,840
full_year,absz_swing_path_tilt__log_exposure_pitcher,log_exposure_pitcher,absz_swing_path_tilt,all,False,False,unpooled,kendall,0.07793845012977381,0.025670518020287924,0.13379464354723325,0.00655,0.01285,0.0,19999,1000,465,640.0,560.0,43,40,99.0,92.0,81.87396376665937,80.8172362291269,0.0712619156165206,0.07011296477533882,0.2193321941424193,0.1591092545418394,-0.0115761671289511,-0.09457933707934904,0.6056613929640469,111,ok,0.07015909090909091,0.1342962962962963,0.5129480348424927,840
full_year,absz_swing_path_tilt__log_exposure_pitcher,log_exposure_pitcher,absz_swing_path_tilt,all,False,False,unpooled,quartile_trend,0.11435953756907466,0.040733150591298097,0.19803034990567356,0.00685,0.01355,0.0,19999,1000,465,640.0,560.0,43,40,99.0,92.0,81.87396376665937,80.8172362291269,0.0712619156165206,0.07011296477533882,0.2193321941424193,0.1591092545418394,-0.0115761671289511,-0.09457933707934904,0.6056613929640469,111,ok,0.07015909090909091,0.13880487804878047,0.5129480348424927,840
full_year,absz_swing_path_tilt__log_exposure_pitcher,log_exposure_pitcher,absz_swing_path_tilt,all,False,False,unpooled,decile_trend,0.11447211308600626,0.038499391844735234,0.19514700596854856,0.0072,0.014,0.0,19999,1000,465,640.0,560.0,43,40,99.0,92.0,81.87396376665937,80.8172362291269,0.0712619156165206,0.07011296477533882,0.2193321941424193,0.1591092545418394,-0.0115761671289511,-0.09457933707934904,0.6056613929640469,111,ok,0.07015909090909091,0.1388470588235294,0.5129480348424927,840
full_year,absz_swing_path_tilt__log_exposure_pitcher,log_exposure_pitcher,absz_swing_path_tilt,all,False,False,unpooled,top_quartile_retention,0.24324324324324326,0.1809047619047619,0.32225284339457566,0.44395,0.89735,0.23440860215053763,19999,1000,465,640.0,560.0,43,40,99.0,92.0,81.87396376665937,80.8172362291269,0.0712619156165206,0.07011296477533882,0.2193321941424193,0.1591092545418394,-0.0115761671289511,-0.09457933707934904,0.6056613929640469,111,ok,0.6769546279491834,0.9639239543726235,1.0,840
full_year,absz_swing_path_tilt__log_exposure_pitcher,log_exposure_pitcher,absz_swing_path_tilt,all,False,False,pooled,spearman,0.10996135429447121,0.03340679642021866,0.18271809281303383,0.0095,0.0195,0.0,19999,1000,465,640.0,560.0,43,40,99.0,92.0,81.87396376665937,80.8172362291269,0.0712619156165206,0.07011296477533882,0.2193321941424193,0.1591092545418394,-0.016863992896255734,-0.05952107014470061,0.6056613929640469,122,ok,0.07869902912621358,0.1564,0.5753853393940226,840
full_year,absz_swing_path_tilt__log_exposure_pitcher,log_exposure_pitcher,absz_swing_path_tilt,all,False,False,pooled,kendall,0.07348906192065258,0.021973664917009132,0.12332995187481977,0.00965,0.01985,0.0,19999,1000,465,640.0,560.0,43,40,99.0,92.0,81.87396376665937,80.8172362291269,0.0712619156165206,0.07011296477533882,0.2193321941424193,0.1591092545418394,-0.016863992896255734,-0.05952107014470061,0.6056613929640469,122,ok,0.07869902912621358,0.15730188679245283,0.5753853393940226,840
full_year,absz_swing_path_tilt__log_exposure_pitcher,log_exposure_pitcher,absz_swing_path_tilt,all,False,False,pooled,quartile_trend,0.09861670159360164,0.020572708136769806,0.17367694023060873,0.01805,0.0368,0.0,19999,1000,465,640.0,560.0,43,40,99.0,92.0,81.87396376665937,80.8172362291269,0.0712619156165206,0.07011296477533882,0.2193321941424193,0.1591092545418394,-0.016863992896255734,-0.05952107014470061,0.6056613929640469,122,ok,0.11270503597122303,0.22238848920863308,0.8240104877242688,840
full_year,absz_swing_path_tilt__log_exposure_pitcher,log_exposure_pitcher,absz_swing_path_tilt,all,False,False,pooled,decile_trend,0.11736083080102093,0.043063258231725236,0.19036764029688427,0.00585,0.0123,0.0,19999,1000,465,640.0,560.0,43,40,99.0,92.0,81.87396376665937,80.8172362291269,0.0712619156165206,0.07011296477533882,0.2193321941424193,0.1591092545418394,-0.016863992896255734,-0.05952107014470061,0.6056613929640469,122,ok,0.06731506849315068,0.1342962962962963,0.4921547821021624,840
full_year,absz_swing_path_tilt__log_exposure_pitcher,log_exposure_pitcher,absz_swing_path_tilt,all,False,False,pooled,top_quartile_retention,0.2459016393442623,0.18455128205128207,0.307051282051282,0.7609,0.5588,0.26666666666666666,19999,1000,465,640.0,560.0,43,40,99.0,92.0,81.87396376665937,80.8172362291269,0.0712619156165206,0.07011296477533882,0.2193321941424193,0.1591092545418394,-0.016863992896255734,-0.05952107014470061,0.6056613929640469,122,ok,0.8544866310160428,0.8430161579892281,1.0,840
full_year,absz_swing_path_tilt__log_exposure_pa,log_exposure_pa,absz_swing_path_tilt,all,False,False,unpooled,spearman,0.0828823482775438,0.0068174169384288405,0.15703054759422894,0.0369,0.07525,0.0,19999,1000,464,642.5,560.5,43,40,99.0,92.0,26.625646703590945,24.756705660146864,0.12296272794949076,0.1253118911777169,0.1845652935271974,0.17409030921534852,-0.012234015717007378,0.04395236367742416,0.5533154188599283,101,ok,0.1761136363636364,0.34992265193370164,1.0,840
full_year,absz_swing_path_tilt__log_exposure_pa,log_exposure_pa,absz_swing_path_tilt,all,False,False,unpooled,kendall,0.05676994116332761,0.005601535191747388,0.1069883716331086,0.0335,0.0686,0.0,19999,1000,464,642.5,560.5,43,40,99.0,92.0,26.625646703590945,24.756705660146864,0.12296272794949076,0.1253118911777169,0.1845652935271974,0.17409030921534852,-0.012234015717007378,0.04395236367742416,0.5533154188599283,101,ok,0.1636300578034682,0.3350232558139535,1.0,840
full_year,absz_swing_path_tilt__log_exposure_pa,log_exposure_pa,absz_swing_path_tilt,all,False,False,unpooled,quartile_trend,0.07303615321367386,0.0017779449919986456,0.145655652363348,0.05735,0.11635,0.0,19999,1000,464,642.5,560.5,43,40,99.0,92.0,26.625646703590945,24.756705660146864,0.12296272794949076,0.1253118911777169,0.1845652935271974,0.17409030921534852,-0.012234015717007378,0.04395236367742416,0.5533154188599283,101,ok,0.2304976076555024,0.4442454545454545,1.0,840
full_year,absz_swing_path_tilt__log_exposure_pa,log_exposure_pa,absz_swing_path_tilt,all,False,False,unpooled,decile_trend,0.07927868422830783,0.003518871319223635,0.15479267545202846,0.0433,0.08875,0.0,19999,1000,464,642.5,560.5,43,40,99.0,92.0,26.625646703590945,24.756705660146864,0.12296272794949076,0.1253118911777169,0.1845652935271974,0.17409030921534852,-0.012234015717007378,0.04395236367742416,0.5533154188599283,101,ok,0.19458510638297874,0.38828124999999997,1.0,840
full_year,absz_swing_path_tilt__log_exposure_pa,log_exposure_pa,absz_swing_path_tilt,all,False,False,unpooled,top_quartile_retention,0.31683168316831684,0.2443717549325026,0.3958333333333333,0.01815,0.03295,0.23275862068965517,19999,1000,464,642.5,560.5,43,40,99.0,92.0,26.625646703590945,24.756705660146864,0.12296272794949076,0.1253118911777169,0.1845652935271974,0.17409030921534852,-0.012234015717007378,0.04395236367742416,0.5533154188599283,101,ok,0.11270503597122303,0.20655223880597015,0.8240104877242688,840
full_year,absz_swing_path_tilt__log_exposure_pa,log_exposure_pa,absz_swing_path_tilt,all,False,False,pooled,spearman,0.093068372105315,0.014729800084965444,0.17302683664290985,0.02265,0.04585,0.0,19999,1000,464,642.5,560.5,43,40,99.0,92.0,26.625646703590945,24.756705660146864,0.12296272794949076,0.1253118911777169,0.1845652935271974,0.17409030921534852,0.0022031919315197834,0.013239092151826963,0.5533154188599283,115,ok,0.126,0.2550596026490066,0.9212127972681503,840
full_year,absz_swing_path_tilt__log_exposure_pa,log_exposure_pa,absz_swing_path_tilt,all,False,False,pooled,kendall,0.061257168392045876,0.008944923824627058,0.1164076114778797,0.0246,0.04905,0.0,19999,1000,464,642.5,560.5,43,40,99.0,92.0,26.625646703590945,24.756705660146864,0.12296272794949076,0.1253118911777169,0.1845652935271974,0.17409030921534852,0.0022031919315197834,0.013239092151826963,0.5533154188599283,115,ok,0.13331612903225806,0.2658193548387097,0.9747025725933977,840
full_year,absz_swing_path_tilt__log_exposure_pa,log_exposure_pa,absz_swing_path_tilt,all,False,False,pooled,quartile_trend,0.09143482868157372,0.014606374304416707,0.17063549833041253,0.0252,0.04965,0.0,19999,1000,464,642.5,560.5,43,40,99.0,92.0,26.625646703590945,24.756705660146864,0.12296272794949076,0.1253118911777169,0.1845652935271974,0.17409030921534852,0.0022031919315197834,0.013239092151826963,0.5533154188599283,115,ok,0.1356923076923077,0.26734615384615384,0.992075320134931,840
full_year,absz_swing_path_tilt__log_exposure_pa,log_exposure_pa,absz_swing_path_tilt,all,False,False,pooled,decile_trend,0.0948741928636343,0.019521971267801735,0.17255484485810602,0.02075,0.04155,0.0,19999,1000,464,642.5,560.5,43,40,99.0,92.0,26.625646703590945,24.756705660146864,0.12296272794949076,0.1253118911777169,0.1845652935271974,0.17409030921534852,0.0022031919315197834,0.013239092151826963,0.5533154188599283,115,ok,0.12020689655172413,0.24070344827586201,0.8788581858994996,840
full_year,absz_swing_path_tilt__log_exposure_pa,log_exposure_pa,absz_swing_path_tilt,all,False,False,pooled,top_quartile_retention,0.3391304347826087,0.26785714285714285,0.4094763779527559,0.01975,0.02865,0.2607758620689655,19999,1000,464,642.5,560.5,43,40,99.0,92.0,26.625646703590945,24.756705660146864,0.12296272794949076,0.1253118911777169,0.1845652935271974,0.17409030921534852,0.0022031919315197834,0.013239092151826963,0.5533154188599283,115,ok,0.11725000000000001,0.19133333333333333,0.857239686346751,840
full_year,absz_swing_path_tilt__log_exposure_type,log_exposure_type,absz_swing_path_tilt,all,False,False,unpooled,spearman,0.11393393708794225,0.03894155718601237,0.19568039725354158,0.00815,0.01475,0.0,19999,1000,465,640.0,560.0,43,40,99.0,92.0,145.17710697865078,134.67291191527073,0.054112721829049276,0.057143521017901176,0.15014445488144898,0.15859995962168164,-0.011239956651883114,-0.033542753751187544,0.6331773023913075,107,ok,0.07282978723404254,0.14175000000000001,0.5324740636691789,840
full_year,absz_swing_path_tilt__log_exposure_type,log_exposure_type,absz_swing_path_tilt,all,False,False,unpooled,kendall,0.07812384130515387,0.02610901903861321,0.1342298090050485,0.0068,0.012,0.0,19999,1000,465,640.0,560.0,43,40,99.0,92.0,145.17710697865078,134.67291191527073,0.054112721829049276,0.057143521017901176,0.15014445488144898,0.15859995962168164,-0.011239956651883114,-0.033542753751187544,0.6331773023913075,107,ok,0.07015909090909091,0.1342962962962963,0.5129480348424927,840
full_year,absz_swing_path_tilt__log_exposure_type,log_exposure_type,absz_swing_path_tilt,all,False,False,unpooled,quartile_trend,0.1325445724123975,0.059961575504494546,0.2148355883436122,0.0024,0.0042,0.0,19999,1000,465,640.0,560.0,43,40,99.0,92.0,145.17710697865078,134.67291191527073,0.054112721829049276,0.057143521017901176,0.15014445488144898,0.15859995962168164,-0.011239956651883114,-0.033542753751187544,0.6331773023913075,107,ok,0.04368,0.08018181818181817,0.3193537697196254,840
full_year,absz_swing_path_tilt__log_exposure_type,log_exposure_type,absz_swing_path_tilt,all,False,False,unpooled,decile_trend,0.11408556000270084,0.03918820529542913,0.19473344407125875,0.0081,0.0152,0.0,19999,1000,465,640.0,560.0,43,40,99.0,92.0,145.17710697865078,134.67291191527073,0.054112721829049276,0.057143521017901176,0.15014445488144898,0.15859995962168164,-0.011239956651883114,-0.033542753751187544,0.6331773023913075,107,ok,0.07282978723404254,0.1428,0.5324740636691789,840
full_year,absz_swing_path_tilt__log_exposure_type,log_exposure_type,absz_swing_path_tilt,all,False,False,unpooled,top_quartile_retention,0.24299065420560748,0.17855374823196607,0.31820193081255027,0.4261,0.79305,0.23225806451612904,19999,1000,465,640.0,560.0,43,40,99.0,92.0,145.17710697865078,134.67291191527073,0.054112721829049276,0.057143521017901176,0.15014445488144898,0.15859995962168164,-0.011239956651883114,-0.033542753751187544,0.6331773023913075,107,ok,0.662373382624769,0.9203527815468113,1.0,840
full_year,absz_swing_path_tilt__log_exposure_type,log_exposure_type,absz_swing_path_tilt,all,False,False,pooled,spearman,0.12028613098960696,0.04526117244965124,0.20129266999433015,0.0046,0.00925,0.0,19999,1000,465,640.0,560.0,43,40,99.0,92.0,145.17710697865078,134.67291191527073,0.054112721829049276,0.057143521017901176,0.15014445488144898,0.15859995962168164,0.030110232160674478,-0.03998625081755122,0.6331773023913075,120,ok,0.058545454545454546,0.11597014925373134,0.4280382694377264,840
full_year,absz_swing_path_tilt__log_exposure_type,log_exposure_type,absz_swing_path_tilt,all,False,False,pooled,kendall,0.0814423433444568,0.030215407528326948,0.13745548662590043,0.0041,0.0085,0.0,19999,1000,465,640.0,560.0,43,40,99.0,92.0,145.17710697865078,134.67291191527073,0.054112721829049276,0.057143521017901176,0.15014445488144898,0.15859995962168164,0.030110232160674478,-0.03998625081755122,0.6331773023913075,120,ok,0.053812500000000006,0.11136363636363637,0.3934346321666059,840
full_year,absz_swing_path_tilt__log_exposure_type,log_exposure_type,absz_swing_path_tilt,all,False,False,pooled,quartile_trend,0.11176023283311755,0.03601588308784241,0.19173895410062258,0.00685,0.01395,0.0,19999,1000,465,640.0,560.0,43,40,99.0,92.0,145.17710697865078,134.67291191527073,0.054112721829049276,0.057143521017901176,0.15014445488144898,0.15859995962168164,0.030110232160674478,-0.03998625081755122,0.6331773023913075,120,ok,0.07015909090909091,0.1388470588235294,0.5129480348424927,840
full_year,absz_swing_path_tilt__log_exposure_type,log_exposure_type,absz_swing_path_tilt,all,False,False,pooled,decile_trend,0.12135709309447636,0.04649861887071519,0.20287060688307293,0.0041,0.0087,0.0,19999,1000,465,640.0,560.0,43,40,99.0,92.0,145.17710697865078,134.67291191527073,0.054112721829049276,0.057143521017901176,0.15014445488144898,0.15859995962168164,0.030110232160674478,-0.03998625081755122,0.6331773023913075,120,ok,0.053812500000000006,0.11136363636363637,0.3934346321666059,840
full_year,absz_swing_path_tilt__log_exposure_type,log_exposure_type,absz_swing_path_tilt,all,False,False,pooled,top_quartile_retention,0.3,0.23434979838709677,0.37302179578298983,0.2174,0.4038,0.26881720430107525,19999,1000,465,640.0,560.0,43,40,99.0,92.0,145.17710697865078,134.67291191527073,0.054112721829049276,0.057143521017901176,0.15014445488144898,0.15859995962168164,0.030110232160674478,-0.03998625081755122,0.6331773023913075,120,ok,0.47432727272727276,0.7735791855203621,1.0,840
full_year,absz_swing_path_tilt__log_kernel_exposure,log_kernel_exposure,absz_swing_path_tilt,all,False,False,unpooled,spearman,0.0760955186258456,-0.003755844853749315,0.15226736813357997,0.05065,0.1027,0.0,19999,1000,465,640.0,560.0,43,40,99.0,92.0,46.13504005511925,44.544642502712165,0.09307640843396645,0.09613737628223032,0.20525349265726278,0.1503775180756185,-0.022131409720862954,-0.012268758324700313,0.5919536251533656,107,ok,0.21401005025125627,0.4183846153846154,1.0,840
full_year,absz_swing_path_tilt__log_kernel_exposure,log_kernel_exposure,absz_swing_path_tilt,all,False,False,unpooled,kendall,0.04851687059695958,-0.006262163826807593,0.09981153831064751,0.0584,0.1185,0.0,19999,1000,465,640.0,560.0,43,40,99.0,92.0,46.13504005511925,44.544642502712165,0.09307640843396645,0.09613737628223032,0.20525349265726278,0.1503775180756185,-0.022131409720862954,-0.012268758324700313,0.5919536251533656,107,ok,0.23249289099526066,0.4504072398190045,1.0,840
full_year,absz_swing_path_tilt__log_kernel_exposure,log_kernel_exposure,absz_swing_path_tilt,all,False,False,unpooled,quartile_trend,0.07637213148959139,-0.0048407581094031,0.15084499860172462,0.04865,0.1006,0.0,19999,1000,465,640.0,560.0,43,40,99.0,92.0,46.13504005511925,44.544642502712165,0.09307640843396645,0.09613737628223032,0.20525349265726278,0.1503775180756185,-0.022131409720862954,-0.012268758324700313,0.5919536251533656,107,ok,0.20956923076923076,0.4162758620689655,1.0,840
full_year,absz_swing_path_tilt__log_kernel_exposure,log_kernel_exposure,absz_swing_path_tilt,all,False,False,unpooled,decile_trend,0.07396174645917855,-0.00711036390764984,0.14853918835482868,0.05495,0.1123,0.0,19999,1000,465,640.0,560.0,43,40,99.0,92.0,46.13504005511925,44.544642502712165,0.09307640843396645,0.09613737628223032,0.20525349265726278,0.1503775180756185,-0.022131409720862954,-0.012268758324700313,0.5919536251533656,107,ok,0.2257756097560976,0.4402222222222222,1.0,840
full_year,absz_swing_path_tilt__log_kernel_exposure,log_kernel_exposure,absz_swing_path_tilt,all,False,False,unpooled,top_quartile_retention,0.27102803738317754,0.19827586206896552,0.33982584325893306,0.2183,0.43995,0.23870967741935484,19999,1000,465,640.0,560.0,43,40,99.0,92.0,46.13504005511925,44.544642502712165,0.09307640843396645,0.09613737628223032,0.20525349265726278,0.1503775180756185,-0.022131409720862954,-0.012268758324700313,0.5919536251533656,107,ok,0.4750569948186528,0.7964612068965518,1.0,840
full_year,absz_swing_path_tilt__log_kernel_exposure,log_kernel_exposure,absz_swing_path_tilt,all,False,False,pooled,spearman,0.06335162579308436,-0.015992411510133874,0.14396475543843953,0.08465,0.16905,0.0,19999,1000,465,640.0,560.0,43,40,99.0,92.0,46.13504005511925,44.544642502712165,0.09307640843396645,0.09613737628223032,0.20525349265726278,0.1503775180756185,-0.008689435567416349,-0.04952999756524895,0.5919536251533656,120,ok,0.2967883817427386,0.544712643678161,1.0,840
full_year,absz_swing_path_tilt__log_kernel_exposure,log_kernel_exposure,absz_swing_path_tilt,all,False,False,pooled,kendall,0.04134223210975157,-0.01305517952128706,0.09635508966191922,0.09035,0.1804,0.0,19999,1000,465,640.0,560.0,43,40,99.0,92.0,46.13504005511925,44.544642502712165,0.09307640843396645,0.09613737628223032,0.20525349265726278,0.1503775180756185,-0.008689435567416349,-0.04952999756524895,0.5919536251533656,120,ok,0.3010272373540856,0.5558461538461539,1.0,840
full_year,absz_swing_path_tilt__log_kernel_exposure,log_kernel_exposure,absz_swing_path_tilt,all,False,False,pooled,quartile_trend,0.04610003722171095,-0.03459063040441824,0.1274674405326005,0.1627,0.3225,0.0,19999,1000,465,640.0,560.0,43,40,99.0,92.0,46.13504005511925,44.544642502712165,0.09307640843396645,0.09613737628223032,0.20525349265726278,0.1503775180756185,-0.008689435567416349,-0.04952999756524895,0.5919536251533656,120,ok,0.4031504424778761,0.7062061855670103,1.0,840
full_year,absz_swing_path_tilt__log_kernel_exposure,log_kernel_exposure,absz_swing_path_tilt,all,False,False,pooled,decile_trend,0.06040077774957568,-0.020173985344669937,0.13993922547156823,0.09555,0.1891,0.0,19999,1000,465,640.0,560.0,43,40,99.0,92.0,46.13504005511925,44.544642502712165,0.09307640843396645,0.09613737628223032,0.20525349265726278,0.1503775180756185,-0.008689435567416349,-0.04952999756524895,0.5919536251533656,120,ok,0.3051787072243346,0.5593098591549296,1.0,840
full_year,absz_swing_path_tilt__log_kernel_exposure,log_kernel_exposure,absz_swing_path_tilt,all,False,False,pooled,top_quartile_retention,0.25833333333333336,0.19507459152261428,0.32259334518669036,0.7122,0.72275,0.2731182795698925,19999,1000,465,640.0,560.0,43,40,99.0,92.0,46.13504005511925,44.544642502712165,0.09307640843396645,0.09613737628223032,0.20525349265726278,0.1503775180756185,-0.008689435567416349,-0.04952999756524895,0.5919536251533656,120,ok,0.8414623955431755,0.8885739130434782,1.0,840
full_year,absz_swing_path_tilt__log_exposure_sequence,log_exposure_sequence,absz_swing_path_tilt,all,False,False,unpooled,spearman,0.10214723560274411,0.026953240090422197,0.18395175992976104,0.01365,0.02745,0.0,19999,1000,465,640.0,560.0,43,40,99.0,92.0,75.36734592763811,62.265152649880775,0.07318574223114405,0.07775546727345999,0.2038344366829186,0.18214446703772,-0.03872244792735849,-0.026774384509254442,0.6036532007428379,108,ok,0.09398360655737706,0.18629032258064518,0.6871341356672269,840
full_year,absz_swing_path_tilt__log_exposure_sequence,log_exposure_sequence,absz_swing_path_tilt,all,False,False,unpooled,kendall,0.07130144605116795,0.018903199771924426,0.12714698864069185,0.0107,0.0217,0.0,19999,1000,465,640.0,560.0,43,40,99.0,92.0,75.36734592763811,62.265152649880775,0.07318574223114405,0.07775546727345999,0.2038344366829186,0.18214446703772,-0.03872244792735849,-0.026774384509254442,0.6036532007428379,108,ok,0.08361111111111111,0.16874999999999998,0.611298615471149,840
full_year,absz_swing_path_tilt__log_exposure_sequence,log_exposure_sequence,absz_swing_path_tilt,all,False,False,unpooled,quartile_trend,0.10187577420249891,0.03017926401861994,0.18654495014577768,0.01345,0.0275,0.0,19999,1000,465,640.0,560.0,43,40,99.0,92.0,75.36734592763811,62.265152649880775,0.07318574223114405,0.07775546727345999,0.2038344366829186,0.18214446703772,-0.03872244792735849,-0.026774384509254442,0.6036532007428379,108,ok,0.09398360655737706,0.18629032258064518,0.6871341356672269,840
full_year,absz_swing_path_tilt__log_exposure_sequence,log_exposure_sequence,absz_swing_path_tilt,all,False,False,unpooled,decile_trend,0.10559751388095719,0.032439508973853705,0.18591994503011963,0.01075,0.0225,0.0,19999,1000,465,640.0,560.0,43,40,99.0,92.0,75.36734592763811,62.265152649880775,0.07318574223114405,0.07775546727345999,0.2038344366829186,0.18214446703772,-0.03872244792735849,-0.026774384509254442,0.6036532007428379,108,ok,0.08361111111111111,0.16874999999999998,0.611298615471149,840
full_year,absz_swing_path_tilt__log_exposure_sequence,log_exposure_sequence,absz_swing_path_tilt,all,False,False,unpooled,top_quartile_retention,0.3425925925925926,0.2660501659184072,0.4230769230769231,0.00315,0.0042,0.23870967741935484,19999,1000,465,640.0,560.0,43,40,99.0,92.0,75.36734592763811,62.265152649880775,0.07318574223114405,0.07775546727345999,0.2038344366829186,0.18214446703772,-0.03872244792735849,-0.026774384509254442,0.6036532007428379,108,ok,0.04992452830188679,0.08018181818181817,0.3650088442005878,840
full_year,absz_swing_path_tilt__log_exposure_sequence,log_exposure_sequence,absz_swing_path_tilt,all,False,False,pooled,spearman,0.12001759226990409,0.04341743653776576,0.19517653223082876,0.00475,0.00945,0.0,19999,1000,465,640.0,560.0,43,40,99.0,92.0,75.36734592763811,62.265152649880775,0.07318574223114405,0.07775546727345999,0.2038344366829186,0.18214446703772,-0.005168475225214474,-0.03727030988174748,0.6036532007428379,114,ok,0.05867647058823529,0.11673529411764705,0.42899615559056015,840
full_year,absz_swing_path_tilt__log_exposure_sequence,log_exposure_sequence,absz_swing_path_tilt,all,False,False,pooled,kendall,0.0825361512791991,0.031079138758876062,0.1337894047813156,0.0038,0.0074,0.0,19999,1000,465,640.0,560.0,43,40,99.0,92.0,75.36734592763811,62.265152649880775,0.07318574223114405,0.07775546727345999,0.2038344366829186,0.18214446703772,-0.005168475225214474,-0.03727030988174748,0.6036532007428379,114,ok,0.05232786885245902,0.10161290322580645,0.382580178100434,840
full_year,absz_swing_path_tilt__log_exposure_sequence,log_exposure_sequence,absz_swing_path_tilt,all,False,False,pooled,quartile_trend,0.12471419512303215,0.04764235649865021,0.19616228974241573,0.0036,0.0069,0.0,19999,1000,465,640.0,560.0,43,40,99.0,92.0,75.36734592763811,62.265152649880775,0.07318574223114405,0.07775546727345999,0.2038344366829186,0.18214446703772,-0.005168475225214474,-0.03727030988174748,0.6036532007428379,114,ok,0.0511,0.1006551724137931,0.373602967780972,840
full_year,absz_swing_path_tilt__log_exposure_sequence,log_exposure_sequence,absz_swing_path_tilt,all,False,False,pooled,decile_trend,0.11955121314277199,0.04428462537932193,0.1934575562999121,0.00485,0.00975,0.0,19999,1000,465,640.0,560.0,43,40,99.0,92.0,75.36734592763811,62.265152649880775,0.07318574223114405,0.07775546727345999,0.2038344366829186,0.18214446703772,-0.005168475225214474,-0.03727030988174748,0.6036532007428379,114,ok,0.059043478260869565,0.11869565217391304,0.4316794267391815,840
full_year,absz_swing_path_tilt__log_exposure_sequence,log_exposure_sequence,absz_swing_path_tilt,all,False,False,pooled,top_quartile_retention,0.3157894736842105,0.24072293447293447,0.39217518783214217,0.09555,0.1768,0.2645161290322581,19999,1000,465,640.0,560.0,43,40,99.0,92.0,75.36734592763811,62.265152649880775,0.07318574223114405,0.07775546727345999,0.2038344366829186,0.18214446703772,-0.005168475225214474,-0.03727030988174748,0.6036532007428379,114,ok,0.3051787072243346,0.552089219330855,1.0,840
full_year,absz_swing_path_tilt__log_kernel_h0.5_m5,log_kernel_h0.5_m5,absz_swing_path_tilt,all,False,False,unpooled,spearman,0.048916507637740976,-0.03561043686349394,0.12847857026787854,0.1461,0.2912,0.0,19999,1000,463,645.0,561.0,43,42,99.0,92.0,20.591053339519448,19.04986296707083,0.13875016836410492,0.14687052485712573,0.24240754957780164,0.14836455250940547,-0.008455897643728134,0.004676804539022457,0.5842754567991031,110,ok,0.3776123076923077,0.668327868852459,1.0,840
full_year,absz_swing_path_tilt__log_kernel_h0.5_m5,log_kernel_h0.5_m5,absz_swing_path_tilt,all,False,False,unpooled,kendall,0.032116911166587186,-0.026248059881263247,0.08811723260021152,0.14995,0.2993,0.0,19999,1000,463,645.0,561.0,43,42,99.0,92.0,20.591053339519448,19.04986296707083,0.13875016836410492,0.14687052485712573,0.24240754957780164,0.14836455250940547,-0.008455897643728134,0.004676804539022457,0.5842754567991031,110,ok,0.3851926605504587,0.679491891891892,1.0,840
full_year,absz_swing_path_tilt__log_kernel_h0.5_m5,log_kernel_h0.5_m5,absz_swing_path_tilt,all,False,False,unpooled,quartile_trend,0.03750377770164779,-0.042347814560058004,0.11764064533926548,0.2115,0.42125,0.0,19999,1000,463,645.0,561.0,43,42,99.0,92.0,20.591053339519448,19.04986296707083,0.13875016836410492,0.14687052485712573,0.24240754957780164,0.14836455250940547,-0.008455897643728134,0.004676804539022457,0.5842754567991031,110,ok,0.4671811023622047,0.7863333333333333,1.0,840
full_year,absz_swing_path_tilt__log_kernel_h0.5_m5,log_kernel_h0.5_m5,absz_swing_path_tilt,all,False,False,unpooled,decile_trend,0.047133821828913285,-0.03768568134759448,0.1280154000884341,0.15485,0.30895,0.0,19999,1000,463,645.0,561.0,43,42,99.0,92.0,20.591053339519448,19.04986296707083,0.13875016836410492,0.14687052485712573,0.24240754957780164,0.14836455250940547,-0.008455897643728134,0.004676804539022457,0.5842754567991031,110,ok,0.39467272727272723,0.6943475935828877,1.0,840
full_year,absz_swing_path_tilt__log_kernel_h0.5_m5,log_kernel_h0.5_m5,absz_swing_path_tilt,all,False,False,unpooled,top_quartile_retention,0.2727272727272727,0.20201093503845796,0.34288600288600285,0.19075,0.36955,0.23758099352051837,19999,1000,463,645.0,561.0,43,42,99.0,92.0,20.591053339519448,19.04986296707083,0.13875016836410492,0.14687052485712573,0.24240754957780164,0.14836455250940547,-0.008455897643728134,0.004676804539022457,0.5842754567991031,110,ok,0.43347169811320757,0.7355971563981042,1.0,840
full_year,absz_swing_path_tilt__log_kernel_h0.5_m5,log_kernel_h0.5_m5,absz_swing_path_tilt,all,False,False,pooled,spearman,0.02930577466028423,-0.05318815546300744,0.10605341447180129,0.2642,0.5278,0.0,19999,1000,463,645.0,561.0,43,42,99.0,92.0,20.591053339519448,19.04986296707083,0.13875016836410492,0.14687052485712573,0.24240754957780164,0.14836455250940547,-0.004452890522004992,-0.04274388008654784,0.5842754567991031,121,ok,0.5154988399071926,0.830247191011236,1.0,840
full_year,absz_swing_path_tilt__log_kernel_h0.5_m5,log_kernel_h0.5_m5,absz_swing_path_tilt,all,False,False,pooled,kendall,0.018260357353229922,-0.037469039463352054,0.06995345104919902,0.2805,0.559,0.0,19999,1000,463,645.0,561.0,43,42,99.0,92.0,20.591053339519448,19.04986296707083,0.13875016836410492,0.14687052485712573,0.24240754957780164,0.14836455250940547,-0.004452890522004992,-0.04274388008654784,0.5842754567991031,121,ok,0.5306756756756758,0.8430161579892281,1.0,840
full_year,absz_swing_path_tilt__log_kernel_h0.5_m5,log_kernel_h0.5_m5,absz_swing_path_tilt,all,False,False,pooled,quartile_trend,0.020279835278582063,-0.06512632982843802,0.09852890188701224,0.3304,0.6595,0.0,19999,1000,463,645.0,561.0,43,42,99.0,92.0,20.591053339519448,19.04986296707083,0.13875016836410492,0.14687052485712573,0.24240754957780164,0.14836455250940547,-0.004452890522004992,-0.04274388008654784,0.5842754567991031,121,ok,0.5898726114649682,0.8688055987558321,1.0,840
full_year,absz_swing_path_tilt__log_kernel_h0.5_m5,log_kernel_h0.5_m5,absz_swing_path_tilt,all,False,False,pooled,decile_trend,0.029267739244509407,-0.05124662455596699,0.10665137435232022,0.26445,0.53,0.0,19999,1000,463,645.0,561.0,43,42,99.0,92.0,20.591053339519448,19.04986296707083,0.13875016836410492,0.14687052485712573,0.24240754957780164,0.14836455250940547,-0.004452890522004992,-0.04274388008654784,0.5842754567991031,121,ok,0.5154988399071926,0.8306145251396648,1.0,840
full_year,absz_swing_path_tilt__log_kernel_h0.5_m5,log_kernel_h0.5_m5,absz_swing_path_tilt,all,False,False,pooled,top_quartile_retention,0.2892561983471074,0.2204579932095644,0.3611111111111111,0.37775,0.7253,0.27429805615550756,19999,1000,463,645.0,561.0,43,42,99.0,92.0,20.591053339519448,19.04986296707083,0.13875016836410492,0.14687052485712573,0.24240754957780164,0.14836455250940547,-0.004452890522004992,-0.04274388008654784,0.5842754567991031,121,ok,0.6266863905325443,0.8885739130434782,1.0,840
full_year,absz_swing_path_tilt__log_kernel_h0.5_m20,log_kernel_h0.5_m20,absz_swing_path_tilt,all,False,False,unpooled,spearman,0.03749027293081965,-0.039052748507399225,0.11626714799574552,0.2119,0.41955,0.0,19999,1000,465,640.0,560.0,43,40,99.0,92.0,35.863149688286924,34.057223116863504,0.10500199021899445,0.1112794884091856,0.23497242893516618,0.15851874292462065,-0.02007905779908053,-0.014103653558794465,0.58520852926714,108,ok,0.4671811023622047,0.7849042316258351,1.0,840
full_year,absz_swing_path_tilt__log_kernel_h0.5_m20,log_kernel_h0.5_m20,absz_swing_path_tilt,all,False,False,unpooled,kendall,0.023711531331108635,-0.028759385948686652,0.07764894214334274,0.2245,0.44555,0.0,19999,1000,465,640.0,560.0,43,40,99.0,92.0,35.863149688286924,34.057223116863504,0.10500199021899445,0.1112794884091856,0.23497242893516618,0.15851874292462065,-0.02007905779908053,-0.014103653558794465,0.58520852926714,108,ok,0.4808091603053435,0.8014175588865097,1.0,840
full_year,absz_swing_path_tilt__log_kernel_h0.5_m20,log_kernel_h0.5_m20,absz_swing_path_tilt,all,False,False,unpooled,quartile_trend,0.03558300442888214,-0.03950935486605054,0.11367884217472803,0.2243,0.44465,0.0,19999,1000,465,640.0,560.0,43,40,99.0,92.0,35.863149688286924,34.057223116863504,0.10500199021899445,0.1112794884091856,0.23497242893516618,0.15851874292462065,-0.02007905779908053,-0.014103653558794465,0.58520852926714,108,ok,0.4808091603053435,0.8014175588865097,1.0,840
full_year,absz_swing_path_tilt__log_kernel_h0.5_m20,log_kernel_h0.5_m20,absz_swing_path_tilt,all,False,False,unpooled,decile_trend,0.036326260778930614,-0.03827979973208071,0.11582005719721834,0.21975,0.4372,0.0,19999,1000,465,640.0,560.0,43,40,99.0,92.0,35.863149688286924,34.057223116863504,0.10500199021899445,0.1112794884091856,0.23497242893516618,0.15851874292462065,-0.02007905779908053,-0.014103653558794465,0.58520852926714,108,ok,0.47574742268041237,0.7941900647948164,1.0,840
full_year,absz_swing_path_tilt__log_kernel_h0.5_m20,log_kernel_h0.5_m20,absz_swing_path_tilt,all,False,False,unpooled,top_quartile_retention,0.25,0.18476677923174334,0.3174423076923076,0.4266,0.79805,0.23870967741935484,19999,1000,465,640.0,560.0,43,40,99.0,92.0,35.863149688286924,34.057223116863504,0.10500199021899445,0.1112794884091856,0.23497242893516618,0.15851874292462065,-0.02007905779908053,-0.014103653558794465,0.58520852926714,108,ok,0.662373382624769,0.9203527815468113,1.0,840
full_year,absz_swing_path_tilt__log_kernel_h0.5_m20,log_kernel_h0.5_m20,absz_swing_path_tilt,all,False,False,pooled,spearman,0.03442499295831802,-0.045529110961969016,0.10474059623421597,0.2277,0.4524,0.0,19999,1000,465,640.0,560.0,43,40,99.0,92.0,35.863149688286924,34.057223116863504,0.10500199021899445,0.1112794884091856,0.23497242893516618,0.15851874292462065,-0.010416557262003088,-0.05265602696367448,0.58520852926714,120,ok,0.4828421052631579,0.8051035940803382,1.0,840
full_year,absz_swing_path_tilt__log_kernel_h0.5_m20,log_kernel_h0.5_m20,absz_swing_path_tilt,all,False,False,pooled,kendall,0.02081942899517983,-0.03313649216778316,0.0694037145438011,0.249,0.49385,0.0,19999,1000,465,640.0,560.0,43,40,99.0,92.0,35.863149688286924,34.057223116863504,0.10500199021899445,0.1112794884091856,0.23497242893516618,0.15851874292462065,-0.010416557262003088,-0.05265602696367448,0.58520852926714,120,ok,0.506115107913669,0.8206768060836502,1.0,840
full_year,absz_swing_path_tilt__log_kernel_h0.5_m20,log_kernel_h0.5_m20,absz_swing_path_tilt,all,False,False,pooled,quartile_trend,0.0251560832753803,-0.05412586598647081,0.09634922699607813,0.2953,0.58455,0.0,19999,1000,465,640.0,560.0,43,40,99.0,92.0,35.863149688286924,34.057223116863504,0.10500199021899445,0.1112794884091856,0.23497242893516618,0.15851874292462065,-0.010416557262003088,-0.05265602696367448,0.58520852926714,120,ok,0.5493451327433627,0.8498571428571429,1.0,840
full_year,absz_swing_path_tilt__log_kernel_h0.5_m20,log_kernel_h0.5_m20,absz_swing_path_tilt,all,False,False,pooled,decile_trend,0.030968602157106114,-0.04973770422778422,0.10172406000765447,0.25125,0.49985,0.0,19999,1000,465,640.0,560.0,43,40,99.0,92.0,35.863149688286924,34.057223116863504,0.10500199021899445,0.1112794884091856,0.23497242893516618,0.15851874292462065,-0.010416557262003088,-0.05265602696367448,0.58520852926714,120,ok,0.506115107913669,0.8206768060836502,1.0,840
full_year,absz_swing_path_tilt__log_kernel_h0.5_m20,log_kernel_h0.5_m20,absz_swing_path_tilt,all,False,False,pooled,top_quartile_retention,0.275,0.20962833099579245,0.34004545454545454,0.49935,1.0,0.2709677419354839,19999,1000,465,640.0,560.0,43,40,99.0,92.0,35.863149688286924,34.057223116863504,0.10500199021899445,0.1112794884091856,0.23497242893516618,0.15851874292462065,-0.010416557262003088,-0.05265602696367448,0.58520852926714,120,ok,0.7256385542168675,1.0,1.0,840
full_year,absz_swing_path_tilt__log_kernel_h1_m5,log_kernel_h1_m5,absz_swing_path_tilt,all,False,False,unpooled,spearman,0.06188564308459089,-0.017567024921246142,0.1385294397672109,0.0917,0.1839,0.0,19999,1000,465,640.0,560.0,43,40,99.0,92.0,25.6612044761499,25.211996482995083,0.12418900599545843,0.13028840580094286,0.20969600350026804,0.14252517947605972,-0.024863701680933038,-0.009279027245341749,0.5854564203430613,111,ok,0.3010272373540856,0.5576750902527076,1.0,840
full_year,absz_swing_path_tilt__log_kernel_h1_m5,log_kernel_h1_m5,absz_swing_path_tilt,all,False,False,unpooled,kendall,0.038172043010752686,-0.016243450530928516,0.09150654596776966,0.1094,0.21965,0.0,19999,1000,465,640.0,560.0,43,40,99.0,92.0,25.6612044761499,25.211996482995083,0.12418900599545843,0.13028840580094286,0.20969600350026804,0.14252517947605972,-0.024863701680933038,-0.009279027245341749,0.5854564203430613,111,ok,0.3305611510791367,0.5980582524271845,1.0,840
full_year,absz_swing_path_tilt__log_kernel_h1_m5,log_kernel_h1_m5,absz_swing_path_tilt,all,False,False,unpooled,quartile_trend,0.0515576529901803,-0.024339878931807685,0.12613328717637093,0.13295,0.26505,0.0,19999,1000,465,640.0,560.0,43,40,99.0,92.0,25.6612044761499,25.211996482995083,0.12418900599545843,0.13028840580094286,0.20969600350026804,0.14252517947605972,-0.024863701680933038,-0.009279027245341749,0.5854564203430613,111,ok,0.36092903225806455,0.6538944281524927,1.0,840
full_year,absz_swing_path_tilt__log_kernel_h1_m5,log_kernel_h1_m5,absz_swing_path_tilt,all,False,False,unpooled,decile_trend,0.059136765215713434,-0.01844917272024163,0.1352014603974726,0.10155,0.2043,0.0,19999,1000,465,640.0,560.0,43,40,99.0,92.0,25.6612044761499,25.211996482995083,0.12418900599545843,0.13028840580094286,0.20969600350026804,0.14252517947605972,-0.024863701680933038,-0.009279027245341749,0.5854564203430613,111,ok,0.31593333333333334,0.5767248322147651,1.0,840
full_year,absz_swing_path_tilt__log_kernel_h1_m5,log_kernel_h1_m5,absz_swing_path_tilt,all,False,False,unpooled,top_quartile_retention,0.23423423423423423,0.17185267857142858,0.29906542056074764,0.66475,0.8025,0.24516129032258063,19999,1000,465,640.0,560.0,43,40,99.0,92.0,25.6612044761499,25.211996482995083,0.12418900599545843,0.13028840580094286,0.20969600350026804,0.14252517947605972,-0.024863701680933038,-0.009279027245341749,0.5854564203430613,111,ok,0.8414623955431755,0.9203527815468113,1.0,840
full_year,absz_swing_path_tilt__log_kernel_h1_m5,log_kernel_h1_m5,absz_swing_path_tilt,all,False,False,pooled,spearman,0.04960506905622365,-0.03011264963076691,0.1311848742879477,0.13975,0.28125,0.0,19999,1000,465,640.0,560.0,43,40,99.0,92.0,25.6612044761499,25.211996482995083,0.12418900599545843,0.13028840580094286,0.20969600350026804,0.14252517947605972,-0.005601240290833403,-0.04576782977748286,0.5854564203430613,120,ok,0.3712429022082019,0.6599162011173184,1.0,840
full_year,absz_swing_path_tilt__log_kernel_h1_m5,log_kernel_h1_m5,absz_swing_path_tilt,all,False,False,pooled,kendall,0.03346310715609937,-0.020901756292635014,0.0883705487457571,0.1374,0.2771,0.0,19999,1000,465,640.0,560.0,43,40,99.0,92.0,25.6612044761499,25.211996482995083,0.12418900599545843,0.13028840580094286,0.20969600350026804,0.14252517947605972,-0.005601240290833403,-0.04576782977748286,0.5854564203430613,120,ok,0.3682356687898089,0.6558370786516854,1.0,840
full_year,absz_swing_path_tilt__log_kernel_h1_m5,log_kernel_h1_m5,absz_swing_path_tilt,all,False,False,pooled,quartile_trend,0.0432814972282689,-0.03898260260970341,0.12232426253399925,0.17295,0.3511,0.0,19999,1000,465,640.0,560.0,43,40,99.0,92.0,25.6612044761499,25.211996482995083,0.12418900599545843,0.13028840580094286,0.20969600350026804,0.14252517947605972,-0.005601240290833403,-0.04576782977748286,0.5854564203430613,120,ok,0.41038983050847455,0.7222572815533981,1.0,840
full_year,absz_swing_path_tilt__log_kernel_h1_m5,log_kernel_h1_m5,absz_swing_path_tilt,all,False,False,pooled,decile_trend,0.04541986418960375,-0.034828113525573,0.12610336750074425,0.1613,0.3257,0.0,19999,1000,465,640.0,560.0,43,40,99.0,92.0,25.6612044761499,25.211996482995083,0.12418900599545843,0.13028840580094286,0.20969600350026804,0.14252517947605972,-0.005601240290833403,-0.04576782977748286,0.5854564203430613,120,ok,0.40280118694362016,0.7062061855670103,1.0,840
full_year,absz_swing_path_tilt__log_kernel_h1_m5,log_kernel_h1_m5,absz_swing_path_tilt,all,False,False,pooled,top_quartile_retention,0.26666666666666666,0.2,0.33058184484137565,0.6141,0.9048,0.2731182795698925,19999,1000,465,640.0,560.0,43,40,99.0,92.0,25.6612044761499,25.211996482995083,0.12418900599545843,0.13028840580094286,0.20969600350026804,0.14252517947605972,-0.005601240290833403,-0.04576782977748286,0.5854564203430613,120,ok,0.8110754716981131,0.9639239543726235,1.0,840
full_year,absz_swing_path_tilt__log_kernel_h2_m5,log_kernel_h2_m5,absz_swing_path_tilt,all,False,False,unpooled,spearman,0.11179278836284474,0.03433391070500671,0.19338897718236464,0.0076,0.01655,0.0,19999,1000,465,640.0,560.0,43,40,99.0,92.0,31.983308663379468,30.932835210435556,0.10952104965126656,0.11583943647574967,0.21368130453757367,0.14221448863789174,0.00562964571985086,-0.028313409749507086,0.5888176896599464,110,ok,0.07173033707865169,0.14677894736842106,0.5244357497556511,840
full_year,absz_swing_path_tilt__log_kernel_h2_m5,log_kernel_h2_m5,absz_swing_path_tilt,all,False,False,unpooled,kendall,0.07525027808676306,0.021449550970970094,0.13152972560443463,0.0073,0.01605,0.0,19999,1000,465,640.0,560.0,43,40,99.0,92.0,31.983308663379468,30.932835210435556,0.10952104965126656,0.11583943647574967,0.21368130453757367,0.14221448863789174,0.00562964571985086,-0.028313409749507086,0.5888176896599464,110,ok,0.07015909090909091,0.14496774193548387,0.5129480348424927,840
full_year,absz_swing_path_tilt__log_kernel_h2_m5,log_kernel_h2_m5,absz_swing_path_tilt,all,False,False,unpooled,quartile_trend,0.09013983460145186,0.013960832958917674,0.1700104780570881,0.0259,0.05345,0.0,19999,1000,465,640.0,560.0,43,40,99.0,92.0,31.983308663379468,30.932835210435556,0.10952104965126656,0.11583943647574967,0.21368130453757367,0.14221448863789174,0.00562964571985086,-0.028313409749507086,0.5888176896599464,110,ok,0.13857324840764332,0.282377358490566,1.0,840
full_year,absz_swing_path_tilt__log_kernel_h2_m5,log_kernel_h2_m5,absz_swing_path_tilt,all,False,False,unpooled,decile_trend,0.1061827558575563,0.028495880464486745,0.18643896693158668,0.01015,0.02235,0.0,19999,1000,465,640.0,560.0,43,40,99.0,92.0,31.983308663379468,30.932835210435556,0.10952104965126656,0.11583943647574967,0.21368130453757367,0.14221448863789174,0.00562964571985086,-0.028313409749507086,0.5888176896599464,110,ok,0.08043396226415093,0.16874999999999998,0.5880698045453915,840
full_year,absz_swing_path_tilt__log_kernel_h2_m5,log_kernel_h2_m5,absz_swing_path_tilt,all,False,False,unpooled,top_quartile_retention,0.23636363636363636,0.16666666666666666,0.30833722741433023,0.50135,1.0,0.23225806451612904,19999,1000,465,640.0,560.0,43,40,99.0,92.0,31.983308663379468,30.932835210435556,0.10952104965126656,0.11583943647574967,0.21368130453757367,0.14221448863789174,0.00562964571985086,-0.028313409749507086,0.5888176896599464,110,ok,0.7256385542168675,1.0,1.0,840
full_year,absz_swing_path_tilt__log_kernel_h2_m5,log_kernel_h2_m5,absz_swing_path_tilt,all,False,False,pooled,spearman,0.07860474442274917,-0.0008814111173456187,0.15346582617879737,0.0475,0.09235,0.0,19999,1000,465,640.0,560.0,43,40,99.0,92.0,31.983308663379468,30.932835210435556,0.10952104965126656,0.11583943647574967,0.21368130453757367,0.14221448863789174,0.01126478156463787,-0.03781586120964162,0.5888176896599464,120,ok,0.2056701030927835,0.3898190954773869,1.0,840
full_year,absz_swing_path_tilt__log_kernel_h2_m5,log_kernel_h2_m5,absz_swing_path_tilt,all,False,False,pooled,kendall,0.05318872821653689,-0.002761155710522434,0.10493122833603521,0.04595,0.0896,0.0,19999,1000,465,640.0,560.0,43,40,99.0,92.0,31.983308663379468,30.932835210435556,0.10952104965126656,0.11583943647574967,0.21368130453757367,0.14221448863789174,0.01126478156463787,-0.03781586120964162,0.5888176896599464,120,ok,0.19998963730569946,0.3886082474226804,1.0,840
full_year,absz_swing_path_tilt__log_kernel_h2_m5,log_kernel_h2_m5,absz_swing_path_tilt,all,False,False,pooled,quartile_trend,0.06411733831325762,-0.015067139220332471,0.13908022286560381,0.08715,0.17185,0.0,19999,1000,465,640.0,560.0,43,40,99.0,92.0,31.983308663379468,30.932835210435556,0.10952104965126656,0.11583943647574967,0.21368130453757367,0.14221448863789174,0.01126478156463787,-0.03781586120964162,0.5888176896599464,120,ok,0.30002459016393446,0.5471136363636363,1.0,840
full_year,absz_swing_path_tilt__log_kernel_h2_m5,log_kernel_h2_m5,absz_swing_path_tilt,all,False,False,pooled,decile_trend,0.06630055374195107,-0.012617447318406156,0.14254703950544323,0.0793,0.15835,0.0,19999,1000,465,640.0,560.0,43,40,99.0,92.0,31.983308663379468,30.932835210435556,0.10952104965126656,0.11583943647574967,0.21368130453757367,0.14221448863789174,0.01126478156463787,-0.03781586120964162,0.5888176896599464,120,ok,0.28588841201716736,0.5265770750988142,1.0,840
full_year,absz_swing_path_tilt__log_kernel_h2_m5,log_kernel_h2_m5,absz_swing_path_tilt,all,False,False,pooled,top_quartile_retention,0.31666666666666665,0.25,0.3884527089072543,0.1202,0.23105,0.2709677419354839,19999,1000,465,640.0,560.0,43,40,99.0,92.0,31.983308663379468,30.932835210435556,0.10952104965126656,0.11583943647574967,0.21368130453757367,0.14221448863789174,0.01126478156463787,-0.03781586120964162,0.5888176896599464,120,ok,0.3481237113402062,0.6122460567823343,1.0,840
full_year,absz_swing_path_tilt__log_kernel_h2_m20,log_kernel_h2_m20,absz_swing_path_tilt,all,False,False,unpooled,spearman,0.10997555700897993,0.02712652318412045,0.18656007605735078,0.00935,0.01845,0.0,19999,1000,465,640.0,560.0,43,40,99.0,92.0,57.757959124801566,56.64902012324762,0.08433908229947258,0.08689860244186658,0.21038270160270642,0.15005208791057623,-0.007901005886368738,-0.0438723044680069,0.5973384829113895,109,ok,0.07869902912621358,0.15194117647058825,0.5753853393940226,840
full_year,absz_swing_path_tilt__log_kernel_h2_m20,log_kernel_h2_m20,absz_swing_path_tilt,all,False,False,unpooled,kendall,0.0732295142751205,0.016012037416619097,0.12636534757116757,0.0095,0.0189,0.0,19999,1000,465,640.0,560.0,43,40,99.0,92.0,57.757959124801566,56.64902012324762,0.08433908229947258,0.08689860244186658,0.21038270160270642,0.15005208791057623,-0.007901005886368738,-0.0438723044680069,0.5973384829113895,109,ok,0.07869902912621358,0.15413592233009707,0.5753853393940226,840
full_year,absz_swing_path_tilt__log_kernel_h2_m20,log_kernel_h2_m20,absz_swing_path_tilt,all,False,False,unpooled,quartile_trend,0.08516203560516514,0.005127159705803558,0.16235454828552962,0.0336,0.0694,0.0,19999,1000,465,640.0,560.0,43,40,99.0,92.0,57.757959124801566,56.64902012324762,0.08433908229947258,0.08689860244186658,0.21038270160270642,0.15005208791057623,-0.007901005886368738,-0.0438723044680069,0.5973384829113895,109,ok,0.1636300578034682,0.33697109826589594,1.0,840
full_year,absz_swing_path_tilt__log_kernel_h2_m20,log_kernel_h2_m20,absz_swing_path_tilt,all,False,False,unpooled,decile_trend,0.11124029839651346,0.02857147658794913,0.1896774920917341,0.00865,0.01725,0.0,19999,1000,465,640.0,560.0,43,40,99.0,92.0,57.757959124801566,56.64902012324762,0.08433908229947258,0.08689860244186658,0.21038270160270642,0.15005208791057623,-0.007901005886368738,-0.0438723044680069,0.5973384829113895,109,ok,0.07490721649484536,0.1493814432989691,0.5476625908157732,840
full_year,absz_swing_path_tilt__log_kernel_h2_m20,log_kernel_h2_m20,absz_swing_path_tilt,all,False,False,unpooled,top_quartile_retention,0.23853211009174313,0.17167832167832167,0.30647556691152983,0.37825,0.6987,0.22365591397849463,19999,1000,465,640.0,560.0,43,40,99.0,92.0,57.757959124801566,56.64902012324762,0.08433908229947258,0.08689860244186658,0.21038270160270642,0.15005208791057623,-0.007901005886368738,-0.0438723044680069,0.5973384829113895,109,ok,0.6266863905325443,0.8879092284417549,1.0,840
full_year,absz_swing_path_tilt__log_kernel_h2_m20,log_kernel_h2_m20,absz_swing_path_tilt,all,False,False,pooled,spearman,0.08584192259401242,0.007784117521114621,0.16498516152873255,0.0319,0.064,0.0,19999,1000,465,640.0,560.0,43,40,99.0,92.0,57.757959124801566,56.64902012324762,0.08433908229947258,0.08689860244186658,0.21038270160270642,0.15005208791057623,0.0011426620899712128,-0.038115550420830015,0.5973384829113895,118,ok,0.15975,0.31810650887573966,1.0,840
full_year,absz_swing_path_tilt__log_kernel_h2_m20,log_kernel_h2_m20,absz_swing_path_tilt,all,False,False,pooled,kendall,0.05795328142380422,0.00494156076498182,0.11093731033447896,0.0304,0.06145,0.0,19999,1000,465,640.0,560.0,43,40,99.0,92.0,57.757959124801566,56.64902012324762,0.08433908229947258,0.08689860244186658,0.21038270160270642,0.15005208791057623,0.0011426620899712128,-0.038115550420830015,0.5973384829113895,118,ok,0.15570731707317073,0.31095180722891563,1.0,840
full_year,absz_swing_path_tilt__log_kernel_h2_m20,log_kernel_h2_m20,absz_swing_path_tilt,all,False,False,pooled,quartile_trend,0.05105943954772573,-0.025950550496475263,0.1238499008044536,0.1358,0.27295,0.0,19999,1000,465,640.0,560.0,43,40,99.0,92.0,57.757959124801566,56.64902012324762,0.08433908229947258,0.08689860244186658,0.21038270160270642,0.15005208791057623,0.0011426620899712128,-0.038115550420830015,0.5973384829113895,118,ok,0.36679099678456595,0.6558370786516854,1.0,840
full_year,absz_swing_path_tilt__log_kernel_h2_m20,log_kernel_h2_m20,absz_swing_path_tilt,all,False,False,pooled,decile_trend,0.07924580046385234,0.002260038339259777,0.15680220886947097,0.0425,0.08795,0.0,19999,1000,465,640.0,560.0,43,40,99.0,92.0,57.757959124801566,56.64902012324762,0.08433908229947258,0.08689860244186658,0.21038270160270642,0.15005208791057623,0.0011426620899712128,-0.038115550420830015,0.5973384829113895,118,ok,0.1940217391304348,0.3867958115183246,1.0,840
full_year,absz_swing_path_tilt__log_kernel_h2_m20,log_kernel_h2_m20,absz_swing_path_tilt,all,False,False,pooled,top_quartile_retention,0.3389830508474576,0.26732673267326734,0.40910880458124554,0.04145,0.0728,0.2731182795698925,19999,1000,465,640.0,560.0,43,40,99.0,92.0,57.757959124801566,56.64902012324762,0.08433908229947258,0.08689860244186658,0.21038270160270642,0.15005208791057623,0.0011426620899712128,-0.038115550420830015,0.5973384829113895,118,ok,0.1902622950819672,0.34355056179775284,1.0,840
full_year,absz_swing_path_tilt__linear_exposure_pitcher,linear_exposure_pitcher,absz_swing_path_tilt,all,False,False,unpooled,spearman,0.11477058438799428,0.044699303251683635,0.1953548892245652,0.00585,0.0126,0.0,19999,1000,465,640.0,560.0,43,40,99.0,92.0,651.3099623373058,632.8676350113744,0.024498606307620352,0.024730712003392944,0.235783901623572,0.20412533505695768,-0.021322093694949567,-0.12957971900108373,0.5756627535602268,109,ok,0.06731506849315068,0.1342962962962963,0.4921547821021624,840
full_year,absz_swing_path_tilt__linear_exposure_pitcher,linear_exposure_pitcher,absz_swing_path_tilt,all,False,False,unpooled,kendall,0.0771598071931776,0.029133618720949862,0.1321752472917081,0.0058,0.01215,0.0,19999,1000,465,640.0,560.0,43,40,99.0,92.0,651.3099623373058,632.8676350113744,0.024498606307620352,0.024730712003392944,0.235783901623572,0.20412533505695768,-0.021322093694949567,-0.12957971900108373,0.5756627535602268,109,ok,0.06731506849315068,0.1342962962962963,0.4921547821021624,840
full_year,absz_swing_path_tilt__linear_exposure_pitcher,linear_exposure_pitcher,absz_swing_path_tilt,all,False,False,unpooled,quartile_trend,0.11341069455489923,0.040676971128048404,0.19043138506580562,0.00735,0.0153,0.0,19999,1000,465,640.0,560.0,43,40,99.0,92.0,651.3099623373058,632.8676350113744,0.024498606307620352,0.024730712003392944,0.235783901623572,0.20412533505695768,-0.021322093694949567,-0.12957971900108373,0.5756627535602268,109,ok,0.07015909090909091,0.1428,0.5129480348424927,840
full_year,absz_swing_path_tilt__linear_exposure_pitcher,linear_exposure_pitcher,absz_swing_path_tilt,all,False,False,unpooled,decile_trend,0.11582934280586775,0.04494170964997094,0.1943725205978992,0.00605,0.0128,0.0,19999,1000,465,640.0,560.0,43,40,99.0,92.0,651.3099623373058,632.8676350113744,0.024498606307620352,0.024730712003392944,0.235783901623572,0.20412533505695768,-0.021322093694949567,-0.12957971900108373,0.5756627535602268,109,ok,0.06742105263157895,0.1342962962962963,0.49292965467857164,840
full_year,absz_swing_path_tilt__linear_exposure_pitcher,linear_exposure_pitcher,absz_swing_path_tilt,all,False,False,unpooled,top_quartile_retention,0.3211009174311927,0.2477020532983836,0.39622641509433965,0.0141,0.0213,0.23655913978494625,19999,1000,465,640.0,560.0,43,40,99.0,92.0,651.3099623373058,632.8676350113744,0.024498606307620352,0.024730712003392944,0.235783901623572,0.20412533505695768,-0.021322093694949567,-0.12957971900108373,0.5756627535602268,109,ok,0.09629268292682926,0.16721495327102803,0.7040162840911066,840
full_year,absz_swing_path_tilt__linear_exposure_pitcher,linear_exposure_pitcher,absz_swing_path_tilt,all,False,False,pooled,spearman,0.13655754844438503,0.05851835622229872,0.20840166038726204,0.00215,0.00335,0.0,19999,1000,465,640.0,560.0,43,40,99.0,92.0,651.3099623373058,632.8676350113744,0.024498606307620352,0.024730712003392944,0.235783901623572,0.20412533505695768,-0.02833059622756807,-0.08085891811120607,0.5756627535602268,121,ok,0.043000000000000003,0.07405263157894737,0.3143821450994481,840
full_year,absz_swing_path_tilt__linear_exposure_pitcher,linear_exposure_pitcher,absz_swing_path_tilt,all,False,False,pooled,kendall,0.0903781979977753,0.039061897643633145,0.13841764722151553,0.00225,0.0037,0.0,19999,1000,465,640.0,560.0,43,40,99.0,92.0,651.3099623373058,632.8676350113744,0.024498606307620352,0.024730712003392944,0.235783901623572,0.20412533505695768,-0.02833059622756807,-0.08085891811120607,0.5756627535602268,121,ok,0.04368,0.07580487804878049,0.3193537697196254,840
full_year,absz_swing_path_tilt__linear_exposure_pitcher,linear_exposure_pitcher,absz_swing_path_tilt,all,False,False,pooled,quartile_trend,0.12227392594038923,0.045730535668842234,0.19539610561708198,0.00475,0.00875,0.0,19999,1000,465,640.0,560.0,43,40,99.0,92.0,651.3099623373058,632.8676350113744,0.024498606307620352,0.024730712003392944,0.235783901623572,0.20412533505695768,-0.02833059622756807,-0.08085891811120607,0.5756627535602268,121,ok,0.05867647058823529,0.11136363636363637,0.42899615559056015,840
full_year,absz_swing_path_tilt__linear_exposure_pitcher,linear_exposure_pitcher,absz_swing_path_tilt,all,False,False,pooled,decile_trend,0.1294233889143344,0.05336979171021397,0.20257359851725779,0.0035,0.0059,0.0,19999,1000,465,640.0,560.0,43,40,99.0,92.0,651.3099623373058,632.8676350113744,0.024498606307620352,0.024730712003392944,0.235783901623572,0.20412533505695768,-0.02833059622756807,-0.08085891811120607,0.5756627535602268,121,ok,0.05068965517241379,0.09255555555555556,0.3706028494756926,840
full_year,absz_swing_path_tilt__linear_exposure_pitcher,linear_exposure_pitcher,absz_swing_path_tilt,all,False,False,pooled,top_quartile_retention,0.3140495867768595,0.23965176237903513,0.3860097323600973,0.06685,0.11515,0.25806451612903225,19999,1000,465,640.0,560.0,43,40,99.0,92.0,651.3099623373058,632.8676350113744,0.024498606307620352,0.024730712003392944,0.235783901623572,0.20412533505695768,-0.02833059622756807,-0.08085891811120607,0.5756627535602268,121,ok,0.2636338028169014,0.44167123287671234,1.0,840
full_year,absz_swing_path_tilt__saturating_exposure_pitcher,saturating_exposure_pitcher,absz_swing_path_tilt,all,False,False,unpooled,spearman,0.10459649168227761,0.022971949792063823,0.1771966686071328,0.0128,0.0266,0.0,19999,1000,460,648.0,571.0,43,40,99.5,92.5,17.742083755233594,17.41370007814426,0.15147620271160395,0.15223509368645044,0.22497718331211286,0.15355934580268563,-0.005611680995451405,-0.08612249955155128,0.6128896803777942,111,ok,0.0918974358974359,0.1850082644628099,0.6718816982924402,840
full_year,absz_swing_path_tilt__saturating_exposure_pitcher,saturating_exposure_pitcher,absz_swing_path_tilt,all,False,False,unpooled,kendall,0.071649142748887,0.014458771149247856,0.12143588019629974,0.0114,0.02325,0.0,19999,1000,460,648.0,571.0,43,40,99.5,92.5,17.742083755233594,17.41370007814426,0.15147620271160395,0.15223509368645044,0.22497718331211286,0.15355934580268563,-0.005611680995451405,-0.08612249955155128,0.6128896803777942,111,ok,0.08627027027027027,0.17165217391304347,0.6307402936250398,840
full_year,absz_swing_path_tilt__saturating_exposure_pitcher,saturating_exposure_pitcher,absz_swing_path_tilt,all,False,False,unpooled,quartile_trend,0.11301134398013056,0.027565323447624895,0.18362924834854763,0.00805,0.0166,0.0,19999,1000,460,648.0,571.0,43,40,99.5,92.5,17.742083755233594,17.41370007814426,0.15147620271160395,0.15223509368645044,0.22497718331211286,0.15355934580268563,-0.005611680995451405,-0.08612249955155128,0.6128896803777942,111,ok,0.07282978723404254,0.14677894736842106,0.5324740636691789,840
full_year,absz_swing_path_tilt__saturating_exposure_pitcher,saturating_exposure_pitcher,absz_swing_path_tilt,all,False,False,unpooled,decile_trend,0.10242281835108756,0.016244345436603382,0.17447432465977672,0.0155,0.0311,0.0,19999,1000,460,648.0,571.0,43,40,99.5,92.5,17.742083755233594,17.41370007814426,0.15147620271160395,0.15223509368645044,0.22497718331211286,0.15355934580268563,-0.005611680995451405,-0.08612249955155128,0.6128896803777942,111,ok,0.10093023255813953,0.1979090909090909,0.7379223957445131,840
full_year,absz_swing_path_tilt__saturating_exposure_pitcher,saturating_exposure_pitcher,absz_swing_path_tilt,all,False,False,unpooled,top_quartile_retention,0.24324324324324326,0.1773979446188981,0.313069270449521,0.39865,0.7986,0.23043478260869565,19999,1000,460,648.0,571.0,43,40,99.5,92.5,17.742083755233594,17.41370007814426,0.15147620271160395,0.15223509368645044,0.22497718331211286,0.15355934580268563,-0.005611680995451405,-0.08612249955155128,0.6128896803777942,111,ok,0.6402791586998088,0.9203527815468113,1.0,840
full_year,absz_swing_path_tilt__saturating_exposure_pitcher,saturating_exposure_pitcher,absz_swing_path_tilt,all,False,False,pooled,spearman,0.09749084455688026,0.021866519677441614,0.16480316318448868,0.01865,0.03715,0.0,19999,1000,460,648.0,571.0,43,40,99.5,92.5,17.742083755233594,17.41370007814426,0.15147620271160395,0.15223509368645044,0.22497718331211286,0.15355934580268563,-0.011645489407055227,-0.05872786034782363,0.6128896803777942,119,ok,0.11270503597122303,0.22290000000000001,0.8240104877242688,840
full_year,absz_swing_path_tilt__saturating_exposure_pitcher,saturating_exposure_pitcher,absz_swing_path_tilt,all,False,False,pooled,kendall,0.06657194278677656,0.015027914228988604,0.11302325257209005,0.01715,0.0342,0.0,19999,1000,460,648.0,571.0,43,40,99.5,92.5,17.742083755233594,17.41370007814426,0.15147620271160395,0.15223509368645044,0.22497718331211286,0.15355934580268563,-0.011645489407055227,-0.05872786034782363,0.6128896803777942,119,ok,0.10913636363636363,0.21280000000000002,0.7979191653105442,840
full_year,absz_swing_path_tilt__saturating_exposure_pitcher,saturating_exposure_pitcher,absz_swing_path_tilt,all,False,False,pooled,quartile_trend,0.07619079231186607,-0.00017635059530408386,0.14601233144544504,0.0507,0.1035,0.0,19999,1000,460,648.0,571.0,43,40,99.5,92.5,17.742083755233594,17.41370007814426,0.15147620271160395,0.15223509368645044,0.22497718331211286,0.15355934580268563,-0.011645489407055227,-0.05872786034782363,0.6128896803777942,119,ok,0.21401005025125627,0.4183846153846154,1.0,840
full_year,absz_swing_path_tilt__saturating_exposure_pitcher,saturating_exposure_pitcher,absz_swing_path_tilt,all,False,False,pooled,decile_trend,0.10160703577406087,0.028865436102226322,0.17207604911203755,0.01585,0.0308,0.0,19999,1000,460,648.0,571.0,43,40,99.5,92.5,17.742083755233594,17.41370007814426,0.15147620271160395,0.15223509368645044,0.22497718331211286,0.15355934580268563,-0.011645489407055227,-0.05872786034782363,0.6128896803777942,119,ok,0.10241538461538462,0.19749618320610687,0.748780658292317,840
full_year,absz_swing_path_tilt__saturating_exposure_pitcher,saturating_exposure_pitcher,absz_swing_path_tilt,all,False,False,pooled,top_quartile_retention,0.2605042016806723,0.19130434782608696,0.3228583269196613,0.5726,1.0,0.26304347826086955,19999,1000,460,648.0,571.0,43,40,99.5,92.5,17.742083755233594,17.41370007814426,0.15147620271160395,0.15223509368645044,0.22497718331211286,0.15355934580268563,-0.011645489407055227,-0.05872786034782363,0.6128896803777942,119,ok,0.7848450244698205,1.0,1.0,840
full_year,absz_bat_speed__log_exposure_pitcher,log_exposure_pitcher,absz_bat_speed,all,False,False,unpooled,spearman,-0.024744947891553324,-0.1038061494272759,0.05581820007976752,0.7049,0.5899,0.0,19999,1000,465,640.0,560.0,43,40,99.0,92.0,81.87396376665937,80.8172362291269,0.07776449085479833,0.07421913530382451,0.05179874347562219,0.09349665197013839,-0.011014861529501069,0.07478827213833206,0.4901466579461205,104,ok,0.8414623955431755,0.8498571428571429,1.0,840
full_year,absz_bat_speed__log_exposure_pitcher,log_exposure_pitcher,absz_bat_speed,all,False,False,unpooled,kendall,-0.016314423433444566,-0.06967673461666224,0.03929632851935102,0.7028,0.59425,0.0,19999,1000,465,640.0,560.0,43,40,99.0,92.0,81.87396376665937,80.8172362291269,0.07776449085479833,0.07421913530382451,0.05179874347562219,0.09349665197013839,-0.011014861529501069,0.07478827213833206,0.4901466579461205,104,ok,0.8414623955431755,0.8498571428571429,1.0,840
full_year,absz_bat_speed__log_exposure_pitcher,log_exposure_pitcher,absz_bat_speed,all,False,False,unpooled,quartile_trend,-0.045279588809367555,-0.12386073136707657,0.03514891020822196,0.8346,0.33235,0.0,19999,1000,465,640.0,560.0,43,40,99.0,92.0,81.87396376665937,80.8172362291269,0.07776449085479833,0.07421913530382451,0.05179874347562219,0.09349665197013839,-0.011014861529501069,0.07478827213833206,0.4901466579461205,104,ok,0.8816834170854272,0.711778337531486,1.0,840
full_year,absz_bat_speed__log_exposure_pitcher,log_exposure_pitcher,absz_bat_speed,all,False,False,unpooled,decile_trend,-0.025106772216265873,-0.10515839612252163,0.05588122661509861,0.70765,0.58605,0.0,19999,1000,465,640.0,560.0,43,40,99.0,92.0,81.87396376665937,80.8172362291269,0.07776449085479833,0.07421913530382451,0.05179874347562219,0.09349665197013839,-0.011014861529501069,0.07478827213833206,0.4901466579461205,104,ok,0.8414623955431755,0.8498571428571429,1.0,840
full_year,absz_bat_speed__log_exposure_pitcher,log_exposure_pitcher,absz_bat_speed,all,False,False,unpooled,top_quartile_retention,0.2692307692307692,0.1978021978021978,0.34065934065934067,0.205,0.35355,0.23440860215053763,19999,1000,465,640.0,560.0,43,40,99.0,92.0,81.87396376665937,80.8172362291269,0.07776449085479833,0.07421913530382451,0.05179874347562219,0.09349665197013839,-0.011014861529501069,0.07478827213833206,0.4901466579461205,104,ok,0.4568888888888889,0.7222572815533981,1.0,840
full_year,absz_bat_speed__log_exposure_pitcher,log_exposure_pitcher,absz_bat_speed,all,False,False,pooled,spearman,-0.020965474275184158,-0.09874413326835048,0.05483627245858128,0.67195,0.6522,0.0,19999,1000,465,640.0,560.0,43,40,99.0,92.0,81.87396376665937,80.8172362291269,0.07776449085479833,0.07421913530382451,0.05179874347562219,0.09349665197013839,0.007338864833124074,0.0432038220817599,0.4901466579461205,120,ok,0.8414623955431755,0.8660758293838863,1.0,840
full_year,absz_bat_speed__log_exposure_pitcher,log_exposure_pitcher,absz_bat_speed,all,False,False,pooled,kendall,-0.01568409343715239,-0.06884925049979532,0.035720185135469686,0.69095,0.6131,0.0,19999,1000,465,640.0,560.0,43,40,99.0,92.0,81.87396376665937,80.8172362291269,0.07776449085479833,0.07421913530382451,0.05179874347562219,0.09349665197013839,0.007338864833124074,0.0432038220817599,0.4901466579461205,120,ok,0.8414623955431755,0.8576805324459235,1.0,840
full_year,absz_bat_speed__log_exposure_pitcher,log_exposure_pitcher,absz_bat_speed,all,False,False,pooled,quartile_trend,-0.042315017660795824,-0.11988684538588495,0.03241642167257229,0.81655,0.36405,0.0,19999,1000,465,640.0,560.0,43,40,99.0,92.0,81.87396376665937,80.8172362291269,0.07776449085479833,0.07421913530382451,0.05179874347562219,0.09349665197013839,0.007338864833124074,0.0432038220817599,0.4901466579461205,120,ok,0.8690278481012659,0.7355971563981042,1.0,840
full_year,absz_bat_speed__log_exposure_pitcher,log_exposure_pitcher,absz_bat_speed,all,False,False,pooled,decile_trend,-0.026752048547595386,-0.10382760163243704,0.04736665991680997,0.71635,0.5642,0.0,19999,1000,465,640.0,560.0,43,40,99.0,92.0,81.87396376665937,80.8172362291269,0.07776449085479833,0.07421913530382451,0.05179874347562219,0.09349665197013839,0.007338864833124074,0.0432038220817599,0.4901466579461205,120,ok,0.8414623955431755,0.8447914438502675,1.0,840
full_year,absz_bat_speed__log_exposure_pitcher,log_exposure_pitcher,absz_bat_speed,all,False,False,pooled,top_quartile_retention,0.26666666666666666,0.203695509668961,0.3363007097169894,0.39585,0.7196,0.2537634408602151,19999,1000,465,640.0,560.0,43,40,99.0,92.0,81.87396376665937,80.8172362291269,0.07776449085479833,0.07421913530382451,0.05179874347562219,0.09349665197013839,0.007338864833124074,0.0432038220817599,0.4901466579461205,120,ok,0.6399770114942528,0.8885739130434782,1.0,840
full_year,absz_bat_speed__log_exposure_pa,log_exposure_pa,absz_bat_speed,all,False,False,unpooled,spearman,0.03497826959160286,-0.04946218639580313,0.12003463217103938,0.22495,0.45145,0.0,19999,1000,464,642.5,560.5,43,40,99.0,92.0,26.625646703590945,24.756705660146864,0.12867164204820652,0.1265998472783791,0.11666983145254428,0.0808536813005598,0.03515941639018155,0.038446966511867034,0.48108541528023685,102,ok,0.4808091603053435,0.8051035940803382,1.0,840
full_year,absz_bat_speed__log_exposure_pa,log_exposure_pa,absz_bat_speed,all,False,False,unpooled,kendall,0.02264094734490206,-0.03642818413002771,0.08187755924229687,0.23215,0.46605,0.0,19999,1000,464,642.5,560.5,43,40,99.0,92.0,26.625646703590945,24.756705660146864,0.12867164204820652,0.1265998472783791,0.11666983145254428,0.0808536813005598,0.03515941639018155,0.038446966511867034,0.48108541528023685,102,ok,0.48508955223880595,0.8058641975308641,1.0,840
full_year,absz_bat_speed__log_exposure_pa,log_exposure_pa,absz_bat_speed,all,False,False,unpooled,quartile_trend,0.018136721073164445,-0.0667742763609487,0.10062856836887121,0.34735,0.6964,0.0,19999,1000,464,642.5,560.5,43,40,99.0,92.0,26.625646703590945,24.756705660146864,0.12867164204820652,0.1265998472783791,0.11666983145254428,0.0808536813005598,0.03515941639018155,0.038446966511867034,0.48108541528023685,102,ok,0.5991252566735112,0.8863272727272727,1.0,840
full_year,absz_bat_speed__log_exposure_pa,log_exposure_pa,absz_bat_speed,all,False,False,unpooled,decile_trend,0.04020782426885534,-0.04300649763565274,0.12409299180228366,0.19125,0.386,0.0,19999,1000,464,642.5,560.5,43,40,99.0,92.0,26.625646703590945,24.756705660146864,0.12867164204820652,0.1265998472783791,0.11666983145254428,0.0808536813005598,0.03515941639018155,0.038446966511867034,0.48108541528023685,102,ok,0.43347169811320757,0.7629176470588236,1.0,840
full_year,absz_bat_speed__log_exposure_pa,log_exposure_pa,absz_bat_speed,all,False,False,unpooled,top_quartile_retention,0.24509803921568626,0.17892857142857144,0.31533902323376006,0.5964,1.0,0.25,19999,1000,464,642.5,560.5,43,40,99.0,92.0,26.625646703590945,24.756705660146864,0.12867164204820652,0.1265998472783791,0.11666983145254428,0.0808536813005598,0.03515941639018155,0.038446966511867034,0.48108541528023685,102,ok,0.7990047846889953,1.0,1.0,840
full_year,absz_bat_speed__log_exposure_pa,log_exposure_pa,absz_bat_speed,all,False,False,pooled,spearman,0.0365720731218032,-0.04678621708112392,0.126878338199947,0.2153,0.42905,0.0,19999,1000,464,642.5,560.5,43,40,99.0,92.0,26.625646703590945,24.756705660146864,0.12867164204820652,0.1265998472783791,0.11666983145254428,0.0808536813005598,0.04104068115040229,0.07562926890209183,0.48108541528023685,116,ok,0.47219843342036555,0.7909695652173913,1.0,840
full_year,absz_bat_speed__log_exposure_pa,log_exposure_pa,absz_bat_speed,all,False,False,pooled,kendall,0.024633201757652486,-0.03135811399186873,0.08513139571305842,0.2134,0.42455,0.0,19999,1000,464,642.5,560.5,43,40,99.0,92.0,26.625646703590945,24.756705660146864,0.12867164204820652,0.1265998472783791,0.11666983145254428,0.0808536813005598,0.04104068115040229,0.07562926890209183,0.48108541528023685,116,ok,0.4692565445026178,0.7891725663716814,1.0,840
full_year,absz_bat_speed__log_exposure_pa,log_exposure_pa,absz_bat_speed,all,False,False,pooled,quartile_trend,0.043122529168772614,-0.039933106429717556,0.13523432938046995,0.1788,0.35355,0.0,19999,1000,464,642.5,560.5,43,40,99.0,92.0,26.625646703590945,24.756705660146864,0.12867164204820652,0.1265998472783791,0.11666983145254428,0.0808536813005598,0.04104068115040229,0.07562926890209183,0.48108541528023685,116,ok,0.4175567867036011,0.7222572815533981,1.0,840
full_year,absz_bat_speed__log_exposure_pa,log_exposure_pa,absz_bat_speed,all,False,False,pooled,decile_trend,0.04421037234406054,-0.0371658002041938,0.13445748492237466,0.1716,0.34095,0.0,19999,1000,464,642.5,560.5,43,40,99.0,92.0,26.625646703590945,24.756705660146864,0.12867164204820652,0.1265998472783791,0.11666983145254428,0.0808536813005598,0.04104068115040229,0.07562926890209183,0.48108541528023685,116,ok,0.40950000000000003,0.7159949999999999,1.0,840
full_year,absz_bat_speed__log_exposure_pa,log_exposure_pa,absz_bat_speed,all,False,False,pooled,top_quartile_retention,0.27586206896551724,0.21096291727700256,0.3478454968944099,0.4285,0.8075,0.2650862068965517,19999,1000,464,642.5,560.5,43,40,99.0,92.0,26.625646703590945,24.756705660146864,0.12867164204820652,0.1265998472783791,0.11666983145254428,0.0808536813005598,0.04104068115040229,0.07562926890209183,0.48108541528023685,116,ok,0.6633370165745857,0.9203527815468113,1.0,840
full_year,absz_bat_speed__log_exposure_type,log_exposure_type,absz_bat_speed,all,False,False,unpooled,spearman,0.02245413358667475,-0.057305356944729935,0.10023208261310851,0.31515,0.6322,0.0,19999,1000,465,640.0,560.0,43,40,99.0,92.0,145.17710697865078,134.67291191527073,0.05907763772173041,0.06152906152976733,0.06819113042587133,0.16187359319304984,0.08907930604820809,0.05537316140489911,0.4866665154893134,103,ok,0.5717624190064795,0.8579127625201939,1.0,840
full_year,absz_bat_speed__log_exposure_type,log_exposure_type,absz_bat_speed,all,False,False,unpooled,kendall,0.016759362254356692,-0.03804803606459267,0.06911863660360246,0.2972,0.5949,0.0,19999,1000,465,640.0,560.0,43,40,99.0,92.0,145.17710697865078,134.67291191527073,0.05907763772173041,0.06152906152976733,0.06819113042587133,0.16187359319304984,0.08907930604820809,0.05537316140489911,0.4866665154893134,103,ok,0.5498854625550661,0.8498571428571429,1.0,840
full_year,absz_bat_speed__log_exposure_type,log_exposure_type,absz_bat_speed,all,False,False,unpooled,quartile_trend,0.03261744209758624,-0.0462759851370806,0.11226523930998068,0.24415,0.4854,0.0,19999,1000,465,640.0,560.0,43,40,99.0,92.0,145.17710697865078,134.67291191527073,0.05907763772173041,0.06152906152976733,0.06819113042587133,0.16187359319304984,0.08907930604820809,0.05537316140489911,0.4866665154893134,103,ok,0.503896805896806,0.815472,1.0,840
full_year,absz_bat_speed__log_exposure_type,log_exposure_type,absz_bat_speed,all,False,False,unpooled,decile_trend,0.02660500336892682,-0.052564489361547555,0.10582024333916076,0.28365,0.56935,0.0,19999,1000,465,640.0,560.0,43,40,99.0,92.0,145.17710697865078,134.67291191527073,0.05907763772173041,0.06152906152976733,0.06819113042587133,0.16187359319304984,0.08907930604820809,0.05537316140489911,0.4866665154893134,103,ok,0.5342286995515696,0.847968085106383,1.0,840
full_year,absz_bat_speed__log_exposure_type,log_exposure_type,absz_bat_speed,all,False,False,unpooled,top_quartile_retention,0.21359223300970873,0.14674120795107035,0.27852092598928035,0.7439,0.6874,0.23225806451612904,19999,1000,465,640.0,560.0,43,40,99.0,92.0,145.17710697865078,134.67291191527073,0.05907763772173041,0.06152906152976733,0.06819113042587133,0.16187359319304984,0.08907930604820809,0.05537316140489911,0.4866665154893134,103,ok,0.8478643147896879,0.8836030534351145,1.0,840
full_year,absz_bat_speed__log_exposure_type,log_exposure_type,absz_bat_speed,all,False,False,pooled,spearman,0.05225309953357808,-0.02180767890149787,0.1258373800199906,0.1332,0.2629,0.0,19999,1000,465,640.0,560.0,43,40,99.0,92.0,145.17710697865078,134.67291191527073,0.05907763772173041,0.06152906152976733,0.06819113042587133,0.16187359319304984,0.05696828139993412,0.03103877937813594,0.4866665154893134,119,ok,0.36092903225806455,0.6514336283185841,1.0,840
full_year,absz_bat_speed__log_exposure_type,log_exposure_type,absz_bat_speed,all,False,False,pooled,kendall,0.0332406377456433,-0.016978403093206525,0.0838448939630355,0.14505,0.2873,0.0,19999,1000,465,640.0,560.0,43,40,99.0,92.0,145.17710697865078,134.67291191527073,0.05907763772173041,0.06152906152976733,0.06819113042587133,0.16187359319304984,0.05696828139993412,0.03103877937813594,0.4866665154893134,119,ok,0.3760555555555556,0.6627945205479452,1.0,840
full_year,absz_bat_speed__log_exposure_type,log_exposure_type,absz_bat_speed,all,False,False,pooled,quartile_trend,0.057227034570882705,-0.014731758184916472,0.13056493155299947,0.11155,0.22,0.0,19999,1000,465,640.0,560.0,43,40,99.0,92.0,145.17710697865078,134.67291191527073,0.05907763772173041,0.06152906152976733,0.06819113042587133,0.16187359319304984,0.05696828139993412,0.03103877937813594,0.4866665154893134,119,ok,0.33465,0.5980582524271845,1.0,840
full_year,absz_bat_speed__log_exposure_type,log_exposure_type,absz_bat_speed,all,False,False,pooled,decile_trend,0.053405427839971695,-0.020312468562272767,0.12865261441263323,0.12885,0.2547,0.0,19999,1000,465,640.0,560.0,43,40,99.0,92.0,145.17710697865078,134.67291191527073,0.05907763772173041,0.06152906152976733,0.06819113042587133,0.16187359319304984,0.05696828139993412,0.03103877937813594,0.4866665154893134,119,ok,0.3583907284768212,0.6386507462686567,1.0,840
full_year,absz_bat_speed__log_exposure_type,log_exposure_type,absz_bat_speed,all,False,False,pooled,top_quartile_retention,0.23529411764705882,0.1693548387096774,0.29828660436137067,0.77735,0.5538,0.25806451612903225,19999,1000,465,640.0,560.0,43,40,99.0,92.0,145.17710697865078,134.67291191527073,0.05907763772173041,0.06152906152976733,0.06819113042587133,0.16187359319304984,0.05696828139993412,0.03103877937813594,0.4866665154893134,119,ok,0.8591763157894736,0.8406823104693141,1.0,840
full_year,absz_bat_speed__log_kernel_exposure,log_kernel_exposure,absz_bat_speed,all,False,False,unpooled,spearman,-0.031022667054953764,-0.11688804437076585,0.06323240998890622,0.7487,0.50145,0.0,19999,1000,465,640.0,560.0,43,40,99.0,92.0,46.13504005511925,44.544642502712165,0.10051587105052558,0.10106186535837659,0.07935723510463003,0.08388969822140606,0.04705049005332583,0.07318921357540807,0.4868772885466447,105,ok,0.8488183041722746,0.8206768060836502,1.0,840
full_year,absz_bat_speed__log_kernel_exposure,log_kernel_exposure,absz_bat_speed,all,False,False,unpooled,kendall,-0.020912124582869854,-0.07956924701545781,0.04371104519784519,0.7508,0.49885,0.0,19999,1000,465,640.0,560.0,43,40,99.0,92.0,46.13504005511925,44.544642502712165,0.10051587105052558,0.10106186535837659,0.07935723510463003,0.08388969822140606,0.04705049005332583,0.07318921357540807,0.4868772885466447,105,ok,0.8488183041722746,0.8206768060836502,1.0,840
full_year,absz_bat_speed__log_kernel_exposure,log_kernel_exposure,absz_bat_speed,all,False,False,unpooled,quartile_trend,-0.006098823993071698,-0.08942278273744453,0.08157657573548291,0.553,0.8925,0.0,19999,1000,465,640.0,560.0,43,40,99.0,92.0,46.13504005511925,44.544642502712165,0.10051587105052558,0.10106186535837659,0.07935723510463003,0.08388969822140606,0.04705049005332583,0.07318921357540807,0.4868772885466447,105,ok,0.7703482587064677,0.9639239543726235,1.0,840
full_year,absz_bat_speed__log_kernel_exposure,log_kernel_exposure,absz_bat_speed,all,False,False,unpooled,decile_trend,-0.029427714220080257,-0.1139964929166134,0.06513578912522525,0.7382,0.5239,0.0,19999,1000,465,640.0,560.0,43,40,99.0,92.0,46.13504005511925,44.544642502712165,0.10051587105052558,0.10106186535837659,0.07935723510463003,0.08388969822140606,0.04705049005332583,0.07318921357540807,0.4868772885466447,105,ok,0.8478643147896879,0.8299924953095684,1.0,840
full_year,absz_bat_speed__log_kernel_exposure,log_kernel_exposure,absz_bat_speed,all,False,False,unpooled,top_quartile_retention,0.3238095238095238,0.25213963963963965,0.4019846963175514,0.01125,0.01845,0.23440860215053763,19999,1000,465,640.0,560.0,43,40,99.0,92.0,46.13504005511925,44.544642502712165,0.10051587105052558,0.10106186535837659,0.07935723510463003,0.08388969822140606,0.04705049005332583,0.07318921357540807,0.4868772885466447,105,ok,0.08590909090909091,0.15194117647058825,0.6280996345010115,840
full_year,absz_bat_speed__log_kernel_exposure,log_kernel_exposure,absz_bat_speed,all,False,False,pooled,spearman,0.015862164445950913,-0.06944857773804372,0.09399176297242476,0.3629,0.7344,0.0,19999,1000,465,640.0,560.0,43,40,99.0,92.0,46.13504005511925,44.544642502712165,0.10051587105052558,0.10106186535837659,0.07935723510463003,0.08388969822140606,0.030572238109105497,0.03197627788625416,0.4868772885466447,122,ok,0.6133521126760564,0.8927583212735167,1.0,840
full_year,absz_bat_speed__log_kernel_exposure,log_kernel_exposure,absz_bat_speed,all,False,False,pooled,kendall,0.009417871709306636,-0.048788385398794536,0.06351953841660145,0.37715,0.763,0.0,19999,1000,465,640.0,560.0,43,40,99.0,92.0,46.13504005511925,44.544642502712165,0.10051587105052558,0.10106186535837659,0.07935723510463003,0.08388969822140606,0.030572238109105497,0.03197627788625416,0.4868772885466447,122,ok,0.6266863905325443,0.9129914529914529,1.0,840
full_year,absz_bat_speed__log_kernel_exposure,log_kernel_exposure,absz_bat_speed,all,False,False,pooled,quartile_trend,0.01935189144437435,-0.06292281350136288,0.09919077491697016,0.33365,0.6757,0.0,19999,1000,465,640.0,560.0,43,40,99.0,92.0,46.13504005511925,44.544642502712165,0.10051587105052558,0.10106186535837659,0.07935723510463003,0.08388969822140606,0.030572238109105497,0.03197627788625416,0.4868772885466447,122,ok,0.5907295597484277,0.8732123076923076,1.0,840
full_year,absz_bat_speed__log_kernel_exposure,log_kernel_exposure,absz_bat_speed,all,False,False,pooled,decile_trend,0.017870761800886762,-0.06592038620907298,0.09757072183507409,0.347,0.7023,0.0,19999,1000,465,640.0,560.0,43,40,99.0,92.0,46.13504005511925,44.544642502712165,0.10051587105052558,0.10106186535837659,0.07935723510463003,0.08388969822140606,0.030572238109105497,0.03197627788625416,0.4868772885466447,122,ok,0.5991252566735112,0.8885739130434782,1.0,840
full_year,absz_bat_speed__log_kernel_exposure,log_kernel_exposure,absz_bat_speed,all,False,False,pooled,top_quartile_retention,0.28688524590163933,0.22309458218549127,0.35299323269130656,0.12775,0.2198,0.24516129032258063,19999,1000,465,640.0,560.0,43,40,99.0,92.0,46.13504005511925,44.544642502712165,0.10051587105052558,0.10106186535837659,0.07935723510463003,0.08388969822140606,0.030572238109105497,0.03197627788625416,0.4868772885466447,122,ok,0.3572093023255814,0.5980582524271845,1.0,840
full_year,absz_bat_speed__log_exposure_sequence,log_exposure_sequence,absz_bat_speed,all,False,False,unpooled,spearman,-0.07369156000706555,-0.14938697108315455,0.010304422979077646,0.9446,0.1132,0.0,19999,1000,465,640.0,560.0,43,40,99.0,92.0,75.36734592763811,62.265152649880775,0.08066167162624648,0.08520332485603734,0.10989973655607248,0.06565709452888363,-0.10746692796478682,-0.04686442255820726,0.4681934385845981,111,ok,0.9522014388489208,0.4402222222222222,1.0,840
full_year,absz_bat_speed__log_exposure_sequence,log_exposure_sequence,absz_bat_speed,all,False,False,unpooled,kendall,-0.04901742677048573,-0.10081947649789279,0.009088201837919738,0.94375,0.1148,0.0,19999,1000,465,640.0,560.0,43,40,99.0,92.0,75.36734592763811,62.265152649880775,0.08066167162624648,0.08520332485603734,0.10989973655607248,0.06565709452888363,-0.10746692796478682,-0.04686442255820726,0.4681934385845981,111,ok,0.9522014388489208,0.44167123287671234,1.0,840
full_year,absz_bat_speed__log_exposure_sequence,log_exposure_sequence,absz_bat_speed,all,False,False,unpooled,quartile_trend,-0.07674807198539056,-0.1557167896837185,0.00966449495537106,0.952,0.09815,0.0,19999,1000,465,640.0,560.0,43,40,99.0,92.0,75.36734592763811,62.265152649880775,0.08066167162624648,0.08520332485603734,0.10989973655607248,0.06565709452888363,-0.10746692796478682,-0.04686442255820726,0.4681934385845981,111,ok,0.9565550239234449,0.4101791044776119,1.0,840
full_year,absz_bat_speed__log_exposure_sequence,log_exposure_sequence,absz_bat_speed,all,False,False,unpooled,decile_trend,-0.07886278328840253,-0.15349293465887437,0.004439857120246242,0.9551,0.09075,0.0,19999,1000,465,640.0,560.0,43,40,99.0,92.0,75.36734592763811,62.265152649880775,0.08066167162624648,0.08520332485603734,0.10989973655607248,0.06565709452888363,-0.10746692796478682,-0.04686442255820726,0.4681934385845981,111,ok,0.9573794749403342,0.38892857142857146,1.0,840
full_year,absz_bat_speed__log_exposure_sequence,log_exposure_sequence,absz_bat_speed,all,False,False,unpooled,top_quartile_retention,0.22522522522522523,0.15994392523364487,0.2920353982300885,0.73515,0.70395,0.24301075268817204,19999,1000,465,640.0,560.0,43,40,99.0,92.0,75.36734592763811,62.265152649880775,0.08066167162624648,0.08520332485603734,0.10989973655607248,0.06565709452888363,-0.10746692796478682,-0.04686442255820726,0.4681934385845981,111,ok,0.8478643147896879,0.8885739130434782,1.0,840
full_year,absz_bat_speed__log_exposure_sequence,log_exposure_sequence,absz_bat_speed,all,False,False,pooled,spearman,-0.03967355239727499,-0.11125985248769821,0.03654567462653445,0.80545,0.3916,0.0,19999,1000,465,640.0,560.0,43,40,99.0,92.0,75.36734592763811,62.265152649880775,0.08066167162624648,0.08520332485603734,0.10989973655607248,0.06565709452888363,-0.04279970114624261,0.006892971207875227,0.4681934385845981,119,ok,0.8629821428571428,0.7649860465116279,1.0,840
full_year,absz_bat_speed__log_exposure_sequence,log_exposure_sequence,absz_bat_speed,all,False,False,pooled,kendall,-0.025639599555061177,-0.07398689348181617,0.023864040828717185,0.79845,0.40705,0.0,19999,1000,465,640.0,560.0,43,40,99.0,92.0,75.36734592763811,62.265152649880775,0.08066167162624648,0.08520332485603734,0.10989973655607248,0.06565709452888363,-0.04279970114624261,0.006892971207875227,0.4681934385845981,119,ok,0.8605428937259924,0.7735791855203621,1.0,840
full_year,absz_bat_speed__log_exposure_sequence,log_exposure_sequence,absz_bat_speed,all,False,False,pooled,quartile_trend,-0.05644376116789928,-0.12917650180484647,0.01878829478751088,0.88965,0.2218,0.0,19999,1000,465,640.0,560.0,43,40,99.0,92.0,75.36734592763811,62.265152649880775,0.08066167162624648,0.08520332485603734,0.10989973655607248,0.06565709452888363,-0.04279970114624261,0.006892971207875227,0.4681934385845981,119,ok,0.9182727272727274,0.5990739549839229,1.0,840
full_year,absz_bat_speed__log_exposure_sequence,log_exposure_sequence,absz_bat_speed,all,False,False,pooled,decile_trend,-0.03839930429206361,-0.1122194225615495,0.036556982112751234,0.79965,0.40445,0.0,19999,1000,465,640.0,560.0,43,40,99.0,92.0,75.36734592763811,62.265152649880775,0.08066167162624648,0.08520332485603734,0.10989973655607248,0.06565709452888363,-0.04279970114624261,0.006892971207875227,0.4681934385845981,119,ok,0.8605428937259924,0.7735791855203621,1.0,840
full_year,absz_bat_speed__log_exposure_sequence,log_exposure_sequence,absz_bat_speed,all,False,False,pooled,top_quartile_retention,0.25210084033613445,0.19126293995859214,0.31936134453781506,0.71775,0.7244,0.26881720430107525,19999,1000,465,640.0,560.0,43,40,99.0,92.0,75.36734592763811,62.265152649880775,0.08066167162624648,0.08520332485603734,0.10989973655607248,0.06565709452888363,-0.04279970114624261,0.006892971207875227,0.4681934385845981,119,ok,0.8414623955431755,0.8885739130434782,1.0,840
full_year,absz_bat_speed__log_kernel_h0.5_m5,log_kernel_h0.5_m5,absz_bat_speed,all,False,False,unpooled,spearman,-0.02882929240268929,-0.1109045459491439,0.04464799045765891,0.7345,0.53635,0.0,19999,1000,463,645.0,561.0,43,42,99.0,92.0,20.591053339519448,19.04986296707083,0.1486055629925518,0.15080883214167157,0.06767308715743388,0.13443405436963315,-0.016205595625793733,0.02106532776079212,0.4823483937675491,110,ok,0.8478643147896879,0.8374237918215613,1.0,840
full_year,absz_bat_speed__log_kernel_h0.5_m5,log_kernel_h0.5_m5,absz_bat_speed,all,False,False,unpooled,kendall,-0.018466055183117815,-0.07510012073064701,0.031597856720229606,0.7263,0.5535,0.0,19999,1000,463,645.0,561.0,43,42,99.0,92.0,20.591053339519448,19.04986296707083,0.1486055629925518,0.15080883214167157,0.06767308715743388,0.13443405436963315,-0.016205595625793733,0.02106532776079212,0.4823483937675491,110,ok,0.8419696551724138,0.8406823104693141,1.0,840
full_year,absz_bat_speed__log_kernel_h0.5_m5,log_kernel_h0.5_m5,absz_bat_speed,all,False,False,unpooled,quartile_trend,-0.019384855012119524,-0.09903322963745526,0.05465799726576255,0.66255,0.6789,0.0,19999,1000,463,645.0,561.0,43,42,99.0,92.0,20.591053339519448,19.04986296707083,0.1486055629925518,0.15080883214167157,0.06767308715743388,0.13443405436963315,-0.016205595625793733,0.02106532776079212,0.4823483937675491,110,ok,0.8414623955431755,0.8759999999999999,1.0,840
full_year,absz_bat_speed__log_kernel_h0.5_m5,log_kernel_h0.5_m5,absz_bat_speed,all,False,False,unpooled,decile_trend,-0.027609846770185704,-0.10928924557726613,0.044839661657686256,0.7258,0.55335,0.0,19999,1000,463,645.0,561.0,43,42,99.0,92.0,20.591053339519448,19.04986296707083,0.1486055629925518,0.15080883214167157,0.06767308715743388,0.13443405436963315,-0.016205595625793733,0.02106532776079212,0.4823483937675491,110,ok,0.8419696551724138,0.8406823104693141,1.0,840
full_year,absz_bat_speed__log_kernel_h0.5_m5,log_kernel_h0.5_m5,absz_bat_speed,all,False,False,unpooled,top_quartile_retention,0.2818181818181818,0.21567782285327924,0.35344827586206895,0.10535,0.19575,0.23326133909287258,19999,1000,463,645.0,561.0,43,42,99.0,92.0,20.591053339519448,19.04986296707083,0.1486055629925518,0.15080883214167157,0.06767308715743388,0.13443405436963315,-0.016205595625793733,0.02106532776079212,0.4823483937675491,110,ok,0.32179636363636366,0.5709375,1.0,840
full_year,absz_bat_speed__log_kernel_h0.5_m5,log_kernel_h0.5_m5,absz_bat_speed,all,False,False,pooled,spearman,0.005051123003755759,-0.07050073808638484,0.08455285360322295,0.4549,0.91275,0.0,19999,1000,463,645.0,561.0,43,42,99.0,92.0,20.591053339519448,19.04986296707083,0.1486055629925518,0.15080883214167157,0.06767308715743388,0.13443405436963315,0.008586232044562273,0.007982679791348889,0.4823483937675491,121,ok,0.684075,0.9668474148802016,1.0,840
full_year,absz_bat_speed__log_kernel_h0.5_m5,log_kernel_h0.5_m5,absz_bat_speed,all,False,False,pooled,kendall,0.0027021214926182527,-0.04792414980908048,0.056352234791541674,0.4642,0.93005,0.0,19999,1000,463,645.0,561.0,43,42,99.0,92.0,20.591053339519448,19.04986296707083,0.1486055629925518,0.15080883214167157,0.06767308715743388,0.13443405436963315,0.008586232044562273,0.007982679791348889,0.4823483937675491,121,ok,0.691104424778761,0.9765525,1.0,840
full_year,absz_bat_speed__log_kernel_h0.5_m5,log_kernel_h0.5_m5,absz_bat_speed,all,False,False,pooled,quartile_trend,0.003533369721521118,-0.07243701710184383,0.08300233525058204,0.46765,0.93815,0.0,19999,1000,463,645.0,561.0,43,42,99.0,92.0,20.591053339519448,19.04986296707083,0.1486055629925518,0.15080883214167157,0.06767308715743388,0.13443405436963315,0.008586232044562273,0.007982679791348889,0.4823483937675491,121,ok,0.6915950704225352,0.9826009975062345,1.0,840
full_year,absz_bat_speed__log_kernel_h0.5_m5,log_kernel_h0.5_m5,absz_bat_speed,all,False,False,pooled,decile_trend,0.010406973638715287,-0.06355135973615801,0.0903142018648044,0.4099,0.82385,0.0,19999,1000,463,645.0,561.0,43,42,99.0,92.0,20.591053339519448,19.04986296707083,0.1486055629925518,0.15080883214167157,0.06767308715743388,0.13443405436963315,0.008586232044562273,0.007982679791348889,0.4823483937675491,121,ok,0.6496528301886791,0.9301532258064517,1.0,840
full_year,absz_bat_speed__log_kernel_h0.5_m5,log_kernel_h0.5_m5,absz_bat_speed,all,False,False,pooled,top_quartile_retention,0.2975206611570248,0.23076923076923078,0.37001851851851847,0.1769,0.33585,0.2613390928725702,19999,1000,463,645.0,561.0,43,42,99.0,92.0,20.591053339519448,19.04986296707083,0.1486055629925518,0.15080883214167157,0.06767308715743388,0.13443405436963315,0.008586232044562273,0.007982679791348889,0.4823483937675491,121,ok,0.4171764705882353,0.711778337531486,1.0,840
full_year,absz_bat_speed__log_kernel_h0.5_m20,log_kernel_h0.5_m20,absz_bat_speed,all,False,False,unpooled,spearman,-0.036685372874963595,-0.12031099048923807,0.04063816060032381,0.7854,0.4312,0.0,19999,1000,465,640.0,560.0,43,40,99.0,92.0,35.863149688286924,34.057223116863504,0.11201928671820381,0.11295831242324764,0.05579241651842616,0.12283667389026809,0.011322785928093687,0.02787431910515738,0.4698314054242435,109,ok,0.8605428937259924,0.7909695652173913,1.0,840
full_year,absz_bat_speed__log_kernel_h0.5_m20,log_kernel_h0.5_m20,absz_bat_speed,all,False,False,unpooled,kendall,-0.025305895439377085,-0.08241264900479228,0.028806933077048725,0.7941,0.41525,0.0,19999,1000,465,640.0,560.0,43,40,99.0,92.0,35.863149688286924,34.057223116863504,0.11201928671820381,0.11295831242324764,0.05579241651842616,0.12283667389026809,0.011322785928093687,0.02787431910515738,0.4698314054242435,109,ok,0.8605428937259924,0.77971875,1.0,840
full_year,absz_bat_speed__log_kernel_h0.5_m20,log_kernel_h0.5_m20,absz_bat_speed,all,False,False,unpooled,quartile_trend,-0.030721358589780912,-0.11151642949498061,0.04685984466341973,0.7459,0.51015,0.0,19999,1000,465,640.0,560.0,43,40,99.0,92.0,35.863149688286924,34.057223116863504,0.11201928671820381,0.11295831242324764,0.05579241651842616,0.12283667389026809,0.011322785928093687,0.02787431910515738,0.4698314054242435,109,ok,0.8488183041722746,0.8206768060836502,1.0,840
full_year,absz_bat_speed__log_kernel_h0.5_m20,log_kernel_h0.5_m20,absz_bat_speed,all,False,False,unpooled,decile_trend,-0.036627255052457966,-0.11974616276514233,0.040693542287983595,0.78545,0.4317,0.0,19999,1000,465,640.0,560.0,43,40,99.0,92.0,35.863149688286924,34.057223116863504,0.11201928671820381,0.11295831242324764,0.05579241651842616,0.12283667389026809,0.011322785928093687,0.02787431910515738,0.4698314054242435,109,ok,0.8605428937259924,0.7909695652173913,1.0,840
full_year,absz_bat_speed__log_kernel_h0.5_m20,log_kernel_h0.5_m20,absz_bat_speed,all,False,False,unpooled,top_quartile_retention,0.28440366972477066,0.21504873882021908,0.35786942192927756,0.10325,0.1989,0.23440860215053763,19999,1000,465,640.0,560.0,43,40,99.0,92.0,35.863149688286924,34.057223116863504,0.11201928671820381,0.11295831242324764,0.05579241651842616,0.12283667389026809,0.011322785928093687,0.02787431910515738,0.4698314054242435,109,ok,0.31886029411764705,0.5767248322147651,1.0,840
full_year,absz_bat_speed__log_kernel_h0.5_m20,log_kernel_h0.5_m20,absz_bat_speed,all,False,False,pooled,spearman,0.02095974544916383,-0.053152589234076356,0.10089874556625394,0.3233,0.647,0.0,19999,1000,465,640.0,560.0,43,40,99.0,92.0,35.863149688286924,34.057223116863504,0.11201928671820381,0.11295831242324764,0.05579241651842616,0.12283667389026809,0.020822850377386418,0.012143320904963553,0.4698314054242435,123,ok,0.5815246252676659,0.8654140127388535,1.0,840
full_year,absz_bat_speed__log_kernel_h0.5_m20,log_kernel_h0.5_m20,absz_bat_speed,all,False,False,pooled,kendall,0.013348164627363735,-0.036546700194973254,0.06686834178128977,0.33075,0.6621,0.0,19999,1000,465,640.0,560.0,43,40,99.0,92.0,35.863149688286924,34.057223116863504,0.11201928671820381,0.11295831242324764,0.05579241651842616,0.12283667389026809,0.020822850377386418,0.012143320904963553,0.4698314054242435,123,ok,0.5898726114649682,0.8688055987558321,1.0,840
full_year,absz_bat_speed__log_kernel_h0.5_m20,log_kernel_h0.5_m20,absz_bat_speed,all,False,False,pooled,quartile_trend,0.034519117367539605,-0.04018421668382805,0.1128163368544322,0.2267,0.45245,0.0,19999,1000,465,640.0,560.0,43,40,99.0,92.0,35.863149688286924,34.057223116863504,0.11201928671820381,0.11295831242324764,0.05579241651842616,0.12283667389026809,0.020822850377386418,0.012143320904963553,0.4698314054242435,123,ok,0.4828421052631579,0.8051035940803382,1.0,840
full_year,absz_bat_speed__log_kernel_h0.5_m20,log_kernel_h0.5_m20,absz_bat_speed,all,False,False,pooled,decile_trend,0.02237540139286349,-0.05347765045291738,0.1006940559384803,0.31095,0.62165,0.0,19999,1000,465,640.0,560.0,43,40,99.0,92.0,35.863149688286924,34.057223116863504,0.11201928671820381,0.11295831242324764,0.05579241651842616,0.12283667389026809,0.020822850377386418,0.012143320904963553,0.4698314054242435,123,ok,0.5676832971800434,0.8579127625201939,1.0,840
full_year,absz_bat_speed__log_kernel_h0.5_m20,log_kernel_h0.5_m20,absz_bat_speed,all,False,False,pooled,top_quartile_retention,0.3008130081300813,0.23076923076923078,0.368,0.1255,0.228,0.25806451612903225,19999,1000,465,640.0,560.0,43,40,99.0,92.0,35.863149688286924,34.057223116863504,0.11201928671820381,0.11295831242324764,0.05579241651842616,0.12283667389026809,0.020822850377386418,0.012143320904963553,0.4698314054242435,123,ok,0.35614864864864865,0.6082666666666666,1.0,840
full_year,absz_bat_speed__log_kernel_h1_m5,log_kernel_h1_m5,absz_bat_speed,all,False,False,unpooled,spearman,-0.01731800235836671,-0.09431693315322517,0.0660224953058546,0.6504,0.7047,0.0,19999,1000,465,640.0,560.0,43,40,99.0,92.0,25.6612044761499,25.211996482995083,0.13424748604505837,0.13572296148142843,0.07534498487313077,0.07407527652582914,0.03269631970668411,0.07003967212019079,0.48975077219800733,107,ok,0.840516923076923,0.8885739130434782,1.0,840
full_year,absz_bat_speed__log_kernel_h1_m5,log_kernel_h1_m5,absz_bat_speed,all,False,False,unpooled,kendall,-0.00978865406006674,-0.06281311959890958,0.04727379475219778,0.6292,0.7486,0.0,19999,1000,465,640.0,560.0,43,40,99.0,92.0,25.6612044761499,25.211996482995083,0.13424748604505837,0.13572296148142843,0.07534498487313077,0.07407527652582914,0.03269631970668411,0.07003967212019079,0.48975077219800733,107,ok,0.8245366614664587,0.900893982808023,1.0,840
full_year,absz_bat_speed__log_kernel_h1_m5,log_kernel_h1_m5,absz_bat_speed,all,False,False,unpooled,quartile_trend,-0.01139038075883332,-0.08574385568014505,0.06399894328270114,0.6036,0.8033,0.0,19999,1000,465,640.0,560.0,43,40,99.0,92.0,25.6612044761499,25.211996482995083,0.13424748604505837,0.13572296148142843,0.07534498487313077,0.07407527652582914,0.03269631970668411,0.07003967212019079,0.48975077219800733,107,ok,0.7997223974763407,0.9203527815468113,1.0,840
full_year,absz_bat_speed__log_kernel_h1_m5,log_kernel_h1_m5,absz_bat_speed,all,False,False,unpooled,decile_trend,-0.016425442354637266,-0.09283655897723303,0.06745592089444002,0.6418,0.72165,0.0,19999,1000,465,640.0,560.0,43,40,99.0,92.0,25.6612044761499,25.211996482995083,0.13424748604505837,0.13572296148142843,0.07534498487313077,0.07407527652582914,0.03269631970668411,0.07003967212019079,0.48975077219800733,107,ok,0.8333343605546997,0.8885739130434782,1.0,840
full_year,absz_bat_speed__log_kernel_h1_m5,log_kernel_h1_m5,absz_bat_speed,all,False,False,unpooled,top_quartile_retention,0.308411214953271,0.23711340206185566,0.38465067043048695,0.02115,0.0362,0.23010752688172043,19999,1000,465,640.0,560.0,43,40,99.0,92.0,25.6612044761499,25.211996482995083,0.13424748604505837,0.13572296148142843,0.07534498487313077,0.07407527652582914,0.03269631970668411,0.07003967212019079,0.48975077219800733,107,ok,0.12085714285714284,0.22126086956521737,0.8836122749306746,840
full_year,absz_bat_speed__log_kernel_h1_m5,log_kernel_h1_m5,absz_bat_speed,all,False,False,pooled,spearman,0.0136300706077807,-0.06532355851185943,0.09240781959710047,0.3839,0.76945,0.0,19999,1000,465,640.0,560.0,43,40,99.0,92.0,25.6612044761499,25.211996482995083,0.13424748604505837,0.13572296148142843,0.07534498487313077,0.07407527652582914,0.01652694696539312,0.03043856550196452,0.48975077219800733,123,ok,0.6299179687500001,0.9154929178470255,1.0,840
full_year,absz_bat_speed__log_kernel_h1_m5,log_kernel_h1_m5,absz_bat_speed,all,False,False,pooled,kendall,0.010808305524657025,-0.04390541737782547,0.06468159899456044,0.3623,0.7288,0.0,19999,1000,465,640.0,560.0,43,40,99.0,92.0,25.6612044761499,25.211996482995083,0.13424748604505837,0.13572296148142843,0.07534498487313077,0.07407527652582914,0.01652694696539312,0.03043856550196452,0.48975077219800733,123,ok,0.6133521126760564,0.8885739130434782,1.0,840
full_year,absz_bat_speed__log_kernel_h1_m5,log_kernel_h1_m5,absz_bat_speed,all,False,False,pooled,quartile_trend,0.027673927177282107,-0.0481498492291164,0.10271329450484148,0.27595,0.55055,0.0,19999,1000,465,640.0,560.0,43,40,99.0,92.0,25.6612044761499,25.211996482995083,0.13424748604505837,0.13572296148142843,0.07534498487313077,0.07407527652582914,0.01652694696539312,0.03043856550196452,0.48975077219800733,123,ok,0.5268136363636363,0.8406823104693141,1.0,840
full_year,absz_bat_speed__log_kernel_h1_m5,log_kernel_h1_m5,absz_bat_speed,all,False,False,pooled,decile_trend,0.012911007661402202,-0.061245649447868526,0.09094090890827318,0.39035,0.783,0.0,19999,1000,465,640.0,560.0,43,40,99.0,92.0,25.6612044761499,25.211996482995083,0.13424748604505837,0.13572296148142843,0.07534498487313077,0.07407527652582914,0.01652694696539312,0.03043856550196452,0.48975077219800733,123,ok,0.6365116279069767,0.9203527815468113,1.0,840
full_year,absz_bat_speed__log_kernel_h1_m5,log_kernel_h1_m5,absz_bat_speed,all,False,False,pooled,top_quartile_retention,0.2682926829268293,0.20505698005698006,0.33582672574626865,0.26045,0.4678,0.24301075268817204,19999,1000,465,640.0,560.0,43,40,99.0,92.0,25.6612044761499,25.211996482995083,0.13424748604505837,0.13572296148142843,0.07534498487313077,0.07407527652582914,0.01652694696539312,0.03043856550196452,0.48975077219800733,123,ok,0.5147717647058824,0.8068829568788501,1.0,840
full_year,absz_bat_speed__log_kernel_h2_m5,log_kernel_h2_m5,absz_bat_speed,all,False,False,unpooled,spearman,-0.024633713186325294,-0.1020740584525908,0.05566329487411742,0.70115,0.59905,0.0,19999,1000,465,640.0,560.0,43,40,99.0,92.0,31.983308663379468,30.932835210435556,0.12398792732577416,0.1261743144717839,0.1048465699230991,0.05716912823335266,0.05683926346393466,0.08850176877503378,0.5085737848921311,104,ok,0.8414623955431755,0.8506239460370996,1.0,840
full_year,absz_bat_speed__log_kernel_h2_m5,log_kernel_h2_m5,absz_bat_speed,all,False,False,unpooled,kendall,-0.015387467556544306,-0.06933087834290656,0.03940136258592295,0.68855,0.6245,0.0,19999,1000,465,640.0,560.0,43,40,99.0,92.0,31.983308663379468,30.932835210435556,0.12398792732577416,0.1261743144717839,0.1048465699230991,0.05716912823335266,0.05683926346393466,0.08850176877503378,0.5085737848921311,104,ok,0.8414623955431755,0.8579127625201939,1.0,840
full_year,absz_bat_speed__log_kernel_h2_m5,log_kernel_h2_m5,absz_bat_speed,all,False,False,unpooled,quartile_trend,-0.02108420195208665,-0.09771681398510661,0.06185483668808112,0.67595,0.65145,0.0,19999,1000,465,640.0,560.0,43,40,99.0,92.0,31.983308663379468,30.932835210435556,0.12398792732577416,0.1261743144717839,0.1048465699230991,0.05716912823335266,0.05683926346393466,0.08850176877503378,0.5085737848921311,104,ok,0.8414623955431755,0.8660758293838863,1.0,840
full_year,absz_bat_speed__log_kernel_h2_m5,log_kernel_h2_m5,absz_bat_speed,all,False,False,unpooled,decile_trend,-0.03856399157588554,-0.11477248208698544,0.04193105710589748,0.7972,0.4067,0.0,19999,1000,465,640.0,560.0,43,40,99.0,92.0,31.983308663379468,30.932835210435556,0.12398792732577416,0.1261743144717839,0.1048465699230991,0.05716912823335266,0.05683926346393466,0.08850176877503378,0.5085737848921311,104,ok,0.8605428937259924,0.7735791855203621,1.0,840
full_year,absz_bat_speed__log_kernel_h2_m5,log_kernel_h2_m5,absz_bat_speed,all,False,False,unpooled,top_quartile_retention,0.2692307692307692,0.20174311926605507,0.3451837985023825,0.15505,0.28795,0.22795698924731184,19999,1000,465,640.0,560.0,43,40,99.0,92.0,31.983308663379468,30.932835210435556,0.12398792732577416,0.1261743144717839,0.1048465699230991,0.05716912823335266,0.05683926346393466,0.08850176877503378,0.5085737848921311,104,ok,0.39467272727272723,0.6627945205479452,1.0,840
full_year,absz_bat_speed__log_kernel_h2_m5,log_kernel_h2_m5,absz_bat_speed,all,False,False,pooled,spearman,0.006311495366811956,-0.07530546894713545,0.0884397110870439,0.44405,0.8906,0.0,19999,1000,465,640.0,560.0,43,40,99.0,92.0,31.983308663379468,30.932835210435556,0.12398792732577416,0.1261743144717839,0.1048465699230991,0.05716912823335266,0.014207369179870815,0.05685298877627504,0.5085737848921311,121,ok,0.6769546279491834,0.9639239543726235,1.0,840
full_year,absz_bat_speed__log_kernel_h2_m5,log_kernel_h2_m5,absz_bat_speed,all,False,False,pooled,kendall,0.0033370411568409337,-0.05181820872540797,0.058850193838908535,0.45605,0.91425,0.0,19999,1000,465,640.0,560.0,43,40,99.0,92.0,31.983308663379468,30.932835210435556,0.12398792732577416,0.1261743144717839,0.1048465699230991,0.05716912823335266,0.014207369179870815,0.05685298877627504,0.5085737848921311,121,ok,0.684075,0.9672166246851386,1.0,840
full_year,absz_bat_speed__log_kernel_h2_m5,log_kernel_h2_m5,absz_bat_speed,all,False,False,pooled,quartile_trend,-0.020486823363009277,-0.10151461252504229,0.05956848445577804,0.66985,0.66195,0.0,19999,1000,465,640.0,560.0,43,40,99.0,92.0,31.983308663379468,30.932835210435556,0.12398792732577416,0.1261743144717839,0.1048465699230991,0.05716912823335266,0.014207369179870815,0.05685298877627504,0.5085737848921311,121,ok,0.8414623955431755,0.8688055987558321,1.0,840
full_year,absz_bat_speed__log_kernel_h2_m5,log_kernel_h2_m5,absz_bat_speed,all,False,False,pooled,decile_trend,-0.00022995433296002225,-0.08099684488337054,0.0847884343864197,0.5019,0.9959,0.0,19999,1000,465,640.0,560.0,43,40,99.0,92.0,31.983308663379468,30.932835210435556,0.12398792732577416,0.1261743144717839,0.1048465699230991,0.05716912823335266,0.014207369179870815,0.05685298877627504,0.5085737848921311,121,ok,0.7256385542168675,1.0,1.0,840
full_year,absz_bat_speed__log_kernel_h2_m5,log_kernel_h2_m5,absz_bat_speed,all,False,False,pooled,top_quartile_retention,0.2727272727272727,0.2066115702479339,0.34353587786259543,0.2645,0.4616,0.24731182795698925,19999,1000,465,640.0,560.0,43,40,99.0,92.0,31.983308663379468,30.932835210435556,0.12398792732577416,0.1261743144717839,0.1048465699230991,0.05716912823335266,0.014207369179870815,0.05685298877627504,0.5085737848921311,121,ok,0.5154988399071926,0.8058641975308641,1.0,840
full_year,absz_bat_speed__log_kernel_h2_m20,log_kernel_h2_m20,absz_bat_speed,all,False,False,unpooled,spearman,-0.023230031460802894,-0.10332733094877185,0.05760169114389644,0.69245,0.6174,0.0,19999,1000,465,640.0,560.0,43,40,99.0,92.0,57.757959124801566,56.64902012324762,0.09403699208759249,0.09266385863111844,0.11066989429889335,0.06864141235890206,0.06636152711405616,0.08679875588994927,0.5042341991817327,106,ok,0.8414623955431755,0.8579127625201939,1.0,840
full_year,absz_bat_speed__log_kernel_h2_m20,log_kernel_h2_m20,absz_bat_speed,all,False,False,unpooled,kendall,-0.013997033741193918,-0.06932341547471506,0.04217174488260129,0.6753,0.6512,0.0,19999,1000,465,640.0,560.0,43,40,99.0,92.0,57.757959124801566,56.64902012324762,0.09403699208759249,0.09266385863111844,0.11066989429889335,0.06864141235890206,0.06636152711405616,0.08679875588994927,0.5042341991817327,106,ok,0.8414623955431755,0.8660758293838863,1.0,840
full_year,absz_bat_speed__log_kernel_h2_m20,log_kernel_h2_m20,absz_bat_speed,all,False,False,unpooled,quartile_trend,-0.026178071677731733,-0.10697005043265552,0.051694769150115026,0.7145,0.57255,0.0,19999,1000,465,640.0,560.0,43,40,99.0,92.0,57.757959124801566,56.64902012324762,0.09403699208759249,0.09266385863111844,0.11066989429889335,0.06864141235890206,0.06636152711405616,0.08679875588994927,0.5042341991817327,106,ok,0.8414623955431755,0.8497208480565371,1.0,840
full_year,absz_bat_speed__log_kernel_h2_m20,log_kernel_h2_m20,absz_bat_speed,all,False,False,unpooled,decile_trend,-0.02795582236385827,-0.10960382209197757,0.053033798290315265,0.72665,0.55045,0.0,19999,1000,465,640.0,560.0,43,40,99.0,92.0,57.757959124801566,56.64902012324762,0.09403699208759249,0.09266385863111844,0.11066989429889335,0.06864141235890206,0.06636152711405616,0.08679875588994927,0.5042341991817327,106,ok,0.8419696551724138,0.8406823104693141,1.0,840
full_year,absz_bat_speed__log_kernel_h2_m20,log_kernel_h2_m20,absz_bat_speed,all,False,False,unpooled,top_quartile_retention,0.24528301886792453,0.1775457554517134,0.31359564164648907,0.33545,0.5988,0.22580645161290322,19999,1000,465,640.0,560.0,43,40,99.0,92.0,57.757959124801566,56.64902012324762,0.09403699208759249,0.09266385863111844,0.11066989429889335,0.06864141235890206,0.06636152711405616,0.08679875588994927,0.5042341991817327,106,ok,0.5907295597484277,0.8506239460370996,1.0,840
full_year,absz_bat_speed__log_kernel_h2_m20,log_kernel_h2_m20,absz_bat_speed,all,False,False,pooled,spearman,0.004130364210114242,-0.07762227491761826,0.08231825145403909,0.4637,0.92985,0.0,19999,1000,465,640.0,560.0,43,40,99.0,92.0,57.757959124801566,56.64902012324762,0.09403699208759249,0.09266385863111844,0.11066989429889335,0.06864141235890206,0.024173139444399364,0.05416461781569413,0.5042341991817327,120,ok,0.691104424778761,0.9765525,1.0,840
full_year,absz_bat_speed__log_kernel_h2_m20,log_kernel_h2_m20,absz_bat_speed,all,False,False,pooled,kendall,0.0015202076381164256,-0.054525084784731864,0.055126055537158165,0.47945,0.9619,0.0,19999,1000,465,640.0,560.0,43,40,99.0,92.0,57.757959124801566,56.64902012324762,0.09403699208759249,0.09266385863111844,0.11066989429889335,0.06864141235890206,0.024173139444399364,0.05416461781569413,0.5042341991817327,120,ok,0.7028586387434554,0.9975259259259259,1.0,840
full_year,absz_bat_speed__log_kernel_h2_m20,log_kernel_h2_m20,absz_bat_speed,all,False,False,pooled,quartile_trend,-0.022077660999566654,-0.1044263152287774,0.059610581091930556,0.6811,0.63615,0.0,19999,1000,465,640.0,560.0,43,40,99.0,92.0,57.757959124801566,56.64902012324762,0.09403699208759249,0.09266385863111844,0.11066989429889335,0.06864141235890206,0.024173139444399364,0.05416461781569413,0.5042341991817327,120,ok,0.8414623955431755,0.8613719806763286,1.0,840
full_year,absz_bat_speed__log_kernel_h2_m20,log_kernel_h2_m20,absz_bat_speed,all,False,False,pooled,decile_trend,-0.00581989973074039,-0.08849666137152598,0.07243286744098971,0.5493,0.90075,0.0,19999,1000,465,640.0,560.0,43,40,99.0,92.0,57.757959124801566,56.64902012324762,0.09403699208759249,0.09266385863111844,0.11066989429889335,0.06864141235890206,0.024173139444399364,0.05416461781569413,0.5042341991817327,120,ok,0.76902,0.9639239543726235,1.0,840
full_year,absz_bat_speed__log_kernel_h2_m20,log_kernel_h2_m20,absz_bat_speed,all,False,False,pooled,top_quartile_retention,0.25,0.18699186991869918,0.3145560883464109,0.58575,1.0,0.2537634408602151,19999,1000,465,640.0,560.0,43,40,99.0,92.0,57.757959124801566,56.64902012324762,0.09403699208759249,0.09266385863111844,0.11066989429889335,0.06864141235890206,0.024173139444399364,0.05416461781569413,0.5042341991817327,120,ok,0.7920578778135049,1.0,1.0,840
full_year,absz_bat_speed__linear_exposure_pitcher,linear_exposure_pitcher,absz_bat_speed,all,False,False,unpooled,spearman,-0.03856621806776246,-0.11689721283527704,0.04390827421316456,0.79345,0.41585,0.0,19999,1000,465,640.0,560.0,43,40,99.0,92.0,651.3099623373058,632.8676350113744,0.025222180875154612,0.02570057206083338,0.15888651450567223,0.12455200039169896,-0.151495820344016,0.015546243561038257,0.4427681926031309,104,ok,0.8605428937259924,0.77971875,1.0,840
full_year,absz_bat_speed__linear_exposure_pitcher,linear_exposure_pitcher,absz_bat_speed,all,False,False,unpooled,kendall,-0.026881720430107524,-0.08105361458872223,0.02965051213462462,0.8043,0.3945,0.0,19999,1000,465,640.0,560.0,43,40,99.0,92.0,651.3099623373058,632.8676350113744,0.025222180875154612,0.02570057206083338,0.15888651450567223,0.12455200039169896,-0.151495820344016,0.015546243561038257,0.4427681926031309,104,ok,0.8628505747126436,0.7669354838709677,1.0,840
full_year,absz_bat_speed__linear_exposure_pitcher,linear_exposure_pitcher,absz_bat_speed,all,False,False,unpooled,quartile_trend,-0.03315385449794354,-0.1080969611257002,0.047826586294149195,0.7597,0.48505,0.0,19999,1000,465,640.0,560.0,43,40,99.0,92.0,651.3099623373058,632.8676350113744,0.025222180875154612,0.02570057206083338,0.15888651450567223,0.12455200039169896,-0.151495820344016,0.015546243561038257,0.4427681926031309,104,ok,0.8544866310160428,0.815472,1.0,840
full_year,absz_bat_speed__linear_exposure_pitcher,linear_exposure_pitcher,absz_bat_speed,all,False,False,unpooled,decile_trend,-0.041888004749897956,-0.12043438852634807,0.04163115601306128,0.81355,0.37375,0.0,19999,1000,465,640.0,560.0,43,40,99.0,92.0,651.3099623373058,632.8676350113744,0.025222180875154612,0.02570057206083338,0.15888651450567223,0.12455200039169896,-0.151495820344016,0.015546243561038257,0.4427681926031309,104,ok,0.8683379923761118,0.7421985815602838,1.0,840
full_year,absz_bat_speed__linear_exposure_pitcher,linear_exposure_pitcher,absz_bat_speed,all,False,False,unpooled,top_quartile_retention,0.2692307692307692,0.2021174304418985,0.34583140557046355,0.2583,0.5116,0.24086021505376345,19999,1000,465,640.0,560.0,43,40,99.0,92.0,651.3099623373058,632.8676350113744,0.025222180875154612,0.02570057206083338,0.15888651450567223,0.12455200039169896,-0.151495820344016,0.015546243561038257,0.4427681926031309,104,ok,0.5129361702127659,0.8206768060836502,1.0,840
full_year,absz_bat_speed__linear_exposure_pitcher,linear_exposure_pitcher,absz_bat_speed,all,False,False,pooled,spearman,-0.001665536814868213,-0.07894333589379234,0.07566569682973387,0.51785,0.97055,0.0,19999,1000,465,640.0,560.0,43,40,99.0,92.0,651.3099623373058,632.8676350113744,0.025222180875154612,0.02570057206083338,0.15888651450567223,0.12455200039169896,-0.08662820396530242,0.016779731413540083,0.4427681926031309,121,ok,0.7408372881355932,1.0,1.0,840
full_year,absz_bat_speed__linear_exposure_pitcher,linear_exposure_pitcher,absz_bat_speed,all,False,False,pooled,kendall,-0.0009084167593622542,-0.053886615386247554,0.05068474549438641,0.51435,0.9768,0.0,19999,1000,465,640.0,560.0,43,40,99.0,92.0,651.3099623373058,632.8676350113744,0.025222180875154612,0.02570057206083338,0.15888651450567223,0.12455200039169896,-0.08662820396530242,0.016779731413540083,0.4427681926031309,121,ok,0.7385538461538461,1.0,1.0,840
full_year,absz_bat_speed__linear_exposure_pitcher,linear_exposure_pitcher,absz_bat_speed,all,False,False,pooled,quartile_trend,-0.016105319876497153,-0.09333969783211736,0.06159063242093045,0.6383,0.7271,0.0,19999,1000,465,640.0,560.0,43,40,99.0,92.0,651.3099623373058,632.8676350113744,0.025222180875154612,0.02570057206083338,0.15888651450567223,0.12455200039169896,-0.08662820396530242,0.016779731413540083,0.4427681926031309,121,ok,0.8333343605546997,0.8885739130434782,1.0,840
full_year,absz_bat_speed__linear_exposure_pitcher,linear_exposure_pitcher,absz_bat_speed,all,False,False,pooled,decile_trend,-0.0008385778650578623,-0.0767490581560688,0.07643168891473047,0.50995,0.9846,0.0,19999,1000,465,640.0,560.0,43,40,99.0,92.0,651.3099623373058,632.8676350113744,0.025222180875154612,0.02570057206083338,0.15888651450567223,0.12455200039169896,-0.08662820396530242,0.016779731413540083,0.4427681926031309,121,ok,0.7334897260273973,1.0,1.0,840
full_year,absz_bat_speed__linear_exposure_pitcher,linear_exposure_pitcher,absz_bat_speed,all,False,False,pooled,top_quartile_retention,0.2396694214876033,0.17543859649122806,0.3035780423280423,0.7426,0.62925,0.25806451612903225,19999,1000,465,640.0,560.0,43,40,99.0,92.0,651.3099623373058,632.8676350113744,0.025222180875154612,0.02570057206083338,0.15888651450567223,0.12455200039169896,-0.08662820396530242,0.016779731413540083,0.4427681926031309,121,ok,0.8478643147896879,0.8579127625201939,1.0,840
full_year,absz_bat_speed__saturating_exposure_pitcher,saturating_exposure_pitcher,absz_bat_speed,all,False,False,unpooled,spearman,-0.022931849969702742,-0.1023439982118422,0.05891344689491814,0.68645,0.624,0.0,19999,1000,460,648.0,571.0,43,40,99.5,92.5,17.742083755233594,17.41370007814426,0.16920385174250724,0.15964656202263658,0.05040583887132963,0.0924114839145826,-0.01781355504885472,0.061051163840052686,0.49769438788750764,103,ok,0.8414623955431755,0.8579127625201939,1.0,840
full_year,absz_bat_speed__saturating_exposure_pitcher,saturating_exposure_pitcher,absz_bat_speed,all,False,False,unpooled,kendall,-0.014587477503078526,-0.0694065146325395,0.04162954380750816,0.6772,0.6417,0.0,19999,1000,460,648.0,571.0,43,40,99.5,92.5,17.742083755233594,17.41370007814426,0.16920385174250724,0.15964656202263658,0.05040583887132963,0.0924114839145826,-0.01781355504885472,0.061051163840052686,0.49769438788750764,103,ok,0.8414623955431755,0.8626102236421725,1.0,840
full_year,absz_bat_speed__saturating_exposure_pitcher,saturating_exposure_pitcher,absz_bat_speed,all,False,False,unpooled,quartile_trend,-0.04170633506972591,-0.11803879596702288,0.03539014807979596,0.80945,0.37635,0.0,19999,1000,460,648.0,571.0,43,40,99.5,92.5,17.742083755233594,17.41370007814426,0.16920385174250724,0.15964656202263658,0.05040583887132963,0.0924114839145826,-0.01781355504885472,0.061051163840052686,0.49769438788750764,103,ok,0.8661630573248408,0.7455990566037736,1.0,840
full_year,absz_bat_speed__saturating_exposure_pitcher,saturating_exposure_pitcher,absz_bat_speed,all,False,False,unpooled,decile_trend,-0.02604133651616501,-0.10684584738065951,0.0560279942409838,0.70985,0.57675,0.0,19999,1000,460,648.0,571.0,43,40,99.5,92.5,17.742083755233594,17.41370007814426,0.16920385174250724,0.15964656202263658,0.05040583887132963,0.0924114839145826,-0.01781355504885472,0.061051163840052686,0.49769438788750764,103,ok,0.8414623955431755,0.8498571428571429,1.0,840
full_year,absz_bat_speed__saturating_exposure_pitcher,saturating_exposure_pitcher,absz_bat_speed,all,False,False,unpooled,top_quartile_retention,0.2621359223300971,0.18747079439252337,0.3362872083668544,0.2286,0.42465,0.23043478260869565,19999,1000,460,648.0,571.0,43,40,99.5,92.5,17.742083755233594,17.41370007814426,0.16920385174250724,0.15964656202263658,0.05040583887132963,0.0924114839145826,-0.01781355504885472,0.061051163840052686,0.49769438788750764,103,ok,0.4828421052631579,0.7891725663716814,1.0,840
full_year,absz_bat_speed__saturating_exposure_pitcher,saturating_exposure_pitcher,absz_bat_speed,all,False,False,pooled,spearman,-0.020442728318967564,-0.09708649621457643,0.05800319824262027,0.6673,0.6646,0.0,19999,1000,460,648.0,571.0,43,40,99.5,92.5,17.742083755233594,17.41370007814426,0.16920385174250724,0.15964656202263658,0.05040583887132963,0.0924114839145826,0.004528376788170077,0.03732992080795977,0.49769438788750764,116,ok,0.8414623955431755,0.8688055987558321,1.0,840
full_year,absz_bat_speed__saturating_exposure_pitcher,saturating_exposure_pitcher,absz_bat_speed,all,False,False,pooled,kendall,-0.014682201382968647,-0.06724741875822524,0.037182973375884845,0.6798,0.64075,0.0,19999,1000,460,648.0,571.0,43,40,99.5,92.5,17.742083755233594,17.41370007814426,0.16920385174250724,0.15964656202263658,0.05040583887132963,0.0924114839145826,0.004528376788170077,0.03732992080795977,0.49769438788750764,116,ok,0.8414623955431755,0.8626102236421725,1.0,840
full_year,absz_bat_speed__saturating_exposure_pitcher,saturating_exposure_pitcher,absz_bat_speed,all,False,False,pooled,quartile_trend,-0.03356810012939954,-0.1137483113723605,0.04371446839908619,0.76565,0.4744,0.0,19999,1000,460,648.0,571.0,43,40,99.5,92.5,17.742083755233594,17.41370007814426,0.16920385174250724,0.15964656202263658,0.05040583887132963,0.0924114839145826,0.004528376788170077,0.03732992080795977,0.49769438788750764,116,ok,0.8547973509933774,0.8099512195121951,1.0,840
full_year,absz_bat_speed__saturating_exposure_pitcher,saturating_exposure_pitcher,absz_bat_speed,all,False,False,pooled,decile_trend,-0.02234861833689445,-0.10466302583881633,0.05500527351330688,0.6854,0.63125,0.0,19999,1000,460,648.0,571.0,43,40,99.5,92.5,17.742083755233594,17.41370007814426,0.16920385174250724,0.15964656202263658,0.05040583887132963,0.0924114839145826,0.004528376788170077,0.03732992080795977,0.49769438788750764,116,ok,0.8414623955431755,0.8579127625201939,1.0,840
full_year,absz_bat_speed__saturating_exposure_pitcher,saturating_exposure_pitcher,absz_bat_speed,all,False,False,pooled,top_quartile_retention,0.25,0.1864406779661017,0.31666666666666665,0.57525,1.0,0.25217391304347825,19999,1000,460,648.0,571.0,43,40,99.5,92.5,17.742083755233594,17.41370007814426,0.16920385174250724,0.15964656202263658,0.05040583887132963,0.0924114839145826,0.004528376788170077,0.03732992080795977,0.49769438788750764,116,ok,0.7869869706840391,1.0,1.0,840
full_year,absz_swing_length__log_exposure_pitcher,log_exposure_pitcher,absz_swing_length,all,False,False,unpooled,spearman,0.13831068855714743,0.06284925562720763,0.21517989123128364,0.0015,0.00315,0.0,19999,1000,465,640.0,560.0,43,40,99.0,92.0,81.87396376665937,80.8172362291269,0.07071436939427103,0.06899681252598025,0.12464168216990203,0.23726693475537816,0.0026662911102942233,0.0024748528407816032,0.5547833310258896,109,ok,0.03518918918918919,0.07264864864864866,0.2572756460838978,840
full_year,absz_swing_length__log_exposure_pitcher,log_exposure_pitcher,absz_swing_length,all,False,False,unpooled,kendall,0.09208379681127177,0.040465412078950026,0.1450489911666354,0.00155,0.00315,0.0,19999,1000,465,640.0,560.0,43,40,99.0,92.0,81.87396376665937,80.8172362291269,0.07071436939427103,0.06899681252598025,0.12464168216990203,0.23726693475537816,0.0026662911102942233,0.0024748528407816032,0.5547833310258896,109,ok,0.03518918918918919,0.07264864864864866,0.2572756460838978,840
full_year,absz_swing_length__log_exposure_pitcher,log_exposure_pitcher,absz_swing_length,all,False,False,unpooled,quartile_trend,0.1366481309808957,0.06296559543702404,0.21142265087099382,0.002,0.0038,0.0,19999,1000,465,640.0,560.0,43,40,99.0,92.0,81.87396376665937,80.8172362291269,0.07071436939427103,0.06899681252598025,0.12464168216990203,0.23726693475537816,0.0026662911102942233,0.0024748528407816032,0.5547833310258896,109,ok,0.042,0.076,0.30707093242271677,840
full_year,absz_swing_length__log_exposure_pitcher,log_exposure_pitcher,absz_swing_length,all,False,False,unpooled,decile_trend,0.14419517004305593,0.06814764369266196,0.22080453140174464,0.0011,0.00205,0.0,19999,1000,465,640.0,560.0,43,40,99.0,92.0,81.87396376665937,80.8172362291269,0.07071436939427103,0.06899681252598025,0.12464168216990203,0.23726693475537816,0.0026662911102942233,0.0024748528407816032,0.5547833310258896,109,ok,0.03387096774193549,0.06888000000000001,0.2476378487279974,840
full_year,absz_swing_length__log_exposure_pitcher,log_exposure_pitcher,absz_swing_length,all,False,False,unpooled,top_quartile_retention,0.22935779816513763,0.16513316112942017,0.2963329666299963,0.5851,1.0,0.23225806451612904,19999,1000,465,640.0,560.0,43,40,99.0,92.0,81.87396376665937,80.8172362291269,0.07071436939427103,0.06899681252598025,0.12464168216990203,0.23726693475537816,0.0026662911102942233,0.0024748528407816032,0.5547833310258896,109,ok,0.7920578778135049,1.0,1.0,840
full_year,absz_swing_length__log_exposure_pitcher,log_exposure_pitcher,absz_swing_length,all,False,False,pooled,spearman,0.14544295760191342,0.06657391249643632,0.22118227177200073,0.0003,0.0008,0.0,19999,1000,465,640.0,560.0,43,40,99.0,92.0,81.87396376665937,80.8172362291269,0.07071436939427103,0.06899681252598025,0.12464168216990203,0.23726693475537816,0.015293101061265022,0.06147806098335299,0.5547833310258896,122,ok,0.03387096774193549,0.063,0.2476378487279974,840
full_year,absz_swing_length__log_exposure_pitcher,log_exposure_pitcher,absz_swing_length,all,False,False,pooled,kendall,0.09606970708194289,0.042810627498807846,0.14885229388004667,0.0005,0.00135,0.0,19999,1000,465,640.0,560.0,43,40,99.0,92.0,81.87396376665937,80.8172362291269,0.07071436939427103,0.06899681252598025,0.12464168216990203,0.23726693475537816,0.015293101061265022,0.06147806098335299,0.5547833310258896,122,ok,0.03387096774193549,0.063,0.2476378487279974,840
full_year,absz_swing_length__log_exposure_pitcher,log_exposure_pitcher,absz_swing_length,all,False,False,pooled,quartile_trend,0.13756258620510997,0.05692181533696248,0.21254906666288972,0.00125,0.0028,0.0,19999,1000,465,640.0,560.0,43,40,99.0,92.0,81.87396376665937,80.8172362291269,0.07071436939427103,0.06899681252598025,0.12464168216990203,0.23726693475537816,0.015293101061265022,0.06147806098335299,0.5547833310258896,122,ok,0.03387096774193549,0.07264864864864866,0.2476378487279974,840
full_year,absz_swing_length__log_exposure_pitcher,log_exposure_pitcher,absz_swing_length,all,False,False,pooled,decile_trend,0.15115334424718488,0.07593121967094504,0.2260844898242679,0.0002,0.00055,0.0,19999,1000,465,640.0,560.0,43,40,99.0,92.0,81.87396376665937,80.8172362291269,0.07071436939427103,0.06899681252598025,0.12464168216990203,0.23726693475537816,0.015293101061265022,0.06147806098335299,0.5547833310258896,122,ok,0.03387096774193549,0.063,0.2476378487279974,840
full_year,absz_swing_length__log_exposure_pitcher,log_exposure_pitcher,absz_swing_length,all,False,False,pooled,top_quartile_retention,0.27049180327868855,0.20161290322580644,0.3392857142857143,0.49675,1.0,0.26666666666666666,19999,1000,465,640.0,560.0,43,40,99.0,92.0,81.87396376665937,80.8172362291269,0.07071436939427103,0.06899681252598025,0.12464168216990203,0.23726693475537816,0.015293101061265022,0.06147806098335299,0.5547833310258896,122,ok,0.7244270833333334,1.0,1.0,840
full_year,absz_swing_length__log_exposure_pa,log_exposure_pa,absz_swing_length,all,False,False,unpooled,spearman,0.010590961399395056,-0.07469128373535563,0.09211346851316746,0.40495,0.82055,0.0,19999,1000,464,642.5,560.5,43,40,99.0,92.0,26.625646703590945,24.756705660146864,0.121625084216722,0.1239371907278792,0.11787943598884187,0.1565044181337107,-0.03073825729091839,0.04950593051554763,0.5389125666387178,109,ok,0.6479199999999999,0.9289245283018869,1.0,840
full_year,absz_swing_length__log_exposure_pa,log_exposure_pa,absz_swing_length,all,False,False,unpooled,kendall,0.008304163253146644,-0.04942475965222543,0.06404569735292645,0.391,0.791,0.0,19999,1000,464,642.5,560.5,43,40,99.0,92.0,26.625646703590945,24.756705660146864,0.121625084216722,0.1239371907278792,0.11787943598884187,0.1565044181337107,-0.03073825729091839,0.04950593051554763,0.5389125666387178,109,ok,0.6365116279069767,0.9203527815468113,1.0,840
full_year,absz_swing_length__log_exposure_pa,log_exposure_pa,absz_swing_length,all,False,False,unpooled,quartile_trend,0.01444923469124966,-0.06263669885802244,0.0939303523647043,0.3738,0.75635,0.0,19999,1000,464,642.5,560.5,43,40,99.0,92.0,26.625646703590945,24.756705660146864,0.121625084216722,0.1239371907278792,0.11787943598884187,0.1565044181337107,-0.03073825729091839,0.04950593051554763,0.5389125666387178,109,ok,0.6242385685884693,0.9076199999999999,1.0,840
full_year,absz_swing_length__log_exposure_pa,log_exposure_pa,absz_swing_length,all,False,False,unpooled,decile_trend,0.0061475321123378775,-0.07651493762218917,0.08853091562767895,0.4413,0.8942,0.0,19999,1000,464,642.5,560.5,43,40,99.0,92.0,26.625646703590945,24.756705660146864,0.121625084216722,0.1239371907278792,0.11787943598884187,0.1565044181337107,-0.03073825729091839,0.04950593051554763,0.5389125666387178,109,ok,0.6769546279491834,0.9639239543726235,1.0,840
full_year,absz_swing_length__log_exposure_pa,log_exposure_pa,absz_swing_length,all,False,False,unpooled,top_quartile_retention,0.28440366972477066,0.21549406748238784,0.36191297208538586,0.09525,0.156,0.23275862068965517,19999,1000,464,642.5,560.5,43,40,99.0,92.0,26.625646703590945,24.756705660146864,0.121625084216722,0.1239371907278792,0.11787943598884187,0.1565044181337107,-0.03073825729091839,0.04950593051554763,0.5389125666387178,109,ok,0.3051787072243346,0.5265770750988142,1.0,840
full_year,absz_swing_length__log_exposure_pa,log_exposure_pa,absz_swing_length,all,False,False,pooled,spearman,0.0824710441407179,-0.000438577147007114,0.16653738396140744,0.03905,0.0786,0.0,19999,1000,464,642.5,560.5,43,40,99.0,92.0,26.625646703590945,24.756705660146864,0.121625084216722,0.1239371907278792,0.11787943598884187,0.1565044181337107,-0.015907163466967134,0.05474777590651479,0.5389125666387178,125,ok,0.18223333333333333,0.35882608695652174,1.0,840
full_year,absz_swing_length__log_exposure_pa,log_exposure_pa,absz_swing_length,all,False,False,pooled,kendall,0.05366053474342742,-0.003791008213833734,0.11031489061879028,0.04355,0.08665,0.0,19999,1000,464,642.5,560.5,43,40,99.0,92.0,26.625646703590945,24.756705660146864,0.121625084216722,0.1239371907278792,0.11787943598884187,0.1565044181337107,-0.015907163466967134,0.05474777590651479,0.5389125666387178,125,ok,0.19458510638297874,0.38507368421052635,1.0,840
full_year,absz_swing_length__log_exposure_pa,log_exposure_pa,absz_swing_length,all,False,False,pooled,quartile_trend,0.07497257043072493,-0.0068449428804855115,0.15660724589780087,0.0557,0.11075,0.0,19999,1000,464,642.5,560.5,43,40,99.0,92.0,26.625646703590945,24.756705660146864,0.121625084216722,0.1239371907278792,0.11787943598884187,0.1565044181337107,-0.015907163466967134,0.05474777590651479,0.5389125666387178,125,ok,0.227126213592233,0.4367605633802817,1.0,840
full_year,absz_swing_length__log_exposure_pa,log_exposure_pa,absz_swing_length,all,False,False,pooled,decile_trend,0.07611381146748551,-0.005308080269376411,0.15686899093423606,0.05255,0.10555,0.0,19999,1000,464,642.5,560.5,43,40,99.0,92.0,26.625646703590945,24.756705660146864,0.121625084216722,0.1239371907278792,0.11787943598884187,0.1565044181337107,-0.015907163466967134,0.05474777590651479,0.5389125666387178,125,ok,0.21852475247524755,0.42422009569377994,1.0,840
full_year,absz_swing_length__log_exposure_pa,log_exposure_pa,absz_swing_length,all,False,False,pooled,top_quartile_retention,0.264,0.195111616370401,0.32824997151646346,0.6543,0.8154,0.27370689655172414,19999,1000,464,642.5,560.5,43,40,99.0,92.0,26.625646703590945,24.756705660146864,0.121625084216722,0.1239371907278792,0.11787943598884187,0.1565044181337107,-0.015907163466967134,0.05474777590651479,0.5389125666387178,125,ok,0.8414623955431755,0.92434008097166,1.0,840
full_year,absz_swing_length__log_exposure_type,log_exposure_type,absz_swing_length,all,False,False,unpooled,spearman,0.02485367623539746,-0.05416690769149407,0.10262309719964638,0.2969,0.59295,0.0,19999,1000,465,640.0,560.0,43,40,99.0,92.0,145.17710697865078,134.67291191527073,0.054346377543106665,0.05736289666388944,0.17589610593021066,0.1565343357315883,0.12148799094845492,0.07273699437142844,0.5631091054915573,100,ok,0.5498854625550661,0.8498571428571429,1.0,840
full_year,absz_swing_length__log_exposure_type,log_exposure_type,absz_swing_length,all,False,False,unpooled,kendall,0.016852057842046717,-0.03692920836355509,0.06974048376607155,0.294,0.58645,0.0,19999,1000,465,640.0,560.0,43,40,99.0,92.0,145.17710697865078,134.67291191527073,0.054346377543106665,0.05736289666388944,0.17589610593021066,0.1565343357315883,0.12148799094845492,0.07273699437142844,0.5631091054915573,100,ok,0.5488,0.8498571428571429,1.0,840
full_year,absz_swing_length__log_exposure_type,log_exposure_type,absz_swing_length,all,False,False,unpooled,quartile_trend,0.008812437944125189,-0.06579548779054693,0.08579252378759289,0.42375,0.85015,0.0,19999,1000,465,640.0,560.0,43,40,99.0,92.0,145.17710697865078,134.67291191527073,0.054346377543106665,0.05736289666388944,0.17589610593021066,0.1565343357315883,0.12148799094845492,0.07273699437142844,0.5631091054915573,100,ok,0.6612467532467533,0.9456111111111111,1.0,840
full_year,absz_swing_length__log_exposure_type,log_exposure_type,absz_swing_length,all,False,False,unpooled,decile_trend,0.020066868154277065,-0.05768313086651458,0.09781506594254014,0.33185,0.6638,0.0,19999,1000,465,640.0,560.0,43,40,99.0,92.0,145.17710697865078,134.67291191527073,0.054346377543106665,0.05736289666388944,0.17589610593021066,0.1565343357315883,0.12148799094845492,0.07273699437142844,0.5631091054915573,100,ok,0.5905805084745762,0.8688055987558321,1.0,840
full_year,absz_swing_length__log_exposure_type,log_exposure_type,absz_swing_length,all,False,False,unpooled,top_quartile_retention,0.27,0.19642857142857142,0.34410394265232974,0.2729,0.5074,0.24301075268817204,19999,1000,465,640.0,560.0,43,40,99.0,92.0,145.17710697865078,134.67291191527073,0.054346377543106665,0.05736289666388944,0.17589610593021066,0.1565343357315883,0.12148799094845492,0.07273699437142844,0.5631091054915573,100,ok,0.5226560364464693,0.8206768060836502,1.0,840
full_year,absz_swing_length__log_exposure_type,log_exposure_type,absz_swing_length,all,False,False,pooled,spearman,0.04959826607532451,-0.022871214830593605,0.13093654159014137,0.14245,0.2858,0.0,19999,1000,465,640.0,560.0,43,40,99.0,92.0,145.17710697865078,134.67291191527073,0.054346377543106665,0.05736289666388944,0.17589610593021066,0.1565343357315883,0.05061799710694287,0.08707063642483065,0.5631091054915573,124,ok,0.3752351097178683,0.6627945205479452,1.0,840
full_year,absz_swing_length__log_exposure_type,log_exposure_type,absz_swing_length,all,False,False,pooled,kendall,0.033778272154245455,-0.014980059860624277,0.08851458057139806,0.13685,0.27545,0.0,19999,1000,465,640.0,560.0,43,40,99.0,92.0,145.17710697865078,134.67291191527073,0.054346377543106665,0.05736289666388944,0.17589610593021066,0.1565343357315883,0.05061799710694287,0.08707063642483065,0.5631091054915573,124,ok,0.3682356687898089,0.6558370786516854,1.0,840
full_year,absz_swing_length__log_exposure_type,log_exposure_type,absz_swing_length,all,False,False,pooled,quartile_trend,0.05518780718612746,-0.01753569468865076,0.13249074197094013,0.1171,0.2362,0.0,19999,1000,465,640.0,560.0,43,40,99.0,92.0,145.17710697865078,134.67291191527073,0.054346377543106665,0.05736289666388944,0.17589610593021066,0.1565343357315883,0.05061799710694287,0.08707063642483065,0.5631091054915573,124,ok,0.34035986159169546,0.6166892307692308,1.0,840
full_year,absz_swing_length__log_exposure_type,log_exposure_type,absz_swing_length,all,False,False,pooled,decile_trend,0.05292272072201318,-0.01868218895054688,0.13419780081987134,0.128,0.2556,0.0,19999,1000,465,640.0,560.0,43,40,99.0,92.0,145.17710697865078,134.67291191527073,0.054346377543106665,0.05736289666388944,0.17589610593021066,0.1565343357315883,0.05061799710694287,0.08707063642483065,0.5631091054915573,124,ok,0.3572093023255814,0.6388486646884273,1.0,840
full_year,absz_swing_length__log_exposure_type,log_exposure_type,absz_swing_length,all,False,False,pooled,top_quartile_retention,0.3225806451612903,0.2520883909119203,0.39102857142857134,0.07535,0.13105,0.26881720430107525,19999,1000,465,640.0,560.0,43,40,99.0,92.0,145.17710697865078,134.67291191527073,0.054346377543106665,0.05736289666388944,0.17589610593021066,0.1565343357315883,0.05061799710694287,0.08707063642483065,0.5631091054915573,124,ok,0.28130666666666665,0.4870884955752212,1.0,840
full_year,absz_swing_length__log_kernel_exposure,log_kernel_exposure,absz_swing_length,all,False,False,unpooled,spearman,0.10556161591085947,0.030830151062164943,0.18595263280147137,0.01,0.022,0.0,19999,1000,465,640.0,560.0,43,40,99.0,92.0,46.13504005511925,44.544642502712165,0.09254026192333217,0.09464544096352867,0.2126665528258876,0.13660351751665953,0.04798774986035987,0.004539855920025589,0.5664704941589845,112,ok,0.0804,0.16874999999999998,0.5878214992092007,840
full_year,absz_swing_length__log_kernel_exposure,log_kernel_exposure,absz_swing_length,all,False,False,unpooled,kendall,0.07265480163144233,0.01962026185709353,0.12836659140092663,0.00795,0.01805,0.0,19999,1000,465,640.0,560.0,43,40,99.0,92.0,46.13504005511925,44.544642502712165,0.09254026192333217,0.09464544096352867,0.2126665528258876,0.13660351751665953,0.04798774986035987,0.004539855920025589,0.5664704941589845,112,ok,0.07282978723404254,0.15194117647058825,0.5324740636691789,840
full_year,absz_swing_length__log_kernel_exposure,log_kernel_exposure,absz_swing_length,all,False,False,unpooled,quartile_trend,0.09286109493956868,0.01581427191215514,0.16902394577714858,0.0201,0.0431,0.0,19999,1000,465,640.0,560.0,43,40,99.0,92.0,46.13504005511925,44.544642502712165,0.09254026192333217,0.09464544096352867,0.2126665528258876,0.13660351751665953,0.04798774986035987,0.004539855920025589,0.5664704941589845,112,ok,0.11725000000000001,0.24714285714285714,0.857239686346751,840
full_year,absz_swing_length__log_kernel_exposure,log_kernel_exposure,absz_swing_length,all,False,False,unpooled,decile_trend,0.09991521348919602,0.021431977504731466,0.1806375758863979,0.0131,0.02895,0.0,19999,1000,465,640.0,560.0,43,40,99.0,92.0,46.13504005511925,44.544642502712165,0.09254026192333217,0.09464544096352867,0.2126665528258876,0.13660351751665953,0.04798774986035987,0.004539855920025589,0.5664704941589845,112,ok,0.09247058823529412,0.19148031496062992,0.6760721369306874,840
full_year,absz_swing_length__log_kernel_exposure,log_kernel_exposure,absz_swing_length,all,False,False,unpooled,top_quartile_retention,0.25892857142857145,0.1922923076923077,0.31903665885503846,0.21625,0.43315,0.22795698924731184,19999,1000,465,640.0,560.0,43,40,99.0,92.0,46.13504005511925,44.544642502712165,0.09254026192333217,0.09464544096352867,0.2126665528258876,0.13660351751665953,0.04798774986035987,0.004539855920025589,0.5664704941589845,112,ok,0.47304687500000003,0.7909695652173913,1.0,840
full_year,absz_swing_length__log_kernel_exposure,log_kernel_exposure,absz_swing_length,all,False,False,pooled,spearman,0.09386096616650833,0.020867222783623234,0.1641233619400393,0.0201,0.0412,0.0,19999,1000,465,640.0,560.0,43,40,99.0,92.0,46.13504005511925,44.544642502712165,0.09254026192333217,0.09464544096352867,0.2126665528258876,0.13660351751665953,0.010951247690567012,0.05740928165295728,0.5664704941589845,117,ok,0.11725000000000001,0.24033333333333332,0.857239686346751,840
full_year,absz_swing_length__log_kernel_exposure,log_kernel_exposure,absz_swing_length,all,False,False,pooled,kendall,0.06121616611049314,0.012637217641089939,0.10750372706191769,0.02365,0.04735,0.0,19999,1000,465,640.0,560.0,43,40,99.0,92.0,46.13504005511925,44.544642502712165,0.09254026192333217,0.09464544096352867,0.2126665528258876,0.13660351751665953,0.010951247690567012,0.05740928165295728,0.5664704941589845,117,ok,0.12954545454545455,0.26167105263157897,0.9471343694856523,840
full_year,absz_swing_length__log_kernel_exposure,log_kernel_exposure,absz_swing_length,all,False,False,pooled,quartile_trend,0.10782062269048102,0.0330337446303124,0.17794741415207574,0.0088,0.018,0.0,19999,1000,465,640.0,560.0,43,40,99.0,92.0,46.13504005511925,44.544642502712165,0.09254026192333217,0.09464544096352867,0.2126665528258876,0.13660351751665953,0.010951247690567012,0.05740928165295728,0.5664704941589845,117,ok,0.07542857142857143,0.15194117647058825,0.5514743276163077,840
full_year,absz_swing_length__log_kernel_exposure,log_kernel_exposure,absz_swing_length,all,False,False,pooled,decile_trend,0.10067447544870736,0.028870656103734325,0.17462825503563578,0.0131,0.02735,0.0,19999,1000,465,640.0,560.0,43,40,99.0,92.0,46.13504005511925,44.544642502712165,0.09254026192333217,0.09464544096352867,0.2126665528258876,0.13660351751665953,0.010951247690567012,0.05740928165295728,0.5664704941589845,117,ok,0.09247058823529412,0.18629032258064518,0.6760721369306874,840
full_year,absz_swing_length__log_kernel_exposure,log_kernel_exposure,absz_swing_length,all,False,False,pooled,top_quartile_retention,0.2564102564102564,0.18794642857142857,0.32206123564789496,0.65825,0.8112,0.26666666666666666,19999,1000,465,640.0,560.0,43,40,99.0,92.0,46.13504005511925,44.544642502712165,0.09254026192333217,0.09464544096352867,0.2126665528258876,0.13660351751665953,0.010951247690567012,0.05740928165295728,0.5664704941589845,117,ok,0.8414623955431755,0.9220676589986468,1.0,840
full_year,absz_swing_length__log_exposure_sequence,log_exposure_sequence,absz_swing_length,all,False,False,unpooled,spearman,0.05833186134331422,-0.016662978292921144,0.1361119883445996,0.1022,0.20875,0.0,19999,1000,465,640.0,560.0,43,40,99.0,92.0,75.36734592763811,62.265152649880775,0.07359058016620133,0.08008280411436372,0.10348785046514349,0.21668027660406616,-0.02154874037437878,0.08603622527653522,0.557890622389207,110,ok,0.3167822878228782,0.5845,1.0,840
full_year,absz_swing_length__log_exposure_sequence,log_exposure_sequence,absz_swing_length,all,False,False,unpooled,kendall,0.04249165739710789,-0.010043874768601985,0.09762879077820488,0.0834,0.17195,0.0,19999,1000,465,640.0,560.0,43,40,99.0,92.0,75.36734592763811,62.265152649880775,0.07359058016620133,0.08008280411436372,0.10348785046514349,0.21668027660406616,-0.02154874037437878,0.08603622527653522,0.557890622389207,110,ok,0.2955949367088607,0.5471136363636363,1.0,840
full_year,absz_swing_length__log_exposure_sequence,log_exposure_sequence,absz_swing_length,all,False,False,unpooled,quartile_trend,0.05541745165695025,-0.02141170341541934,0.13477529696571597,0.1134,0.23305,0.0,19999,1000,465,640.0,560.0,43,40,99.0,92.0,75.36734592763811,62.265152649880775,0.07359058016620133,0.08008280411436372,0.10348785046514349,0.21668027660406616,-0.02154874037437878,0.08603622527653522,0.557890622389207,110,ok,0.3365936395759717,0.6136739811912225,1.0,840
full_year,absz_swing_length__log_exposure_sequence,log_exposure_sequence,absz_swing_length,all,False,False,unpooled,decile_trend,0.053929662681132494,-0.025495191833925894,0.13197796146420435,0.1206,0.24685,0.0,19999,1000,465,640.0,560.0,43,40,99.0,92.0,75.36734592763811,62.265152649880775,0.07359058016620133,0.08008280411436372,0.10348785046514349,0.21668027660406616,-0.02154874037437878,0.08603622527653522,0.557890622389207,110,ok,0.3481237113402062,0.6253192771084337,1.0,840
full_year,absz_swing_length__log_exposure_sequence,log_exposure_sequence,absz_swing_length,all,False,False,unpooled,top_quartile_retention,0.2909090909090909,0.2222222222222222,0.35833333333333334,0.12625,0.2072,0.24516129032258063,19999,1000,465,640.0,560.0,43,40,99.0,92.0,75.36734592763811,62.265152649880775,0.07359058016620133,0.08008280411436372,0.10348785046514349,0.21668027660406616,-0.02154874037437878,0.08603622527653522,0.557890622389207,110,ok,0.35707070707070704,0.5821003344481606,1.0,840
full_year,absz_swing_length__log_exposure_sequence,log_exposure_sequence,absz_swing_length,all,False,False,pooled,spearman,0.12610208290566055,0.04637069998257087,0.20560602359053542,0.0041,0.0075,0.0,19999,1000,465,640.0,560.0,43,40,99.0,92.0,75.36734592763811,62.265152649880775,0.07359058016620133,0.08008280411436372,0.10348785046514349,0.21668027660406616,-0.020930623916893834,0.0788169496865855,0.557890622389207,125,ok,0.053812500000000006,0.10161290322580645,0.3934346321666059,840
full_year,absz_swing_length__log_exposure_sequence,log_exposure_sequence,absz_swing_length,all,False,False,pooled,kendall,0.08642936596218019,0.03183913854984461,0.14050495832364635,0.00315,0.00595,0.0,19999,1000,465,640.0,560.0,43,40,99.0,92.0,75.36734592763811,62.265152649880775,0.07359058016620133,0.08008280411436372,0.10348785046514349,0.21668027660406616,-0.020930623916893834,0.0788169496865855,0.557890622389207,125,ok,0.04992452830188679,0.09255555555555556,0.3650088442005878,840
full_year,absz_swing_length__log_exposure_sequence,log_exposure_sequence,absz_swing_length,all,False,False,pooled,quartile_trend,0.0967434258495147,0.018651134747033216,0.17608805122511012,0.0184,0.03765,0.0,19999,1000,465,640.0,560.0,43,40,99.0,92.0,75.36734592763811,62.265152649880775,0.07359058016620133,0.08008280411436372,0.10348785046514349,0.21668027660406616,-0.020930623916893834,0.0788169496865855,0.557890622389207,125,ok,0.11270503597122303,0.22429787234042553,0.8240104877242688,840
full_year,absz_swing_length__log_exposure_sequence,log_exposure_sequence,absz_swing_length,all,False,False,pooled,decile_trend,0.12455089501556592,0.04673473734417516,0.20365860561791269,0.00455,0.00825,0.0,19999,1000,465,640.0,560.0,43,40,99.0,92.0,75.36734592763811,62.265152649880775,0.07359058016620133,0.08008280411436372,0.10348785046514349,0.21668027660406616,-0.020930623916893834,0.0788169496865855,0.557890622389207,125,ok,0.058545454545454546,0.11000000000000001,0.4280382694377264,840
full_year,absz_swing_length__log_exposure_sequence,log_exposure_sequence,absz_swing_length,all,False,False,pooled,top_quartile_retention,0.344,0.2749904580152672,0.41600291970802916,0.01985,0.03475,0.26881720430107525,19999,1000,465,640.0,560.0,43,40,99.0,92.0,75.36734592763811,62.265152649880775,0.07359058016620133,0.08008280411436372,0.10348785046514349,0.21668027660406616,-0.020930623916893834,0.0788169496865855,0.557890622389207,125,ok,0.11725000000000001,0.21463235294117647,0.857239686346751,840
full_year,absz_swing_length__log_kernel_h0.5_m5,log_kernel_h0.5_m5,absz_swing_length,all,False,False,unpooled,spearman,0.043973230910000105,-0.037054344351622054,0.12532585506160682,0.1706,0.34265,0.0,19999,1000,463,645.0,561.0,43,42,99.0,92.0,20.591053339519448,19.04986296707083,0.1364981897673098,0.14292861131592152,0.16710087979101224,0.04856539498277307,0.05622599453127493,-0.033677296859690536,0.5578433259598076,115,ok,0.4082735042735043,0.7161940298507463,1.0,840
full_year,absz_swing_length__log_kernel_h0.5_m5,log_kernel_h0.5_m5,absz_swing_length,all,False,False,unpooled,kendall,0.02906884332370293,-0.02682070253948703,0.08619562597508702,0.17295,0.3471,0.0,19999,1000,463,645.0,561.0,43,42,99.0,92.0,20.591053339519448,19.04986296707083,0.1364981897673098,0.14292861131592152,0.16710087979101224,0.04856539498277307,0.05622599453127493,-0.033677296859690536,0.5578433259598076,115,ok,0.41038983050847455,0.7216930693069308,1.0,840
full_year,absz_swing_length__log_kernel_h0.5_m5,log_kernel_h0.5_m5,absz_swing_length,all,False,False,unpooled,quartile_trend,0.049261728503240385,-0.031612432258290794,0.1306446557785483,0.14385,0.2878,0.0,19999,1000,463,645.0,561.0,43,42,99.0,92.0,20.591053339519448,19.04986296707083,0.1364981897673098,0.14292861131592152,0.16710087979101224,0.04856539498277307,0.05622599453127493,-0.033677296859690536,0.5578433259598076,115,ok,0.3752608695652174,0.6627945205479452,1.0,840
full_year,absz_swing_length__log_kernel_h0.5_m5,log_kernel_h0.5_m5,absz_swing_length,all,False,False,unpooled,decile_trend,0.042419622050156244,-0.04007914758363574,0.12341514131096601,0.17875,0.3577,0.0,19999,1000,463,645.0,561.0,43,42,99.0,92.0,20.591053339519448,19.04986296707083,0.1364981897673098,0.14292861131592152,0.16710087979101224,0.04856539498277307,0.05622599453127493,-0.033677296859690536,0.5578433259598076,115,ok,0.4175567867036011,0.7275254237288136,1.0,840
full_year,absz_swing_length__log_kernel_h0.5_m5,log_kernel_h0.5_m5,absz_swing_length,all,False,False,unpooled,top_quartile_retention,0.28695652173913044,0.21666666666666667,0.3559616801768607,0.0401,0.07085,0.2224622030237581,19999,1000,463,645.0,561.0,43,42,99.0,92.0,20.591053339519448,19.04986296707083,0.1364981897673098,0.14292861131592152,0.16710087979101224,0.04856539498277307,0.05622599453127493,-0.033677296859690536,0.5578433259598076,115,ok,0.18507692307692306,0.34203448275862064,1.0,840
full_year,absz_swing_length__log_kernel_h0.5_m5,log_kernel_h0.5_m5,absz_swing_length,all,False,False,pooled,spearman,0.021324062100110362,-0.051848823405132166,0.09714962939074155,0.32425,0.65175,0.0,19999,1000,463,645.0,561.0,43,42,99.0,92.0,20.591053339519448,19.04986296707083,0.1364981897673098,0.14292861131592152,0.16710087979101224,0.04856539498277307,0.046955688238178736,0.032547812655059245,0.5578433259598076,121,ok,0.5819871794871795,0.8660758293838863,1.0,840
full_year,absz_swing_length__log_kernel_h0.5_m5,log_kernel_h0.5_m5,absz_swing_length,all,False,False,pooled,kendall,0.015343188129365233,-0.03426273933531118,0.06671022712204512,0.31155,0.62565,0.0,19999,1000,463,645.0,561.0,43,42,99.0,92.0,20.591053339519448,19.04986296707083,0.1364981897673098,0.14292861131592152,0.16710087979101224,0.04856539498277307,0.046955688238178736,0.032547812655059245,0.5578433259598076,121,ok,0.5676832971800434,0.8579127625201939,1.0,840
full_year,absz_swing_length__log_kernel_h0.5_m5,log_kernel_h0.5_m5,absz_swing_length,all,False,False,pooled,quartile_trend,0.013813926732606055,-0.060792270749463084,0.09352958411419747,0.38395,0.7707,0.0,19999,1000,463,645.0,561.0,43,42,99.0,92.0,20.591053339519448,19.04986296707083,0.1364981897673098,0.14292861131592152,0.16710087979101224,0.04856539498277307,0.046955688238178736,0.032547812655059245,0.5578433259598076,121,ok,0.6299179687500001,0.9156831683168317,1.0,840
full_year,absz_swing_length__log_kernel_h0.5_m5,log_kernel_h0.5_m5,absz_swing_length,all,False,False,pooled,decile_trend,0.017704575634409907,-0.05595540758516834,0.09561120909792462,0.3535,0.70935,0.0,19999,1000,463,645.0,561.0,43,42,99.0,92.0,20.591053339519448,19.04986296707083,0.1364981897673098,0.14292861131592152,0.16710087979101224,0.04856539498277307,0.046955688238178736,0.032547812655059245,0.5578433259598076,121,ok,0.607239263803681,0.8885739130434782,1.0,840
full_year,absz_swing_length__log_kernel_h0.5_m5,log_kernel_h0.5_m5,absz_swing_length,all,False,False,pooled,top_quartile_retention,0.24793388429752067,0.1869880708152876,0.31496062992125984,0.71875,0.7195,0.2634989200863931,19999,1000,463,645.0,561.0,43,42,99.0,92.0,20.591053339519448,19.04986296707083,0.1364981897673098,0.14292861131592152,0.16710087979101224,0.04856539498277307,0.046955688238178736,0.032547812655059245,0.5578433259598076,121,ok,0.8414623955431755,0.8885739130434782,1.0,840
full_year,absz_swing_length__log_kernel_h0.5_m20,log_kernel_h0.5_m20,absz_swing_length,all,False,False,unpooled,spearman,0.04558259773615892,-0.03336339882891835,0.12459043059137118,0.1664,0.3262,0.0,19999,1000,465,640.0,560.0,43,40,99.0,92.0,35.863149688286924,34.057223116863504,0.10418517316601622,0.10723502188739045,0.16869248202748913,0.06560763337480124,0.03999782782013397,-0.024882678417125378,0.5526985157566587,115,ok,0.40332,0.7062061855670103,1.0,840
full_year,absz_swing_length__log_kernel_h0.5_m20,log_kernel_h0.5_m20,absz_swing_length,all,False,False,unpooled,kendall,0.03160919540229885,-0.022458458777286472,0.08463148148208065,0.157,0.3084,0.0,19999,1000,465,640.0,560.0,43,40,99.0,92.0,35.863149688286924,34.057223116863504,0.10418517316601622,0.10723502188739045,0.16869248202748913,0.06560763337480124,0.03999782782013397,-0.024882678417125378,0.5526985157566587,115,ok,0.39842900302114803,0.6943475935828877,1.0,840
full_year,absz_swing_length__log_kernel_h0.5_m20,log_kernel_h0.5_m20,absz_swing_length,all,False,False,unpooled,quartile_trend,0.05229575527592582,-0.024080582140281602,0.13039215340748492,0.1321,0.259,0.0,19999,1000,465,640.0,560.0,43,40,99.0,92.0,35.863149688286924,34.057223116863504,0.10418517316601622,0.10723502188739045,0.16869248202748913,0.06560763337480124,0.03999782782013397,-0.024882678417125378,0.5526985157566587,115,ok,0.36027272727272724,0.6436686390532544,1.0,840
full_year,absz_swing_length__log_kernel_h0.5_m20,log_kernel_h0.5_m20,absz_swing_length,all,False,False,unpooled,decile_trend,0.050683434332057034,-0.0275472749811941,0.12958411712101747,0.1401,0.27565,0.0,19999,1000,465,640.0,560.0,43,40,99.0,92.0,35.863149688286924,34.057223116863504,0.10418517316601622,0.10723502188739045,0.16869248202748913,0.06560763337480124,0.03999782782013397,-0.024882678417125378,0.5526985157566587,115,ok,0.3712429022082019,0.6558370786516854,1.0,840
full_year,absz_swing_length__log_kernel_h0.5_m20,log_kernel_h0.5_m20,absz_swing_length,all,False,False,unpooled,top_quartile_retention,0.22608695652173913,0.15964527403881906,0.2966101694915254,0.43835,0.78945,0.2172043010752688,19999,1000,465,640.0,560.0,43,40,99.0,92.0,35.863149688286924,34.057223116863504,0.10418517316601622,0.10723502188739045,0.16869248202748913,0.06560763337480124,0.03999782782013397,-0.024882678417125378,0.5526985157566587,115,ok,0.6756220183486239,0.9203527815468113,1.0,840
full_year,absz_swing_length__log_kernel_h0.5_m20,log_kernel_h0.5_m20,absz_swing_length,all,False,False,pooled,spearman,0.013322265559730172,-0.06661655591633937,0.08691088417813499,0.3899,0.77755,0.0,19999,1000,465,640.0,560.0,43,40,99.0,92.0,35.863149688286924,34.057223116863504,0.10418517316601622,0.10723502188739045,0.16869248202748913,0.06560763337480124,0.04203812533716529,0.044054552745778575,0.5526985157566587,119,ok,0.6365116279069767,0.9203527815468113,1.0,840
full_year,absz_swing_length__log_kernel_h0.5_m20,log_kernel_h0.5_m20,absz_swing_length,all,False,False,pooled,kendall,0.008268446421950315,-0.046107540237741745,0.05767712752998161,0.3976,0.79365,0.0,19999,1000,465,640.0,560.0,43,40,99.0,92.0,35.863149688286924,34.057223116863504,0.10418517316601622,0.10723502188739045,0.16869248202748913,0.06560763337480124,0.04203812533716529,0.044054552745778575,0.5526985157566587,119,ok,0.6399770114942528,0.9203527815468113,1.0,840
full_year,absz_swing_length__log_kernel_h0.5_m20,log_kernel_h0.5_m20,absz_swing_length,all,False,False,pooled,quartile_trend,0.009032663365913605,-0.07019197673421891,0.08260739013671187,0.4215,0.8488,0.0,19999,1000,465,640.0,560.0,43,40,99.0,92.0,35.863149688286924,34.057223116863504,0.10418517316601622,0.10723502188739045,0.16869248202748913,0.06560763337480124,0.04203812533716529,0.044054552745778575,0.5526985157566587,119,ok,0.6607164179104478,0.9456111111111111,1.0,840
full_year,absz_swing_length__log_kernel_h0.5_m20,log_kernel_h0.5_m20,absz_swing_length,all,False,False,pooled,decile_trend,0.00810823568884573,-0.0707995119448324,0.08164658401354036,0.43175,0.86345,0.0,19999,1000,465,640.0,560.0,43,40,99.0,92.0,35.863149688286924,34.057223116863504,0.10418517316601622,0.10723502188739045,0.16869248202748913,0.06560763337480124,0.04203812533716529,0.044054552745778575,0.5526985157566587,119,ok,0.6666727941176471,0.9543394736842106,1.0,840
full_year,absz_swing_length__log_kernel_h0.5_m20,log_kernel_h0.5_m20,absz_swing_length,all,False,False,pooled,top_quartile_retention,0.2184873949579832,0.1551457518663349,0.28070776255707763,0.94015,0.19015,0.26881720430107525,19999,1000,465,640.0,560.0,43,40,99.0,92.0,35.863149688286924,34.057223116863504,0.10418517316601622,0.10723502188739045,0.16869248202748913,0.06560763337480124,0.04203812533716529,0.044054552745778575,0.5526985157566587,119,ok,0.9503321299638989,0.5604421052631579,1.0,840
full_year,absz_swing_length__log_kernel_h1_m5,log_kernel_h1_m5,absz_swing_length,all,False,False,unpooled,spearman,0.09964827395246029,0.016478912589108406,0.17895555066398922,0.0143,0.0287,0.0,19999,1000,465,640.0,560.0,43,40,99.0,92.0,25.6612044761499,25.211996482995083,0.12331871158869001,0.12617063595187475,0.21589839244007258,0.11784689213126763,0.05493132569808133,0.0028578487303489337,0.5700426558837431,113,ok,0.096432,0.19133333333333333,0.7050348608425577,840
full_year,absz_swing_length__log_kernel_h1_m5,log_kernel_h1_m5,absz_swing_length,all,False,False,unpooled,kendall,0.06907675194660734,0.011718008445019615,0.12298061292355328,0.01165,0.0235,0.0,19999,1000,465,640.0,560.0,43,40,99.0,92.0,25.6612044761499,25.211996482995083,0.12331871158869001,0.12617063595187475,0.21589839244007258,0.11784689213126763,0.05493132569808133,0.0028578487303489337,0.5700426558837431,113,ok,0.08697345132743363,0.17165217391304347,0.6358813998842099,840
full_year,absz_swing_length__log_kernel_h1_m5,log_kernel_h1_m5,absz_swing_length,all,False,False,unpooled,quartile_trend,0.0909599831405377,0.0103335759823055,0.1697084630181341,0.02305,0.04785,0.0,19999,1000,465,640.0,560.0,43,40,99.0,92.0,25.6612044761499,25.211996482995083,0.12331871158869001,0.12617063595187475,0.21589839244007258,0.11784689213126763,0.05493132569808133,0.0028578487303489337,0.5700426558837431,113,ok,0.12738157894736843,0.2620909090909091,0.9313138147820554,840
full_year,absz_swing_length__log_kernel_h1_m5,log_kernel_h1_m5,absz_swing_length,all,False,False,unpooled,decile_trend,0.10397839885236608,0.02286675302290721,0.18393881883133237,0.01085,0.02225,0.0,19999,1000,465,640.0,560.0,43,40,99.0,92.0,25.6612044761499,25.211996482995083,0.12331871158869001,0.12617063595187475,0.21589839244007258,0.11784689213126763,0.05493132569808133,0.0028578487303489337,0.5700426558837431,113,ok,0.08361467889908257,0.16874999999999998,0.611324700327794,840
full_year,absz_swing_length__log_kernel_h1_m5,log_kernel_h1_m5,absz_swing_length,all,False,False,unpooled,top_quartile_retention,0.23008849557522124,0.16257965282355527,0.2906138306138306,0.51875,1.0,0.22795698924731184,19999,1000,465,640.0,560.0,43,40,99.0,92.0,25.6612044761499,25.211996482995083,0.12331871158869001,0.12617063595187475,0.21589839244007258,0.11784689213126763,0.05493132569808133,0.0028578487303489337,0.5700426558837431,113,ok,0.7408372881355932,1.0,1.0,840
full_year,absz_swing_length__log_kernel_h1_m5,log_kernel_h1_m5,absz_swing_length,all,False,False,pooled,spearman,0.09633916082246846,0.01255147823667607,0.17231395610164876,0.019,0.0397,0.0,19999,1000,465,640.0,560.0,43,40,99.0,92.0,25.6612044761499,25.211996482995083,0.12331871158869001,0.12617063595187475,0.21589839244007258,0.11784689213126763,0.019008722137615952,0.05110888588655971,0.5700426558837431,119,ok,0.11399999999999999,0.23320279720279719,0.833478245147374,840
full_year,absz_swing_length__log_kernel_h1_m5,log_kernel_h1_m5,absz_swing_length,all,False,False,pooled,kendall,0.0632369299221357,0.006498349824649575,0.11439409114632111,0.02095,0.04325,0.0,19999,1000,465,640.0,560.0,43,40,99.0,92.0,25.6612044761499,25.211996482995083,0.12331871158869001,0.12617063595187475,0.21589839244007258,0.11784689213126763,0.019008722137615952,0.05110888588655971,0.5700426558837431,119,ok,0.12053424657534245,0.24714285714285714,0.8812515115419062,840
full_year,absz_swing_length__log_kernel_h1_m5,log_kernel_h1_m5,absz_swing_length,all,False,False,pooled,quartile_trend,0.09369761721454617,0.00967752729154158,0.16840674055419436,0.02135,0.04485,0.0,19999,1000,465,640.0,560.0,43,40,99.0,92.0,25.6612044761499,25.211996482995083,0.12331871158869001,0.12617063595187475,0.21589839244007258,0.11784689213126763,0.019008722137615952,0.05110888588655971,0.5700426558837431,119,ok,0.12117567567567568,0.25116,0.8859411361114868,840
full_year,absz_swing_length__log_kernel_h1_m5,log_kernel_h1_m5,absz_swing_length,all,False,False,pooled,decile_trend,0.0963562632533337,0.011672266969799953,0.17322919518843555,0.01865,0.03915,0.0,19999,1000,465,640.0,560.0,43,40,99.0,92.0,25.6612044761499,25.211996482995083,0.12331871158869001,0.12617063595187475,0.21589839244007258,0.11784689213126763,0.019008722137615952,0.05110888588655971,0.5700426558837431,119,ok,0.11270503597122303,0.2315915492957746,0.8240104877242688,840
full_year,absz_swing_length__log_kernel_h1_m5,log_kernel_h1_m5,absz_swing_length,all,False,False,pooled,top_quartile_retention,0.24369747899159663,0.182688127090301,0.30647556691152983,0.68005,0.8063,0.25591397849462366,19999,1000,465,640.0,560.0,43,40,99.0,92.0,25.6612044761499,25.211996482995083,0.12331871158869001,0.12617063595187475,0.21589839244007258,0.11784689213126763,0.019008722137615952,0.05110888588655971,0.5700426558837431,119,ok,0.8414623955431755,0.9203527815468113,1.0,840
full_year,absz_swing_length__log_kernel_h2_m5,log_kernel_h2_m5,absz_swing_length,all,False,False,unpooled,spearman,0.14649348107339102,0.06883594515525791,0.22342447485976405,0.00065,0.0012,0.0,19999,1000,465,640.0,560.0,43,40,99.0,92.0,31.983308663379468,30.932835210435556,0.10977595220844451,0.11501345252439549,0.30305882242985266,0.1692079884226557,0.05510533878844878,0.005447516792621274,0.5843521891276431,110,ok,0.03387096774193549,0.063,0.2476378487279974,840
full_year,absz_swing_length__log_kernel_h2_m5,log_kernel_h2_m5,absz_swing_length,all,False,False,unpooled,kendall,0.10153874675565441,0.04928563065007014,0.1540669737675467,0.0006,0.00095,0.0,19999,1000,465,640.0,560.0,43,40,99.0,92.0,31.983308663379468,30.932835210435556,0.10977595220844451,0.11501345252439549,0.30305882242985266,0.1692079884226557,0.05510533878844878,0.005447516792621274,0.5843521891276431,110,ok,0.03387096774193549,0.063,0.2476378487279974,840
full_year,absz_swing_length__log_kernel_h2_m5,log_kernel_h2_m5,absz_swing_length,all,False,False,unpooled,quartile_trend,0.12807098016827623,0.04825888956853657,0.20277135718913825,0.0026,0.00545,0.0,19999,1000,465,640.0,560.0,43,40,99.0,92.0,31.983308663379468,30.932835210435556,0.10977595220844451,0.11501345252439549,0.30305882242985266,0.1692079884226557,0.05510533878844878,0.005447516792621274,0.5843521891276431,110,ok,0.04368,0.09255555555555556,0.3193537697196254,840
full_year,absz_swing_length__log_kernel_h2_m5,log_kernel_h2_m5,absz_swing_length,all,False,False,unpooled,decile_trend,0.1464389469607606,0.06896412072540868,0.22344754139618492,0.00075,0.00125,0.0,19999,1000,465,640.0,560.0,43,40,99.0,92.0,31.983308663379468,30.932835210435556,0.10977595220844451,0.11501345252439549,0.30305882242985266,0.1692079884226557,0.05510533878844878,0.005447516792621274,0.5843521891276431,110,ok,0.03387096774193549,0.063,0.2476378487279974,840
full_year,absz_swing_length__log_kernel_h2_m5,log_kernel_h2_m5,absz_swing_length,all,False,False,unpooled,top_quartile_retention,0.2909090909090909,0.22017431192660553,0.36191297208538586,0.0577,0.09455,0.23010752688172043,19999,1000,465,640.0,560.0,43,40,99.0,92.0,31.983308663379468,30.932835210435556,0.10977595220844451,0.11501345252439549,0.30305882242985266,0.1692079884226557,0.05510533878844878,0.005447516792621274,0.5843521891276431,110,ok,0.2308,0.39710999999999996,1.0,840
full_year,absz_swing_length__log_kernel_h2_m5,log_kernel_h2_m5,absz_swing_length,all,False,False,pooled,spearman,0.15315276391985372,0.08045758048642877,0.22915114106943799,0.0004,0.0008,0.0,19999,1000,465,640.0,560.0,43,40,99.0,92.0,31.983308663379468,30.932835210435556,0.10977595220844451,0.11501345252439549,0.30305882242985266,0.1692079884226557,0.011260962347290982,0.06446445024753304,0.5843521891276431,121,ok,0.03387096774193549,0.063,0.2476378487279974,840
full_year,absz_swing_length__log_kernel_h2_m5,log_kernel_h2_m5,absz_swing_length,all,False,False,pooled,kendall,0.10283648498331478,0.05455524945413708,0.15529823330972975,0.00035,0.00075,0.0,19999,1000,465,640.0,560.0,43,40,99.0,92.0,31.983308663379468,30.932835210435556,0.10977595220844451,0.11501345252439549,0.30305882242985266,0.1692079884226557,0.011260962347290982,0.06446445024753304,0.5843521891276431,121,ok,0.03387096774193549,0.063,0.2476378487279974,840
full_year,absz_swing_length__log_kernel_h2_m5,log_kernel_h2_m5,absz_swing_length,all,False,False,pooled,quartile_trend,0.14660951445759643,0.07366547707154801,0.22223958582873576,0.00065,0.0016,0.0,19999,1000,465,640.0,560.0,43,40,99.0,92.0,31.983308663379468,30.932835210435556,0.10977595220844451,0.11501345252439549,0.30305882242985266,0.1692079884226557,0.011260962347290982,0.06446445024753304,0.5843521891276431,121,ok,0.03387096774193549,0.063,0.2476378487279974,840
full_year,absz_swing_length__log_kernel_h2_m5,log_kernel_h2_m5,absz_swing_length,all,False,False,pooled,decile_trend,0.1504077086071916,0.07618654264328634,0.22495878169317698,0.00035,0.00095,0.0,19999,1000,465,640.0,560.0,43,40,99.0,92.0,31.983308663379468,30.932835210435556,0.10977595220844451,0.11501345252439549,0.30305882242985266,0.1692079884226557,0.011260962347290982,0.06446445024753304,0.5843521891276431,121,ok,0.03387096774193549,0.063,0.2476378487279974,840
full_year,absz_swing_length__log_kernel_h2_m5,log_kernel_h2_m5,absz_swing_length,all,False,False,pooled,top_quartile_retention,0.2644628099173554,0.19811320754716982,0.32824997151646346,0.46485,0.9045,0.25806451612903225,19999,1000,465,640.0,560.0,43,40,99.0,92.0,31.983308663379468,30.932835210435556,0.10977595220844451,0.11501345252439549,0.30305882242985266,0.1692079884226557,0.011260962347290982,0.06446445024753304,0.5843521891276431,121,ok,0.691104424778761,0.9639239543726235,1.0,840
full_year,absz_swing_length__log_kernel_h2_m20,log_kernel_h2_m20,absz_swing_length,all,False,False,unpooled,spearman,0.13221056300037715,0.049876315431976154,0.20825521719013598,0.00155,0.0032,0.0,19999,1000,465,640.0,560.0,43,40,99.0,92.0,57.757959124801566,56.64902012324762,0.08210590208073335,0.08632486130993684,0.2582469308181149,0.1900902070893716,0.05123742642039081,-0.009100956236543226,0.5805100564766766,104,ok,0.03518918918918919,0.07264864864864866,0.2572756460838978,840
full_year,absz_swing_length__log_kernel_h2_m20,log_kernel_h2_m20,absz_swing_length,all,False,False,unpooled,kendall,0.09098998887652947,0.033218265720294085,0.14346852168952837,0.00135,0.0026,0.0,19999,1000,465,640.0,560.0,43,40,99.0,92.0,57.757959124801566,56.64902012324762,0.08210590208073335,0.08632486130993684,0.2582469308181149,0.1900902070893716,0.05123742642039081,-0.009100956236543226,0.5805100564766766,104,ok,0.03518918918918919,0.07264864864864866,0.2572756460838978,840
full_year,absz_swing_length__log_kernel_h2_m20,log_kernel_h2_m20,absz_swing_length,all,False,False,unpooled,quartile_trend,0.10849338576605633,0.030063768148415798,0.18081790223047506,0.01005,0.01955,0.0,19999,1000,465,640.0,560.0,43,40,99.0,92.0,57.757959124801566,56.64902012324762,0.08210590208073335,0.08632486130993684,0.2582469308181149,0.1900902070893716,0.05123742642039081,-0.009100956236543226,0.5805100564766766,104,ok,0.0804,0.1564,0.5878214992092007,840
full_year,absz_swing_length__log_kernel_h2_m20,log_kernel_h2_m20,absz_swing_length,all,False,False,unpooled,decile_trend,0.12924385949554026,0.045177659959295104,0.2072158745216055,0.0023,0.0044,0.0,19999,1000,465,640.0,560.0,43,40,99.0,92.0,57.757959124801566,56.64902012324762,0.08210590208073335,0.08632486130993684,0.2582469308181149,0.1900902070893716,0.05123742642039081,-0.009100956236543226,0.5805100564766766,104,ok,0.04368,0.08126086956521739,0.3193537697196254,840
full_year,absz_swing_length__log_kernel_h2_m20,log_kernel_h2_m20,absz_swing_length,all,False,False,unpooled,top_quartile_retention,0.25,0.18181818181818182,0.3248627980206927,0.38265,0.6941,0.23440860215053763,19999,1000,465,640.0,560.0,43,40,99.0,92.0,57.757959124801566,56.64902012324762,0.08210590208073335,0.08632486130993684,0.2582469308181149,0.1900902070893716,0.05123742642039081,-0.009100956236543226,0.5805100564766766,104,ok,0.6299179687500001,0.8862127659574469,1.0,840
full_year,absz_swing_length__log_kernel_h2_m20,log_kernel_h2_m20,absz_swing_length,all,False,False,pooled,spearman,0.15070774871459466,0.07425522250541473,0.22371954812379455,0.001,0.0014,0.0,19999,1000,465,640.0,560.0,43,40,99.0,92.0,57.757959124801566,56.64902012324762,0.08210590208073335,0.08632486130993684,0.2582469308181149,0.1900902070893716,0.0030383067499892592,0.07712945237197269,0.5805100564766766,124,ok,0.03387096774193549,0.063,0.2476378487279974,840
full_year,absz_swing_length__log_kernel_h2_m20,log_kernel_h2_m20,absz_swing_length,all,False,False,pooled,kendall,0.100018539117538,0.04992662399108392,0.1485340937407481,0.0011,0.0016,0.0,19999,1000,465,640.0,560.0,43,40,99.0,92.0,57.757959124801566,56.64902012324762,0.08210590208073335,0.08632486130993684,0.2582469308181149,0.1900902070893716,0.0030383067499892592,0.07712945237197269,0.5805100564766766,124,ok,0.03387096774193549,0.063,0.2476378487279974,840
full_year,absz_swing_length__log_kernel_h2_m20,log_kernel_h2_m20,absz_swing_length,all,False,False,pooled,quartile_trend,0.150649756205086,0.07737979867914722,0.22066871708796224,0.0008,0.00105,0.0,19999,1000,465,640.0,560.0,43,40,99.0,92.0,57.757959124801566,56.64902012324762,0.08210590208073335,0.08632486130993684,0.2582469308181149,0.1900902070893716,0.0030383067499892592,0.07712945237197269,0.5805100564766766,124,ok,0.03387096774193549,0.063,0.2476378487279974,840
full_year,absz_swing_length__log_kernel_h2_m20,log_kernel_h2_m20,absz_swing_length,all,False,False,pooled,decile_trend,0.1468516150335996,0.07092270738196119,0.22075845642768918,0.00115,0.00165,0.0,19999,1000,465,640.0,560.0,43,40,99.0,92.0,57.757959124801566,56.64902012324762,0.08210590208073335,0.08632486130993684,0.2582469308181149,0.1900902070893716,0.0030383067499892592,0.07712945237197269,0.5805100564766766,124,ok,0.03387096774193549,0.063,0.2476378487279974,840
full_year,absz_swing_length__log_kernel_h2_m20,log_kernel_h2_m20,absz_swing_length,all,False,False,pooled,top_quartile_retention,0.27419354838709675,0.20161290322580644,0.33913819875776396,0.46,0.9054,0.26666666666666666,19999,1000,465,640.0,560.0,43,40,99.0,92.0,57.757959124801566,56.64902012324762,0.08210590208073335,0.08632486130993684,0.2582469308181149,0.1900902070893716,0.0030383067499892592,0.07712945237197269,0.5805100564766766,124,ok,0.6875444839857652,0.9639239543726235,1.0,840
full_year,absz_swing_length__linear_exposure_pitcher,linear_exposure_pitcher,absz_swing_length,all,False,False,unpooled,spearman,0.11115867893271972,0.03486551021821149,0.18948641555114698,0.0084,0.0169,0.0,19999,1000,465,640.0,560.0,43,40,99.0,92.0,651.3099623373058,632.8676350113744,0.023770222418047063,0.024574554718202034,0.19282219690270286,0.28138432490080745,-0.06151864016766365,-0.05013164364792546,0.5146475339790995,105,ok,0.07427368421052631,0.14787499999999998,0.5430307015475412,840
full_year,absz_swing_length__linear_exposure_pitcher,linear_exposure_pitcher,absz_swing_length,all,False,False,unpooled,kendall,0.07589914720059325,0.023470457345673507,0.13052973571853052,0.0073,0.01485,0.0,19999,1000,465,640.0,560.0,43,40,99.0,92.0,651.3099623373058,632.8676350113744,0.023770222418047063,0.024574554718202034,0.19282219690270286,0.28138432490080745,-0.06151864016766365,-0.05013164364792546,0.5146475339790995,105,ok,0.07015909090909091,0.14175000000000001,0.5129480348424927,840
full_year,absz_swing_length__linear_exposure_pitcher,linear_exposure_pitcher,absz_swing_length,all,False,False,unpooled,quartile_trend,0.10105778626438287,0.02251355198291708,0.17934776742778302,0.0149,0.0298,0.0,19999,1000,465,640.0,560.0,43,40,99.0,92.0,651.3099623373058,632.8676350113744,0.023770222418047063,0.024574554718202034,0.19282219690270286,0.28138432490080745,-0.06151864016766365,-0.05013164364792546,0.5146475339790995,105,ok,0.0985511811023622,0.19437209302325584,0.7205286445824377,840
full_year,absz_swing_length__linear_exposure_pitcher,linear_exposure_pitcher,absz_swing_length,all,False,False,unpooled,decile_trend,0.09731122106107094,0.02119174949196802,0.17887364310449208,0.01755,0.03635,0.0,19999,1000,465,640.0,560.0,43,40,99.0,92.0,651.3099623373058,632.8676350113744,0.023770222418047063,0.024574554718202034,0.19282219690270286,0.28138432490080745,-0.06151864016766365,-0.05013164364792546,0.5146475339790995,105,ok,0.1108421052631579,0.22126086956521737,0.8103902051155908,840
full_year,absz_swing_length__linear_exposure_pitcher,linear_exposure_pitcher,absz_swing_length,all,False,False,unpooled,top_quartile_retention,0.21904761904761905,0.15306122448979592,0.28431372549019607,0.74895,0.6005,0.23870967741935484,19999,1000,465,640.0,560.0,43,40,99.0,92.0,651.3099623373058,632.8676350113744,0.023770222418047063,0.024574554718202034,0.19282219690270286,0.28138432490080745,-0.06151864016766365,-0.05013164364792546,0.5146475339790995,105,ok,0.8488183041722746,0.8506239460370996,1.0,840
full_year,absz_swing_length__linear_exposure_pitcher,linear_exposure_pitcher,absz_swing_length,all,False,False,pooled,spearman,0.10287599001274664,0.02655502286382733,0.1772740163712429,0.01235,0.02665,0.0,19999,1000,465,640.0,560.0,43,40,99.0,92.0,651.3099623373058,632.8676350113744,0.023770222418047063,0.024574554718202034,0.19282219690270286,0.28138432490080745,-0.03473912358509933,0.017599072884989044,0.5146475339790995,122,ok,0.09020869565217392,0.1850082644628099,0.6595349592035743,840
full_year,absz_swing_length__linear_exposure_pitcher,linear_exposure_pitcher,absz_swing_length,all,False,False,pooled,kendall,0.06909529106414533,0.01772311003606439,0.1191594780822088,0.0119,0.026,0.0,19999,1000,465,640.0,560.0,43,40,99.0,92.0,651.3099623373058,632.8676350113744,0.023770222418047063,0.024574554718202034,0.19282219690270286,0.28138432490080745,-0.03473912358509933,0.017599072884989044,0.5146475339790995,122,ok,0.0876842105263158,0.1850082644628099,0.6410779115491806,840
full_year,absz_swing_length__linear_exposure_pitcher,linear_exposure_pitcher,absz_swing_length,all,False,False,pooled,quartile_trend,0.08071630403989671,0.006128732601163227,0.15425490870697148,0.0394,0.08035,0.0,19999,1000,465,640.0,560.0,43,40,99.0,92.0,651.3099623373058,632.8676350113744,0.023770222418047063,0.024574554718202034,0.19282219690270286,0.28138432490080745,-0.03473912358509933,0.017599072884989044,0.5146475339790995,122,ok,0.18285082872928174,0.3648324324324324,1.0,840
full_year,absz_swing_length__linear_exposure_pitcher,linear_exposure_pitcher,absz_swing_length,all,False,False,pooled,decile_trend,0.09993372824349417,0.025720117418069226,0.17271491880668843,0.01525,0.03135,0.0,19999,1000,465,640.0,560.0,43,40,99.0,92.0,651.3099623373058,632.8676350113744,0.023770222418047063,0.024574554718202034,0.19282219690270286,0.28138432490080745,-0.03473912358509933,0.017599072884989044,0.5146475339790995,122,ok,0.100078125,0.19800000000000004,0.7316924561635048,840
full_year,absz_swing_length__linear_exposure_pitcher,linear_exposure_pitcher,absz_swing_length,all,False,False,pooled,top_quartile_retention,0.27049180327868855,0.208,0.3406142167011732,0.5421,1.0,0.2709677419354839,19999,1000,465,640.0,560.0,43,40,99.0,92.0,651.3099623373058,632.8676350113744,0.023770222418047063,0.024574554718202034,0.19282219690270286,0.28138432490080745,-0.03473912358509933,0.017599072884989044,0.5146475339790995,122,ok,0.7621806020066889,1.0,1.0,840
full_year,absz_swing_length__saturating_exposure_pitcher,saturating_exposure_pitcher,absz_swing_length,all,False,False,unpooled,spearman,0.13826879678275786,0.06146226089010481,0.2182966783688751,0.0011,0.0027,0.0,19999,1000,460,648.0,571.0,43,40,99.5,92.5,17.742083755233594,17.41370007814426,0.15230486352752334,0.14829621926942635,0.12371228845529005,0.2479123588984618,0.005574572247711372,0.006578974134216548,0.5531193231167157,110,ok,0.03387096774193549,0.07264864864864866,0.2476378487279974,840
full_year,absz_swing_length__saturating_exposure_pitcher,saturating_exposure_pitcher,absz_swing_length,all,False,False,unpooled,kendall,0.09246945154873544,0.04084701711948532,0.14715454918353515,0.00125,0.00275,0.0,19999,1000,460,648.0,571.0,43,40,99.5,92.5,17.742083755233594,17.41370007814426,0.15230486352752334,0.14829621926942635,0.12371228845529005,0.2479123588984618,0.005574572247711372,0.006578974134216548,0.5531193231167157,110,ok,0.03387096774193549,0.07264864864864866,0.2476378487279974,840
full_year,absz_swing_length__saturating_exposure_pitcher,saturating_exposure_pitcher,absz_swing_length,all,False,False,unpooled,quartile_trend,0.13321948564248062,0.057441257121986986,0.21006363838411535,0.00195,0.00445,0.0,19999,1000,460,648.0,571.0,43,40,99.5,92.5,17.742083755233594,17.41370007814426,0.15230486352752334,0.14829621926942635,0.12371228845529005,0.2479123588984618,0.005574572247711372,0.006578974134216548,0.5531193231167157,110,ok,0.042,0.08126086956521739,0.30707093242271677,840
full_year,absz_swing_length__saturating_exposure_pitcher,saturating_exposure_pitcher,absz_swing_length,all,False,False,unpooled,decile_trend,0.13807659417744284,0.062367190177027715,0.21626644212760193,0.0012,0.00295,0.0,19999,1000,460,648.0,571.0,43,40,99.5,92.5,17.742083755233594,17.41370007814426,0.15230486352752334,0.14829621926942635,0.12371228845529005,0.2479123588984618,0.005574572247711372,0.006578974134216548,0.5531193231167157,110,ok,0.03387096774193549,0.07264864864864866,0.2476378487279974,840
full_year,absz_swing_length__saturating_exposure_pitcher,saturating_exposure_pitcher,absz_swing_length,all,False,False,unpooled,top_quartile_retention,0.21818181818181817,0.15384615384615385,0.28363062735104955,0.66095,0.79565,0.22826086956521738,19999,1000,460,648.0,571.0,43,40,99.5,92.5,17.742083755233594,17.41370007814426,0.15230486352752334,0.14829621926942635,0.12371228845529005,0.2479123588984618,0.005574572247711372,0.006578974134216548,0.5531193231167157,110,ok,0.8414623955431755,0.9203527815468113,1.0,840
full_year,absz_swing_length__saturating_exposure_pitcher,saturating_exposure_pitcher,absz_swing_length,all,False,False,pooled,spearman,0.14900715607063977,0.07179334041236982,0.22805729535878927,0.00065,0.00135,0.0,19999,1000,460,648.0,571.0,43,40,99.5,92.5,17.742083755233594,17.41370007814426,0.15230486352752334,0.14829621926942635,0.12371228845529005,0.2479123588984618,0.009828763471184318,0.06571749640470481,0.5531193231167157,123,ok,0.03387096774193549,0.063,0.2476378487279974,840
full_year,absz_swing_length__saturating_exposure_pitcher,saturating_exposure_pitcher,absz_swing_length,all,False,False,pooled,kendall,0.09798238135834045,0.046030061801248336,0.1521012724843228,0.0009,0.0016,0.0,19999,1000,460,648.0,571.0,43,40,99.5,92.5,17.742083755233594,17.41370007814426,0.15230486352752334,0.14829621926942635,0.12371228845529005,0.2479123588984618,0.009828763471184318,0.06571749640470481,0.5531193231167157,123,ok,0.03387096774193549,0.063,0.2476378487279974,840
full_year,absz_swing_length__saturating_exposure_pitcher,saturating_exposure_pitcher,absz_swing_length,all,False,False,pooled,quartile_trend,0.1394909306981187,0.06516671780098776,0.21331586066214683,0.00125,0.00265,0.0,19999,1000,460,648.0,571.0,43,40,99.5,92.5,17.742083755233594,17.41370007814426,0.15230486352752334,0.14829621926942635,0.12371228845529005,0.2479123588984618,0.009828763471184318,0.06571749640470481,0.5531193231167157,123,ok,0.03387096774193549,0.07264864864864866,0.2476378487279974,840
full_year,absz_swing_length__saturating_exposure_pitcher,saturating_exposure_pitcher,absz_swing_length,all,False,False,pooled,decile_trend,0.1488407766070457,0.07395340781550604,0.22597607696409552,0.00065,0.00135,0.0,19999,1000,460,648.0,571.0,43,40,99.5,92.5,17.742083755233594,17.41370007814426,0.15230486352752334,0.14829621926942635,0.12371228845529005,0.2479123588984618,0.009828763471184318,0.06571749640470481,0.5531193231167157,123,ok,0.03387096774193549,0.063,0.2476378487279974,840
full_year,absz_swing_length__saturating_exposure_pitcher,saturating_exposure_pitcher,absz_swing_length,all,False,False,pooled,top_quartile_retention,0.2601626016260163,0.19658119658119658,0.32773798043807684,0.57905,1.0,0.26304347826086955,19999,1000,460,648.0,571.0,43,40,99.5,92.5,17.742083755233594,17.41370007814426,0.15230486352752334,0.14829621926942635,0.12371228845529005,0.2479123588984618,0.009828763471184318,0.06571749640470481,0.5531193231167157,123,ok,0.7883338735818476,1.0,1.0,840
full_year,distortion__log_exposure_pitcher__speed50,log_exposure_pitcher,distortion,speed50,False,False,unpooled,spearman,-0.005412661536576518,-0.09155111023035119,0.07442974010382786,0.5473,0.90785,0.0,19999,1000,464,620.0,543.0,41,41,98.0,92.0,79.8524844587946,78.22056872722682,0.08537377675085137,0.0833092412068773,0.15419304882309212,0.14368763254300507,0.0369222342079152,-0.06808224641250056,0.5061415731902738,106,ok,0.7674991652754591,0.9640884955752212,1.0,840
full_year,distortion__log_exposure_pitcher__speed50,log_exposure_pitcher,distortion,speed50,False,False,unpooled,kendall,-0.00407760482609667,-0.06161746607620787,0.04849829819622546,0.5525,0.89665,0.0,19999,1000,464,620.0,543.0,41,41,98.0,92.0,79.8524844587946,78.22056872722682,0.08537377675085137,0.0833092412068773,0.15419304882309212,0.14368763254300507,0.0369222342079152,-0.06808224641250056,0.5061415731902738,106,ok,0.7703482587064677,0.9639239543726235,1.0,840
full_year,distortion__log_exposure_pitcher__speed50,log_exposure_pitcher,distortion,speed50,False,False,unpooled,quartile_trend,0.0037263272890577094,-0.07656668172464587,0.08052973940235096,0.4665,0.9339,0.0,19999,1000,464,620.0,543.0,41,41,98.0,92.0,79.8524844587946,78.22056872722682,0.08537377675085137,0.0833092412068773,0.15419304882309212,0.14368763254300507,0.0369222342079152,-0.06808224641250056,0.5061415731902738,106,ok,0.6911851851851852,0.9793707865168539,1.0,840
full_year,distortion__log_exposure_pitcher__speed50,log_exposure_pitcher,distortion,speed50,False,False,unpooled,decile_trend,0.001979612202628687,-0.08024170945527141,0.08169130279616059,0.48495,0.9663,0.0,19999,1000,464,620.0,543.0,41,41,98.0,92.0,79.8524844587946,78.22056872722682,0.08537377675085137,0.0833092412068773,0.15419304882309212,0.14368763254300507,0.0369222342079152,-0.06808224641250056,0.5061415731902738,106,ok,0.7096829268292683,0.9996206896551724,1.0,840
full_year,distortion__log_exposure_pitcher__speed50,log_exposure_pitcher,distortion,speed50,False,False,unpooled,top_quartile_retention,0.2641509433962264,0.19262348253173942,0.3333333333333333,0.1636,0.29525,0.22413793103448276,19999,1000,464,620.0,543.0,41,41,98.0,92.0,79.8524844587946,78.22056872722682,0.08537377675085137,0.0833092412068773,0.15419304882309212,0.14368763254300507,0.0369222342079152,-0.06808224641250056,0.5061415731902738,106,ok,0.4032982456140351,0.6721138211382114,1.0,840
full_year,distortion__log_exposure_pitcher__speed50,log_exposure_pitcher,distortion,speed50,False,False,pooled,spearman,0.005251455300706088,-0.0740387963419722,0.07622621950456192,0.45355,0.90925,0.0,19999,1000,464,620.0,543.0,41,41,98.0,92.0,79.8524844587946,78.22056872722682,0.08537377675085137,0.0833092412068773,0.15419304882309212,0.14368763254300507,0.018014136177225953,-0.03180904148357786,0.5061415731902738,120,ok,0.6839892280071814,0.9643560606060606,1.0,840
full_year,distortion__log_exposure_pitcher__speed50,log_exposure_pitcher,distortion,speed50,False,False,pooled,kendall,0.0020667312132270797,-0.05092613683326859,0.04942667553967735,0.4724,0.9475,0.0,19999,1000,464,620.0,543.0,41,41,98.0,92.0,79.8524844587946,78.22056872722682,0.08537377675085137,0.0833092412068773,0.15419304882309212,0.14368763254300507,0.018014136177225953,-0.03180904148357786,0.5061415731902738,120,ok,0.6973919156414762,0.987806691449814,1.0,840
full_year,distortion__log_exposure_pitcher__speed50,log_exposure_pitcher,distortion,speed50,False,False,pooled,quartile_trend,0.011995996168192602,-0.06298081691970646,0.083255206350845,0.39465,0.79495,0.0,19999,1000,464,620.0,543.0,41,41,98.0,92.0,79.8524844587946,78.22056872722682,0.08537377675085137,0.0833092412068773,0.15419304882309212,0.14368763254300507,0.018014136177225953,-0.03180904148357786,0.5061415731902738,120,ok,0.6399770114942528,0.9203527815468113,1.0,840
full_year,distortion__log_exposure_pitcher__speed50,log_exposure_pitcher,distortion,speed50,False,False,pooled,decile_trend,0.006373840291276949,-0.0695352987833048,0.07616606743817683,0.444,0.89095,0.0,19999,1000,464,620.0,543.0,41,41,98.0,92.0,79.8524844587946,78.22056872722682,0.08537377675085137,0.0833092412068773,0.15419304882309212,0.14368763254300507,0.018014136177225953,-0.03180904148357786,0.5061415731902738,120,ok,0.6769546279491834,0.9639239543726235,1.0,840
full_year,distortion__log_exposure_pitcher__speed50,log_exposure_pitcher,distortion,speed50,False,False,pooled,top_quartile_retention,0.3,0.22935779816513763,0.36524920466595967,0.1231,0.2232,0.25646551724137934,19999,1000,464,620.0,543.0,41,41,98.0,92.0,79.8524844587946,78.22056872722682,0.08537377675085137,0.0833092412068773,0.15419304882309212,0.14368763254300507,0.018014136177225953,-0.03180904148357786,0.5061415731902738,120,ok,0.35271428571428576,0.6009230769230769,1.0,840
full_year,distortion__log_exposure_pitcher__innings6,log_exposure_pitcher,distortion,innings6,False,False,unpooled,spearman,-0.039727806633110894,-0.11999859160440757,0.044517098882645906,0.7908,0.4129,0.0,19999,1000,440,445.5,396.5,42,41,94.0,83.0,67.49481039522026,66.23811547797274,0.10866832946009704,0.10660167939511453,0.1727898436189605,0.19616755106583403,0.015899687686215507,-0.044156266772602606,0.4846274562838181,97,ok,0.8605428937259924,0.7794067415730337,1.0,840
full_year,distortion__log_exposure_pitcher__innings6,log_exposure_pitcher,distortion,innings6,False,False,unpooled,kendall,-0.027417684820873884,-0.08201816166388196,0.03033630631025492,0.8001,0.39625,0.0,19999,1000,440,445.5,396.5,42,41,94.0,83.0,67.49481039522026,66.23811547797274,0.10866832946009704,0.10660167939511453,0.1727898436189605,0.19616755106583403,0.015899687686215507,-0.044156266772602606,0.4846274562838181,97,ok,0.8605428937259924,0.7669354838709677,1.0,840
full_year,distortion__log_exposure_pitcher__innings6,log_exposure_pitcher,distortion,innings6,False,False,unpooled,quartile_trend,-0.043121280510597326,-0.11969761764854961,0.03809301812108162,0.81495,0.3683,0.0,19999,1000,440,445.5,396.5,42,41,94.0,83.0,67.49481039522026,66.23811547797274,0.10866832946009704,0.10660167939511453,0.1727898436189605,0.19616755106583403,0.015899687686215507,-0.044156266772602606,0.4846274562838181,97,ok,0.8687284263959391,0.7355971563981042,1.0,840
full_year,distortion__log_exposure_pitcher__innings6,log_exposure_pitcher,distortion,innings6,False,False,unpooled,decile_trend,-0.031713689965860936,-0.11142135428322746,0.052244980196357156,0.7431,0.51215,0.0,19999,1000,440,445.5,396.5,42,41,94.0,83.0,67.49481039522026,66.23811547797274,0.10866832946009704,0.10660167939511453,0.1727898436189605,0.19616755106583403,0.015899687686215507,-0.044156266772602606,0.4846274562838181,97,ok,0.8478643147896879,0.8206768060836502,1.0,840
full_year,distortion__log_exposure_pitcher__innings6,log_exposure_pitcher,distortion,innings6,False,False,unpooled,top_quartile_retention,0.25773195876288657,0.18362958086460393,0.3333333333333333,0.335,0.59035,0.23636363636363636,19999,1000,440,445.5,396.5,42,41,94.0,83.0,67.49481039522026,66.23811547797274,0.10866832946009704,0.10660167939511453,0.1727898436189605,0.19616755106583403,0.015899687686215507,-0.044156266772602606,0.4846274562838181,97,ok,0.5907295597484277,0.8498571428571429,1.0,840
full_year,distortion__log_exposure_pitcher__innings6,log_exposure_pitcher,distortion,innings6,False,False,pooled,spearman,-0.03341123568914002,-0.11750565461284762,0.04719535841039003,0.75875,0.4812,0.0,19999,1000,440,445.5,396.5,42,41,94.0,83.0,67.49481039522026,66.23811547797274,0.10866832946009704,0.10660167939511453,0.1727898436189605,0.19616755106583403,0.021626567379902883,-0.022950625684110878,0.4846274562838181,111,ok,0.8544866310160428,0.8149354838709678,1.0,840
full_year,distortion__log_exposure_pitcher__innings6,log_exposure_pitcher,distortion,innings6,False,False,pooled,kendall,-0.023234624145785875,-0.07947395492781488,0.031226903138321625,0.76705,0.46525,0.0,19999,1000,440,445.5,396.5,42,41,94.0,83.0,67.49481039522026,66.23811547797274,0.10866832946009704,0.10660167939511453,0.1727898436189605,0.19616755106583403,0.021626567379902883,-0.022950625684110878,0.4846274562838181,111,ok,0.8547973509933774,0.8058641975308641,1.0,840
full_year,distortion__log_exposure_pitcher__innings6,log_exposure_pitcher,distortion,innings6,False,False,pooled,quartile_trend,-0.039898511916639255,-0.12415333884905916,0.04022060769747276,0.79995,0.4004,0.0,19999,1000,440,445.5,396.5,42,41,94.0,83.0,67.49481039522026,66.23811547797274,0.10866832946009704,0.10660167939511453,0.1727898436189605,0.19616755106583403,0.021626567379902883,-0.022950625684110878,0.4846274562838181,111,ok,0.8605428937259924,0.7714128440366972,1.0,840
full_year,distortion__log_exposure_pitcher__innings6,log_exposure_pitcher,distortion,innings6,False,False,pooled,decile_trend,-0.0322104155425623,-0.11534282368597579,0.04564131614933813,0.74995,0.4986,0.0,19999,1000,440,445.5,396.5,42,41,94.0,83.0,67.49481039522026,66.23811547797274,0.10866832946009704,0.10660167939511453,0.1727898436189605,0.19616755106583403,0.021626567379902883,-0.022950625684110878,0.4846274562838181,111,ok,0.8488183041722746,0.8206768060836502,1.0,840
full_year,distortion__log_exposure_pitcher__innings6,log_exposure_pitcher,distortion,innings6,False,False,pooled,top_quartile_retention,0.24324324324324326,0.17997435897435898,0.3100172413793103,0.64205,0.8017,0.25227272727272726,19999,1000,440,445.5,396.5,42,41,94.0,83.0,67.49481039522026,66.23811547797274,0.10866832946009704,0.10660167939511453,0.1727898436189605,0.19616755106583403,0.021626567379902883,-0.022950625684110878,0.4846274562838181,111,ok,0.8333343605546997,0.9203527815468113,1.0,840
full_year,distortion__log_exposure_pitcher__innings3,log_exposure_pitcher,distortion,innings3,False,False,unpooled,spearman,-0.016754727628217423,-0.10648337012354596,0.06804106141441386,0.6234,0.7471,0.0,19999,1000,379,244.0,216.0,40,40,99.0,88.0,24.73829004935819,22.42815208085766,0.17280997158745884,0.1708329247515434,0.16521289246409537,0.13607894411504165,-0.008618511979156335,-0.027241366388707035,0.4592457396790128,84,ok,0.8207774294670845,0.900893982808023,1.0,840
full_year,distortion__log_exposure_pitcher__innings3,log_exposure_pitcher,distortion,innings3,False,False,unpooled,kendall,-0.01137775544107998,-0.07296076112120954,0.04649398750402642,0.6253,0.7425,0.0,19999,1000,379,244.0,216.0,40,40,99.0,88.0,24.73829004935819,22.42815208085766,0.17280997158745884,0.1708329247515434,0.16521289246409537,0.13607894411504165,-0.008618511979156335,-0.027241366388707035,0.4592457396790128,84,ok,0.8219906103286384,0.9,1.0,840
full_year,distortion__log_exposure_pitcher__innings3,log_exposure_pitcher,distortion,innings3,False,False,unpooled,quartile_trend,-0.008405925765155167,-0.09711614021234766,0.07626111788496125,0.5621,0.86895,0.0,19999,1000,379,244.0,216.0,40,40,99.0,88.0,24.73829004935819,22.42815208085766,0.17280997158745884,0.1708329247515434,0.16521289246409537,0.13607894411504165,-0.008618511979156335,-0.027241366388707035,0.4592457396790128,84,ok,0.774727868852459,0.9566422018348624,1.0,840
full_year,distortion__log_exposure_pitcher__innings3,log_exposure_pitcher,distortion,innings3,False,False,unpooled,decile_trend,-0.01958418626709548,-0.10960383566934616,0.0664934134017564,0.64385,0.7059,0.0,19999,1000,379,244.0,216.0,40,40,99.0,88.0,24.73829004935819,22.42815208085766,0.17280997158745884,0.1708329247515434,0.16521289246409537,0.13607894411504165,-0.008618511979156335,-0.027241366388707035,0.4592457396790128,84,ok,0.8333343605546997,0.8885739130434782,1.0,840
full_year,distortion__log_exposure_pitcher__innings3,log_exposure_pitcher,distortion,innings3,False,False,unpooled,top_quartile_retention,0.20238095238095238,0.125,0.27631578947368424,0.81105,0.47105,0.23218997361477572,19999,1000,379,244.0,216.0,40,40,99.0,88.0,24.73829004935819,22.42815208085766,0.17280997158745884,0.1708329247515434,0.16521289246409537,0.13607894411504165,-0.008618511979156335,-0.027241366388707035,0.4592457396790128,84,ok,0.8667709923664123,0.8090571428571428,1.0,840
full_year,distortion__log_exposure_pitcher__innings3,log_exposure_pitcher,distortion,innings3,False,False,pooled,spearman,-0.02873719038140646,-0.11487513837789297,0.06091401999529954,0.7164,0.5715,0.0,19999,1000,379,244.0,216.0,40,40,99.0,88.0,24.73829004935819,22.42815208085766,0.17280997158745884,0.1708329247515434,0.16521289246409537,0.13607894411504165,-0.0045081922043455165,0.010472090516528788,0.4592457396790128,95,ok,0.8414623955431755,0.8496637168141593,1.0,840
full_year,distortion__log_exposure_pitcher__innings3,log_exposure_pitcher,distortion,innings3,False,False,pooled,kendall,-0.01939104577627005,-0.07755850988907172,0.03967360654051148,0.71835,0.56815,0.0,19999,1000,379,244.0,216.0,40,40,99.0,88.0,24.73829004935819,22.42815208085766,0.17280997158745884,0.1708329247515434,0.16521289246409537,0.13607894411504165,-0.0045081922043455165,0.010472090516528788,0.4592457396790128,95,ok,0.8414623955431755,0.8476838365896981,1.0,840
full_year,distortion__log_exposure_pitcher__innings3,log_exposure_pitcher,distortion,innings3,False,False,pooled,quartile_trend,-0.042538268127916404,-0.13345316539712618,0.04515972738631077,0.7994,0.4022,0.0,19999,1000,379,244.0,216.0,40,40,99.0,88.0,24.73829004935819,22.42815208085766,0.17280997158745884,0.1708329247515434,0.16521289246409537,0.13607894411504165,-0.0045081922043455165,0.010472090516528788,0.4592457396790128,95,ok,0.8605428937259924,0.7731075514874142,1.0,840
full_year,distortion__log_exposure_pitcher__innings3,log_exposure_pitcher,distortion,innings3,False,False,pooled,decile_trend,-0.022284188036242,-0.10836175085644403,0.06418519183506448,0.6733,0.65955,0.0,19999,1000,379,244.0,216.0,40,40,99.0,88.0,24.73829004935819,22.42815208085766,0.17280997158745884,0.1708329247515434,0.16521289246409537,0.13607894411504165,-0.0045081922043455165,0.010472090516528788,0.4592457396790128,95,ok,0.8414623955431755,0.8688055987558321,1.0,840
full_year,distortion__log_exposure_pitcher__innings3,log_exposure_pitcher,distortion,innings3,False,False,pooled,top_quartile_retention,0.2631578947368421,0.18747079439252337,0.34119081779053084,0.50925,1.0,0.25857519788918204,19999,1000,379,244.0,216.0,40,40,99.0,88.0,24.73829004935819,22.42815208085766,0.17280997158745884,0.1708329247515434,0.16521289246409537,0.13607894411504165,-0.0045081922043455165,0.010472090516528788,0.4592457396790128,95,ok,0.7334897260273973,1.0,1.0,840
full_year,distortion__log_exposure_pitcher__recent_similar,log_exposure_pitcher,distortion,recent_similar,False,False,unpooled,spearman,0.08323204124393982,0.00025747957047387,0.1696049111463963,0.0432,0.0844,0.0,19999,1000,427,370.0,306.0,40,40,99.0,90.0,42.3409938562012,42.729723171978236,0.1340839793388269,0.13053509477016156,0.139502339228175,0.1337816438077541,-0.08114860451201154,-0.013802440813102917,0.404591945729841,99,ok,0.19458510638297874,0.3791229946524064,1.0,840
full_year,distortion__log_exposure_pitcher__recent_similar,log_exposure_pitcher,distortion,recent_similar,False,False,unpooled,kendall,0.05751448582203605,0.0003246204899792348,0.11704287022988724,0.0385,0.0754,0.0,19999,1000,427,370.0,306.0,40,40,99.0,90.0,42.3409938562012,42.729723171978236,0.1340839793388269,0.13053509477016156,0.139502339228175,0.1337816438077541,-0.08114860451201154,-0.013802440813102917,0.404591945729841,99,ok,0.1806703910614525,0.34992265193370164,1.0,840
full_year,distortion__log_exposure_pitcher__recent_similar,log_exposure_pitcher,distortion,recent_similar,False,False,unpooled,quartile_trend,0.08175026598397961,-0.00178487794869832,0.1645500276597519,0.0444,0.0917,0.0,19999,1000,427,370.0,306.0,40,40,99.0,90.0,42.3409938562012,42.729723171978236,0.1340839793388269,0.13053509477016156,0.139502339228175,0.1337816438077541,-0.08114860451201154,-0.013802440813102917,0.404591945729841,99,ok,0.19629473684210527,0.38903030303030306,1.0,840
full_year,distortion__log_exposure_pitcher__recent_similar,log_exposure_pitcher,distortion,recent_similar,False,False,unpooled,decile_trend,0.08151397164737466,8.697253455807496e-05,0.16674368179733975,0.0459,0.09035,0.0,19999,1000,427,370.0,306.0,40,40,99.0,90.0,42.3409938562012,42.729723171978236,0.1340839793388269,0.13053509477016156,0.139502339228175,0.1337816438077541,-0.08114860451201154,-0.013802440813102917,0.404591945729841,99,ok,0.19998963730569946,0.38892857142857146,1.0,840
full_year,distortion__log_exposure_pitcher__recent_similar,log_exposure_pitcher,distortion,recent_similar,False,False,unpooled,top_quartile_retention,0.2828282828282828,0.20689655172413793,0.3545601173020528,0.18195,0.3531,0.24355971896955503,19999,1000,427,370.0,306.0,40,40,99.0,90.0,42.3409938562012,42.729723171978236,0.1340839793388269,0.13053509477016156,0.139502339228175,0.1337816438077541,-0.08114860451201154,-0.013802440813102917,0.404591945729841,99,ok,0.4187342465753425,0.7222572815533981,1.0,840
full_year,distortion__log_exposure_pitcher__recent_similar,log_exposure_pitcher,distortion,recent_similar,False,False,pooled,spearman,0.0706714625118568,-0.013512507317157144,0.15946255678198262,0.07775,0.14805,0.0,19999,1000,427,370.0,306.0,40,40,99.0,90.0,42.3409938562012,42.729723171978236,0.1340839793388269,0.13053509477016156,0.139502339228175,0.1337816438077541,-0.09314381770938177,-0.060330267186079554,0.404591945729841,109,ok,0.28454545454545455,0.5096803278688524,1.0,840
full_year,distortion__log_exposure_pitcher__recent_similar,log_exposure_pitcher,distortion,recent_similar,False,False,pooled,kendall,0.04891644951677277,-0.008600194742028394,0.10901232815638637,0.06935,0.13345,0.0,19999,1000,427,370.0,306.0,40,40,99.0,90.0,42.3409938562012,42.729723171978236,0.1340839793388269,0.13053509477016156,0.139502339228175,0.1337816438077541,-0.09314381770938177,-0.060330267186079554,0.404591945729841,109,ok,0.2709488372093023,0.4916578947368422,1.0,840
full_year,distortion__log_exposure_pitcher__recent_similar,log_exposure_pitcher,distortion,recent_similar,False,False,pooled,quartile_trend,0.09026339927727438,0.003942248705331856,0.17629225696901604,0.03315,0.06505,0.0,19999,1000,427,370.0,306.0,40,40,99.0,90.0,42.3409938562012,42.729723171978236,0.1340839793388269,0.13053509477016156,0.139502339228175,0.1337816438077541,-0.09314381770938177,-0.060330267186079554,0.404591945729841,109,ok,0.1636300578034682,0.32142352941176466,1.0,840
full_year,distortion__log_exposure_pitcher__recent_similar,log_exposure_pitcher,distortion,recent_similar,False,False,pooled,decile_trend,0.06630094141795956,-0.017935079411762568,0.15404613102215758,0.0896,0.1744,0.0,19999,1000,427,370.0,306.0,40,40,99.0,90.0,42.3409938562012,42.729723171978236,0.1340839793388269,0.13053509477016156,0.139502339228175,0.1337816438077541,-0.09314381770938177,-0.060330267186079554,0.404591945729841,109,ok,0.3010272373540856,0.5507368421052632,1.0,840
full_year,distortion__log_exposure_pitcher__recent_similar,log_exposure_pitcher,distortion,recent_similar,False,False,pooled,top_quartile_retention,0.3211009174311927,0.245263765883712,0.3934513428671085,0.04425,0.0761,0.2529274004683841,19999,1000,427,370.0,306.0,40,40,99.0,90.0,42.3409938562012,42.729723171978236,0.1340839793388269,0.13053509477016156,0.139502339228175,0.1337816438077541,-0.09314381770938177,-0.060330267186079554,0.404591945729841,109,ok,0.19629473684210527,0.35123076923076924,1.0,840
full_year,distortion__log_future_exposure,log_future_exposure,distortion,all,False,True,unpooled,spearman,0.12401094205769883,0.049655188603945515,0.19913555800635954,0.0034,0.00725,0.0,19999,1000,465,640.0,560.0,43,40,99.0,92.0,160.7154072114622,137.7677637906514,0.0751802558405572,0.07886501569664299,0.2961382428167692,0.23762430340443078,0.017126444738312003,-0.07660430998677598,0.4957909837826484,110,ok,0.05068965517241379,0.10161290322580645,0.3706028494756926,840
full_year,distortion__log_future_exposure,log_future_exposure,distortion,all,False,True,unpooled,kendall,0.08337041156840934,0.03454241831467027,0.134391072650898,0.00325,0.00695,0.0,19999,1000,465,640.0,560.0,43,40,99.0,92.0,160.7154072114622,137.7677637906514,0.0751802558405572,0.07886501569664299,0.2961382428167692,0.23762430340443078,0.017126444738312003,-0.07660430998677598,0.4957909837826484,110,ok,0.050555555555555555,0.1006551724137931,0.3696224186569739,840
full_year,distortion__log_future_exposure,log_future_exposure,distortion,all,False,True,unpooled,quartile_trend,0.14081526865379898,0.07093773494598662,0.21425710886316507,0.0012,0.00245,0.0,19999,1000,465,640.0,560.0,43,40,99.0,92.0,160.7154072114622,137.7677637906514,0.0751802558405572,0.07886501569664299,0.2961382428167692,0.23762430340443078,0.017126444738312003,-0.07660430998677598,0.4957909837826484,110,ok,0.03387096774193549,0.07264864864864866,0.2476378487279974,840
full_year,distortion__log_future_exposure,log_future_exposure,distortion,all,False,True,unpooled,decile_trend,0.12759490175047422,0.05792505362078676,0.20263713763681057,0.0025,0.0057,0.0,19999,1000,465,640.0,560.0,43,40,99.0,92.0,160.7154072114622,137.7677637906514,0.0751802558405572,0.07886501569664299,0.2961382428167692,0.23762430340443078,0.017126444738312003,-0.07660430998677598,0.4957909837826484,110,ok,0.04368,0.09255555555555556,0.3193537697196254,840
full_year,distortion__log_future_exposure,log_future_exposure,distortion,all,False,True,unpooled,top_quartile_retention,0.32727272727272727,0.26126126126126126,0.40007874015748024,0.00725,0.0105,0.23440860215053763,19999,1000,465,640.0,560.0,43,40,99.0,92.0,160.7154072114622,137.7677637906514,0.0751802558405572,0.07886501569664299,0.2961382428167692,0.23762430340443078,0.017126444738312003,-0.07660430998677598,0.4957909837826484,110,ok,0.07015909090909091,0.126,0.5129480348424927,840
full_year,distortion__log_future_exposure,log_future_exposure,distortion,all,False,True,pooled,spearman,0.15598877150100016,0.0761895882343031,0.22523169874278362,0.00025,0.00075,0.0,19999,1000,465,640.0,560.0,43,40,99.0,92.0,160.7154072114622,137.7677637906514,0.0751802558405572,0.07886501569664299,0.2961382428167692,0.23762430340443078,-0.03151140752481298,-0.03757644402220875,0.4957909837826484,123,ok,0.03387096774193549,0.063,0.2476378487279974,840
full_year,distortion__log_future_exposure,log_future_exposure,distortion,all,False,True,pooled,kendall,0.10604375231738969,0.05232515946331755,0.15328177508276544,0.00025,0.00075,0.0,19999,1000,465,640.0,560.0,43,40,99.0,92.0,160.7154072114622,137.7677637906514,0.0751802558405572,0.07886501569664299,0.2961382428167692,0.23762430340443078,-0.03151140752481298,-0.03757644402220875,0.4957909837826484,123,ok,0.03387096774193549,0.063,0.2476378487279974,840
full_year,distortion__log_future_exposure,log_future_exposure,distortion,all,False,True,pooled,quartile_trend,0.16517711165802756,0.08508728463369886,0.23445010904729469,0.0001,0.0004,0.0,19999,1000,465,640.0,560.0,43,40,99.0,92.0,160.7154072114622,137.7677637906514,0.0751802558405572,0.07886501569664299,0.2961382428167692,0.23762430340443078,-0.03151140752481298,-0.03757644402220875,0.4957909837826484,123,ok,0.03387096774193549,0.063,0.2476378487279974,840
full_year,distortion__log_future_exposure,log_future_exposure,distortion,all,False,True,pooled,decile_trend,0.1516587622071794,0.07305956044265742,0.22027621500043323,0.0004,0.001,0.0,19999,1000,465,640.0,560.0,43,40,99.0,92.0,160.7154072114622,137.7677637906514,0.0751802558405572,0.07886501569664299,0.2961382428167692,0.23762430340443078,-0.03151140752481298,-0.03757644402220875,0.4957909837826484,123,ok,0.03387096774193549,0.063,0.2476378487279974,840
full_year,distortion__log_future_exposure,log_future_exposure,distortion,all,False,True,pooled,top_quartile_retention,0.37398373983739835,0.2974594429139884,0.45134170710819294,0.00075,0.00105,0.25806451612903225,19999,1000,465,640.0,560.0,43,40,99.0,92.0,160.7154072114622,137.7677637906514,0.0751802558405572,0.07886501569664299,0.2961382428167692,0.23762430340443078,-0.03151140752481298,-0.03757644402220875,0.4957909837826484,123,ok,0.03387096774193549,0.063,0.2476378487279974,840
full_year,distortion__log_irrelevant_exposure,log_irrelevant_exposure,distortion,all,False,True,unpooled,spearman,-0.019911967040154296,-0.09942172693027584,0.053491353528778485,0.66775,0.66795,0.0,19999,1000,465,640.0,560.0,43,40,99.0,92.0,131.89272180950132,130.61679120005994,0.08659703991242916,0.08437608605461981,0.11508807371651832,0.2775198813873973,0.14334680403118394,0.08843206805845313,0.3072637933421494,112,ok,0.8414623955431755,0.8698883720930234,1.0,840
full_year,distortion__log_irrelevant_exposure,log_irrelevant_exposure,distortion,all,False,True,unpooled,kendall,-0.013385242862439747,-0.06671509995652936,0.03599363735961932,0.6673,0.6676,0.0,19999,1000,465,640.0,560.0,43,40,99.0,92.0,131.89272180950132,130.61679120005994,0.08659703991242916,0.08437608605461981,0.11508807371651832,0.2775198813873973,0.14334680403118394,0.08843206805845313,0.3072637933421494,112,ok,0.8414623955431755,0.8698883720930234,1.0,840
full_year,distortion__log_irrelevant_exposure,log_irrelevant_exposure,distortion,all,False,True,unpooled,quartile_trend,-0.02972849831168798,-0.10793171445135832,0.0421245340112834,0.74115,0.52115,0.0,19999,1000,465,640.0,560.0,43,40,99.0,92.0,131.89272180950132,130.61679120005994,0.08659703991242916,0.08437608605461981,0.11508807371651832,0.2775198813873973,0.14334680403118394,0.08843206805845313,0.3072637933421494,112,ok,0.8478643147896879,0.8275349716446125,1.0,840
full_year,distortion__log_irrelevant_exposure,log_irrelevant_exposure,distortion,all,False,True,unpooled,decile_trend,-0.021933077143497265,-0.10150290950521083,0.051773798871829646,0.6841,0.6368,0.0,19999,1000,465,640.0,560.0,43,40,99.0,92.0,131.89272180950132,130.61679120005994,0.08659703991242916,0.08437608605461981,0.11508807371651832,0.2775198813873973,0.14334680403118394,0.08843206805845313,0.3072637933421494,112,ok,0.8414623955431755,0.8613719806763286,1.0,840
full_year,distortion__log_irrelevant_exposure,log_irrelevant_exposure,distortion,all,False,True,unpooled,top_quartile_retention,0.2767857142857143,0.20909090909090908,0.34427607108417135,0.12715,0.24375,0.23225806451612904,19999,1000,465,640.0,560.0,43,40,99.0,92.0,131.89272180950132,130.61679120005994,0.08659703991242916,0.08437608605461981,0.11508807371651832,0.2775198813873973,0.14334680403118394,0.08843206805845313,0.3072637933421494,112,ok,0.3572093023255814,0.6242378048780488,1.0,840
full_year,distortion__log_irrelevant_exposure,log_irrelevant_exposure,distortion,all,False,True,pooled,spearman,-0.022881766578983803,-0.099696526812419,0.05792170022181613,0.69575,0.6193,0.0,19999,1000,465,640.0,560.0,43,40,99.0,92.0,131.89272180950132,130.61679120005994,0.08659703991242916,0.08437608605461981,0.11508807371651832,0.2775198813873973,0.09314522096559365,0.10853821843058814,0.3072637933421494,125,ok,0.8414623955431755,0.8579127625201939,1.0,840
full_year,distortion__log_irrelevant_exposure,log_irrelevant_exposure,distortion,all,False,True,pooled,kendall,-0.016462736373748607,-0.0684482211851143,0.03818650169624579,0.7096,0.593,0.0,19999,1000,465,640.0,560.0,43,40,99.0,92.0,131.89272180950132,130.61679120005994,0.08659703991242916,0.08437608605461981,0.11508807371651832,0.2775198813873973,0.09314522096559365,0.10853821843058814,0.3072637933421494,125,ok,0.8414623955431755,0.8498571428571429,1.0,840
full_year,distortion__log_irrelevant_exposure,log_irrelevant_exposure,distortion,all,False,True,pooled,quartile_trend,-0.03330942304292943,-0.10666056887922609,0.04392290043453772,0.76825,0.47195,0.0,19999,1000,465,640.0,560.0,43,40,99.0,92.0,131.89272180950132,130.61679120005994,0.08659703991242916,0.08437608605461981,0.11508807371651832,0.2775198813873973,0.09314522096559365,0.10853821843058814,0.3072637933421494,125,ok,0.8547973509933774,0.8090571428571428,1.0,840
full_year,distortion__log_irrelevant_exposure,log_irrelevant_exposure,distortion,all,False,True,pooled,decile_trend,-0.025986713997628755,-0.10230924591348262,0.05399007186884194,0.71855,0.5752,0.0,19999,1000,465,640.0,560.0,43,40,99.0,92.0,131.89272180950132,130.61679120005994,0.08659703991242916,0.08437608605461981,0.11508807371651832,0.2775198813873973,0.09314522096559365,0.10853821843058814,0.3072637933421494,125,ok,0.8414623955431755,0.8498571428571429,1.0,840
full_year,distortion__log_irrelevant_exposure,log_irrelevant_exposure,distortion,all,False,True,pooled,top_quartile_retention,0.24,0.18032048441884507,0.30469122023809525,0.7055,0.71675,0.2537634408602151,19999,1000,465,640.0,560.0,43,40,99.0,92.0,131.89272180950132,130.61679120005994,0.08659703991242916,0.08437608605461981,0.11508807371651832,0.2775198813873973,0.09314522096559365,0.10853821843058814,0.3072637933421494,125,ok,0.8414623955431755,0.8885739130434782,1.0,840
full_year,distortion__log_exposure_pitcher__n500,log_exposure_pitcher,distortion,all,True,False,unpooled,spearman,-0.0929132322099205,-0.20312507287381706,0.01541742730160839,0.907,0.1889,0.0,19999,1000,203,962.0,934.0,509,507,134.0,129.0,130.87075994188808,142.12113284887192,0.079823908609212,0.07549594428479625,0.1690572294731639,0.2681041179141997,-0.03217606605633035,-0.19734988566952902,0.2911467762250001,35,ok,0.9302564102564103,0.5593098591549296,1.0,840
full_year,distortion__log_exposure_pitcher__n500,log_exposure_pitcher,distortion,all,True,False,unpooled,kendall,-0.06043018094912939,-0.13460083753231328,0.013245797144512938,0.90035,0.20315,0.0,19999,1000,203,962.0,934.0,509,507,134.0,129.0,130.87075994188808,142.12113284887192,0.079823908609212,0.07549594428479625,0.1690572294731639,0.2681041179141997,-0.03217606605633035,-0.19734988566952902,0.2911467762250001,35,ok,0.9251809290953545,0.5767248322147651,1.0,840
full_year,distortion__log_exposure_pitcher__n500,log_exposure_pitcher,distortion,all,True,False,unpooled,quartile_trend,-0.07762462206218637,-0.18983082826115213,0.03209155554858785,0.86275,0.2743,0.0,19999,1000,203,962.0,934.0,509,507,134.0,129.0,130.87075994188808,142.12113284887192,0.079823908609212,0.07549594428479625,0.1690572294731639,0.2681041179141997,-0.03217606605633035,-0.19734988566952902,0.2911467762250001,35,ok,0.9025031133250312,0.6558370786516854,1.0,840
full_year,distortion__log_exposure_pitcher__n500,log_exposure_pitcher,distortion,all,True,False,unpooled,decile_trend,-0.08371419493816233,-0.1930285049527301,0.025972173091006655,0.88285,0.23725,0.0,19999,1000,203,962.0,934.0,509,507,134.0,129.0,130.87075994188808,142.12113284887192,0.079823908609212,0.07549594428479625,0.1690572294731639,0.2681041179141997,-0.03217606605633035,-0.19734988566952902,0.2911467762250001,35,ok,0.914419235511714,0.6166892307692308,1.0,840
full_year,distortion__log_exposure_pitcher__n500,log_exposure_pitcher,distortion,all,True,False,unpooled,top_quartile_retention,0.17142857142857143,0.06896551724137931,0.2857142857142857,0.412,0.78695,0.1477832512315271,19999,1000,203,962.0,934.0,509,507,134.0,129.0,130.87075994188808,142.12113284887192,0.079823908609212,0.07549594428479625,0.1690572294731639,0.2681041179141997,-0.03217606605633035,-0.19734988566952902,0.2911467762250001,35,ok,0.6517514124293785,0.9203527815468113,1.0,840
full_year,distortion__log_exposure_pitcher__n500,log_exposure_pitcher,distortion,all,True,False,pooled,spearman,-0.122522959337371,-0.23895377761901998,-0.0006289579156095208,0.9573,0.08325,0.0,19999,1000,203,962.0,934.0,509,507,134.0,129.0,130.87075994188808,142.12113284887192,0.079823908609212,0.07549594428479625,0.1690572294731639,0.2681041179141997,-0.03819096774933941,-0.1843001454593446,0.2911467762250001,67,ok,0.9584410011918952,0.37596774193548393,1.0,840
full_year,distortion__log_exposure_pitcher__n500,log_exposure_pitcher,distortion,all,True,False,pooled,kendall,-0.07740330683314636,-0.15818929430097461,0.0042191586244239064,0.9479,0.10315,0.0,19999,1000,203,962.0,934.0,509,507,134.0,129.0,130.87075994188808,142.12113284887192,0.079823908609212,0.07549594428479625,0.1690572294731639,0.2681041179141997,-0.03819096774933941,-0.1843001454593446,0.2911467762250001,67,ok,0.9535760479041916,0.4183846153846154,1.0,840
full_year,distortion__log_exposure_pitcher__n500,log_exposure_pitcher,distortion,all,True,False,pooled,quartile_trend,-0.11330513033264324,-0.22574307938589644,0.004509327623438224,0.9454,0.10705,0.0,19999,1000,203,962.0,934.0,509,507,134.0,129.0,130.87075994188808,142.12113284887192,0.079823908609212,0.07549594428479625,0.1690572294731639,0.2681041179141997,-0.03819096774933941,-0.1843001454593446,0.2911467762250001,67,ok,0.9522014388489208,0.4282000000000001,1.0,840
full_year,distortion__log_exposure_pitcher__n500,log_exposure_pitcher,distortion,all,True,False,pooled,decile_trend,-0.11943779830716834,-0.23333326466770077,0.0011876448508194002,0.95375,0.0914,0.0,19999,1000,203,962.0,934.0,509,507,134.0,129.0,130.87075994188808,142.12113284887192,0.079823908609212,0.07549594428479625,0.1690572294731639,0.2681041179141997,-0.03819096774933941,-0.1843001454593446,0.2911467762250001,67,ok,0.957168458781362,0.38903030303030306,1.0,840
full_year,distortion__log_exposure_pitcher__n500,log_exposure_pitcher,distortion,all,True,False,pooled,top_quartile_retention,0.2537313432835821,0.16176470588235295,0.3433921302578018,0.5373,1.0,0.2512315270935961,19999,1000,203,962.0,934.0,509,507,134.0,129.0,130.87075994188808,142.12113284887192,0.079823908609212,0.07549594428479625,0.1690572294731639,0.2681041179141997,-0.03819096774933941,-0.1843001454593446,0.2911467762250001,67,ok,0.7581140939597316,1.0,1.0,840
full_year,absz_attack_angle__log_exposure_pitcher__n500,log_exposure_pitcher,absz_attack_angle,all,True,False,unpooled,spearman,0.09093791152514266,-0.019949671070786996,0.2036039589360716,0.09725,0.19535,0.0,19999,1000,203,962.0,934.0,509,507,134.0,129.0,130.87075994188808,142.12113284887192,0.05489248135625849,0.052930996337785016,0.1375481298936518,0.046888832917898436,0.0794933883420217,0.09110001118918035,0.5033624921460562,34,ok,0.3094318181818182,0.5709375,1.0,840
full_year,absz_attack_angle__log_exposure_pitcher__n500,log_exposure_pitcher,absz_attack_angle,all,True,False,unpooled,kendall,0.059844900746232256,-0.013116314899468955,0.13539040827329307,0.1013,0.20345,0.0,19999,1000,203,962.0,934.0,509,507,134.0,129.0,130.87075994188808,142.12113284887192,0.05489248135625849,0.052930996337785016,0.1375481298936518,0.046888832917898436,0.0794933883420217,0.09110001118918035,0.5033624921460562,34,ok,0.31593333333333334,0.5767248322147651,1.0,840
full_year,absz_attack_angle__log_exposure_pitcher__n500,log_exposure_pitcher,absz_attack_angle,all,True,False,unpooled,quartile_trend,0.06828437075952822,-0.04197437257614923,0.1876418282306475,0.1653,0.33455,0.0,19999,1000,203,962.0,934.0,509,507,134.0,129.0,130.87075994188808,142.12113284887192,0.05489248135625849,0.052930996337785016,0.1375481298936518,0.046888832917898436,0.0794933883420217,0.09110001118918035,0.5033624921460562,34,ok,0.40332,0.711778337531486,1.0,840
full_year,absz_attack_angle__log_exposure_pitcher__n500,log_exposure_pitcher,absz_attack_angle,all,True,False,unpooled,decile_trend,0.09949303988176628,-0.009526326513536512,0.20978941564776782,0.0779,0.158,0.0,19999,1000,203,962.0,934.0,509,507,134.0,129.0,130.87075994188808,142.12113284887192,0.05489248135625849,0.052930996337785016,0.1375481298936518,0.046888832917898436,0.0794933883420217,0.09110001118918035,0.5033624921460562,34,ok,0.28454545454545455,0.5265770750988142,1.0,840
full_year,absz_attack_angle__log_exposure_pitcher__n500,log_exposure_pitcher,absz_attack_angle,all,True,False,unpooled,top_quartile_retention,0.14705882352941177,0.05405405405405406,0.25,0.4792,1.0,0.1330049261083744,19999,1000,203,962.0,934.0,509,507,134.0,129.0,130.87075994188808,142.12113284887192,0.05489248135625849,0.052930996337785016,0.1375481298936518,0.046888832917898436,0.0794933883420217,0.09110001118918035,0.5033624921460562,34,ok,0.7028586387434554,1.0,1.0,840
full_year,absz_attack_angle__log_exposure_pitcher__n500,log_exposure_pitcher,absz_attack_angle,all,True,False,pooled,spearman,0.07122773998640085,-0.03750987578529906,0.17878615262988665,0.16055,0.308,0.0,19999,1000,203,962.0,934.0,509,507,134.0,129.0,130.87075994188808,142.12113284887192,0.05489248135625849,0.052930996337785016,0.1375481298936518,0.046888832917898436,0.10014029510745918,0.10582956296209164,0.5033624921460562,68,ok,0.4025731343283582,0.6943475935828877,1.0,840
full_year,absz_attack_angle__log_exposure_pitcher__n500,log_exposure_pitcher,absz_attack_angle,all,True,False,pooled,kendall,0.04413988196849241,-0.029301547363016402,0.11707448634335306,0.17945,0.3461,0.0,19999,1000,203,962.0,934.0,509,507,134.0,129.0,130.87075994188808,142.12113284887192,0.05489248135625849,0.052930996337785016,0.1375481298936518,0.046888832917898436,0.10014029510745918,0.10582956296209164,0.5033624921460562,68,ok,0.4175567867036011,0.7213995037220844,1.0,840
full_year,absz_attack_angle__log_exposure_pitcher__n500,log_exposure_pitcher,absz_attack_angle,all,True,False,pooled,quartile_trend,0.07291611988841647,-0.039936214139447625,0.17982436864536722,0.1547,0.2944,0.0,19999,1000,203,962.0,934.0,509,507,134.0,129.0,130.87075994188808,142.12113284887192,0.05489248135625849,0.052930996337785016,0.1375481298936518,0.046888832917898436,0.10014029510745918,0.10582956296209164,0.5033624921460562,68,ok,0.39467272727272723,0.6719999999999999,1.0,840
full_year,absz_attack_angle__log_exposure_pitcher__n500,log_exposure_pitcher,absz_attack_angle,all,True,False,pooled,decile_trend,0.0855442613680097,-0.01976622322381208,0.19222223103784086,0.11295,0.21765,0.0,19999,1000,203,962.0,934.0,509,507,134.0,129.0,130.87075994188808,142.12113284887192,0.05489248135625849,0.052930996337785016,0.1375481298936518,0.046888832917898436,0.10014029510745918,0.10582956296209164,0.5033624921460562,68,ok,0.3364468085106383,0.5980582524271845,1.0,840
full_year,absz_attack_angle__log_exposure_pitcher__n500,log_exposure_pitcher,absz_attack_angle,all,True,False,pooled,top_quartile_retention,0.27941176470588236,0.19117647058823528,0.37142857142857144,0.5839,1.0,0.28078817733990147,19999,1000,203,962.0,934.0,509,507,134.0,129.0,130.87075994188808,142.12113284887192,0.05489248135625849,0.052930996337785016,0.1375481298936518,0.046888832917898436,0.10014029510745918,0.10582956296209164,0.5033624921460562,68,ok,0.7920578778135049,1.0,1.0,840
full_year,absz_attack_direction__log_exposure_pitcher__n500,log_exposure_pitcher,absz_attack_direction,all,True,False,unpooled,spearman,0.08711637608269665,-0.03240097826783341,0.20989710307936127,0.10715,0.21485,0.0,19999,1000,203,962.0,934.0,509,507,134.0,129.0,130.87075994188808,142.12113284887192,0.052771793309831345,0.05040358150553753,0.1627721567147765,0.31378758182518324,-0.07343258231937365,-0.12068965517241381,0.3723572733975803,26,ok,0.32610869565217393,0.5957623762376238,1.0,840
full_year,absz_attack_direction__log_exposure_pitcher__n500,log_exposure_pitcher,absz_attack_direction,all,True,False,unpooled,kendall,0.06384431546602937,-0.01914723731679508,0.14989654740800162,0.0868,0.17575,0.0,19999,1000,203,962.0,934.0,509,507,134.0,129.0,130.87075994188808,142.12113284887192,0.052771793309831345,0.05040358150553753,0.1627721567147765,0.31378758182518324,-0.07343258231937365,-0.12068965517241381,0.3723572733975803,26,ok,0.30002459016393446,0.552089219330855,1.0,840
full_year,absz_attack_direction__log_exposure_pitcher__n500,log_exposure_pitcher,absz_attack_direction,all,True,False,unpooled,quartile_trend,0.09369063608449472,-0.022193819888404395,0.2104036892640461,0.09405,0.1858,0.0,19999,1000,203,962.0,934.0,509,507,134.0,129.0,130.87075994188808,142.12113284887192,0.052771793309831345,0.05040358150553753,0.1627721567147765,0.31378758182518324,-0.07343258231937365,-0.12068965517241381,0.3723572733975803,26,ok,0.3051787072243346,0.5593098591549296,1.0,840
full_year,absz_attack_direction__log_exposure_pitcher__n500,log_exposure_pitcher,absz_attack_direction,all,True,False,unpooled,decile_trend,0.09461219258845896,-0.01943593466761775,0.21822865310583492,0.08865,0.1784,0.0,19999,1000,203,962.0,934.0,509,507,134.0,129.0,130.87075994188808,142.12113284887192,0.052771793309831345,0.05040358150553753,0.1627721567147765,0.31378758182518324,-0.07343258231937365,-0.12068965517241381,0.3723572733975803,26,ok,0.3010272373540856,0.5550222222222222,1.0,840
full_year,absz_attack_direction__log_exposure_pitcher__n500,log_exposure_pitcher,absz_attack_direction,all,True,False,unpooled,top_quartile_retention,0.11538461538461539,0.0,0.2308974358974358,0.66255,1.0,0.12315270935960591,19999,1000,203,962.0,934.0,509,507,134.0,129.0,130.87075994188808,142.12113284887192,0.052771793309831345,0.05040358150553753,0.1627721567147765,0.31378758182518324,-0.07343258231937365,-0.12068965517241381,0.3723572733975803,26,ok,0.8414623955431755,1.0,1.0,840
full_year,absz_attack_direction__log_exposure_pitcher__n500,log_exposure_pitcher,absz_attack_direction,all,True,False,pooled,spearman,0.11666441926719476,-0.005106745910541712,0.2407082448304989,0.04955,0.09945,0.0,19999,1000,203,962.0,934.0,509,507,134.0,129.0,130.87075994188808,142.12113284887192,0.052771793309831345,0.05040358150553753,0.1627721567147765,0.31378758182518324,-0.011844751557160934,-0.058766148999715974,0.3723572733975803,58,ok,0.21127918781725888,0.41355445544554453,1.0,840
full_year,absz_attack_direction__log_exposure_pitcher__n500,log_exposure_pitcher,absz_attack_direction,all,True,False,pooled,kendall,0.08140272155294347,-0.003693113901934836,0.1665752379683564,0.0435,0.0871,0.0,19999,1000,203,962.0,934.0,509,507,134.0,129.0,130.87075994188808,142.12113284887192,0.052771793309831345,0.05040358150553753,0.1627721567147765,0.31378758182518324,-0.011844751557160934,-0.058766148999715974,0.3723572733975803,58,ok,0.19458510638297874,0.38507368421052635,1.0,840
full_year,absz_attack_direction__log_exposure_pitcher__n500,log_exposure_pitcher,absz_attack_direction,all,True,False,pooled,quartile_trend,0.1031439200647683,-0.01772357057596335,0.22326980531167864,0.07185,0.14385,0.0,19999,1000,203,962.0,934.0,509,507,134.0,129.0,130.87075994188808,142.12113284887192,0.052771793309831345,0.05040358150553753,0.1627721567147765,0.31378758182518324,-0.011844751557160934,-0.058766148999715974,0.3723572733975803,58,ok,0.27433636363636366,0.5013858921161826,1.0,840
full_year,absz_attack_direction__log_exposure_pitcher__n500,log_exposure_pitcher,absz_attack_direction,all,True,False,pooled,decile_trend,0.119723196962452,-0.0013778283596126394,0.24355119874745176,0.0448,0.08975,0.0,19999,1000,203,962.0,934.0,509,507,134.0,129.0,130.87075994188808,142.12113284887192,0.052771793309831345,0.05040358150553753,0.1627721567147765,0.31378758182518324,-0.011844751557160934,-0.058766148999715974,0.3723572733975803,58,ok,0.1970261780104712,0.3886082474226804,1.0,840
full_year,absz_attack_direction__log_exposure_pitcher__n500,log_exposure_pitcher,absz_attack_direction,all,True,False,pooled,top_quartile_retention,0.3620689655172414,0.2631578947368421,0.4717974180734855,0.0741,0.1231,0.28078817733990147,19999,1000,203,962.0,934.0,509,507,134.0,129.0,130.87075994188808,142.12113284887192,0.052771793309831345,0.05040358150553753,0.1627721567147765,0.31378758182518324,-0.011844751557160934,-0.058766148999715974,0.3723572733975803,58,ok,0.27912107623318383,0.463695067264574,1.0,840
full_year,absz_swing_path_tilt__log_exposure_pitcher__n500,log_exposure_pitcher,absz_swing_path_tilt,all,True,False,unpooled,spearman,0.11076858192918683,-0.008404891209315424,0.23371873656839948,0.0566,0.1131,0.0,19999,1000,203,962.0,934.0,509,507,134.0,129.0,130.87075994188808,142.12113284887192,0.05351279986262542,0.052246695607547654,0.3309207854955495,0.25217524346589565,-0.04042019675743292,-0.14278254832147952,0.4698322483653755,40,ok,0.22958653846153845,0.4402222222222222,1.0,840
full_year,absz_swing_path_tilt__log_exposure_pitcher__n500,log_exposure_pitcher,absz_swing_path_tilt,all,True,False,unpooled,kendall,0.0764278398283178,-0.0053664387173506635,0.16195591342682952,0.0515,0.10285,0.0,19999,1000,203,962.0,934.0,509,507,134.0,129.0,130.87075994188808,142.12113284887192,0.05351279986262542,0.052246695607547654,0.3309207854955495,0.25217524346589565,-0.04042019675743292,-0.14278254832147952,0.4698322483653755,40,ok,0.21522388059701492,0.4183846153846154,1.0,840
full_year,absz_swing_path_tilt__log_exposure_pitcher__n500,log_exposure_pitcher,absz_swing_path_tilt,all,True,False,unpooled,quartile_trend,0.11184009350576816,-0.013335025474770505,0.23020243501444684,0.05475,0.11055,0.0,19999,1000,203,962.0,934.0,509,507,134.0,129.0,130.87075994188808,142.12113284887192,0.05351279986262542,0.052246695607547654,0.3309207854955495,0.25217524346589565,-0.04042019675743292,-0.14278254832147952,0.4698322483653755,40,ok,0.2257756097560976,0.4367605633802817,1.0,840
full_year,absz_swing_path_tilt__log_exposure_pitcher__n500,log_exposure_pitcher,absz_swing_path_tilt,all,True,False,unpooled,decile_trend,0.10288824033444346,-0.021262253665814027,0.22069580915721293,0.0702,0.1404,0.0,19999,1000,203,962.0,934.0,509,507,134.0,129.0,130.87075994188808,142.12113284887192,0.05351279986262542,0.052246695607547654,0.3309207854955495,0.25217524346589565,-0.04042019675743292,-0.14278254832147952,0.4698322483653755,40,ok,0.27165137614678897,0.50015,1.0,840
full_year,absz_swing_path_tilt__log_exposure_pitcher__n500,log_exposure_pitcher,absz_swing_path_tilt,all,True,False,unpooled,top_quartile_retention,0.225,0.11897759103641456,0.333687943262411,0.16665,0.338,0.1625615763546798,19999,1000,203,962.0,934.0,509,507,134.0,129.0,130.87075994188808,142.12113284887192,0.05351279986262542,0.052246695607547654,0.3309207854955495,0.25217524346589565,-0.04042019675743292,-0.14278254832147952,0.4698322483653755,40,ok,0.40332,0.7133668341708543,1.0,840
full_year,absz_swing_path_tilt__log_exposure_pitcher__n500,log_exposure_pitcher,absz_swing_path_tilt,all,True,False,pooled,spearman,0.09693990262544075,-0.013459332090699638,0.2084269888252274,0.08515,0.16865,0.0,19999,1000,203,962.0,934.0,509,507,134.0,129.0,130.87075994188808,142.12113284887192,0.05351279986262542,0.052246695607547654,0.3309207854955495,0.25217524346589565,-0.01754119196329949,-0.13381829344916527,0.4698322483653755,65,ok,0.2967883817427386,0.544712643678161,1.0,840
full_year,absz_swing_path_tilt__log_exposure_pitcher__n500,log_exposure_pitcher,absz_swing_path_tilt,all,True,False,pooled,kendall,0.0653075159732722,-0.00931954113148348,0.13865955950457304,0.08385,0.16655,0.0,19999,1000,203,962.0,934.0,509,507,134.0,129.0,130.87075994188808,142.12113284887192,0.05351279986262542,0.052246695607547654,0.3309207854955495,0.25217524346589565,-0.01754119196329949,-0.13381829344916527,0.4698322483653755,65,ok,0.2959411764705882,0.5422558139534884,1.0,840
full_year,absz_swing_path_tilt__log_exposure_pitcher__n500,log_exposure_pitcher,absz_swing_path_tilt,all,True,False,pooled,quartile_trend,0.0765640079650483,-0.036062360571809476,0.192060877712293,0.13845,0.27795,0.0,19999,1000,203,962.0,934.0,509,507,134.0,129.0,130.87075994188808,142.12113284887192,0.05351279986262542,0.052246695607547654,0.3309207854955495,0.25217524346589565,-0.01754119196329949,-0.13381829344916527,0.4698322483653755,65,ok,0.3692,0.6558370786516854,1.0,840
full_year,absz_swing_path_tilt__log_exposure_pitcher__n500,log_exposure_pitcher,absz_swing_path_tilt,all,True,False,pooled,decile_trend,0.09963104625244479,-0.012763248176249577,0.21187050944764038,0.0792,0.1578,0.0,19999,1000,203,962.0,934.0,509,507,134.0,129.0,130.87075994188808,142.12113284887192,0.05351279986262542,0.052246695607547654,0.3309207854955495,0.25217524346589565,-0.01754119196329949,-0.13381829344916527,0.4698322483653755,65,ok,0.28588841201716736,0.5265770750988142,1.0,840
full_year,absz_swing_path_tilt__log_exposure_pitcher__n500,log_exposure_pitcher,absz_swing_path_tilt,all,True,False,pooled,top_quartile_retention,0.3384615384615385,0.25,0.43661971830985913,0.25715,0.5081,0.30049261083743845,19999,1000,203,962.0,934.0,509,507,134.0,129.0,130.87075994188808,142.12113284887192,0.05351279986262542,0.052246695607547654,0.3309207854955495,0.25217524346589565,-0.01754119196329949,-0.13381829344916527,0.4698322483653755,65,ok,0.5129361702127659,0.8206768060836502,1.0,840
full_year,absz_bat_speed__log_exposure_pitcher__n500,log_exposure_pitcher,absz_bat_speed,all,True,False,unpooled,spearman,-0.08670754064684938,-0.21453199440168008,0.03228482377663249,0.8882,0.2191,0.0,19999,1000,203,962.0,934.0,509,507,134.0,129.0,130.87075994188808,142.12113284887192,0.06291594057843507,0.058626476256276316,0.07591633420423625,0.13997284764861972,0.02670340925718188,-0.12594426640577708,0.3799214462159053,37,ok,0.9182727272727274,0.5980582524271845,1.0,840
full_year,absz_bat_speed__log_exposure_pitcher__n500,log_exposure_pitcher,absz_bat_speed,all,True,False,unpooled,kendall,-0.05613812612788372,-0.14297063332616136,0.02313532705311992,0.87995,0.2349,0.0,19999,1000,203,962.0,934.0,509,507,134.0,129.0,130.87075994188808,142.12113284887192,0.06291594057843507,0.058626476256276316,0.07591633420423625,0.13997284764861972,0.02670340925718188,-0.12594426640577708,0.3799214462159053,37,ok,0.9136687268232386,0.6166125,1.0,840
full_year,absz_bat_speed__log_exposure_pitcher__n500,log_exposure_pitcher,absz_bat_speed,all,True,False,unpooled,quartile_trend,-0.12387790040522115,-0.24164540183427155,-0.013347747294236486,0.9615,0.0773,0.0,19999,1000,203,962.0,934.0,509,507,134.0,129.0,130.87075994188808,142.12113284887192,0.06291594057843507,0.058626476256276316,0.07591633420423625,0.13997284764861972,0.02670340925718188,-0.12594426640577708,0.3799214462159053,37,ok,0.9614999999999999,0.35481967213114746,1.0,840
full_year,absz_bat_speed__log_exposure_pitcher__n500,log_exposure_pitcher,absz_bat_speed,all,True,False,unpooled,decile_trend,-0.07650177295145415,-0.20382521433322282,0.04146427047832502,0.85745,0.2765,0.0,19999,1000,203,962.0,934.0,509,507,134.0,129.0,130.87075994188808,142.12113284887192,0.06291594057843507,0.058626476256276316,0.07591633420423625,0.13997284764861972,0.02670340925718188,-0.12594426640577708,0.3799214462159053,37,ok,0.8980773067331671,0.6558370786516854,1.0,840
full_year,absz_bat_speed__log_exposure_pitcher__n500,log_exposure_pitcher,absz_bat_speed,all,True,False,unpooled,top_quartile_retention,0.10810810810810811,0.029411764705882353,0.1887047424783274,0.4214,0.7499,0.08866995073891626,19999,1000,203,962.0,934.0,509,507,134.0,129.0,130.87075994188808,142.12113284887192,0.06291594057843507,0.058626476256276316,0.07591633420423625,0.13997284764861972,0.02670340925718188,-0.12594426640577708,0.3799214462159053,37,ok,0.6607164179104478,0.901167381974249,1.0,840
full_year,absz_bat_speed__log_exposure_pitcher__n500,log_exposure_pitcher,absz_bat_speed,all,True,False,pooled,spearman,-0.0690731055139707,-0.18457794478429776,0.05149921001030533,0.8371,0.3241,0.0,19999,1000,203,962.0,934.0,509,507,134.0,129.0,130.87075994188808,142.12113284887192,0.06291594057843507,0.058626476256276316,0.07591633420423625,0.13997284764861972,0.016493999443410005,-0.09320156878046543,0.3799214462159053,62,ok,0.8822634880803011,0.7062061855670103,1.0,840
full_year,absz_bat_speed__log_exposure_pitcher__n500,log_exposure_pitcher,absz_bat_speed,all,True,False,pooled,kendall,-0.04472516217138955,-0.12199725448812035,0.036472669571481334,0.8285,0.34275,0.0,19999,1000,203,962.0,934.0,509,507,134.0,129.0,130.87075994188808,142.12113284887192,0.06291594057843507,0.058626476256276316,0.07591633420423625,0.13997284764861972,0.016493999443410005,-0.09320156878046543,0.3799214462159053,62,ok,0.8776040353089534,0.7161940298507463,1.0,840
full_year,absz_bat_speed__log_exposure_pitcher__n500,log_exposure_pitcher,absz_bat_speed,all,True,False,pooled,quartile_trend,-0.1093013669071023,-0.222830375927144,0.016120145443171693,0.93915,0.12545,0.0,19999,1000,203,962.0,934.0,509,507,134.0,129.0,130.87075994188808,142.12113284887192,0.06291594057843507,0.058626476256276316,0.07591633420423625,0.13997284764861972,0.016493999443410005,-0.09320156878046543,0.3799214462159053,62,ok,0.9503321299638989,0.4704375,1.0,840
full_year,absz_bat_speed__log_exposure_pitcher__n500,log_exposure_pitcher,absz_bat_speed,all,True,False,pooled,decile_trend,-0.09906026340071174,-0.2129686794099179,0.020575062680586783,0.922,0.158,0.0,19999,1000,203,962.0,934.0,509,507,134.0,129.0,130.87075994188808,142.12113284887192,0.06291594057843507,0.058626476256276316,0.07591633420423625,0.13997284764861972,0.016493999443410005,-0.09320156878046543,0.3799214462159053,62,ok,0.941044957472661,0.5265770750988142,1.0,840
full_year,absz_bat_speed__log_exposure_pitcher__n500,log_exposure_pitcher,absz_bat_speed,all,True,False,pooled,top_quartile_retention,0.24193548387096775,0.15517241379310345,0.3333333333333333,0.64305,0.8656,0.2512315270935961,19999,1000,203,962.0,934.0,509,507,134.0,129.0,130.87075994188808,142.12113284887192,0.06291594057843507,0.058626476256276316,0.07591633420423625,0.13997284764861972,0.016493999443410005,-0.09320156878046543,0.3799214462159053,62,ok,0.8333343605546997,0.955031496062992,1.0,840
full_year,absz_swing_length__log_exposure_pitcher__n500,log_exposure_pitcher,absz_swing_length,all,True,False,unpooled,spearman,0.19016298906042445,0.07969699941633662,0.29870203461621897,0.0025,0.00595,0.0,19999,1000,203,962.0,934.0,509,507,134.0,129.0,130.87075994188808,142.12113284887192,0.05481429654898619,0.0534455615980983,0.1893826570253545,0.33981983409303024,-0.026413638176335748,-0.10237095862585392,0.45513712483969354,38,ok,0.04368,0.09255555555555556,0.3193537697196254,840
full_year,absz_swing_length__log_exposure_pitcher__n500,log_exposure_pitcher,absz_swing_length,all,True,False,unpooled,kendall,0.1291030580890601,0.05516021677673519,0.20281218537620205,0.0025,0.00565,0.0,19999,1000,203,962.0,934.0,509,507,134.0,129.0,130.87075994188808,142.12113284887192,0.05481429654898619,0.0534455615980983,0.1893826570253545,0.33981983409303024,-0.026413638176335748,-0.10237095862585392,0.45513712483969354,38,ok,0.04368,0.09255555555555556,0.3193537697196254,840
full_year,absz_swing_length__log_exposure_pitcher__n500,log_exposure_pitcher,absz_swing_length,all,True,False,unpooled,quartile_trend,0.2022592987189446,0.09558805021049334,0.30968729663298766,0.00145,0.0037,0.0,19999,1000,203,962.0,934.0,509,507,134.0,129.0,130.87075994188808,142.12113284887192,0.05481429654898619,0.0534455615980983,0.1893826570253545,0.33981983409303024,-0.026413638176335748,-0.10237095862585392,0.45513712483969354,38,ok,0.03518918918918919,0.07580487804878049,0.2572756460838978,840
full_year,absz_swing_length__log_exposure_pitcher__n500,log_exposure_pitcher,absz_swing_length,all,True,False,unpooled,decile_trend,0.20353190751832714,0.09544597261605536,0.310114232768042,0.0015,0.00345,0.0,19999,1000,203,962.0,934.0,509,507,134.0,129.0,130.87075994188808,142.12113284887192,0.05481429654898619,0.0534455615980983,0.1893826570253545,0.33981983409303024,-0.026413638176335748,-0.10237095862585392,0.45513712483969354,38,ok,0.03518918918918919,0.07430769230769231,0.2572756460838978,840
full_year,absz_swing_length__log_exposure_pitcher__n500,log_exposure_pitcher,absz_swing_length,all,True,False,unpooled,top_quartile_retention,0.13157894736842105,0.045454545454545456,0.22733766233766228,0.56235,1.0,0.12807881773399016,19999,1000,203,962.0,934.0,509,507,134.0,129.0,130.87075994188808,142.12113284887192,0.05481429654898619,0.0534455615980983,0.1893826570253545,0.33981983409303024,-0.026413638176335748,-0.10237095862585392,0.45513712483969354,38,ok,0.774727868852459,1.0,1.0,840
full_year,absz_swing_length__log_exposure_pitcher__n500,log_exposure_pitcher,absz_swing_length,all,True,False,pooled,spearman,0.1947419459419138,0.08643560635450585,0.30695750302253555,0.00255,0.0047,0.0,19999,1000,203,962.0,934.0,509,507,134.0,129.0,130.87075994188808,142.12113284887192,0.05481429654898619,0.0534455615980983,0.1893826570253545,0.33981983409303024,-0.058258332353084634,-0.0711617525125448,0.45513712483969354,66,ok,0.04368,0.084,0.3193537697196254,840
full_year,absz_swing_length__log_exposure_pitcher__n500,log_exposure_pitcher,absz_swing_length,all,True,False,pooled,kendall,0.1289079646880944,0.05562513675646548,0.20389030358353097,0.00315,0.00555,0.0,19999,1000,203,962.0,934.0,509,507,134.0,129.0,130.87075994188808,142.12113284887192,0.05481429654898619,0.0534455615980983,0.1893826570253545,0.33981983409303024,-0.058258332353084634,-0.0711617525125448,0.45513712483969354,66,ok,0.04992452830188679,0.09255555555555556,0.3650088442005878,840
full_year,absz_swing_length__log_exposure_pitcher__n500,log_exposure_pitcher,absz_swing_length,all,True,False,pooled,quartile_trend,0.21107842748934708,0.10775065613096232,0.3234865109626763,0.00115,0.00195,0.0,19999,1000,203,962.0,934.0,509,507,134.0,129.0,130.87075994188808,142.12113284887192,0.05481429654898619,0.0534455615980983,0.1893826570253545,0.33981983409303024,-0.058258332353084634,-0.0711617525125448,0.45513712483969354,66,ok,0.03387096774193549,0.06824999999999999,0.2476378487279974,840
full_year,absz_swing_length__log_exposure_pitcher__n500,log_exposure_pitcher,absz_swing_length,all,True,False,pooled,decile_trend,0.21579081601700273,0.11065192331632426,0.3279527370414853,0.0011,0.0018,0.0,19999,1000,203,962.0,934.0,509,507,134.0,129.0,130.87075994188808,142.12113284887192,0.05481429654898619,0.0534455615980983,0.1893826570253545,0.33981983409303024,-0.058258332353084634,-0.0711617525125448,0.45513712483969354,66,ok,0.03387096774193549,0.0657391304347826,0.2476378487279974,840
full_year,absz_swing_length__log_exposure_pitcher__n500,log_exposure_pitcher,absz_swing_length,all,True,False,pooled,top_quartile_retention,0.3181818181818182,0.22719941348973607,0.40912816691505216,0.18605,0.3105,0.270935960591133,19999,1000,203,962.0,934.0,509,507,134.0,129.0,130.87075994188808,142.12113284887192,0.05481429654898619,0.0534455615980983,0.1893826570253545,0.33981983409303024,-0.058258332353084634,-0.0711617525125448,0.45513712483969354,66,ok,0.4258365122615803,0.69552,1.0,840
