season,pitcher,pitcher_name,n_swings,n_games,current_standardized_mse,history_standardized_mse,sequence_mse_gain_pct,sequence_gain_ci90_low,sequence_gain_ci90_high,mean_adjusted_distortion,adjusted_distortion_cluster_se,adjusted_distortion_ci90_low,adjusted_distortion_ci90_high,interpretation
2025,434378,"Verlander, Justin",1249,29,1.1142591360611955,1.1145014921773113,-0.021750426653223312,-0.4972122653115881,0.5129864478062415,0.06139208100445773,0.028281175482837526,0.013282098533199588,0.10950206347571587,observational predictive/calibration diagnostic; not causal pitcher setup skill
2025,445276,"Jansen, Kenley",462,62,1.1274117894529678,1.1310777599963768,-0.3251669512155599,-1.0744001344072462,0.3210785038015799,-0.025876338088862624,0.04651599776351058,-0.10356826386065357,0.05181558768292832,observational predictive/calibration diagnostic; not causal pitcher setup skill
2025,450203,"Morton, Charlie",1162,33,1.0598494570588237,1.061352294598683,-0.14179726468227588,-0.7041327434102347,0.3778144021275516,-0.019588763721352858,0.02909843149708119,-0.06887826942987285,0.029700741987167132,observational predictive/calibration diagnostic; not causal pitcher setup skill
2025,453286,"Scherzer, Max",678,17,0.9470695335910839,0.9492864627838302,-0.23408304397039384,-1.0118373039215078,0.5031091502078769,-0.05735189734077316,0.0366274899131505,-0.12129923408311563,0.006595439401569314,observational predictive/calibration diagnostic; not causal pitcher setup skill
2025,455119,"Martin, Chris",345,48,1.092240775001024,1.0975608561340724,-0.48707952081753086,-1.5285105041845823,0.5599757219902038,-0.07343062557965915,0.04622266876057722,-0.15098887663863214,0.004127625479313821,observational predictive/calibration diagnostic; not causal pitcher setup skill
2025,458677,"Wilson, Justin",402,60,0.9207599003215757,0.9178114873826002,0.32021517639352287,-0.5707347349123837,1.1634617116700798,-0.11314005910204111,0.04209399480403632,-0.18348304051248374,-0.04279707769159849,observational predictive/calibration diagnostic; not causal pitcher setup skill
2025,471911,"Carrasco, Carlos",345,11,1.063226530998551,1.0633972788286057,-0.016059402683877722,-0.8123325818080783,0.6822519340226494,-0.01750651976700799,0.06803332480204573,-0.14081427602633523,0.10580123649231926,observational predictive/calibration diagnostic; not causal pitcher setup skill
2025,472610,"García, Luis",420,58,1.139681584692942,1.1395272859002814,0.013538763346961528,-0.6492462318886931,0.6630260537816575,0.06264450922305381,0.0385995670304975,-0.001895081934022963,0.1271841003801306,observational predictive/calibration diagnostic; not causal pitcher setup skill
2025,477132,"Kershaw, Clayton",782,23,1.0676704897264082,1.063161639444485,0.4223072872491385,-0.12991503030913787,1.0298540182248677,0.05600562076957851,0.0549840296059299,-0.03840989634900071,0.15042113788815772,observational predictive/calibration diagnostic; not causal pitcher setup skill
2025,489446,"Yates, Kirby",379,50,0.9200496629542482,0.9187085498269543,0.1457652973848872,-0.6216667634563641,0.926342550047375,-0.05577176564546367,0.04164768562977377,-0.12559623016348698,0.014052698872559638,observational predictive/calibration diagnostic; not causal pitcher setup skill
2025,500779,"Quintana, Jose",915,24,1.0540326083162475,1.0554329793727422,-0.13285841874776128,-0.6783718679655668,0.35661646327057794,-0.01493073910285548,0.04149533970339548,-0.08604842035469662,0.05618694214898567,observational predictive/calibration diagnostic; not causal pitcher setup skill
2025,502085,"Robertson, David",122,20,1.3496872944745302,1.3547449909466196,-0.3747309834503976,-1.872274851408664,0.8804123690977598,0.02218747663517794,0.091544001428173,-0.13610425993223502,0.18047921320259092,observational predictive/calibration diagnostic; not causal pitcher setup skill
2025,506433,"Darvish, Yu",517,15,1.1288413815844944,1.1340674419263213,-0.46295789887604055,-1.3539534807830274,0.4812089810758207,0.08104906986361275,0.04007323870483385,0.010467668359462223,0.15163047136776328,observational predictive/calibration diagnostic; not causal pitcher setup skill
2025,518397,"Alexander, Scott",138,21,1.1640086697220429,1.1677914819199473,-0.32498144526772826,-1.5704182502811308,0.7523599759716059,0.10720354289627691,0.16868772831573323,-0.18373525948673364,0.3981423452792875,observational predictive/calibration diagnostic; not causal pitcher setup skill
2025,518489,"Brasier, Ryan",203,28,1.194457948517665,1.1728100340807157,1.8123630441586163,0.5314506980806767,3.0728671949356614,0.06314226438831545,0.06797204975755539,-0.05263374259577812,0.178918271372409,observational predictive/calibration diagnostic; not causal pitcher setup skill
2025,518585,"Cruz, Fernando",330,48,1.3818985101354124,1.386121467756857,-0.3055910105171568,-1.2093773853825773,0.4482230067368264,0.15287185264935013,0.06286444364755776,0.04738992281196405,0.25835378248673624,observational predictive/calibration diagnostic; not causal pitcher setup skill
2025,518876,"Kelly, Merrill",1344,32,1.0033276904392052,1.0057348740132674,-0.23991997798928968,-0.7636084268132783,0.32047874167813,-0.0031775221834282304,0.026457359505068438,-0.04803647216084013,0.041681427793983664,observational predictive/calibration diagnostic; not causal pitcher setup skill
2025,519008,"McFarland, T.J.",117,27,0.9206074326344756,0.9292540891324395,-0.9392338353406412,-2.0778788233880476,0.5099955883640904,-0.15106516363095007,0.09266657207843726,-0.30911892953059694,0.0069886022686967975,observational predictive/calibration diagnostic; not causal pitcher setup skill
2025,519141,"Pomeranz, Drew",391,57,1.221287069080017,1.218571074821158,0.22238786667126428,-0.5478219910969818,0.9562046639235467,0.0943611427334769,0.04970386406881849,0.01123032152934117,0.17749196393761263,observational predictive/calibration diagnostic; not causal pitcher setup skill
2025,519151,"Pressly, Ryan",300,44,0.9782910013139314,0.9909830573222047,-1.29737020898962,-2.2209189791432298,-0.22280786333366429,-0.05235879903468458,0.042952291083106615,-0.12456463720992192,0.019847039140552754,observational predictive/calibration diagnostic; not causal pitcher setup skill
2025,519242,"Sale, Chris",941,21,1.374261210173308,1.379618977380804,-0.3898652721792426,-0.9365709184170301,0.12833864026370723,0.22199294094175942,0.039518720301322564,0.1538342831011843,0.29015159878233454,observational predictive/calibration diagnostic; not causal pitcher setup skill
2025,519326,"Strickland, Hunter",161,19,1.0780195232748655,1.076616595466031,0.13013936932911405,-0.6535693203229069,1.2465800681685009,-0.03256647536196262,0.05729793121896646,-0.13192473262324728,0.06679178189932203,observational predictive/calibration diagnostic; not causal pitcher setup skill
2025,521230,"Hendriks, Liam",106,14,1.1282569916658414,1.1311972988059549,-0.2606061528386555,-1.8451215901809852,1.0743801444470584,-0.058425751702413486,0.0811373691137948,-0.2021146283285465,0.08526312492371951,observational predictive/calibration diagnostic; not causal pitcher setup skill
2025,527048,"Pérez, Martín",372,11,0.9076102166218585,0.902833350028053,0.526312563071954,-0.21783532080409188,1.2466693248506842,-0.06863468163145643,0.027040843048807214,-0.11764515838547186,-0.019624204877441,observational predictive/calibration diagnostic; not causal pitcher setup skill
2025,542881,"Anderson, Tyler",1110,26,1.1356241662655708,1.1410662046333162,-0.4792112152422048,-1.0301575698666146,-0.011750151174523105,0.07922912035957921,0.02726491343516833,0.03265681036896366,0.12580143035019475,observational predictive/calibration diagnostic; not causal pitcher setup skill
2025,542888,"Armstrong, Shawn",517,71,1.0583942110427382,1.0606057902656578,-0.20895609592769257,-0.9041669794030422,0.5080114257165902,-0.032341684469004095,0.035954980501391676,-0.09227556206094847,0.027592193122940284,observational predictive/calibration diagnostic; not causal pitcher setup skill
2025,543056,"Coulombe, Danny",351,55,1.1907619670675396,1.1927689970590956,-0.16855005845531915,-1.1960520607183862,0.8203828698274984,0.05116127337440578,0.05929281433958753,-0.04806909990318206,0.15039164665199362,observational predictive/calibration diagnostic; not causal pitcher setup skill
2025,543101,"DeSclafani, Anthony",285,13,1.2951314973268993,1.298756560302821,-0.2798992213071625,-1.2058380538109896,0.7434710679060229,0.0739195652654789,0.0443442133238539,-0.0051145743066846605,0.15295370483764245,observational predictive/calibration diagnostic; not causal pitcher setup skill
2025,543135,"Eovaldi, Nathan",944,22,1.0055385700355266,0.9951764582720661,1.0305036596551698,0.6929998402303935,1.3623153704617728,-0.035490190675366795,0.033885646042243964,-0.0937986756097535,0.022818294259019913,observational predictive/calibration diagnostic; not causal pitcher setup skill
2025,543243,"Gray, Sonny",1260,32,1.1671147955928993,1.1725258005550852,-0.4636223431163892,-0.8397188452584649,-0.09097542010032211,0.04233283481425353,0.034800384626282425,-0.016671870959428667,0.10133754058793573,observational predictive/calibration diagnostic; not causal pitcher setup skill
2025,543294,"Hendricks, Kyle",1193,31,1.1281047614198434,1.1312399901344032,-0.27791999659798583,-0.734885301826602,0.1367772424129946,0.04253429627152709,0.03424262790399207,-0.01558437672410947,0.10065296926716366,observational predictive/calibration diagnostic; not causal pitcher setup skill
2025,543518,"McGough, Scott",130,12,1.0117449916672165,0.998236299520386,1.3351874492178208,-0.5154600582537399,2.67842323589569,-0.1014065626166684,0.06827063712623005,-0.2240127633949176,0.02119963816158081,observational predictive/calibration diagnostic; not causal pitcher setup skill
2025,543859,"Tonkin, Michael",169,21,1.0876687161920842,1.0832486038598583,0.4063840640467006,-0.7442309717314661,1.5939903635695638,0.15978400633966786,0.0663513911893906,0.04534655151215229,0.27422146116718343,observational predictive/calibration diagnostic; not causal pitcher setup skill
2025,547179,"Lorenzen, Michael",1076,27,1.1398286309296304,1.1355803898902581,0.3727087497273549,-0.14749789315050338,0.9498386299781549,0.03371381845220481,0.02848859789348818,-0.014876844623744903,0.08230448152815452,observational predictive/calibration diagnostic; not causal pitcher setup skill
2025,547184,"Kelly, Michael",271,42,1.449854397497946,1.454041914293443,-0.288823264096286,-0.9972569696504532,0.46232915810021097,0.13551145826956398,0.06392112099948852,0.027940009867861673,0.2430829066712663,observational predictive/calibration diagnostic; not causal pitcher setup skill
2025,547973,"Chapman, Aroldis",505,67,1.1727578492918964,1.154473918399033,1.5590542330544344,0.737480762346761,2.2843352629503526,0.031059780565476147,0.05063383616034425,-0.05341115532305904,0.11553071645401133,observational predictive/calibration diagnostic; not causal pitcher setup skill
2025,548384,"Raley, Brooks",161,29,1.425460182452175,1.4537817474644392,-1.9868366272808535,-3.2755544576204962,-0.9275225444022851,0.1968363326332387,0.09484072531444467,0.03549984097261891,0.35817282429385844,observational predictive/calibration diagnostic; not causal pitcher setup skill
2025,552640,"Kittredge, Andrew",398,54,1.2649898679474167,1.2594281696236558,0.4396634680391122,-0.30813728460178635,1.0996796663967365,-0.027036789516049393,0.04912419058347534,-0.10927639458674303,0.05520281555464425,observational predictive/calibration diagnostic; not causal pitcher setup skill
2025,554340,"García, Yimi",155,22,1.0968354139638192,1.0966463782815643,0.01723464430928144,-1.2835558397647986,1.4357804190145484,0.010806793296633744,0.08339702779079569,-0.1326980503899829,0.1543116369832504,observational predictive/calibration diagnostic; not causal pitcher setup skill
2025,554430,"Wheeler, Zack",1176,24,1.0099407520420813,1.009871711506662,0.0068360975908533135,-0.49285847671016875,0.4456770000780659,-0.012475766061343407,0.0276311955663667,-0.05983208542014976,0.034880553297462945,observational predictive/calibration diagnostic; not causal pitcher setup skill
2025,570632,"Ureña, José",433,19,0.9716692177990599,0.9748832132427807,-0.33077053228060505,-0.9907897954789519,0.42239404760230087,-0.09906556247635777,0.044798361006745224,-0.1767487699342689,-0.021382355018446625,observational predictive/calibration diagnostic; not causal pitcher setup skill
2025,571510,"Boyd, Matthew",1378,31,1.0906246447343693,1.0908041510483197,-0.016459037013052707,-0.4911585216542913,0.4831302041571844,0.06791282660494627,0.0344195696692504,0.009493837271931857,0.12633181593796067,observational predictive/calibration diagnostic; not causal pitcher setup skill
2025,571578,"Corbin, Patrick",1147,31,1.022047174407435,1.0189433369194807,0.3036882803138738,-0.2798922540374662,0.8430563044450056,-0.0011047590058525054,0.025918865815165372,-0.04509583617880989,0.042886318167104885,observational predictive/calibration diagnostic; not causal pitcher setup skill
2025,571760,"Heaney, Andrew",956,27,1.1354511415560384,1.1379596897780007,-0.22092964903134116,-0.6422261297345301,0.20639793011772883,0.08580184888125517,0.04146574759692075,0.015077126723732126,0.1565265710387782,observational predictive/calibration diagnostic; not causal pitcher setup skill
2025,571927,"Matz, Steven",545,53,1.0873192398148859,1.0870282588687576,0.02676131677552747,-0.608148862969159,0.6910568657012773,0.01922777529920543,0.06137436277424973,-0.08355520435567688,0.12201075495408774,observational predictive/calibration diagnostic; not causal pitcher setup skill
2025,571945,"Mikolas, Miles",1162,31,0.9886604792006307,0.9872172154232675,0.14598174072156278,-0.24613540554969923,0.5626878298773523,0.0032551532830259163,0.030512410406382376,-0.04853236745542932,0.05504267402148116,observational predictive/calibration diagnostic; not causal pitcher setup skill
2025,571946,"Miller, Shelby",344,48,0.9853675640926263,0.9831968711033499,0.2202927180047047,-0.6265412089909467,1.1051157020895617,-0.012073659622885764,0.047491403990613044,-0.09176075542702428,0.06761343618125276,observational predictive/calibration diagnostic; not causal pitcher setup skill
2025,571948,"Milner, Hoby",481,71,1.2663020716570148,1.2746093267899312,-0.6560247605096258,-1.4590145747660586,0.08962372530748684,0.11180865892213131,0.05287908010044399,0.023663754663541522,0.1999535631807211,observational predictive/calibration diagnostic; not causal pitcher setup skill
2025,572955,"Johnson, Pierce",420,65,1.1624527768971453,1.1681444214543044,-0.4896237223804852,-1.1431193139916636,0.18445131892772532,0.051936489358803156,0.06263482746237364,-0.05260185349603502,0.15647483221364133,observational predictive/calibration diagnostic; not causal pitcher setup skill
2025,573124,"Rogers, Taylor",389,57,1.2083735135784093,1.2285173587494294,-1.6670214089157942,-2.4665727592978883,-0.9224027649244338,0.016038618117486744,0.06021902385530984,-0.08467904234995918,0.11675627858493268,observational predictive/calibration diagnostic; not causal pitcher setup skill
2025,573186,"Stroman, Marcus",324,9,1.130628935105899,1.1324994334050595,-0.16543874308199344,-1.3631224245138651,1.1021140747544382,0.08690340479500805,0.062122549816726665,-0.02861646080310143,0.20242327039311753,observational predictive/calibration diagnostic; not causal pitcher setup skill
2025,573204,"Thielbar, Caleb",409,66,1.163998818492571,1.1798440237457706,-1.3612733107169246,-2.173691303097762,-0.45440399857284136,0.03781972721367482,0.0521902310713027,-0.049266769939697606,0.12490622436704724,observational predictive/calibration diagnostic; not causal pitcher setup skill
2025,579328,"Kikuchi, Yusei",1456,33,1.0795114981189322,1.0848466776439005,-0.4942216487980872,-0.9641088036531041,-0.07042589248881422,0.0026369051517375463,0.027254596665616825,-0.043529349481886984,0.04880315978536208,observational predictive/calibration diagnostic; not causal pitcher setup skill
2025,592094,"Adam, Jason",508,65,1.2486784725640663,1.2452370073518144,0.27560859643755947,-0.33635970350248895,0.7824117117320805,0.07644600157220575,0.04779293033895634,-0.0033210216675813725,0.1562130248119929,observational predictive/calibration diagnostic; not causal pitcher setup skill
2025,592155,"Booser, Cam",265,38,1.215277243632613,1.202497197474361,1.0516156889477197,0.14169166146836362,1.9936070672000523,0.00684527514236747,0.06982563951718124,-0.11095711577129772,0.12464766605603264,observational predictive/calibration diagnostic; not causal pitcher setup skill
2025,592332,"Gausman, Kevin",1521,32,0.9821261741609925,0.9795920560273892,0.2580236837459492,-0.15122592247327896,0.7163406293376444,-0.00468637181592196,0.02496883159312085,-0.047021494760282945,0.03764875112843903,observational predictive/calibration diagnostic; not causal pitcher setup skill
2025,592426,"Jackson, Luke",353,52,1.0150933251248955,1.0169143612699072,-0.17939593335298712,-1.1661020512431366,0.8844910279950873,-0.11239974246530332,0.04695060382483712,-0.19105538246641518,-0.033744102464191475,observational predictive/calibration diagnostic; not causal pitcher setup skill
2025,592454,"Kahnle, Tommy",440,66,1.106680153342407,1.103000736575911,0.33247336688777057,-0.28036437260934904,0.8972265831686677,-0.0019392690437647513,0.04579711947142758,-0.07835799018397724,0.07447945209644774,observational predictive/calibration diagnostic; not causal pitcher setup skill
2025,592662,"Ray, Robbie",1472,32,0.9941700677031227,0.9963809628304685,-0.22238600810561904,-0.8453510464690908,0.37936598532165533,-0.003426036549750404,0.02435098918712884,-0.04471359609009861,0.0378615229905978,observational predictive/calibration diagnostic; not causal pitcher setup skill
2025,592773,"Stanek, Ryne",548,65,1.0364875104878517,1.0367765113859355,-0.027882718813239175,-0.8878595118257736,0.8257573943107471,-0.015105387470980744,0.04745162768069551,-0.09430277212865519,0.06409199718669371,observational predictive/calibration diagnostic; not causal pitcher setup skill
2025,592779,"Stewart, Brock",305,43,1.1995250638572752,1.199582784738589,-0.004811977928019438,-0.7966536305099974,0.690096387337342,0.008220249320086595,0.06440716460454719,-0.10010953302433104,0.11655003166450423,observational predictive/calibration diagnostic; not causal pitcher setup skill
2025,592791,"Taillon, Jameson",921,23,1.079367072744381,1.083971358620001,-0.42657275656125215,-0.9339334021658818,0.12323087338031699,0.05314829840165258,0.047234552343731286,-0.02796024743175468,0.13425684423505985,observational predictive/calibration diagnostic; not causal pitcher setup skill
2025,592836,"Walker, Taijuan",905,34,0.9728209028820463,0.969195808952887,0.37263733935194404,-0.22299690368489938,0.9194941240295578,-0.019684896680512053,0.03403727086506899,-0.07728822292026974,0.037918429559245626,observational predictive/calibration diagnostic; not causal pitcher setup skill
2025,592866,"Williams, Trevor",651,17,1.018210375299709,1.0353938213620297,-1.687612548365837,-2.463298429770968,-1.0529327209098729,0.015106713395142028,0.04358813548720296,-0.06099310083128316,0.09120652762156721,observational predictive/calibration diagnostic; not causal pitcher setup skill
2025,593423,"Montas, Frankie",331,9,1.1117615663158613,1.117988171189111,-0.5600665701984344,-1.4833043465427225,0.2439152955076267,0.07744060729375805,0.09372800977461936,-0.09685112934431216,0.25173234393182825,observational predictive/calibration diagnostic; not causal pitcher setup skill
2025,593576,"Neris, Héctor",244,35,1.3447936993200285,1.3410491407243819,0.2784485529297143,-0.6181757080512733,1.095921102019154,0.1839964369250902,0.0884989730800685,0.03435137678487385,0.33364149706530655,observational predictive/calibration diagnostic; not causal pitcher setup skill
2025,593958,"Rodriguez, Eduardo",1180,29,1.024014191463524,1.0232419041438114,0.0754176383638522,-0.48010458989731425,0.6109185878593437,-0.02370110778787254,0.030879470471280188,-0.07623113024031863,0.02882891466457355,observational predictive/calibration diagnostic; not causal pitcher setup skill
2025,593974,"Peralta, Wandy",531,71,1.1902145609397257,1.1877651620908947,0.20579473056496816,-0.3912847207737358,0.8339618896598056,0.04200900448689377,0.04499633817170119,-0.03299604311601317,0.1170140520898007,observational predictive/calibration diagnostic; not causal pitcher setup skill
2025,594580,"Moll, Sam",121,23,1.6269831659978011,1.6121318100690025,0.9128155864901315,-0.3431691497753141,1.9117988762236464,0.4694310182558961,0.2057762553739043,0.11608347895956422,0.822778557552228,observational predictive/calibration diagnostic; not causal pitcher setup skill
2025,594798,"deGrom, Jacob",1319,30,1.0969059583219514,1.0976553200795083,-0.06831595287377239,-0.6338327356795365,0.4307027244068947,0.052245609601740385,0.033678004585144784,-0.004977598188598165,0.10946881739207893,observational predictive/calibration diagnostic; not causal pitcher setup skill
2025,594902,"Lively, Ben",328,9,0.9671622191321307,0.9677446784260535,-0.06022353669329527,-1.0181663327794483,0.8891163552926259,-0.010545266818334391,0.08408823841413025,-0.16691138554076054,0.14582085190409175,observational predictive/calibration diagnostic; not causal pitcher setup skill
2025,595014,"Treinen, Blake",232,32,1.3551760612997132,1.3578146044377726,-0.19470113245128984,-0.9638878995821363,0.6256987711930022,0.040686838838969556,0.07160918720897595,-0.08072788307669226,0.16210156075463136,observational predictive/calibration diagnostic; not causal pitcher setup skill
2025,595345,"Okert, Steven",527,68,1.2262980965949144,1.232446866799943,-0.5014090963773044,-1.1116481309125068,0.09318891512053135,0.036929572571623936,0.03411711145012626,-0.01997490738284058,0.09383405252608845,observational predictive/calibration diagnostic; not causal pitcher setup skill
2025,595928,"Curtiss, John",274,30,0.9762845224170945,0.9572352876289462,1.9511970486827093,1.0266420825359068,2.7911628482075996,-0.07332913559502557,0.06273061681907305,-0.17991642202342936,0.033258150833378214,observational predictive/calibration diagnostic; not causal pitcher setup skill
2025,596001,"Junis, Jakob",439,57,1.0582038299378322,1.0583619165357774,-0.014939144375846957,-0.6648233883400507,0.5715017331182868,-0.029509685329018313,0.048571197198590994,-0.11074609593074375,0.051726725272707115,observational predictive/calibration diagnostic; not causal pitcher setup skill
2025,596133,"Weaver, Luke",529,64,1.143187592007003,1.1466111938237393,-0.29947856683134616,-0.8011241577698291,0.16850584479634004,0.04824919263938794,0.04265640244011224,-0.02296150036415534,0.11945988564293122,observational predictive/calibration diagnostic; not causal pitcher setup skill
2025,596295,"Gomber, Austin",475,12,1.0533859307632663,1.0484375784158615,0.4697568291821854,-0.27462487274258135,1.237465846721928,0.008393399796366727,0.0294696048176598,-0.044530616108876056,0.06131741570160951,observational predictive/calibration diagnostic; not causal pitcher setup skill
2025,600917,"Leclerc, José",104,10,0.9781469251058057,1.0043632548709875,-2.680203668006827,-4.02446098665849,-1.2473747570689033,0.07181279493101157,0.08023935954500586,-0.0752750127589923,0.21890060262101546,observational predictive/calibration diagnostic; not causal pitcher setup skill
2025,601713,"Pivetta, Nick",1299,31,1.0315603793419676,1.040282578747587,-0.8455345494350124,-1.4212869515300592,-0.21815366849659934,0.014518454005371863,0.028602953892671746,-0.034028220877710263,0.06306512888845399,observational predictive/calibration diagnostic; not causal pitcher setup skill
2025,605130,"Barlow, Scott",514,75,1.2662565255310216,1.267385923102698,-0.08919184611528594,-0.7363671468847411,0.5243844300549689,0.16116024532928153,0.10969810279939207,-0.021564640623511322,0.3438851312820744,observational predictive/calibration diagnostic; not causal pitcher setup skill
2025,605135,"Bassitt, Chris",1279,32,1.2299508570119653,1.236179418489694,-0.506407344831656,-0.8663458104372622,-0.13417009338832353,0.14650048266604382,0.03179046201064526,0.092599157221184,0.20040180811090363,observational predictive/calibration diagnostic; not causal pitcher setup skill
2025,605154,"Brebbia, John",211,22,0.8939334687087871,0.9019338231320395,-0.8949608335851079,-2.192872487218102,0.5403205738877824,-0.02926977405111462,0.075655823031204,-0.15945399458845033,0.1009144464862211,observational predictive/calibration diagnostic; not causal pitcher setup skill
2025,605177,"Chafin, Andrew",265,42,1.14392492973195,1.1499271282907462,-0.5247021375959208,-1.584782596396239,0.5945110875197044,0.04930000119375185,0.076561542925748,-0.07954373520532851,0.17814373759283222,observational predictive/calibration diagnostic; not causal pitcher setup skill
2025,605280,"Holmes, Clay",1142,32,1.0122299221056557,1.0087999307377418,0.3388549669405923,-0.07526821370874956,0.7214276486469846,0.014820915402504301,0.0303819241707036,-0.03669220767880785,0.06633403848381644,observational predictive/calibration diagnostic; not causal pitcher setup skill
2025,605288,"Houser, Adrian",914,21,1.0380523597043612,1.0368348764409976,0.11728534230298268,-0.5711098789401122,0.7217608542316356,-0.026225826128101617,0.04663877662911995,-0.10666457500785247,0.054212922751649226,observational predictive/calibration diagnostic; not causal pitcher setup skill
2025,605347,"López, Jorge",190,26,1.1493493576857579,1.1563602452708568,-0.6099875149550309,-1.8669670068983928,0.7573524156900984,-0.03670948117740894,0.0668415755691889,-0.15088430095343958,0.07746533859862172,observational predictive/calibration diagnostic; not causal pitcher setup skill
2025,605400,"Nola, Aaron",717,17,0.9608902537043298,0.9673190046887178,-0.6690411271843397,-1.31020613485173,-0.038614014712572226,-0.04848298941321319,0.03766586220461313,-0.11424320338911784,0.017277224562691457,observational predictive/calibration diagnostic; not causal pitcher setup skill
2025,605447,"Romano, Jordan",316,49,1.1470523512654718,1.1420102468765037,0.4395705552066018,-0.6811896252282205,1.4661229698659584,-0.022212838617108856,0.04746853553487128,-0.10182821497078295,0.05740253773656525,observational predictive/calibration diagnostic; not causal pitcher setup skill
2025,605452,"Ross, Joe",421,37,1.0180784689717834,1.0099743857760652,0.7960175411530822,0.1624420476350739,1.4851825363608322,-0.01202130297631561,0.04047703093044012,-0.0803585817704133,0.05631597581778208,observational predictive/calibration diagnostic; not causal pitcher setup skill
2025,605463,"Scott, Tayler",222,24,1.188584265920518,1.19796041957656,-0.788850561535973,-2.196504563882167,0.2597033605828425,0.014717143171120156,0.085947066207613,-0.13258508649549822,0.16201937283773854,observational predictive/calibration diagnostic; not causal pitcher setup skill
2025,605483,"Snell, Blake",459,11,1.227821390759157,1.2205932522008407,0.5886962560448039,-0.2807027807703192,1.4495591016932947,0.13742264257674236,0.036742048260453304,0.07082910853220037,0.20401617662128435,observational predictive/calibration diagnostic; not causal pitcher setup skill
2025,605488,"Springs, Jeffrey",1288,32,1.1234876392347506,1.1176066270493343,0.5234603372603199,0.12111644098909408,0.9071687182761221,0.061351194550267475,0.034437384925597905,0.0029619615871544006,0.11974042751338054,observational predictive/calibration diagnostic; not causal pitcher setup skill
2025,605540,"Woodruff, Brandon",477,12,1.1753886488333647,1.176812804002894,-0.12116461826842959,-0.929171418762804,0.5985175641313061,-0.0033004889091400604,0.031596895110916276,-0.06004487315701862,0.0534438953387385,observational predictive/calibration diagnostic; not causal pitcher setup skill
2025,606160,"Montero, Rafael",498,59,1.0686425345841457,1.0775938808357988,-0.8376370921017583,-1.4032815251072537,-0.20800362906803582,-0.05152033615503764,0.04695639824757062,-0.13001043336069482,0.026969761050619524,observational predictive/calibration diagnostic; not causal pitcher setup skill
2025,606303,"Payamps, Joel",185,30,1.365155345415499,1.3681364869779604,-0.21837379698015766,-1.0460958663824609,0.9411062129460991,0.12508958412818616,0.08754822723367504,-0.023665974889647085,0.2738451431460194,observational predictive/calibration diagnostic; not causal pitcher setup skill
2025,606965,"Devenski, Chris",111,13,1.1171517712975327,1.117844687736259,-0.06202527324655199,-1.0975169596280678,1.0497864328395474,0.008729071584695661,0.11296614660030885,-0.19260908571069146,0.21006722888008278,observational predictive/calibration diagnostic; not causal pitcher setup skill
2025,606996,"Hart, Kyle",287,20,1.0257146514903388,1.0278097595405757,-0.20425837216938256,-1.0215806655187636,0.7147338607052184,0.020311253026552928,0.07895738729823945,-0.11621655606283346,0.15683906211593932,observational predictive/calibration diagnostic; not causal pitcher setup skill
2025,607067,"Rea, Colin",1178,32,1.0880250812313301,1.088894328581715,-0.07989221621630248,-0.5377600797907001,0.41386337425085534,0.039236877613808896,0.02375564196847728,-0.0010412595351791468,0.07951501476279693,observational predictive/calibration diagnostic; not causal pitcher setup skill
2025,607074,"Rodón, Carlos",1416,33,1.1255533981314525,1.1183024684204852,0.644210192337797,0.14703721870005615,1.1496495545251597,0.015114758060323535,0.02819115634948784,-0.03263792448399991,0.06286744060464698,observational predictive/calibration diagnostic; not causal pitcher setup skill
2025,607192,"Glasnow, Tyler",608,18,1.2337668385996636,1.2400663295737124,-0.5105900707461679,-1.2194807198008737,0.13727207891496968,0.09531650609768944,0.030901422236052193,0.041560184130567224,0.14907282806481165,observational predictive/calibration diagnostic; not causal pitcher setup skill
2025,607200,"Fedde, Erick",1006,32,0.9451082699100288,0.9481568076555698,-0.3225596307427418,-0.8607345541526161,0.1674845394421159,-0.05334169754235963,0.03502676253764233,-0.11273023131670605,0.006046836231986791,observational predictive/calibration diagnostic; not causal pitcher setup skill
2025,607259,"Martinez, Nick",1182,40,1.055792566671181,1.0580742978193916,-0.21611547762688824,-0.7106246631799997,0.3020141579956344,0.043619936462213287,0.034602276393900844,-0.014680578188445842,0.10192045111287241,observational predictive/calibration diagnostic; not causal pitcher setup skill
2025,607455,"Banda, Anthony",487,71,1.0808605322944518,1.0769900962422982,0.35808838758664163,-0.29053970447921484,1.0658844934391434,-0.02258910992943923,0.04359537383722907,-0.0952588697985736,0.050080649939695146,observational predictive/calibration diagnostic; not causal pitcher setup skill
2025,607481,"Bummer, Aaron",383,42,1.2861852977262147,1.2885929206007039,-0.1871909808598566,-0.9841951818900493,0.7383812788955678,0.028875604983131315,0.046370862387209465,-0.04916089926822648,0.1069121092344891,observational predictive/calibration diagnostic; not causal pitcher setup skill
2025,607536,"Freeland, Kyle",1228,31,1.0827990545959334,1.0872076967585542,-0.4071523838064434,-0.8696292493215682,0.06122920589273734,0.025006139023030918,0.03219524860530934,-0.02963759716892927,0.0796498752149911,observational predictive/calibration diagnostic; not causal pitcher setup skill
2025,607625,"Lugo, Seth",1018,26,1.1320517892674764,1.1367936985062652,-0.4188774121241514,-1.0076377455636858,0.21046202801930128,-0.002631729798158022,0.03605210147284801,-0.06421379385271932,0.058950334256403274,observational predictive/calibration diagnostic; not causal pitcher setup skill
2025,608032,"Estévez, Carlos",496,67,1.1899017893940964,1.1964007304916056,-0.5461745797372562,-1.2478019391613349,0.16732668372665135,0.07499695817936532,0.04054905196335055,0.0073501704090235265,0.1426437459497071,observational predictive/calibration diagnostic; not causal pitcher setup skill
2025,608331,"Fried, Max",1440,32,1.110817296672804,1.101546795657018,0.834565778148547,0.1596340689142679,1.4434083966957347,-0.010442210994304866,0.0356575683055531,-0.07090028779628225,0.050015865807672526,observational predictive/calibration diagnostic; not causal pitcher setup skill
2025,608334,"Fulmer, Carson",201,13,1.245333403795591,1.24277927510608,0.20509597524056122,-0.7012532344908795,1.2198545589286454,0.03526493620515326,0.07920221000046966,-0.1058961770586079,0.1764260494689144,observational predictive/calibration diagnostic; not causal pitcher setup skill
2025,608337,"Giolito, Lucas",1094,26,1.188837337578966,1.1832938838429095,0.46629202842380835,-0.11359854035780059,0.9540111756820889,0.08629512359633602,0.0384622545823352,0.02059617877460164,0.1519940684180704,observational predictive/calibration diagnostic; not causal pitcher setup skill
2025,608372,"Sugano, Tomoyuki",1176,30,0.914947337933615,0.9148503773274014,0.010597397488759052,-0.451877453042812,0.5700988908267697,-0.11983839214911972,0.03330142445320503,-0.1764217424596239,-0.06325504183861555,observational predictive/calibration diagnostic; not causal pitcher setup skill
2025,608379,"Wacha, Michael",1263,30,1.1731334432715246,1.1670113832505753,0.5218553827837855,0.05296302022149578,1.0494757877874388,0.07199326262762745,0.03650341424936478,0.009969324915783777,0.13401720033947112,observational predictive/calibration diagnostic; not causal pitcher setup skill
2025,608566,"Márquez, Germán",968,26,0.9867469477910975,0.9912739340431415,-0.4587788451920678,-1.0617608636400724,0.07066976965287458,0.012636931853792648,0.03831222150069893,-0.052805735345662574,0.07807959905324788,observational predictive/calibration diagnostic; not causal pitcher setup skill
2025,608650,"Enns, Dietrich",390,24,1.2225535186071794,1.2065795763274785,1.306604744624983,0.4792143658086363,2.04179680407364,0.04047672522094286,0.06193410754872048,-0.06567037830323269,0.1466238287451184,observational predictive/calibration diagnostic; not causal pitcher setup skill
2025,608665,"Graveman, Kendall",131,19,0.9930290205612892,0.9885711874789301,0.44891266922283496,-0.704686261249561,1.6565650028474157,-0.020043939308395417,0.08855902662291967,-0.17361092441267412,0.1335230457958833,observational predictive/calibration diagnostic; not causal pitcher setup skill
2025,608717,"Stratton, Chris",182,15,1.1606118515580877,1.1623157864257583,-0.14681349887845735,-1.5079510426821705,0.9145884604432021,0.08500613832504936,0.0340242489544858,0.025078883779385268,0.14493339287071344,observational predictive/calibration diagnostic; not causal pitcher setup skill
2025,608718,"Suter, Brent",515,48,1.4986733518341353,1.493508113966252,0.34465401426947306,-0.2504226831853394,0.9214375335797423,0.2740980982863863,0.14615763289439296,0.028856300480962993,0.5193398960918096,observational predictive/calibration diagnostic; not causal pitcher setup skill
2025,614179,"Ruiz, José",146,17,1.015237835236039,1.0076859570483514,0.7438531076741919,-0.3531910333991552,1.9993202424008838,-0.0038550460925585793,0.10173406290050575,-0.18147088583181287,0.17376079364669572,observational predictive/calibration diagnostic; not causal pitcher setup skill
2025,615698,"Quantrill, Cal",907,26,1.0714135628434407,1.073101291075586,-0.15752350825821118,-0.7454934205405721,0.42829101736412123,-0.025059466907453216,0.04128010406507714,-0.09557169528973168,0.04545276147482526,observational predictive/calibration diagnostic; not causal pitcher setup skill
2025,620454,"Castillo, José",240,29,1.0939587098738832,1.0870152184044621,0.6347123896679379,-0.025242716397844825,1.4091674790345625,-0.010075976020688854,0.04860861725804349,-0.09276559851023942,0.07261364646886172,observational predictive/calibration diagnostic; not causal pitcher setup skill
2025,621051,"Wilson, Steven",451,59,1.0018131369265932,1.0045786299649326,-0.2760487895800262,-0.9750833019714807,0.4005688624192889,-0.11611072563576837,0.04415363841762284,-0.1899158619051788,-0.04230558936635792,observational predictive/calibration diagnostic; not causal pitcher setup skill
2025,621053,"Ferguson, Tyler",440,56,1.097092208622612,1.0874166127964917,0.8819309580429735,-0.0329946047071994,1.6901160650771863,-0.02819774916034275,0.045445337728359944,-0.10422934274395998,0.047833844423274485,observational predictive/calibration diagnostic; not causal pitcher setup skill
2025,621107,"Eflin, Zach",539,14,1.1416793362605295,1.1464611042452202,-0.4188363433425152,-1.154702810889608,0.3488956660738464,-0.04125988285522589,0.044514921166200344,-0.12009284336817298,0.03757307765772121,observational predictive/calibration diagnostic; not causal pitcher setup skill
2025,621111,"Buehler, Walker",959,26,0.9753911688662541,0.9685289848601882,0.7035314881968859,0.128840402010754,1.3301869393613275,-0.055689273869006815,0.032775415630433846,-0.11167429727432347,0.0002957495363098417,observational predictive/calibration diagnostic; not causal pitcher setup skill
2025,621112,"Blackburn, Paul",300,15,1.1617432161966428,1.1582808207632829,0.2980344868890548,-0.42024879185633746,1.126559699991896,0.01951563972693704,0.0778387682463819,-0.11758257174164816,0.15661385119552224,observational predictive/calibration diagnostic; not causal pitcher setup skill
2025,621121,"McCullers Jr., Lance",451,16,1.3766785367225012,1.3775431423267595,-0.06280373966726696,-0.5754163589752512,0.47682103156418587,0.1494291375157985,0.03558230619877716,0.08705156297767017,0.21180671205392684,observational predictive/calibration diagnostic; not causal pitcher setup skill
2025,621139,"Kriske, Brooks",141,16,1.3722636082065407,1.3905015811905213,-1.3290429677586848,-2.198167161844063,-0.4363742879288385,0.07143644919581148,0.09724618049307276,-0.09904100210731386,0.2419139004989368,observational predictive/calibration diagnostic; not causal pitcher setup skill
2025,621199,"Bowman, Matt",193,20,1.0920719578147793,1.101358203195575,-0.8503327380896554,-1.6927406465311132,0.02151095942889738,0.05987290188351868,0.05856650744960315,-0.04139636780380079,0.16114217157083816,observational predictive/calibration diagnostic; not causal pitcher setup skill
2025,621237,"Alvarado, José",210,28,0.9811603061193691,0.9790873925136979,0.2112716538513344,-1.2894897692144278,1.3681215524526684,0.02154485408448673,0.04206475064418303,-0.05010354965993262,0.09319325782890607,observational predictive/calibration diagnostic; not causal pitcher setup skill
2025,621242,"Díaz, Edwin",481,62,1.204259068007478,1.2057417911321275,-0.12312326840958275,-0.7907226400014902,0.4798329874853795,0.07952558303687385,0.03809294926434819,0.01590199698115506,0.14314916909259262,observational predictive/calibration diagnostic; not causal pitcher setup skill
2025,621244,"Berríos, José",1161,31,1.0144371424401808,1.014648736359597,-0.020858258295557326,-0.42350818788584105,0.3555502307123616,-0.00256436834902758,0.026456567410186607,-0.0474680654078737,0.04233932870981853,observational predictive/calibration diagnostic; not causal pitcher setup skill
2025,621366,"Borucki, Ryan",255,39,1.2051498758880053,1.2047970473772613,0.029276732944430766,-0.7549894785353177,0.8152452734890013,-0.0007358789864348613,0.07272162272730469,-0.12334122317409695,0.12186946520122723,observational predictive/calibration diagnostic; not causal pitcher setup skill
2025,621381,"Strahm, Matt",496,66,1.494163306012487,1.4945011286562835,-0.02260948602051484,-0.6306560125925394,0.6198218974748655,0.16450283599080331,0.053879557390424444,0.07459746816639823,0.2544082038152084,observational predictive/calibration diagnostic; not causal pitcher setup skill
2025,621383,"Banks, Tanner",522,69,1.2132382451697574,1.2201061001301443,-0.5660763652753084,-1.3397427832546276,0.3699937513509844,-0.02839323447907759,0.037570329500637,-0.09104447453473867,0.0342580055765835,observational predictive/calibration diagnostic; not causal pitcher setup skill
2025,622491,"Castillo, Luis",1512,32,0.9951455732280828,0.9942987476181744,0.08509565160014468,-0.40743036686886624,0.6408366097107985,-0.06326526830509736,0.023852443922633006,-0.10370753498554358,-0.02282300162465114,observational predictive/calibration diagnostic; not causal pitcher setup skill
2025,622503,"Crismatt, Nabil",245,8,0.8582110502864766,0.8626903380835571,-0.5219331300366364,-1.489586322061191,0.6690782706257857,0.012254689875533492,0.04127893983076846,-0.0659515063686381,0.09046088611970508,observational predictive/calibration diagnostic; not causal pitcher setup skill
2025,622554,"Domínguez, Seranthony",477,66,1.1795278885240215,1.1695591010670632,0.8451506364493424,0.19130858512389526,1.497931984703807,-0.0016795653744247905,0.0450657896400219,-0.07687796324774324,0.07351883249889365,observational predictive/calibration diagnostic; not causal pitcher setup skill
2025,622608,"Senzatela, Antonio",1039,30,0.9923035746908084,0.981651626417782,1.073456605892547,0.640031741369798,1.5434811661383618,0.016779648469568215,0.035067029200791695,-0.0428036885857363,0.07636298552487274,observational predictive/calibration diagnostic; not causal pitcher setup skill
2025,622663,"Severino, Luis",1242,29,0.9708358316374549,0.9731631928965544,-0.23972758145669568,-0.7588346261560389,0.3053280279966154,-0.08061702011365315,0.026043260917506722,-0.12492001688958276,-0.03631402333772354,observational predictive/calibration diagnostic; not causal pitcher setup skill
2025,622786,"Tinoco, Jesus",127,20,0.8876539525089545,0.8993983348473659,-1.3230811742814736,-2.631939085071035,-0.10843373607775483,-0.11289710553106022,0.06353398809826136,-0.22275580899857206,-0.0030384020635483844,observational predictive/calibration diagnostic; not causal pitcher setup skill
2025,623149,"Sewald, Paul",143,22,1.0310795484821405,1.027031518280635,0.39260115356419406,-0.8327222292362749,1.5483868489183865,0.027399001848378672,0.06915570869464593,-0.09160019307685902,0.14639819677361635,observational predictive/calibration diagnostic; not causal pitcher setup skill
2025,623167,"Flexen, Chris",324,21,1.0917970373912766,1.1061999770568525,-1.3191957087546062,-2.2609879226261453,-0.38488993554527856,0.0013924834196850171,0.05940101501356947,-0.10105753082222983,0.10384249766159988,observational predictive/calibration diagnostic; not causal pitcher setup skill
2025,623211,"Brazobán, Huascar",470,52,1.215530688178893,1.2254286971513357,-0.8142952760223502,-1.5161020112355692,-0.24728480779574943,0.02381722205702054,0.0503739306620713,-0.06057346587489543,0.10820790998893651,observational predictive/calibration diagnostic; not causal pitcher setup skill
2025,623352,"Hader, Josh",450,48,1.4101461056063453,1.4029908593768492,0.5074116930897365,-0.44228378895191434,1.3291104508154439,0.07469928782562543,0.04773874714658528,-0.005402831669334127,0.154801407320585,observational predictive/calibration diagnostic; not causal pitcher setup skill
2025,623433,"Anderson, Nick",122,12,1.1275824065019147,1.1236774759969037,0.3463099887417695,-1.2471994625455327,1.5561071982977333,0.0028873272938445766,0.07517898278452408,-0.13212546657449487,0.13790012116218403,observational predictive/calibration diagnostic; not causal pitcher setup skill
2025,623437,"Topa, Justin",445,54,0.9767910469109695,0.9822587080987554,-0.5597575044403776,-1.2878048861687754,0.17918876147373625,-0.09122505144956258,0.042620488433671194,-0.16257670315258824,-0.01987339974653693,observational predictive/calibration diagnostic; not causal pitcher setup skill
2025,623474,"Herget, Jimmy",569,59,1.1584615431526653,1.1543433301407304,0.35548983358803726,-0.21054074056502547,0.9682782348925029,0.05709189898185923,0.05164213119766321,-0.029230648080650963,0.14341444604436943,observational predictive/calibration diagnostic; not causal pitcher setup skill
2025,624133,"Suarez, Ranger",1126,26,1.246959822925509,1.2485262196309455,-0.12561725539493176,-0.6315301843305442,0.3502210809423609,0.13696604983909078,0.0663379227219003,0.023651540021034367,0.2502805596571472,observational predictive/calibration diagnostic; not causal pitcher setup skill
2025,628452,"Iglesias, Raisel",483,70,1.0738099268059378,1.0787423853064613,-0.45934186091900775,-1.1478789167231258,0.26611251747873654,0.05336965065781596,0.1463067743963187,-0.19055864354707977,0.29729794486271166,observational predictive/calibration diagnostic; not causal pitcher setup skill
2025,640448,"Finnegan, Kyle",408,56,0.9913896258246966,0.9836548522585176,0.7801951286049373,0.038105605071162285,1.4525363634510646,-0.04612167170318411,0.04402774432088722,-0.11978158336712841,0.027538239960760186,observational predictive/calibration diagnostic; not causal pitcher setup skill
2025,640455,"Manaea, Sean",553,15,1.3381171452717464,1.3347291378934145,0.2531921357037712,-0.3947615797504288,0.8028729434153776,0.1596232448328903,0.0889006169403477,0.0030416871392149047,0.3162048025265657,observational predictive/calibration diagnostic; not causal pitcher setup skill
2025,641154,"López, Pablo",590,14,1.0234425652724557,1.0192088115991889,0.4136777008233677,-0.041257637088837555,0.9002374689401064,-0.01960877551214374,0.0475753818562598,-0.10386160806822216,0.06464405704393468,observational predictive/calibration diagnostic; not causal pitcher setup skill
2025,641302,"Alexander, Tyler",750,52,1.1419001264272812,1.1456749642429498,-0.33057512897201485,-0.8619037398194339,0.2722664526132413,-0.03193878269800294,0.05146907483084321,-0.1181641491744081,0.05428658377840221,observational predictive/calibration diagnostic; not causal pitcher setup skill
2025,641329,"Baker, Bryan",551,73,0.9988025299032608,0.9949563797949982,0.3850761279744794,-0.3256540939049262,1.2416267244477337,-0.029715994228775584,0.04403775890460981,-0.10309583428328728,0.04366384582573612,observational predictive/calibration diagnostic; not causal pitcher setup skill
2025,641401,"Brogdon, Connor",399,43,1.2144018719901468,1.2161731574696255,-0.14585661635846625,-0.78100968580591,0.622823701123072,0.17464911263793828,0.07815782598606985,0.04319137296613085,0.3061068523097457,observational predictive/calibration diagnostic; not causal pitcher setup skill
2025,641482,"Cortes, Nestor",245,8,1.1626408209318706,1.1666914778354585,-0.34840140055819185,-1.1291712439368173,0.5579004870801616,0.08460688116875817,0.08550742896526228,-0.07739366432508121,0.24660742666259755,observational predictive/calibration diagnostic; not causal pitcher setup skill
2025,641540,"Dunning, Dane",173,12,0.9049567746556662,0.9125103187332922,-0.8346856213657491,-2.255410134794439,0.37547630287829986,-0.09046670121186896,0.06403808587954614,-0.20547172746181167,0.02453832503807374,observational predictive/calibration diagnostic; not causal pitcher setup skill
2025,641656,"Hamilton, Ian",306,36,1.2349489602953787,1.2502996814940108,-1.2430247477564191,-2.095342324144166,-0.36745048739763936,0.012278341901648664,0.07411037359840829,-0.11293650416602768,0.13749318796932503,observational predictive/calibration diagnostic; not causal pitcher setup skill
2025,641672,"Hatch, Thomas",283,12,1.0154800649840086,1.0111271042500594,0.42866038281290303,-0.9122998005349817,1.4785904891688397,-0.040986410607493605,0.07347035627899653,-0.1729307080737208,0.09095788685873357,observational predictive/calibration diagnostic; not causal pitcher setup skill
2025,641745,"Keller, Brad",493,68,1.094277416965575,1.086046214178879,0.7522043915994466,0.04528668889141047,1.424329941414267,-0.07290181845310655,0.04987921678998078,-0.1560961678961731,0.010292530989959997,observational predictive/calibration diagnostic; not causal pitcher setup skill
2025,641755,"Kinley, Tyler",573,73,1.348104840636,1.3689482020851482,-1.5461231812887042,-2.1194207186351544,-0.975422902758597,0.1910451819492906,0.07581471022669947,0.06471560822450223,0.31737475567407897,observational predictive/calibration diagnostic; not causal pitcher setup skill
2025,641778,"Lauer, Eric",798,27,1.0514796637948267,1.0492270360479972,0.21423407645371423,-0.5028705676608993,0.8447590262333872,-0.011284086258903762,0.04360902196578414,-0.08566441558692094,0.06309624306911342,observational predictive/calibration diagnostic; not causal pitcher setup skill
2025,641793,"Littell, Zack",1404,32,0.9549205892451798,0.9545198461151101,0.041966121013945354,-0.29503772551305457,0.3806494140640564,-0.039145100607394415,0.024555662923750027,-0.08077968831247768,0.0024894870976888556,observational predictive/calibration diagnostic; not causal pitcher setup skill
2025,641816,"Mahle, Tyler",676,16,0.9289727674697332,0.9239809564235382,0.5373474036048814,-0.1534291551656229,1.2334543990352944,-0.07519274064678681,0.04323630397552546,-0.15098815870991392,0.0006026774163402915,observational predictive/calibration diagnostic; not causal pitcher setup skill
2025,641835,"Mayza, Tim",133,15,1.1016177397147249,1.113341530353582,-1.0642340093300486,-2.1793614930721743,0.42989474768014607,0.12527248799110466,0.14199771209963294,-0.12482952158682373,0.37537449756903307,observational predictive/calibration diagnostic; not causal pitcher setup skill
2025,641927,"Ober, Bailey",1188,27,0.9980444179263444,1.0024073639062148,-0.43714947967301115,-0.9325188503159357,0.13004609091664737,0.02413972466180537,0.028641415123700477,-0.024711586220442415,0.07299103554405315,observational predictive/calibration diagnostic; not causal pitcher setup skill
2025,641941,"Pagán, Emilio",549,70,1.1978704338216868,1.1923294685789454,0.4625679945253744,-0.14669382091302818,1.139259099902995,0.0885383680082312,0.04532543951549411,0.012970048012654542,0.16410668800380784,observational predictive/calibration diagnostic; not causal pitcher setup skill
2025,642016,"Robert, Daniel",116,15,0.9273969146529243,0.930451788226129,-0.3294030339046212,-2.320032650795589,1.3816995238308705,-0.015983186378660995,0.06535026096469032,-0.13108526339130427,0.0991188906339823,observational predictive/calibration diagnostic; not causal pitcher setup skill
2025,642100,"Speier, Gabe",468,76,1.3463328946054909,1.3410314948518287,0.3937658936288351,-0.43597160222624515,1.3040667206122203,0.069763300457427,0.06195199465992526,-0.033413123377156476,0.1729397242920105,observational predictive/calibration diagnostic; not causal pitcher setup skill
2025,642121,"Sulser, Cole",203,18,0.9681195026219175,0.9633027033226756,0.49754181030303235,-0.717211086878461,1.8145034787063494,-0.1512992534065571,0.04810348353434919,-0.23498039691055245,-0.06761810990256172,observational predictive/calibration diagnostic; not causal pitcher setup skill
2025,642152,"Trivino III, Lou",378,47,1.0585621015151319,1.061638897190162,-0.29065802286198833,-0.9499935491540734,0.39559717581762416,-0.008715951677717557,0.05987290056888674,-0.10922221970753404,0.09179031635209892,observational predictive/calibration diagnostic; not causal pitcher setup skill
2025,642207,"Williams, Devin",545,67,1.0949067876926033,1.0935233378049865,0.12635321135714708,-0.43724882715522906,0.6987165109264803,0.02946943784251313,0.043002527628753576,-0.04227041103779555,0.10120928672282181,observational predictive/calibration diagnostic; not causal pitcher setup skill
2025,642232,"Yarbrough, Ryan",449,19,1.1457494430781874,1.1567383882838753,-0.9591054372380864,-1.8967273397117201,-0.00694523708108782,0.04775300601628159,0.04107261924836147,-0.02346952825076104,0.11897554028332422,observational predictive/calibration diagnostic; not causal pitcher setup skill
2025,642239,"Zastryzny, Rob",168,26,1.1713918543665258,1.2019480252324362,-2.6085353720028035,-4.172795324076644,-1.3292267581988706,-0.008909774829374495,0.07610679353354079,-0.13891089107219795,0.12109134141344896,observational predictive/calibration diagnostic; not causal pitcher setup skill
2025,642397,"Soto, Gregory",471,70,1.2877119701019388,1.2961540830024005,-0.655590154978015,-1.2433235769910125,-0.033368711013384664,0.10079120485002992,0.052161996955290585,0.013824712750637777,0.18775769694942207,observational predictive/calibration diagnostic; not causal pitcher setup skill
2025,642528,"Loáisiga, Jonathan",243,30,1.1322978810536852,1.1211367161396686,0.9857092467249369,0.24077234104708717,1.7715784996114285,0.040007049709127045,0.06038100826647944,-0.0625879533257907,0.14260205274404478,observational predictive/calibration diagnostic; not causal pitcher setup skill
2025,642547,"Peralta, Freddy",1419,33,1.0580919768119148,1.0578046746142096,0.02715285665154806,-0.49269759988863143,0.657517777342363,0.005809606251276088,0.03446557355355379,-0.05257124099767986,0.06419045350023203,observational predictive/calibration diagnostic; not causal pitcher setup skill
2025,642585,"Bautista, Félix",276,35,1.1180362700469197,1.1174960712710948,0.0483167487761662,-1.0578037255443498,1.169136794457817,-0.06310530323905096,0.05533243530216163,-0.15666826019003344,0.03045765371193153,observational predictive/calibration diagnostic; not causal pitcher setup skill
2025,642701,"Santana, Dennis",505,70,1.092104057291531,1.0902069640196275,0.1737099371838513,-0.4950332039488148,0.8712703009022432,-0.018921709048169533,0.047958059392285354,-0.09887923438632361,0.06103581628998454,observational predictive/calibration diagnostic; not causal pitcher setup skill
2025,643338,"Green, Chad",355,45,1.0281705926964262,1.025410750444223,0.26842260144453395,-0.8194841474045162,1.39243321366475,0.017368023512812965,0.0493674809532173,-0.06558069785263575,0.10031674487826168,observational predictive/calibration diagnostic; not causal pitcher setup skill
2025,643377,"Jax, Griffin",540,73,1.2375371230626644,1.2418904088359257,-0.35177011599359265,-0.8787392974047848,0.1658103391654438,-0.007481510121374142,0.04534614678096245,-0.08304150864634718,0.0680784884035989,observational predictive/calibration diagnostic; not causal pitcher setup skill
2025,643410,"Leiter Jr., Mark",364,59,1.164958423572568,1.1783861141654683,-1.1526326022624662,-1.8590532546955691,-0.5771943175781069,0.06731683903292798,0.04833906658966815,-0.013484461259521185,0.14811813932537715,observational predictive/calibration diagnostic; not causal pitcher setup skill
2025,643511,"Rogers, Tyler",502,80,1.512011969983111,1.5238211204249668,-0.7810222852923416,-1.5245173856706222,-0.03743743161941025,0.23036868360357168,0.0517416816501922,0.1442513080043465,0.3164860592027969,observational predictive/calibration diagnostic; not causal pitcher setup skill
2025,645261,"Alcantara, Sandy",1387,31,0.9223847887880161,0.918959413080651,0.3713608191507598,-0.23021121400625943,0.8869112260505919,-0.040877374852561314,0.021855996750101928,-0.07797270327403397,-0.003782046431088669,observational predictive/calibration diagnostic; not causal pitcher setup skill
2025,647336,"Soroka, Michael",680,22,1.0854669436180042,1.0841023989110055,0.12571038805204446,-0.4793745182095454,0.7220576959850206,0.022070038607558757,0.039019579054399914,-0.04507262512100692,0.08921270233612442,observational predictive/calibration diagnostic; not causal pitcher setup skill
2025,650556,"Abreu, Bryan",542,70,1.2767033081675931,1.2895010800687052,-1.0024076713234322,-1.6941425220153419,-0.3307280736690763,0.07523651161677002,0.03923453191923706,0.009823187562051222,0.1406498356714888,observational predictive/calibration diagnostic; not causal pitcher setup skill
2025,650633,"King, Michael",520,15,1.0031714570674863,0.995025855638963,0.8119849673888103,0.18676653645393188,1.4914006716048518,0.03368660543607778,0.04200197554848144,-0.04029189982003173,0.10766511069218729,observational predictive/calibration diagnostic; not causal pitcher setup skill
2025,650644,"Civale, Aaron",768,23,0.9944442448463507,0.9921614259248358,0.22955725605989893,-0.5196855689697414,0.8995294476887884,-0.03390260139089767,0.03803181696373542,-0.09920872193763502,0.03140351915583967,observational predictive/calibration diagnostic; not causal pitcher setup skill
2025,650893,"Cabrera, Génesis",334,40,1.2276200899755347,1.2430984381096826,-1.2608418728677115,-2.0058591889136923,-0.569390667459586,0.10598367434099851,0.08973182211338182,-0.04520324036365567,0.2571705890456527,observational predictive/calibration diagnostic; not causal pitcher setup skill
2025,650911,"Sánchez, Cristopher",1384,32,1.0901278337732063,1.0942423658588751,-0.37743574268967256,-0.8360562875284355,0.07114708884802623,0.05816264621747365,0.03211572434037852,0.003709832383296467,0.11261546005165082,observational predictive/calibration diagnostic; not causal pitcher setup skill
2025,655889,"Rodríguez, Manuel",206,31,0.9795354389578882,0.9807126125054249,-0.12017671854619526,-1.2145289734602707,1.0148602800104871,-0.01692361240927801,0.060635409824101864,-0.11983772184632108,0.08599049702776507,observational predictive/calibration diagnostic; not causal pitcher setup skill
2025,656186,"Altavilla, Dan",198,28,1.1295769631476196,1.1359439978966877,-0.5636654213738419,-1.5162531412813622,0.4208083313729518,-0.0081425542178201,0.06328777495815358,-0.11593989005950524,0.09965478162386503,observational predictive/calibration diagnostic; not causal pitcher setup skill
2025,656222,"Beeks, Jalen",434,61,1.028852157277305,1.0398487213576388,-1.0688186832824025,-1.7894452023398257,-0.43267225201096643,-0.05162631885720951,0.04480231558148089,-0.12647525652850986,0.023222618814090844,observational predictive/calibration diagnostic; not causal pitcher setup skill
2025,656234,"Bird, Jake",403,48,1.3637882891905242,1.3659112678129413,-0.1556677557098678,-0.927746162749079,0.5648551799113778,0.06837396758653233,0.06129718208760142,-0.034478212199600886,0.17122614737266556,observational predictive/calibration diagnostic; not causal pitcher setup skill
2025,656240,"Blewett, Scott",331,26,1.073972460469708,1.0726881105540569,0.11958871972280177,-0.7678765532957026,1.0265318366675449,-0.028337880145699428,0.04688752292513333,-0.10842836924825253,0.05175260895685368,observational predictive/calibration diagnostic; not causal pitcher setup skill
2025,656271,"Burke, Brock",507,69,1.02910686260176,1.037577193126569,-0.8230758954803244,-1.639134539963694,0.019015520474781944,0.02302223206429853,0.04174669733956303,-0.04659340323396645,0.0926378673625635,observational predictive/calibration diagnostic; not causal pitcher setup skill
2025,656288,"Canning, Griffin",594,16,0.9970301549395918,0.9925602113088773,0.44832582129728704,-0.33971528992850797,1.2115909018240336,-0.03545365385487391,0.040411794955055765,-0.10629756537500973,0.03539025766526191,observational predictive/calibration diagnostic; not causal pitcher setup skill
2025,656302,"Cease, Dylan",1451,32,1.1834926113971485,1.182903327668581,0.0497919228977472,-0.4178694348602588,0.5609676340296115,0.09256224165363439,0.03411449498436983,0.03472047465056864,0.15040400865670012,observational predictive/calibration diagnostic; not causal pitcher setup skill
2025,656427,"Flaherty, Jack",1257,31,1.1042558110453415,1.1046093428651522,-0.03201539138616827,-0.4701902928661325,0.3530599086864647,0.05239734830949736,0.02855441726003175,0.003933052754562079,0.10086164386443264,observational predictive/calibration diagnostic; not causal pitcher setup skill
2025,656457,"Gilbert, Tyler",380,45,1.1814316532293132,1.185494470578614,-0.34388932598812927,-1.0393421546640065,0.2724795171507204,0.02866128259798076,0.047721852663786875,-0.051522404785271855,0.10884496998123337,observational predictive/calibration diagnostic; not causal pitcher setup skill
2025,656464,"Ginkel, Kevin",218,29,1.101013028114693,1.0936152354709667,0.6719078207815528,-0.42789205457614654,1.8518938571448877,-0.046344511662392375,0.0666010368517652,-0.1596415957051154,0.06695257238033064,observational predictive/calibration diagnostic; not causal pitcher setup skill
2025,656546,"Hoffman, Jeff",541,70,1.2416487150541868,1.24035579525336,0.10412927466126162,-0.60570283368671,0.7782929358312075,0.09157317607008847,0.039544605881598284,0.025642884752382633,0.1575034673877943,observational predictive/calibration diagnostic; not causal pitcher setup skill
2025,656550,"Holmes, Grant",920,22,1.0228723835399929,1.023483420650764,-0.059737374926130835,-0.6143640080927757,0.48768945929762425,-0.022775664185788875,0.03527227044614172,-0.0834701732220484,0.037918844850470645,observational predictive/calibration diagnostic; not causal pitcher setup skill
2025,656557,"Houck, Tanner",320,9,1.116603588676908,1.1256143046574631,-0.8069753735282517,-1.2984632003822771,-0.3147945417415943,0.019683489322498797,0.05309341466359788,-0.07904626572100881,0.11841324436600639,observational predictive/calibration diagnostic; not causal pitcher setup skill
2025,656605,"Keller, Mitch",1352,32,0.9356964269493209,0.9377161892792022,-0.21585658251003512,-0.7587585782917308,0.3085733324084443,-0.05175223322623148,0.026953487613511136,-0.09745237773005692,-0.006052088722406035,observational predictive/calibration diagnostic; not causal pitcher setup skill
2025,656641,"Latz, Jacob",662,33,1.088451202276464,1.0915618550909554,-0.28578707138964937,-0.8671945987551375,0.40088637092428375,0.05689528629350701,0.05911635295576861,-0.043241238823749535,0.15703181141076356,observational predictive/calibration diagnostic; not causal pitcher setup skill
2025,656686,"Martin, Corbin",144,17,0.9245290423440091,0.9203379546905825,0.45332136271248485,-1.183766249869851,2.336065455111244,-0.1787027797950891,0.06915393443934892,-0.2994375050830264,-0.057968054507151826,observational predictive/calibration diagnostic; not causal pitcher setup skill
2025,656730,"Megill, Trevor",357,50,1.2364812195980042,1.2334175376553593,0.2477742398417339,-0.551156199198304,0.9662141464092204,0.10007960646096548,0.05786293592212817,0.0030694495912897135,0.19708976333064124,observational predictive/calibration diagnostic; not causal pitcher setup skill
2025,656731,"Megill, Tylor",541,14,1.2150320466697877,1.2109681647525294,0.33446705610741506,-0.5190776811843926,1.0433514291748207,0.04740026019588556,0.05264901338595771,-0.045837635875066854,0.14063815626683795,observational predictive/calibration diagnostic; not causal pitcher setup skill
2025,656794,"Newcomb, Sean",690,48,1.1083277254066273,1.1134743423186617,-0.4643587626707004,-1.1655069280584207,0.25738988061722157,-0.040202340229554635,0.041735707903306656,-0.11023179976715225,0.029827119308042986,observational predictive/calibration diagnostic; not causal pitcher setup skill
2025,656848,"Petersen, Michael",172,15,1.0315970503822267,1.0133056691489142,1.7731129830717536,0.2045742725492085,3.252136949188155,-0.06599021009590632,0.09277814485712955,-0.2294012970111597,0.09742087681934707,observational predictive/calibration diagnostic; not causal pitcher setup skill
2025,656849,"Peterson, David",1213,30,1.0836795444094753,1.0860234520449081,-0.21629158246315752,-0.6766983262277342,0.24813079882368413,0.018407162344924306,0.05038904396917355,-0.0672102241042832,0.10402454879413181,observational predictive/calibration diagnostic; not causal pitcher setup skill
2025,656876,"Rasmussen, Drew",1074,30,1.0800477173533556,1.0723569086969185,0.7120804509714843,0.0824272034672535,1.3292601211053225,0.008306213784934168,0.0336051715684649,-0.04879324145833963,0.06540566902820796,observational predictive/calibration diagnostic; not causal pitcher setup skill
2025,656945,"Scott, Tanner",489,61,1.2765083955370058,1.2626254604132985,1.0875710001003829,0.44774567212298144,1.7936793529713497,0.04694251850895619,0.07163510861698116,-0.07273459438932373,0.16661963140723612,observational predictive/calibration diagnostic; not causal pitcher setup skill
2025,656986,"Sousa, Bennett",373,44,1.2925993559800322,1.3003700701813705,-0.6011695863368954,-1.2001181565617682,0.12362690710034187,0.15789196973902742,0.059195190364715475,0.058380669446408184,0.25740327003164665,observational predictive/calibration diagnostic; not causal pitcher setup skill
2025,657044,"Thompson, Ryan",306,48,1.2083774711670852,1.216033827919305,-0.6336063800349595,-1.6632023233563729,0.30523093085425146,0.11927598396928595,0.06311859247590171,0.013367611021547585,0.22518435691702432,observational predictive/calibration diagnostic; not causal pitcher setup skill
2025,657097,"Webb, Jacob",485,55,1.1633328717248275,1.1638733840843225,-0.046462398908563136,-0.6926547116559475,0.6291207619442714,0.043950881355971916,0.05958372193964368,-0.05576634467206103,0.14366810738400487,observational predictive/calibration diagnostic; not causal pitcher setup skill
2025,657240,"Merryweather, Julian",146,21,1.2009548159137544,1.2035962847599826,-0.21994739612400008,-1.6239561920626842,1.0172163847550462,0.10911037528595027,0.08363205070729313,-0.03513134826179454,0.2533520988336951,observational predictive/calibration diagnostic; not causal pitcher setup skill
2025,657277,"Webb, Logan",1472,34,1.1135039475318849,1.115507813576307,-0.17996038980049758,-0.6274417811565501,0.249271723741133,-0.0040642423431832084,0.023940315379032528,-0.044579881876326596,0.03645139718996018,observational predictive/calibration diagnostic; not causal pitcher setup skill
2025,657376,"Schmidt, Clarke",561,14,1.122250404265202,1.1181273584786748,0.36739089340997505,-0.5432021282774528,1.1712678969458707,0.006812604745022587,0.04052057702468629,-0.06494663833265275,0.07857184782269792,observational predictive/calibration diagnostic; not causal pitcher setup skill
2025,657424,"Gage, Matt",239,33,1.2271717913094122,1.2235608673881133,0.29424763076130256,-0.9205828549029379,1.5917045263925143,0.15827495230883684,0.07010522164663237,0.03952450615866014,0.2770253984590135,observational predictive/calibration diagnostic; not causal pitcher setup skill
2025,657514,"Bernardino, Brennan",348,55,1.0091729960461546,1.0107895143952497,-0.16018248163876397,-1.08833438082658,0.7210890407089418,-0.035792270849017524,0.047819515793909646,-0.11582133432045758,0.04423679262242253,observational predictive/calibration diagnostic; not causal pitcher setup skill
2025,657571,"Ferguson, Caleb",473,69,1.1688135159944044,1.171787628083447,-0.2544556551018489,-1.1250503427988459,0.5136023274572104,0.008665941920970931,0.05020070104963253,-0.07504735562595848,0.09237923946790035,observational predictive/calibration diagnostic; not causal pitcher setup skill
2025,657585,"Garrett, Reed",416,57,1.1974196417474374,1.2007542957953226,-0.2784866667978376,-1.096859017474333,0.6101729042564206,0.015080761191950322,0.045562414040412065,-0.06112339247260267,0.09128491485650331,observational predictive/calibration diagnostic; not causal pitcher setup skill
2025,657612,"Hill, Tim",465,70,1.2745300928199301,1.2805107502472974,-0.46924411287419365,-1.2234111982868794,0.2743732426263799,0.05474095164367266,0.039075490226732505,-0.010407211970457055,0.11988911525780238,observational predictive/calibration diagnostic; not causal pitcher setup skill
2025,657649,"Koenig, Jared",450,72,1.2016039093255109,1.2035926050586887,-0.16550343401380035,-0.9154791610569425,0.5414817029941403,-0.026675392589576526,0.04706527249298146,-0.10511435964551877,0.05176357446636571,observational predictive/calibration diagnostic; not causal pitcher setup skill
2025,657746,"Ryan, Joe",1358,31,1.041148712789637,1.0412112855451883,-0.006009972906135335,-0.3977874874004097,0.42407972077282513,0.05723977832502715,0.027735340031983483,0.010165670512357991,0.10431388613769631,observational predictive/calibration diagnostic; not causal pitcher setup skill
2025,660271,"Ohtani, Shohei",368,14,1.0488196218364165,1.0375615234357058,1.0734065387715035,0.30207352192910664,1.8099774526074117,0.02800335880721216,0.05065500464048419,-0.0617032805844913,0.11770999819891563,observational predictive/calibration diagnostic; not causal pitcher setup skill
2025,660787,"De los Santos, Yerry",267,25,1.1113025747459049,1.1174626819312874,-0.554314128786308,-1.330682387112872,0.23390876577604133,-0.029196926580415127,0.04567707329195869,-0.1073450127383368,0.04895115957750654,observational predictive/calibration diagnostic; not causal pitcher setup skill
2025,660825,"Bazardo, Eduard",510,73,1.0434674581572587,1.041319671261949,0.20583170836037917,-0.39913311573311117,0.8193249694829149,-0.03023863089137771,0.03548691456369083,-0.0893702529240141,0.028892991141258685,observational predictive/calibration diagnostic; not causal pitcher setup skill
2025,660853,"De Los Santos, Enyel",549,64,0.9366906872631434,0.9277856865715435,0.9506874374526832,0.24260875301574775,1.6157220352178576,-0.01669154461338047,0.04262908796854706,-0.0878566387774081,0.05447354955064715,observational predictive/calibration diagnostic; not causal pitcher setup skill
2025,660896,"Alcala, Jorge",486,56,0.9960568347419764,0.9970260026020116,-0.09730045778826311,-0.938659280682144,0.7568620154364969,-0.08658074439053376,0.03962059403907259,-0.15286734394286516,-0.02029414483820234,observational predictive/calibration diagnostic; not causal pitcher setup skill
2025,661395,"Duran, Jhoan",556,72,1.1554546282599318,1.1592449173633086,-0.32803443862481946,-1.0151670476771522,0.35884886007694106,0.042490990841902006,0.04755812592233855,-0.0367693655710128,0.12175134725481682,observational predictive/calibration diagnostic; not causal pitcher setup skill
2025,661403,"Clase, Emmanuel",392,48,1.0478333856234088,1.045796450168534,0.1943949756537817,-0.6811494102146877,0.9667292848163412,-0.07843304261517345,0.06401163016640392,-0.1858398673672388,0.028973782136891904,observational predictive/calibration diagnostic; not causal pitcher setup skill
2025,661563,"Gil, Luis",418,11,1.0522712726969201,1.048392655402198,0.36859480966170804,-0.6079423793968525,1.3351701951032426,0.10211731317912548,0.06747905426107474,-0.02018584927317206,0.22442047563142303,observational predictive/calibration diagnostic; not causal pitcher setup skill
2025,662253,"Muñoz, Andrés",469,64,1.3250566674056876,1.3202881022680841,0.35987631736081505,-0.24717376423254236,0.9225766398926258,0.12476031015079653,0.06037650398477047,0.02396764025973047,0.22555298004186258,observational predictive/calibration diagnostic; not causal pitcher setup skill
2025,663158,"Suarez, Robert",557,70,0.7958418899491222,0.7979135038449786,-0.26030470650255527,-1.04606403321106,0.48082838939214495,-0.11848344890628432,0.035949986350533765,-0.1784206519740025,-0.05854624583856613,observational predictive/calibration diagnostic; not causal pitcher setup skill
2025,663399,"Waddell, Brandon",235,11,0.9724178408548901,0.9792367141732927,-0.7012287343893083,-1.7329030811024349,0.049527230032943285,-0.0885636266267236,0.07625499053427101,-0.22677283239046217,0.04964557913701498,observational predictive/calibration diagnostic; not causal pitcher setup skill
2025,663423,"Thornton, Trent",308,33,0.9948476603592863,0.9959279613537222,-0.10858958989216279,-0.9355491508342668,0.7720924175175735,-0.06166789762764863,0.046468593221360384,-0.14038052483853053,0.01704472958323329,observational predictive/calibration diagnostic; not causal pitcher setup skill
2025,663436,"Martin, Davis",1111,26,0.9711992938547146,0.9608176400182399,1.0689519547805393,0.507428820961404,1.6608282282114948,-0.05030687840633314,0.03126279287098121,-0.10370812921983141,0.00309437240716514,observational predictive/calibration diagnostic; not causal pitcher setup skill
2025,663455,"Pilkington, Konnor",221,32,0.9663585437036923,0.9709526876206223,-0.47540780250385806,-1.4929408974838116,0.5304293260605064,-0.017693807150949706,0.0524128389838668,-0.10656076009464796,0.07117314579274855,observational predictive/calibration diagnostic; not causal pitcher setup skill
2025,663460,"Bubic, Kris",847,20,1.1355720171196697,1.1242590141648456,0.9962382644404076,0.31351649505383733,1.6737615488923285,0.02515363107992518,0.04390009440953342,-0.05075546259248486,0.10106272475233521,observational predictive/calibration diagnostic; not causal pitcher setup skill
2025,663465,"Allard, Kolby",468,33,1.1274200479016678,1.1341947848561151,-0.600906198808195,-1.3451508773261736,0.1463410921714247,0.017926429652760832,0.04293211787718953,-0.05479580176369366,0.09064866106921532,observational predictive/calibration diagnostic; not causal pitcher setup skill
2025,663485,"Sands, Cole",530,69,0.9957474071679824,0.9957591141461329,-0.0011756975781434349,-0.7532387241170984,0.6882708921108971,-0.04393656703822645,0.03714569105576194,-0.10587969179385326,0.018006557717400354,observational predictive/calibration diagnostic; not causal pitcher setup skill
2025,663542,"Hudson, Bryan",117,16,1.1069910056220666,1.1228167890295582,-1.4296216795906393,-2.6428288193167497,-0.09809311466349628,0.013083259854664728,0.09693893874121652,-0.1568555811860854,0.18302210089541487,observational predictive/calibration diagnostic; not causal pitcher setup skill
2025,663546,"Hjelle, Sean",102,12,0.991514818210026,1.0004994072249185,-0.9061477297043653,-2.6186552118595117,0.7362781228594492,-0.025531938129237684,0.07682973733482572,-0.16350929703387046,0.1124454207753951,observational predictive/calibration diagnostic; not causal pitcher setup skill
2025,663554,"Mize, Casey",1139,28,0.9355737726855093,0.9334879913622275,0.22294140603095064,-0.21386005324649715,0.6349506002586766,-0.07383763003910143,0.02971975398739504,-0.1244589436155355,-0.023216316462667357,observational predictive/calibration diagnostic; not causal pitcher setup skill
2025,663559,"Falter, Bailey",879,26,1.160909311854911,1.1581921705006095,0.23405285206644164,-0.30742629796043913,0.8871027979470808,0.054856501256811276,0.03427247900470861,-0.003685717120281408,0.11339871963390397,observational predictive/calibration diagnostic; not causal pitcher setup skill
2025,663568,"Kolek, Stephen",775,19,0.9570225911981624,0.9596652137050034,-0.2761295847292879,-1.0873725776114607,0.5293522692989505,-0.05416353791243646,0.02698261576434842,-0.10095310992073774,-0.00737396590413518,observational predictive/calibration diagnostic; not causal pitcher setup skill
2025,663574,"Santillan, Tony",595,80,1.0952999890057051,1.1015035604697407,-0.5663810395604222,-1.1691902751093715,0.03567287825291229,0.012509969899934317,0.03765174150946487,-0.05015651217261888,0.07517645197248751,observational predictive/calibration diagnostic; not causal pitcher setup skill
2025,663623,"Irvin, Jake",1347,33,0.9310211740650811,0.9303257328637173,0.07469660419507052,-0.3833048001728186,0.5064000511767429,-0.07007695082978044,0.02886372834290904,-0.11896889550623806,-0.02118500615332282,observational predictive/calibration diagnostic; not causal pitcher setup skill
2025,663671,"Enright, Nic",265,27,1.0400032006220796,1.049552113589656,-0.918161882758095,-1.7378833125937365,-0.05332830400341049,-0.016050628634929683,0.06108428544364199,-0.12023708050329598,0.0881358232334366,observational predictive/calibration diagnostic; not causal pitcher setup skill
2025,663687,"Harris, Hogan",498,48,1.1742968375686835,1.1824633627273007,-0.6954395939211925,-1.337165835047469,-0.05627895968946242,0.08205799344861622,0.04465902158893295,0.007123427762164888,0.15699255913506754,observational predictive/calibration diagnostic; not causal pitcher setup skill
2025,663738,"Lynch IV, Daniel",455,57,1.0333813403098016,1.0327018509879484,0.06575397632489385,-0.6856871581715988,0.7221699075222592,-0.043479364415606646,0.0397185714820839,-0.10990956106569355,0.022950832234480266,observational predictive/calibration diagnostic; not causal pitcher setup skill
2025,663765,"Woodford, Jake",276,22,1.0262098682927152,1.0235825075481837,0.256025675225929,-0.4947405607564648,1.0604045045351387,-0.09825271129421874,0.06095950246183088,-0.20314834251435743,0.006642919925919963,observational predictive/calibration diagnostic; not causal pitcher setup skill
2025,663767,"Shugart, Chase",294,35,1.4027876927762897,1.3950814422766358,0.5493525883736771,-0.1982786394635365,1.3170581403598753,0.04751127721529771,0.052987378021210854,-0.042086365499522584,0.137108919930118,observational predictive/calibration diagnostic; not causal pitcher setup skill
2025,663795,"Hagenman, Justin",187,9,0.9630701728641147,0.9685424263042581,-0.5682092119901679,-2.22049926400395,1.2124907267228517,-0.0382996080145582,0.09274644372989582,-0.21076607544045578,0.13416685941133938,observational predictive/calibration diagnostic; not causal pitcher setup skill
2025,663804,"Kowar, Jackson",123,14,1.149607162655498,1.14434015608086,0.4581570771072542,-0.6096031091994856,1.745728626575038,-0.0849036446711241,0.07106987671160743,-0.2107636627883794,0.040956373446131206,observational predictive/calibration diagnostic; not causal pitcher setup skill
2025,663855,"Hicks, Jordan",508,34,1.142919419143847,1.1396634443023383,0.2848822748980462,-0.4610510242041054,0.9821751559679491,0.10994234991843983,0.06242229701628097,0.0043013320495826485,0.21558336778729703,observational predictive/calibration diagnostic; not causal pitcher setup skill
2025,663878,"Pearson, Nate",124,11,1.163936357405359,1.1550335077751863,0.7648914456129489,-0.3564908433316638,1.8942854658623176,0.026906630580002353,0.08206545101669177,-0.1218338089137574,0.17564707007376212,observational predictive/calibration diagnostic; not causal pitcher setup skill
2025,663893,"Little, Brendon",470,78,1.3197000783996387,1.3084993043598596,0.8487363320734197,-0.07211661971541133,1.7816722326650716,0.060914169729764704,0.042502884978582796,-0.00984822625994184,0.13167656571947126,observational predictive/calibration diagnostic; not causal pitcher setup skill
2025,663903,"Singer, Brady",1230,32,1.1611265905682984,1.1602851254231088,0.07246971622427892,-0.5116081368544542,0.6526155495036406,0.020648006596801095,0.027908927303094615,-0.02667210384630293,0.06796811703990512,observational predictive/calibration diagnostic; not causal pitcher setup skill
2025,663941,"Beck, Tristan",393,31,1.1898544194257188,1.1941457547846324,-0.3606605387056398,-1.129954610691688,0.5065151714698698,0.04178883953856076,0.05236452433752061,-0.047087419464610314,0.13066509854173183,observational predictive/calibration diagnostic; not causal pitcher setup skill
2025,663947,"Holton, Tyler",531,70,1.1236418743017191,1.1309202066125084,-0.6477448444427529,-1.390024396835114,0.003996364342664057,-0.009404723438217437,0.04043337567474092,-0.07681680601594286,0.05800735913950798,observational predictive/calibration diagnostic; not causal pitcher setup skill
2025,663969,"Phillips, Tyler",516,54,1.0740347695023618,1.0769943177114485,-0.2755542272116492,-0.8415580303161672,0.37574179412721265,0.009009411588745323,0.0482705043630412,-0.07180102351926981,0.08981984669676046,observational predictive/calibration diagnostic; not causal pitcher setup skill
2025,663978,"Paddack, Chris",1276,33,0.9986000681892693,0.9975982576914032,0.1003214930360055,-0.3270548429801049,0.46965467275746386,-0.013672828045820734,0.03547674867086278,-0.07376649344863195,0.04642083735699048,observational predictive/calibration diagnostic; not causal pitcher setup skill
2025,663992,"Lovelady, Richard",103,10,1.1475349116224183,1.143757099130233,0.3292111162739325,-0.8082067743991985,1.4761965111110225,0.013329444314837714,0.09340762742280603,-0.15789728552264337,0.18455617415231879,observational predictive/calibration diagnostic; not causal pitcher setup skill
2025,664076,"Cleavinger, Garrett",414,67,1.2137827754264545,1.2245646936204158,-0.8882905913846887,-1.6881114729922806,-0.08286471802474027,0.05596038742932026,0.058580086143050575,-0.04176704300404571,0.15368781786268623,observational predictive/calibration diagnostic; not causal pitcher setup skill
2025,664126,"Fairbanks, Pete",478,61,1.3719123415192092,1.3877125441111968,-1.1516918474901303,-1.7098283416924405,-0.5471404482215072,0.1860848818838287,0.04414050822846753,0.11234159191562566,0.2598281718520318,observational predictive/calibration diagnostic; not causal pitcher setup skill
2025,664139,"Gibaut, Ian",182,25,0.9175269748981316,0.9052622474964553,1.3367157301329398,-0.0767598579234565,2.5959490526389075,-0.058955990804714205,0.05692738808540626,-0.15635203893608526,0.03844005732665685,observational predictive/calibration diagnostic; not causal pitcher setup skill
2025,664141,"Brubaker, JT",211,17,1.2692711677598583,1.2652556133792259,0.3163669421184008,-0.31618730154312347,1.0010749912737666,0.08693758989131443,0.099260332079135,-0.0863594035874072,0.2602345833700361,observational predictive/calibration diagnostic; not causal pitcher setup skill
2025,664192,"Lucchesi, Joey",278,38,1.302523381077529,1.3072162917851584,-0.36029377866117107,-1.2932473936768798,0.5518134160280672,0.08014175511844392,0.061373662594277116,-0.023401359455614862,0.1836848696925027,observational predictive/calibration diagnostic; not causal pitcher setup skill
2025,664199,"Clarke, Taylor",401,51,1.1243389068845884,1.1278925928277788,-0.31606892916630985,-1.0683818321953606,0.4060471418811997,-0.027456031323275627,0.037753182770958175,-0.0907267800450253,0.035814717398474034,observational predictive/calibration diagnostic; not causal pitcher setup skill
2025,664208,"Maton, Phil",456,63,1.2170891589204877,1.2255010820066254,-0.6911509337244094,-1.3995228366140051,-0.0015225665586899194,0.06250770126552864,0.04748788173329255,-0.016787761321601355,0.14180316385265862,observational predictive/calibration diagnostic; not causal pitcher setup skill
2025,664285,"Valdez, Framber",1321,31,1.0528894337540922,1.0589007655129545,-0.5709366592681021,-1.089507075677707,-0.0418343688998348,-0.0013608541186143355,0.042136530663830385,-0.07287753951110056,0.07015583127387189,observational predictive/calibration diagnostic; not causal pitcher setup skill
2025,664294,"Moreta, Dauri",127,17,1.0569595767277002,1.0542350995598828,0.25776550284470606,-0.9563573738250107,1.8127389122648518,0.08387770212405815,0.06939957303504045,-0.03728587957836041,0.2050412838264767,observational predictive/calibration diagnostic; not causal pitcher setup skill
2025,664299,"Javier, Cristian",270,8,1.227805644433107,1.2338770732124051,-0.49449428798656025,-2.052702760548586,0.48136238907809,0.19067154647521636,0.09727198423436843,0.006382126270129573,0.37496096668030315,observational predictive/calibration diagnostic; not causal pitcher setup skill
2025,664747,"Díaz, Alexis",163,18,1.164203436652899,1.171886749102712,-0.6599630449384873,-1.8814287359571973,0.5934095363783627,0.02288428441930511,0.053716359028356614,-0.07056105504668751,0.11632962388529773,observational predictive/calibration diagnostic; not causal pitcher setup skill
2025,664854,"Helsley, Ryan",486,57,1.2171514283626186,1.214976788332798,0.1786663499007735,-0.4961130144513036,0.8761395292816583,0.044292993948827575,0.04931751587202003,-0.0381916512794097,0.12677763917706486,observational predictive/calibration diagnostic; not causal pitcher setup skill
2025,664875,"Lawrence, Justin",110,17,1.3251017591504513,1.3333616986175192,-0.6233437854888596,-1.4674746743094063,0.24977717149437986,0.18242045534217063,0.1102213383334855,-0.01001318003158344,0.3748540907159247,observational predictive/calibration diagnostic; not causal pitcher setup skill
2025,664991,"Wolfram, Grant",236,21,1.1997351109167547,1.2008641271622431,-0.0941054600482379,-1.0486227767633067,0.6381442049037973,0.02746295717229401,0.060254171787753136,-0.07645851212212686,0.1313844264667149,observational predictive/calibration diagnostic; not causal pitcher setup skill
2025,665152,"Kremer, Dean",1294,31,1.0258467984127837,1.0299744783482077,-0.4023680672211841,-0.9182679868363682,0.13213607216313644,0.025312834874052607,0.027997342011940533,-0.02220595865140783,0.07283162839951304,observational predictive/calibration diagnostic; not causal pitcher setup skill
2025,665660,"Alvarado, Elvis",351,37,1.0187098170197915,1.0264730401051516,-0.7620642263045235,-1.551318441142254,-0.03051219324567814,-0.00023149476270817616,0.05362356056412312,-0.09076402948592185,0.09030103996050551,observational predictive/calibration diagnostic; not causal pitcher setup skill
2025,665795,"Cabrera, Edward",983,26,1.1051330036529512,1.1061607687254704,-0.09299921992394897,-0.5269864573367203,0.323629434353854,-0.01086301592574352,0.038340193442127544,-0.07635346313852431,0.05462743128703728,observational predictive/calibration diagnostic; not causal pitcher setup skill
2025,665871,"Assad, Javier",254,8,0.9694385930061782,0.9630092421275565,0.663203520574178,-0.06575914324734537,1.4616268499438676,-0.028282565470509,0.04732018637718326,-0.11793437816959194,0.06136924722857394,observational predictive/calibration diagnostic; not causal pitcher setup skill
2025,666142,"Ragans, Cole",522,13,1.1760375505787106,1.1673985986721267,0.734581298218993,0.08613203686283677,1.3175213320692052,0.08099682138737677,0.0429080952212931,0.004522257237850047,0.15747138553690349,observational predictive/calibration diagnostic; not causal pitcher setup skill
2025,666157,"Lodolo, Nick",1210,29,1.1349907784642155,1.1341941464567054,0.07018841233124885,-0.5062612436322707,0.618519041538183,0.08860485474543425,0.03588792607209081,0.027554793537551747,0.14965491595331676,observational predictive/calibration diagnostic; not causal pitcher setup skill
2025,666171,"Zeferjahn, Ryan",443,62,1.219555077500055,1.2183543706933464,0.09845449614050773,-0.6877621607840056,0.9070604598972111,0.09337907847371614,0.046030881914326506,0.016497402645119882,0.1702607543023124,observational predictive/calibration diagnostic; not causal pitcher setup skill
2025,666200,"Luzardo, Jesús",1402,32,1.0722671292923058,1.0772354340976666,-0.463345809046638,-0.9444866009958771,-0.010929560226088637,0.0016545132550438426,0.034292581129605405,-0.05648920215218001,0.059798228662267694,observational predictive/calibration diagnostic; not causal pitcher setup skill
2025,666214,"Wentz, Joey",870,39,1.1392408848287052,1.1472097612871823,-0.6994900345132408,-1.3615610053876275,-0.04291855348674031,0.01383478090594189,0.034891753916160506,-0.04499112723204912,0.0726606890439329,observational predictive/calibration diagnostic; not causal pitcher setup skill
2025,666215,"Whitley, Forrest",115,10,1.1545832343732618,1.177841926633921,-2.0144664817764184,-4.077315836005411,0.031852528370924595,0.03491977110777911,0.11771282886499827,-0.1808611378241996,0.2507006800397578,observational predictive/calibration diagnostic; not causal pitcher setup skill
2025,666277,"Soriano, George",316,24,1.0785264461677382,1.0728047761428399,0.5305080876995409,-0.5233190864389354,1.6491303764083238,-0.11675478255286517,0.04148261063895749,-0.18785064782359118,-0.04565891728213915,observational predictive/calibration diagnostic; not causal pitcher setup skill
2025,666374,"Brash, Matt",334,52,1.2545007527975467,1.2552045292506677,-0.056100122024755256,-0.7912919487783918,0.780677121100536,0.01795922325599841,0.06834120332295082,-0.09653176616486994,0.13245021267686677,observational predictive/calibration diagnostic; not causal pitcher setup skill
2025,666661,"Morillo, Juan",288,42,0.9130225954558353,0.9074204822813007,0.6135788098144254,-0.6496886037695345,2.2541213819989414,-0.0540421724353439,0.045422458635274526,-0.13048262887543027,0.02239828400474246,observational predictive/calibration diagnostic; not causal pitcher setup skill
2025,666711,"Peguero, Joel",142,17,0.8782476738723586,0.891785553510114,-1.541464901132545,-2.523580088737604,-0.3265293877403429,-0.14779411269980122,0.06975032608793148,-0.2695700684316663,-0.02601815696793615,observational predictive/calibration diagnostic; not causal pitcher setup skill
2025,666808,"Doval, Camilo",508,69,1.1323932224884308,1.1314447752945995,0.0837559935008371,-0.4821110022885628,0.706349567250832,-0.0024858221094007206,0.04125505477926084,-0.07128160790204585,0.0663099636832444,observational predictive/calibration diagnostic; not causal pitcher setup skill
2025,666974,"Cano, Yennier",427,65,0.933560832928777,0.939921486359581,-0.6813325073685091,-1.4844231790756592,0.07321380615318551,-0.12343739505153303,0.04336188751497828,-0.19580895010366123,-0.051065839999404825,observational predictive/calibration diagnostic; not causal pitcher setup skill
2025,667297,"Nance, Tommy",208,30,1.334623269767063,1.341364716844656,-0.5051198514446427,-1.5594088716772743,0.5850914787369047,0.17868046846756958,0.08299216166741664,0.03766624358802462,0.31969469334711453,observational predictive/calibration diagnostic; not causal pitcher setup skill
2025,667463,"King, John",379,51,1.1387708580870748,1.1354380521920437,0.29266694623970513,-0.38914846633249084,1.070386622841237,0.020625218472155916,0.04929428091605851,-0.06198731462686789,0.10323775157117972,observational predictive/calibration diagnostic; not causal pitcher setup skill
2025,667755,"Soriano, José",1207,31,1.055492895488398,1.0514322561985967,0.38471498075998645,-0.24037999335007362,1.0249838692201976,0.0018076695751084548,0.03184248793102212,-0.052237339722055534,0.05585267887227244,observational predictive/calibration diagnostic; not causal pitcher setup skill
2025,668390,"Winn, Cole",273,33,1.1139354797760992,1.1139911237726043,-0.004995262069963317,-0.8964394330269121,0.9175776208443123,0.022814464694455597,0.06168806406022047,-0.0816782529267254,0.1273071823156366,observational predictive/calibration diagnostic; not causal pitcher setup skill
2025,668674,"Erceg, Lucas",460,61,1.1176366395021957,1.1194501539040795,-0.16226332761349563,-0.8293884136150287,0.5529995148583454,0.0038893816741252156,0.038081006333324244,-0.0597306083310692,0.06750937167931963,observational predictive/calibration diagnostic; not causal pitcher setup skill
2025,668678,"Gallen, Zac",1370,33,1.0378246906906148,1.0389094468087927,-0.10452209587113113,-0.5274328082548516,0.27709103621578046,-0.005662551139823798,0.02613657629264021,-0.04993500364319948,0.03860990136355188,observational predictive/calibration diagnostic; not causal pitcher setup skill
2025,668716,"Murdock, Noah",140,14,1.3914976990303616,1.3678365616356587,1.700407942549298,0.914172011474182,2.507743226726621,0.06973896015457763,0.07007055224761652,-0.05435132089596949,0.19382924120512474,observational predictive/calibration diagnostic; not causal pitcher setup skill
2025,668820,"Kranick, Max",283,24,1.0291072600574984,1.0189834234653792,0.9837494093233321,0.0320871669068749,1.9714871978269435,0.026099092057072035,0.09882053711309209,-0.14326661285772696,0.19546479697187102,observational predictive/calibration diagnostic; not causal pitcher setup skill
2025,668834,"McGee, Easton",118,9,0.812835487568604,0.8138817294300842,-0.12871508164706427,-2.3301362167074826,1.6442588361683534,-0.16327057592629027,0.06962266572668831,-0.2927372673460232,-0.03380388450655736,observational predictive/calibration diagnostic; not causal pitcher setup skill
2025,668881,"Greene, Hunter",913,19,1.1348850161812167,1.1364125026542244,-0.1345939413446115,-0.806736743638664,0.4560717707835169,0.058293855253910565,0.05263802008985982,-0.03298381970831822,0.14957153021613934,observational predictive/calibration diagnostic; not causal pitcher setup skill
2025,668909,"Williams, Gavin",1314,31,1.1404357503895055,1.1484028186763935,-0.6985986088358568,-1.2805466219366017,-0.10313626503915324,0.03151082429035353,0.02625612818448367,-0.013052675110567812,0.07607432369127487,observational predictive/calibration diagnostic; not causal pitcher setup skill
2025,668933,"Ashcraft, Graham",501,62,1.245532931537437,1.2398930839400006,0.45280598004541656,-0.11996471161263877,1.0000267004041155,-0.04355887363488366,0.058086444056242775,-0.14057598424075352,0.0534582369709862,observational predictive/calibration diagnostic; not causal pitcher setup skill
2025,668941,"Romero, JoJo",397,65,1.253027252717985,1.263708844887449,-0.8524628771077467,-1.5701052549670749,-0.041523311772526064,0.047819934758280384,0.046439272395932346,-0.029687815743172384,0.12532768525973315,observational predictive/calibration diagnostic; not causal pitcher setup skill
2025,668964,"Myers, Tobias",413,22,1.0127075831255743,1.0102008151785733,0.2475312705039942,-0.8201476135161833,1.1308943943249348,-0.021630971623402,0.04308911012479862,-0.09577625205912867,0.052514308812324675,observational predictive/calibration diagnostic; not causal pitcher setup skill
2025,668984,"Legumina, Casey",414,48,1.2130207961043806,1.1849480354917312,2.314285188086235,1.5365147193270285,2.9489699719707834,-0.00650203274984236,0.04402139227634893,-0.08036670317420684,0.06736263767452212,observational predictive/calibration diagnostic; not causal pitcher setup skill
2025,669020,"Rolison, Ryan",301,31,1.084625680780789,1.093108070487399,-0.7820568751888536,-1.6671226832115371,0.1077322119802271,0.01101808540104212,0.040307478330063096,-0.05739422100580748,0.07943039180789171,observational predictive/calibration diagnostic; not causal pitcher setup skill
2025,669022,"Gore, MacKenzie",1363,30,1.067343973848149,1.0714542945217678,-0.38509803534092085,-0.9057192709017586,0.16024260490313427,-0.01910254353354116,0.03228084337008238,-0.0739517969429428,0.03574670987586048,observational predictive/calibration diagnostic; not causal pitcher setup skill
2025,669060,"Wilson, Bryse",387,20,0.981219469094052,0.978132781422077,0.31457668434004266,-0.3651901131513545,1.3411672674783168,-0.1616334356695634,0.04539974056113521,-0.24013561670837985,-0.08313125463074696,observational predictive/calibration diagnostic; not causal pitcher setup skill
2025,669062,"Miller, Erik",220,36,1.1472075330136375,1.1501173478320539,-0.2536432802853345,-1.0577441552313056,0.7514792166595555,-0.04590922911034391,0.06822727411770216,-0.16118415232903782,0.06936569410834999,observational predictive/calibration diagnostic; not causal pitcher setup skill
2025,669084,"Hall, DL",255,20,1.2079830143577142,1.2019263394328714,0.5013874245626846,-0.5015684456616669,1.412167197970359,0.06118403513816893,0.0767395299436825,-0.07150880402817904,0.1938768743045169,observational predictive/calibration diagnostic; not causal pitcher setup skill
2025,669093,"Estrada, Jeremiah",622,77,1.2709950840054296,1.2724910585704168,-0.11770105044566302,-0.784247168250844,0.5630760330417117,0.14614996022366725,0.04100747472677676,0.07786630818266614,0.21443361226466834,observational predictive/calibration diagnostic; not causal pitcher setup skill
2025,669160,"May, Dustin",943,25,1.101664165454362,1.1073203600162709,-0.5134227597914087,-1.2806732834037393,0.1368773653302973,0.0017425989532266982,0.04069455519630732,-0.06788098628202058,0.07136618418847399,observational predictive/calibration diagnostic; not causal pitcher setup skill
2025,669194,"Nelson, Ryne",1209,33,1.0096275450003829,1.007151231510022,0.24527000106362545,-0.33337300931017033,0.8042760370158292,0.0021137623476176733,0.03227030950985562,-0.05254855183798661,0.05677607653322196,observational predictive/calibration diagnostic; not causal pitcher setup skill
2025,669199,"Bachar, Lake",514,53,1.1673324826538591,1.1711278861502505,-0.3251347454808036,-0.8057080474031796,0.1404421095932479,0.07452035081610259,0.045334859654687046,-0.00140144693329336,0.15044214856549853,observational predictive/calibration diagnostic; not causal pitcher setup skill
2025,669203,"Burnes, Corbin",452,11,0.9738000397493136,0.974163879512269,-0.03736288232736862,-0.9551762532027264,0.8882456807120981,-0.13101417128102788,0.03542856250854717,-0.19522706346487295,-0.06680127909718282,observational predictive/calibration diagnostic; not causal pitcher setup skill
2025,669211,"Akin, Keegan",520,63,1.005054047058139,1.0001710568645805,0.4858435432254865,-0.33242943014388304,1.198952507002783,-0.06505747581565186,0.03404612606124157,-0.12190783883012168,-0.008207112801182019,observational predictive/calibration diagnostic; not causal pitcher setup skill
2025,669276,"Lee, Dylan",552,74,1.3219139013392849,1.3268289467884442,-0.37181282715762404,-1.201642650057317,0.30828650194573703,0.14683740590142158,0.1256429061250631,-0.06248320124660198,0.35615801304944517,observational predictive/calibration diagnostic; not causal pitcher setup skill
2025,669302,"Gilbert, Logan",1031,24,1.1079459215759302,1.1031626435643527,0.43172486295845464,0.0011324954146414688,0.9277419751186375,0.07941886494011074,0.033432648537066796,0.022119600515257964,0.13671812936496353,observational predictive/calibration diagnostic; not causal pitcher setup skill
2025,669308,"Reynolds, Sean",200,19,0.9772273753577029,0.9823026462739283,-0.5193541487074699,-2.0202387117943017,0.8139845662097884,0.013646679250982867,0.07842895563657915,-0.12235411842343052,0.14964747692539626,observational predictive/calibration diagnostic; not causal pitcher setup skill
2025,669358,"Baz, Shane",1297,31,1.0457556087989883,1.0421918865679407,0.3407796430697986,-0.15002350693543243,0.883429218320779,0.015824651160842668,0.03470918461362018,-0.04308589028942365,0.07473519261110899,observational predictive/calibration diagnostic; not causal pitcher setup skill
2025,669371,"Henry, Cole",407,57,1.1540596357987887,1.1678523758831736,-1.1951496834770037,-2.0684576313198706,-0.34015453502854637,-0.023801069829281034,0.04917389118409333,-0.10604549956368864,0.058443359905126564,observational predictive/calibration diagnostic; not causal pitcher setup skill
2025,669372,"Ginn, J.T.",661,23,1.028318661464096,1.0391553624805867,-1.0538271279704072,-1.7681141300273704,-0.2768979301174602,-0.018443210598130304,0.025186787255364947,-0.06169256064239221,0.024806139446131602,observational predictive/calibration diagnostic; not causal pitcher setup skill
2025,669373,"Skubal, Tarik",1528,31,1.1344626440573207,1.132642828337591,0.16041213249838743,-0.2749698726125687,0.6813256400517449,0.08275899287983425,0.028473851063382977,0.03443143917925257,0.13108654658041594,observational predictive/calibration diagnostic; not causal pitcher setup skill
2025,669387,"Mlodzinski, Carmen",710,33,0.9831260479295995,0.981758183912956,0.13913414455085113,-0.45662514634589,0.7459011580686391,-0.033507412078151735,0.02729429502747594,-0.07974091132025868,0.012726087163955214,observational predictive/calibration diagnostic; not causal pitcher setup skill
2025,669422,"Sauer, Matt",249,10,1.1078864518004734,1.111504425172914,-0.3265653593435424,-1.5678055978525176,0.8163458810001201,-0.08965236352136853,0.032792716130860655,-0.149765115557774,-0.02953961148496307,observational predictive/calibration diagnostic; not causal pitcher setup skill
2025,669432,"Rogers, Trevor",841,18,0.9534668113918634,0.9551842905853739,-0.18012993981440695,-0.6325353155000677,0.3022098589099446,-0.001657852999230435,0.03769732117837515,-0.06723636647614413,0.06392066047768326,observational predictive/calibration diagnostic; not causal pitcher setup skill
2025,669438,"Englert, Mason",351,29,1.0309945044234219,1.0339644707883662,-0.28806810823935736,-1.2795119692905237,0.589953298657731,-0.02534850179464774,0.05823302916148952,-0.12441050909726761,0.07371350550797212,observational predictive/calibration diagnostic; not causal pitcher setup skill
2025,669461,"Liberatore, Matthew",1115,29,0.9970964306735812,0.999764580436149,-0.2675919480290704,-0.8052505296719571,0.2138210005891682,-0.027260738285752747,0.030670327386576202,-0.0794349809671211,0.024913504395615592,observational predictive/calibration diagnostic; not causal pitcher setup skill
2025,669467,"Pallante, Andre",1201,31,1.1136350000821116,1.1140328505611732,-0.03572539288297212,-0.44831386891722524,0.39137565373706146,0.07871162186061899,0.03719441403657614,0.015582997716557051,0.14184024600468093,observational predictive/calibration diagnostic; not causal pitcher setup skill
2025,669622,"Bender, Anthony",318,51,1.0748453761202257,1.089745730974507,-1.3862789183748245,-2.2145974222344655,-0.436606012562826,-0.01711046428749582,0.051141963725747114,-0.10281953829218424,0.06859860971719259,observational predictive/calibration diagnostic; not causal pitcher setup skill
2025,669674,"Long, Sam",352,39,1.247352583854461,1.2567665851833074,-0.7547185495664832,-1.7267766887008167,0.43251767301900734,0.0609997424626707,0.05500836030972371,-0.03174184794796689,0.1537413328733083,observational predictive/calibration diagnostic; not causal pitcher setup skill
2025,669684,"Murphy, Chris",242,23,1.1924138371415431,1.1921305124600654,0.02376059994043605,-1.3201861318931964,1.4823381153995838,-0.03135449098727246,0.059334156162599065,-0.13323980345047823,0.07053082147593331,observational predictive/calibration diagnostic; not causal pitcher setup skill
2025,669704,"Strowd, Kade",186,24,1.2425860378188684,1.2218430802553513,1.6693377305226778,0.5870468948580602,2.6297566503441754,-0.052029508371419834,0.06743240976069736,-0.16759999550765117,0.06354097876481152,observational predictive/calibration diagnostic; not causal pitcher setup skill
2025,669711,"Weissert, Greg",488,72,0.9971354545445048,1.0017595796539456,-0.4637409178829314,-1.2871310204450594,0.3726624543114388,-0.05252148781836511,0.03370951442675034,-0.108701753044408,0.0036587774076777824,observational predictive/calibration diagnostic; not causal pitcher setup skill
2025,669724,"Hanifee, Brenan",418,54,0.9372264004346973,0.9358298337962775,0.14901059528115457,-0.7595234340411292,0.8745261185887713,-0.06771690035760564,0.041567845757811486,-0.13730630586552794,0.0018725051503166862,observational predictive/calibration diagnostic; not causal pitcher setup skill
2025,669854,"Blanco, Ronel",366,9,1.101353076457021,1.1094644503695439,-0.7364916924386185,-1.2243159491079,-0.29244488038597505,0.030389608817900815,0.05506485917541636,-0.07200614199865991,0.13278535963446153,observational predictive/calibration diagnostic; not causal pitcher setup skill
2025,669920,"Alexander, Jason",516,17,1.0953548190712896,1.0992564643019558,-0.3561992116832186,-1.129199529780396,0.35509848084069334,0.06258564221348606,0.041368998013262895,-0.009639816121774267,0.1348111005487464,observational predictive/calibration diagnostic; not causal pitcher setup skill
2025,669923,"Kirby, George",965,22,1.1515418212581117,1.1486405754253044,0.25194446083057204,-0.25524030901028727,0.8234441175242015,0.025195882140487798,0.03313713319272816,-0.031824604620431095,0.08221636890140668,observational predictive/calibration diagnostic; not causal pitcher setup skill
2025,670036,"Festa, Matt",409,63,1.222630753503427,1.2127503385003708,0.808127472235103,0.014822559713159761,1.533429731916937,0.010646969788239796,0.04994790239213505,-0.07275624553489093,0.09405018511137053,observational predictive/calibration diagnostic; not causal pitcher setup skill
2025,670059,"Holderman, Colin",221,24,1.1800009141846242,1.18801280999628,-0.6789736953035973,-1.7684627895511256,0.3260675914872577,0.012300426534440793,0.06924760943527937,-0.10638107964123236,0.13098193271011394,observational predictive/calibration diagnostic; not causal pitcher setup skill
2025,670102,"Francis, Bowden",516,14,1.0436873066915409,1.0439432389573196,-0.02452192952217233,-0.6408764540282622,0.6436007758275647,0.07422323073157547,0.05644375381013326,-0.02573489788565081,0.17418135934880175,observational predictive/calibration diagnostic; not causal pitcher setup skill
2025,670167,"Schreiber, John",485,73,1.2453398178993245,1.243807115096501,0.12307506600156284,-0.5236147347064712,0.8121610077370643,-0.008109137601447422,0.05007000444987855,-0.09154047038155796,0.07532219517866312,observational predictive/calibration diagnostic; not causal pitcher setup skill
2025,670280,"Bednar, David",477,63,1.212450609947156,1.2278398279683564,-1.2692655597633837,-1.7670659639336042,-0.7135402416008596,0.13791465369021735,0.05883810992511388,0.03966653282292293,0.23616277455751178,observational predictive/calibration diagnostic; not causal pitcher setup skill
2025,670329,"Garcia, Rico",271,28,1.091309642138053,1.1072475372345023,-1.4604374854806912,-2.6409063964346813,-0.24543489788443917,0.09067029966197429,0.06679357315922678,-0.023098421748632247,0.20443902107258083,observational predictive/calibration diagnostic; not causal pitcher setup skill
2025,670912,"Oviedo, Johan",269,9,1.0865901762073882,1.103219777852756,-1.5304391673603563,-3.3115578000532753,-0.1421747620544716,0.03917629053717594,0.02502463690088468,-0.007358223901787447,0.08571080497613932,observational predictive/calibration diagnostic; not causal pitcher setup skill
2025,670955,"Uceta, Edwin",624,70,1.1156918062943053,1.1345363413548633,-1.6890448557786588,-2.472328480614581,-0.8049817656293893,0.009696935431056633,0.03018385639934142,-0.04062675350540136,0.060020624367514624,observational predictive/calibration diagnostic; not causal pitcher setup skill
2025,670970,"Morejon, Adrian",459,75,1.3391344480618774,1.3303047965029646,0.6593551208911158,-0.013723275869243204,1.3811276678280016,0.16669646421634557,0.049940126536198476,0.08351085122099046,0.2498820772117007,observational predictive/calibration diagnostic; not causal pitcher setup skill
2025,670990,"Ramírez, Yohan",288,23,1.131938140498744,1.1271746565447365,0.42082546594894443,-0.13161459994606636,0.987607538885191,0.05778013519685056,0.04819526501955859,-0.024978093003249352,0.14053836339695047,observational predictive/calibration diagnostic; not causal pitcher setup skill
2025,671096,"Abbott, Andrew",1301,29,1.0613338435748116,1.067607955436805,-0.5911534716410022,-1.1096724731714767,-0.10200180211899319,0.03733509475158693,0.03786445090292998,-0.027077293988380824,0.10174748349155469,observational predictive/calibration diagnostic; not causal pitcher setup skill
2025,671106,"Allen, Logan",1132,30,1.11874233670588,1.1297887626139502,-0.9873967888438276,-1.5630373596040046,-0.3952331147732807,0.04037107125814559,0.028610319337326974,-0.008241495565660617,0.0889836380819518,observational predictive/calibration diagnostic; not causal pitcher setup skill
2025,671109,"Eder, Jake",142,8,1.0424434550184556,1.047153590744104,-0.45183608789266877,-1.8814078863156332,0.6306588635829211,-0.05657676896480871,0.04040844471772267,-0.13313374379196832,0.019980205862350907,observational predictive/calibration diagnostic; not causal pitcher setup skill
2025,671131,"Rutledge, Jackson",623,63,1.0264960410991997,1.033455635941394,-0.677995293069224,-1.2965152318734305,-0.10091175930093109,-0.021237801205393186,0.035236378456840564,-0.08007565262447411,0.037600050213687744,observational predictive/calibration diagnostic; not causal pitcher setup skill
2025,671212,"Boyle, Joe",405,13,1.1522604939988472,1.149206369786089,0.26505501391955555,-0.5479746252302721,0.8699368719201794,0.07566250001937873,0.05066142026398236,-0.014630718868637288,0.16595571890739474,observational predictive/calibration diagnostic; not causal pitcher setup skill
2025,671737,"Bradley, Taj",1044,27,1.1901638375377612,1.1902859705249345,-0.010261863394034622,-0.474023961234131,0.3405031033770299,0.07064970209856007,0.04400606608169728,-0.004407832788493535,0.14570723698561366,observational predictive/calibration diagnostic; not causal pitcher setup skill
2025,671922,"Smith, Cade",599,76,1.1218009347981066,1.1206636368824514,0.10138143768438958,-0.4218304114683663,0.6478864785352924,-0.02375699672410219,0.038809784445558805,-0.08839179647291517,0.0408778030247108,observational predictive/calibration diagnostic; not causal pitcher setup skill
2025,672282,"Detmers, Reid",520,61,1.3511777525185398,1.3564616621635985,-0.39105955047067364,-1.0900831821183437,0.2574285004669114,0.08190541919150823,0.0432101030549064,0.00971650957041649,0.1540943288126,observational predictive/calibration diagnostic; not causal pitcher setup skill
2025,672335,"Pérez, Cionel",186,18,1.091115195632064,1.106512963367062,-1.4111954261693211,-2.1424119868563074,-0.7210351446827861,-0.008104226866053861,0.0784421310602784,-0.14456268566617655,0.12835423193406884,observational predictive/calibration diagnostic; not causal pitcher setup skill
2025,672391,"Ort, Kaleb",357,49,1.0486391701576365,1.0582934256512246,-0.9206460876467927,-1.766206577777814,-0.10625679704739831,-0.009488921989699578,0.050114454639341194,-0.09354209788637827,0.0745642539069791,observational predictive/calibration diagnostic; not causal pitcher setup skill
2025,672456,"Montero, Keider",682,20,1.0785292459534015,1.0844617513968444,-0.5500551297706144,-1.0834888368879925,-0.030186779451575198,0.04107141937369782,0.037138437772746606,-0.023145871947802918,0.10528871069519856,observational predictive/calibration diagnostic; not causal pitcher setup skill
2025,672578,"Hernández, Carlos",366,41,1.0696669453558951,1.0741491378776646,-0.4190269262062813,-1.3891283044398657,0.521534227371837,-0.014806314974053597,0.04974262145350992,-0.09856547851451804,0.06895284856641083,observational predictive/calibration diagnostic; not causal pitcher setup skill
2025,672582,"Zerpa, Angel",451,68,1.2490316346912878,1.2491988480389922,-0.013387438961518568,-0.8790188789667167,0.7902320014108979,0.07633534498566065,0.04461970883802832,0.0019134136079317493,0.15075727636338954,observational predictive/calibration diagnostic; not causal pitcher setup skill
2025,672782,"Gómez, Yoendrys",507,21,1.0959913531454957,1.0945296145534236,0.1333713617244272,-0.5434539786957318,0.6376484992801734,-0.019907195069512443,0.05951415138236052,-0.12255233767061903,0.08273794753159415,observational predictive/calibration diagnostic; not causal pitcher setup skill
2025,672841,"Vargas, Carlos",510,69,1.1035702661639637,1.0891550497954743,1.3062345743146053,0.6139011961121525,2.0300702662140617,-0.08789033990095782,0.04466989888363115,-0.16238062506529294,-0.013400054736622716,observational predictive/calibration diagnostic; not causal pitcher setup skill
2025,673513,"Matsui, Yuki",498,61,1.213727489619742,1.20669440324362,0.579461735543752,-0.08244472885737089,1.258539829112526,-0.011869828367562002,0.04675737541811968,-0.0899849845357636,0.06624532780063959,observational predictive/calibration diagnostic; not causal pitcher setup skill
2025,673540,"Senga, Kodai",847,22,1.1472596173008043,1.1449234111471496,0.20363360815847775,-0.34712927747673405,0.8898884306998094,0.07555234366161773,0.043025211987413554,0.001517015492299309,0.14958767183093613,observational predictive/calibration diagnostic; not causal pitcher setup skill
2025,673929,"Leasure, Jordan",539,68,1.329553559349359,1.3350341036884326,-0.41220936911751505,-1.0633944551992545,0.2605195496381463,0.07365025482708705,0.048063298371144536,-0.006515295023298048,0.15381580467747213,observational predictive/calibration diagnostic; not causal pitcher setup skill
2025,674285,"Salazar, Eduardo",253,30,1.021148548195537,1.025807624797148,-0.45625845621032113,-1.308827669222687,0.5278493006914623,-0.0753805089498643,0.0565648745532025,-0.17149141605568757,0.020730398155958965,observational predictive/calibration diagnostic; not causal pitcher setup skill
2025,674370,"Bido, Osvaldo",643,25,1.1101060939466265,1.1092189033003732,0.0799194465367909,-0.5766520037639002,0.8063437679420491,0.045146192785583426,0.041577555724377574,-0.025988102229689815,0.11628048780085667,observational predictive/calibration diagnostic; not causal pitcher setup skill
2025,674384,"Núñez, Eduarniel",105,10,1.458844156830766,1.480922483238905,-1.5134122657832456,-3.2694877774649056,-0.0795639971159317,0.12507411199010765,0.09801554335011166,-0.05459944812631004,0.3047476721065253,observational predictive/calibration diagnostic; not causal pitcher setup skill
2025,674444,"Cruz, Steven",306,46,1.0156735418048586,1.0050362768805805,1.0473114132101524,0.20604184973582926,1.998480756870887,-0.08483186317164047,0.04018508443951994,-0.15231979475541813,-0.01734393158786282,observational predictive/calibration diagnostic; not causal pitcher setup skill
2025,675512,"Melton, Troy",313,16,1.0700306908610877,1.076260412098753,-0.5822002388222896,-1.3786611675396263,0.14385053449974372,-0.035286933281088985,0.04409892149582769,-0.11259456329500855,0.04202069673283059,observational predictive/calibration diagnostic; not causal pitcher setup skill
2025,675848,"Mejia, Juan",506,55,1.072551449545817,1.0628125713893215,0.9080103486522303,0.09374892101067775,1.686955370103354,0.028626721764455586,0.03713294021599633,-0.03351766385070869,0.09077110737961985,observational predictive/calibration diagnostic; not causal pitcher setup skill
2025,675911,"Strider, Spencer",981,23,1.1415804910093588,1.1344914030543778,0.6209888843416623,0.1328072811642986,1.15762291991809,0.06873199452954708,0.038720806289264734,0.0022427798384690306,0.13522120922062514,observational predictive/calibration diagnostic; not causal pitcher setup skill
2025,676083,"Junk, Janson",827,21,1.1440319966195613,1.1320681132857449,1.045764748640596,0.5958103817852141,1.4514986460936141,0.05281455461343195,0.04795639204987473,-0.029896709619648416,0.13552581884651232,observational predictive/calibration diagnostic; not causal pitcher setup skill
2025,676092,"Snider, Collin",248,24,1.218074452789071,1.2210353753896328,-0.24308223473384324,-1.0851971780607923,0.44750964487935996,-0.023348649100985795,0.0798878982473018,-0.16026624331858966,0.11356894511661805,observational predictive/calibration diagnostic; not causal pitcher setup skill
2025,676106,"Hancock, Emerson",688,22,0.9069379875255263,0.9060911006872906,0.09337869290781493,-0.8666991990805155,0.954027701501064,-0.08428682276348703,0.038255533609846515,-0.15011476071591168,-0.01845888481106238,observational predictive/calibration diagnostic; not causal pitcher setup skill
2025,676130,"Buttó, José",498,55,1.05688324069672,1.0582508849502201,-0.12940353303347463,-0.7316823058607745,0.4822871405051537,-0.031231479354516624,0.0397397239258635,-0.0977384867049651,0.035275527995931845,observational predictive/calibration diagnostic; not causal pitcher setup skill
2025,676254,"Walker, Ryan",427,66,1.1801538174058002,1.1811615818107668,-0.08539263188436266,-0.7895754743340867,0.5262524861973259,0.055091639914145375,0.04310827443916821,-0.016840377671760158,0.1270236575000509,observational predictive/calibration diagnostic; not causal pitcher setup skill
2025,676263,"Dreyer, Jack",557,66,1.1251243853490562,1.1188361575841073,0.5588917853734033,-0.10476533517875078,1.297547200507906,-0.014603709153909732,0.03710302013831171,-0.07651514336929288,0.04730772506147341,observational predictive/calibration diagnostic; not causal pitcher setup skill
2025,676282,"Cantillo, Joey",686,34,1.4164449082259791,1.411516757682798,0.34792391250523697,-0.1450657400737902,0.7787248949523342,0.27214983797593406,0.0385044896109445,0.20698636803890036,0.33731330791296776,observational predictive/calibration diagnostic; not causal pitcher setup skill
2025,676395,"Garcia, Robert",487,71,1.04772161972382,1.0418191213385681,0.5633651414779198,-0.0812407421020549,1.270090263182225,-0.014925863356473267,0.038343619110235934,-0.07884139723073222,0.04898967051778569,observational predictive/calibration diagnostic; not causal pitcher setup skill
2025,676428,"Hurter, Brant",451,43,1.3214969633133158,1.3083205269386338,0.9970841205450504,0.1842175958097562,1.794191311841461,0.12462015611746997,0.06913630456371063,0.008336185669943486,0.24090412656499646,observational predictive/calibration diagnostic; not causal pitcher setup skill
2025,676440,"Bibee, Tanner",1323,31,1.133084647783796,1.1253191817080275,0.6853385659188889,0.28964441882171493,1.061061590018171,0.04579325007742413,0.033030110758295546,-0.010267464992497172,0.10185396514734543,observational predictive/calibration diagnostic; not causal pitcher setup skill
2025,676467,"Gordon, Colton",707,20,1.0766453133594467,1.0792981586065022,-0.24639918217616066,-0.8677326136694721,0.3374486144721616,0.07625279657554121,0.0469496563443363,-0.004929394699103085,0.1574349878501855,observational predictive/calibration diagnostic; not causal pitcher setup skill
2025,676477,"Whitlock, Garrett",611,62,1.1223827502400567,1.122954061607327,-0.05090165250205818,-0.6641681463348823,0.5087150605232956,-0.021001816980739968,0.03487386259971787,-0.07924882176923698,0.03724518780775705,observational predictive/calibration diagnostic; not causal pitcher setup skill
2025,676508,"Casparius, Ben",615,46,1.1112154005947223,1.1060518585932382,0.46467516547381493,-0.22860649506261385,1.099836011044436,-0.04794616594211314,0.032255353629572284,-0.10211669038730536,0.006224358503079085,observational predictive/calibration diagnostic; not causal pitcher setup skill
2025,676534,"Faucher, Calvin",438,65,1.0451675620514822,1.0406131401650716,0.4357599730201343,-0.5229077676200268,1.3209405409361827,-0.07942267111660205,0.04082935867863005,-0.14756740255461598,-0.01127793967858813,observational predictive/calibration diagnostic; not causal pitcher setup skill
2025,676571,"Poulin, PJ",178,28,1.4378668563222048,1.4386655815985434,-0.055549321053387654,-0.8475603707728934,0.8277885477706165,0.0898317612001499,0.0829348415140831,-0.051430196098583625,0.23109371849888344,observational predictive/calibration diagnostic; not causal pitcher setup skill
2025,676604,"Zuber, Tyler",110,10,0.9844965758222889,0.987743464776824,-0.32980195505740373,-1.5415786234206417,0.7699511976012007,-0.032463154444203446,0.07484301682037388,-0.16965885649663906,0.10473254760823217,observational predictive/calibration diagnostic; not causal pitcher setup skill
2025,676617,"O'Brien, Riley",328,42,1.0519785887003046,1.0487316141439535,0.30865405353569825,-0.7206156807279956,1.4933231108414406,-0.07581979037804693,0.04793896651412608,-0.1564952225696462,0.004855641813552358,observational predictive/calibration diagnostic; not causal pitcher setup skill
2025,676661,"Lazar, Max",288,36,0.9507768767116429,0.9523852348069908,-0.16916251696302975,-1.1173965371355168,0.750297213657758,-0.07846370825619027,0.046689354323130386,-0.1573487553920953,0.00042133887971478046,observational predictive/calibration diagnostic; not causal pitcher setup skill
2025,676664,"Sears, JP",1082,27,1.0296588330703844,1.0388036707805435,-0.8881425008407544,-1.4768312749042347,-0.22792324276994272,-0.002833247201464139,0.03480177489071733,-0.062191778094499925,0.05652528369157164,observational predictive/calibration diagnostic; not causal pitcher setup skill
2025,676684,"Vest, Will",525,64,0.9607489723286837,0.9652855351033022,-0.47219022921487896,-1.3127103689865325,0.23424716598082207,-0.0925404092845385,0.03791725253088388,-0.1558395549006143,-0.029241263668462678,observational predictive/calibration diagnostic; not causal pitcher setup skill
2025,676702,"Stratton, Hunter",176,15,0.8329068558527958,0.8293493522084379,0.42711902529791224,-0.12097629653883397,1.035613962056239,-0.18149194326541407,0.0755227751943322,-0.31451097269703987,-0.04847291383378824,observational predictive/calibration diagnostic; not causal pitcher setup skill
2025,676755,"Mattson, Isaac",380,44,1.0238263196135764,1.0162190815312548,0.7430203674772524,-0.1829259765990543,1.6278395205574154,-0.00983928747088578,0.04188057558818201,-0.08024349612543717,0.06056492118366562,observational predictive/calibration diagnostic; not causal pitcher setup skill
2025,676879,"Ashby, Aaron",417,43,1.282168039905034,1.2832766711241401,-0.08646536059254736,-0.9288860712925706,0.823321303153668,0.10259453831332495,0.04687592337711536,0.02375146848071831,0.18143760814593157,observational predictive/calibration diagnostic; not causal pitcher setup skill
2025,676917,"Cavalli, Cade",383,10,1.088600499892465,1.0780591319153907,0.9683412765395166,-0.3310144488742466,2.051200267695094,0.04649663737035848,0.07214508936442614,-0.085753458971211,0.17874673371192795,observational predictive/calibration diagnostic; not causal pitcher setup skill
2025,676961,"Boushley, Caleb",307,25,0.795428377545512,0.8029007787376915,-0.9394184823072799,-1.887790769087184,-0.014617640866544488,-0.18739747588598168,0.03637581563555884,-0.24963220699894847,-0.1251627447730149,observational predictive/calibration diagnostic; not causal pitcher setup skill
2025,676962,"Brown, Ben",819,25,1.217759686703853,1.2202847745494412,-0.20735518453752036,-0.8384897853830979,0.38620868575630524,0.10659950667695138,0.031622050610510516,0.05249790695743995,0.16070110639646282,observational predictive/calibration diagnostic; not causal pitcher setup skill
2025,676974,"Meyer, Max",472,12,1.0257197355036924,1.009040039002558,1.6261456150050257,0.7516395798825061,2.4504296043305787,0.000883310847408165,0.05006320293069002,-0.08902443527151782,0.09079105696633416,observational predictive/calibration diagnostic; not causal pitcher setup skill
2025,676979,"Crochet, Garrett",1593,32,1.2191696512839219,1.214588504385458,0.3757595912627218,-0.014481196791122333,0.8247882873286458,0.07996826904398985,0.030097641760803685,0.02893715212821041,0.1309993859597693,observational predictive/calibration diagnostic; not causal pitcher setup skill
2025,677161,"Kelly, Zack",279,28,1.1501509920664161,1.1467569973097471,0.2950912341145205,-0.6931718246945693,1.3314804242321876,-0.07170514838762852,0.04257497646834149,-0.14422261388304602,0.000812317107788979,observational predictive/calibration diagnostic; not causal pitcher setup skill
2025,677944,"Cecconi, Slade",933,23,1.1467322755744997,1.147066019040417,-0.02910386958019718,-0.5763398906834881,0.5453961612286469,0.12935524824652878,0.04760187515829448,0.04761595610851281,0.21109454038454473,observational predictive/calibration diagnostic; not causal pitcher setup skill
2025,677952,"Ashcraft, Braxton",543,26,0.9881980225495709,0.9996732242921869,-1.1612249246370439,-2.0208350537594373,-0.34644669569468267,-0.030198207059516858,0.04397667862683272,-0.10531656436648501,0.0449201502474513,observational predictive/calibration diagnostic; not causal pitcher setup skill
2025,677955,"Hill, Jaden",237,28,1.15604247976637,1.1612611384212774,-0.4514244715265281,-1.5314203320286437,0.5865944811747413,0.15136350087657918,0.08267145828496172,0.010550161188805085,0.2921768405643533,observational predictive/calibration diagnostic; not causal pitcher setup skill
2025,677958,"Rocker, Kumar",547,14,1.2366056552272653,1.2409524844076434,-0.3515129630859602,-1.0259785470253435,0.4328348590163077,0.10072463034148456,0.03475267395535452,0.03917995943410403,0.16226930124886507,observational predictive/calibration diagnostic; not causal pitcher setup skill
2025,677960,"Weathers, Ryan",306,8,0.9113086152073913,0.9108318434844628,0.05231726277710406,-0.8395935885410104,1.0630011454247854,-0.04483019816628554,0.04949473857930362,-0.1386018709431571,0.04894147461058601,observational predictive/calibration diagnostic; not causal pitcher setup skill
2025,678020,"Halvorsen, Seth",294,42,1.230990670430697,1.232011984084512,-0.08296680700737222,-0.739234394544344,0.6765476062048348,0.1001956800208766,0.06637897104671876,-0.011512030157850336,0.21190339019960353,observational predictive/calibration diagnostic; not causal pitcher setup skill
2025,678022,"Perkins, Jack",301,12,1.0791378543929906,1.0668405417527114,1.1395497424373575,0.1419484685185086,1.914115901766679,0.021342531349299317,0.046604283945028704,-0.06235339467415033,0.10503845737274897,observational predictive/calibration diagnostic; not causal pitcher setup skill
2025,678024,"Vasil, Mike",681,47,1.0224506458624816,1.009428874795123,1.2735843162751423,0.4935344794132152,2.0105010923447684,-0.09130097250425954,0.0413554130438988,-0.1607226672673457,-0.021879277741173417,observational predictive/calibration diagnostic; not causal pitcher setup skill
2025,678226,"Hernández, Daysbel",300,39,1.1140265598550998,1.1076911819233937,0.568691821183353,-0.1727914156345587,1.3901928231189136,-0.03175576050927881,0.06275970778272798,-0.1375657697643301,0.0740542487457725,observational predictive/calibration diagnostic; not causal pitcher setup skill
2025,678368,"Bellozo, Valente",642,32,0.8917195575590031,0.890814737838357,0.10146909002681026,-0.6608295294766866,0.8113366856845496,-0.06749031198813124,0.037824203740206445,-0.13162195986449282,-0.003358664111769674,observational predictive/calibration diagnostic; not causal pitcher setup skill
2025,678394,"Bello, Brayan",1187,29,0.9949053122069376,0.9929031126869945,0.2012452336294948,-0.13933477986264184,0.4847417554885344,-0.03904855557181183,0.025246426030045895,-0.08199603187117951,0.003898920727555856,observational predictive/calibration diagnostic; not causal pitcher setup skill
2025,678495,"Rodríguez, Randy",397,50,1.2357452588704625,1.2401030922253495,-0.35264819537889686,-1.0237679986231771,0.3529517423783309,0.11130342419164255,0.050367248258272435,0.026860169165581246,0.19574667921770383,observational predictive/calibration diagnostic; not causal pitcher setup skill
2025,678606,"Ferrer, José A.",585,72,1.0027207628864405,1.011388057024571,-0.8643776471906875,-1.6939409877625768,-0.1463552929932651,-0.031983603135015054,0.038179699265094666,-0.095613876885308,0.031646670615277886,observational predictive/calibration diagnostic; not causal pitcher setup skill
2025,678692,"Henriquez, Ronny",554,69,1.1767827798299981,1.1723070036287857,0.3803400489816,-0.30832078259906165,1.0467601786183216,0.0026960350967258693,0.040358216767674496,-0.06460420848743303,0.06999627868088476,observational predictive/calibration diagnostic; not causal pitcher setup skill
2025,678821,"Peralta, Luis",178,22,1.1263027508127728,1.1281257243000078,-0.16185465994108422,-1.528008837952313,1.036251297889614,0.06368676045376248,0.06292405819754314,-0.04458936610578146,0.17196288701330642,observational predictive/calibration diagnostic; not causal pitcher setup skill
2025,678906,"Teng, Kai-Wei",239,8,1.0728829769268595,1.0610260752048397,1.1051439883949394,0.48636856076691554,1.924107407075697,0.05241004475130129,0.08939674213989168,-0.11695911027168562,0.2217791997742882,observational predictive/calibration diagnostic; not causal pitcher setup skill
2025,679358,"Orze, Eric",330,33,1.1697152084689297,1.1788994577051313,-0.7851696865789242,-1.5144646678744904,0.036207335888169385,-0.006881893542742928,0.06340066248138015,-0.11427556236002603,0.10051177527454017,observational predictive/calibration diagnostic; not causal pitcher setup skill
2025,679775,"Backhus, Kyle",185,32,1.4327214921428908,1.4328035373250512,-0.005726526935637664,-0.8369258085763801,0.7682713163226579,0.21774023085910207,0.11635912622286926,0.020451146827602185,0.41502931489060196,observational predictive/calibration diagnostic; not causal pitcher setup skill
2025,680573,"Woods Richardson, Simeon",857,23,1.0591898857925552,1.0581887775577465,0.094516408081042,-0.4918955756105792,0.5685591274884412,0.039401284039639654,0.024829574355130557,-0.003234679882528714,0.08203724796180803,observational predictive/calibration diagnostic; not causal pitcher setup skill
2025,680689,"Richardson, Lyon",263,34,1.1732347686098143,1.1823313888999076,-0.7753452704842879,-1.8663074781643447,0.2948405155272143,0.17158618871500317,0.22968961422528472,-0.21713139779636018,0.5603037752263665,observational predictive/calibration diagnostic; not causal pitcher setup skill
2025,680704,"Sandlin, Nick",124,19,1.4600042168184835,1.4751341673243965,-1.036294986796877,-2.0616687958145956,-0.06823639847458236,0.3655410508134718,0.14627855251831734,0.11188473646276542,0.6191973651641782,observational predictive/calibration diagnostic; not causal pitcher setup skill
2025,680730,"Parker, Mitchell",1349,33,1.0836286719844124,1.0939001118871257,-0.9478745042712519,-1.4058833719364168,-0.3979909663672301,0.028384709548338844,0.023355388351087435,-0.011176719993700141,0.06794613909037783,observational predictive/calibration diagnostic; not causal pitcher setup skill
2025,680732,"Burke, Sean",1088,28,1.1287304246794443,1.1274503190581893,0.11341110271024919,-0.25350867133168675,0.48454257196862005,-0.00888212312864359,0.041387953611441666,-0.07937774630709554,0.06161350004980837,observational predictive/calibration diagnostic; not causal pitcher setup skill
2025,680735,"Cox, Austin",193,13,1.237024883804308,1.2385597860384465,-0.12408014214056921,-1.3883604761667825,1.3602218061087596,0.21143043327326938,0.31351070592166164,-0.3473357964537416,0.7701966630002803,observational predictive/calibration diagnostic; not causal pitcher setup skill
2025,680736,"Wrobleski, Justin",525,24,1.0036538294728656,0.9925446424012084,1.1068743769444849,0.2435020699961841,2.1868745651402386,-0.09139327551343825,0.043744943908533535,-0.16636648936116555,-0.016420061665710958,observational predictive/calibration diagnostic; not causal pitcher setup skill
2025,680742,"Bowlan, Jonathan",335,33,1.193612123330023,1.1840988420778262,0.7970161383461691,0.2367581279294499,1.3746245863693032,0.0257044726893795,0.05221619446041213,-0.06274395159052844,0.11415289696928745,observational predictive/calibration diagnostic; not causal pitcher setup skill
2025,680755,"Fisher, Braydon",356,52,1.3727934650483835,1.3916786861436228,-1.375678248481004,-2.1547924593262193,-0.6654615676713533,0.18765261068468986,0.059478600687913795,0.08800900607989519,0.2872962152894845,observational predictive/calibration diagnostic; not causal pitcher setup skill
2025,680767,"Vodnik, Victor",396,52,1.1552469545792037,1.158331899406018,-0.26703769393948523,-1.2412415843365625,0.6590470975665677,0.07021596730317338,0.053986396412976236,-0.020226630135159046,0.1606585647415058,observational predictive/calibration diagnostic; not causal pitcher setup skill
2025,680880,"Holman, Grant",167,22,1.1046633399363988,1.0898513093104771,1.3408637808849997,0.3876922411760372,2.199896888573686,-0.04023207556527829,0.07649650445168477,-0.1718628926904321,0.09139874155987553,observational predictive/calibration diagnostic; not causal pitcher setup skill
2025,680885,"Schwellenbach, Spencer",787,17,0.975301992554271,0.9725948945415199,0.27756510633811815,-0.4101672357390256,0.8115479354792117,-0.005234702900282165,0.034619918553862816,-0.06567705357748455,0.05520764777692022,observational predictive/calibration diagnostic; not causal pitcher setup skill
2025,681006,"Simpson, Josh",269,31,1.1737565489403234,1.1750509371619537,-0.11027740145934631,-0.9299662305328029,0.7649939511706904,-0.011849835614151812,0.05199106564106508,-0.10009223777907056,0.07639256655076693,observational predictive/calibration diagnostic; not causal pitcher setup skill
2025,681168,"Curvelo, Luis",140,17,1.1018172488379043,1.1131028870540023,-1.024274962839899,-2.406063741818688,0.30744777889901603,0.016646166351527457,0.0869311816475888,-0.13512556464640338,0.1684178973494583,observational predictive/calibration diagnostic; not causal pitcher setup skill
2025,681190,"Vásquez, Randy",969,28,0.9616188822854832,0.9612006299369881,0.043494606459996026,-0.5250629106448104,0.5942642992052202,-0.04240648802297331,0.027297657088504592,-0.0889022719371079,0.0040892958911612695,observational predictive/calibration diagnostic; not causal pitcher setup skill
2025,681217,"Silseth, Chase",102,10,1.1593377101322908,1.1530048350316302,0.5462493840503171,-0.7000595861940483,1.9675795237683968,-0.008630843238657992,0.11213170802378086,-0.2141809273778838,0.19691924090056784,observational predictive/calibration diagnostic; not causal pitcher setup skill
2025,681343,"Smith, Shane",1124,29,1.0485327490649907,1.0471157366122694,0.13514241247923417,-0.4013858307496156,0.6325651976080982,-0.01778010494804814,0.028196607355115897,-0.06574622596118607,0.03018601606508978,observational predictive/calibration diagnostic; not causal pitcher setup skill
2025,681347,"Burrows, Mike",695,22,1.1710804268524104,1.1819096477238182,-0.9247205079256792,-1.5972094949480766,-0.32263286929595053,0.09691662266406935,0.03918600491836377,0.029487582811243543,0.16434566251689514,observational predictive/calibration diagnostic; not causal pitcher setup skill
2025,681517,"Leahy, Kyle",649,62,0.9448714919637836,0.9438819249564904,0.10473032742649643,-0.6259380805606807,0.7870770460364012,-0.10212437802867097,0.037921089063556256,-0.1654609198285418,-0.03878783622880014,observational predictive/calibration diagnostic; not causal pitcher setup skill
2025,681676,"Fernandez, Ryan",252,31,1.260544313925262,1.2636167572609676,-0.2437394149308722,-1.354059585061338,1.0494484035985103,0.14208553206836985,0.07434379206064168,0.015904721642768377,0.2682663424939713,observational predictive/calibration diagnostic; not causal pitcher setup skill
2025,681857,"Olson, Reese",498,13,1.0582834586294092,1.0590250776359238,-0.07007753928942764,-0.5462586375630442,0.3826612514110747,-0.05602426918646127,0.0452599924306455,-0.13669059046438314,0.024642052091460594,observational predictive/calibration diagnostic; not causal pitcher setup skill
2025,681869,"Dubin, Shawn",236,30,1.10255547915119,1.1077610936015927,-0.4721408172956691,-1.4473748383228124,0.4156008655313539,0.006418456372290658,0.06619688714370117,-0.10605846364595982,0.11889537639054114,observational predictive/calibration diagnostic; not causal pitcher setup skill
2025,681870,"Sabrowski, Erik",228,33,1.2953050252527145,1.3014571512508908,-0.4749557732145738,-1.4366000114044744,0.5105752140095785,-0.029491952483028838,0.07482078701261684,-0.15623004174891453,0.09724613678285686,observational predictive/calibration diagnostic; not causal pitcher setup skill
2025,681882,"Selby, Colin",102,11,1.4070142348916619,1.4145226264861066,-0.5336400590874444,-2.4186297435496718,1.6071689831489293,0.07434127402486064,0.10693331763847137,-0.1194712069281408,0.2681537549778621,observational predictive/calibration diagnostic; not causal pitcher setup skill
2025,681892,"Funderburk, Kody",286,39,1.3002893392168753,1.3001976971060096,0.007047824518867274,-0.8029012160043603,0.7737650883468059,0.037426222294068515,0.0555465081807245,-0.0562226609199121,0.13107510550804913,observational predictive/calibration diagnostic; not causal pitcher setup skill
2025,681895,"Sisk, Evan",124,19,1.2372977910934904,1.2258173828903005,0.9278613673951314,-0.029089072785225288,1.6661715911536803,0.1031199106023033,0.0758745153646171,-0.028451325161222507,0.2346911463658291,observational predictive/calibration diagnostic; not causal pitcher setup skill
2025,681911,"Vesia, Alex",500,68,1.3600095179905645,1.3495231606226463,0.7710502926047074,-0.0050765575483836,1.5064062440344481,0.1121518394747596,0.054915141010694564,0.020557990874540646,0.20374568807497856,observational predictive/calibration diagnostic; not causal pitcher setup skill
2025,681982,"Anderson, Grant",540,66,1.0026631307612839,1.0059004277251957,-0.32286985175707344,-1.122685699776859,0.34365773911534797,-0.061049663670762644,0.04610040477906563,-0.137974457586246,0.01587513024472069,observational predictive/calibration diagnostic; not causal pitcher setup skill
2025,682052,"Lopez, Jacob",737,21,1.0989478777632071,1.1022562468707875,-0.3010487735154771,-0.9160057953804226,0.28495701746372676,0.04759533894501379,0.04293112512468417,-0.026448755746643973,0.12163943363667155,observational predictive/calibration diagnostic; not causal pitcher setup skill
2025,682120,"Herrin, Tim",303,54,1.4052121022121644,1.4232380002652787,-1.282788414982827,-2.0668687562133616,-0.4869118345008042,0.17019907283424457,0.05935496757953841,0.07083195788035317,0.26956618778813596,observational predictive/calibration diagnostic; not causal pitcher setup skill
2025,682171,"Murfee, Penn",104,15,1.3334100345996152,1.3332161272493603,0.01454221471439902,-1.6345167396864435,1.3560190889925399,0.07277751255112658,0.08651591885489791,-0.07960385223388314,0.2251588773361363,observational predictive/calibration diagnostic; not causal pitcher setup skill
2025,682243,"Miller, Bryce",771,18,1.0057759968359863,1.003148551844434,0.26123560313806626,-0.29455230721317976,0.7680189338733546,-0.041524824173199186,0.04230036642386335,-0.11511082611959206,0.03206117777319368,observational predictive/calibration diagnostic; not causal pitcher setup skill
2025,682254,"Montgomery, Mason",425,57,1.2448499929289119,1.2338482048299053,0.8837842440052771,0.00786923820993106,1.5946839763838905,0.048202385377285356,0.04982553142290322,-0.03513192719011328,0.13153669794468398,observational predictive/calibration diagnostic; not causal pitcher setup skill
2025,682274,"Hiraldo, Yaramil",164,17,1.135760109174503,1.141850136802677,-0.5362072130355342,-1.8545107923605726,0.5198185648012446,-0.08481317664664254,0.06551252154564209,-0.1991904186048752,0.029564065311590143,observational predictive/calibration diagnostic; not causal pitcher setup skill
2025,682610,"Muñoz, Roddery",111,9,1.2005220446088092,1.1896286756745589,0.9073859978806056,-0.4634629404887023,2.5511888697807437,-0.017785738663231253,0.15984637788292425,-0.31502775696184526,0.2794562796353828,observational predictive/calibration diagnostic; not causal pitcher setup skill
2025,682790,"González, Wikelman",153,16,1.0698557925383565,1.0923501675934704,-2.1025614117341216,-3.4423393541435745,-0.3848360719650269,0.07123700755147003,0.06511896582292616,-0.04291981864674316,0.1853938337496832,observational predictive/calibration diagnostic; not causal pitcher setup skill
2025,682825,"Mey, Luis",163,23,1.2319549343990603,1.2385558435620585,-0.5358076808400385,-2.039924267577007,0.7413901409373734,0.18406885677994278,0.16511477953332857,-0.09945705802274635,0.4675947715826319,observational predictive/calibration diagnostic; not causal pitcher setup skill
2025,682842,"Uribe, Abner",518,75,1.280835420859434,1.2934452316417118,-0.9844989119536297,-1.6194302746145453,-0.25406661475232234,0.13962295501069036,0.05035742730083986,0.05574224125532891,0.22350366876605182,observational predictive/calibration diagnostic; not causal pitcher setup skill
2025,682847,"Ortiz, Luis",669,16,0.9895908801573393,0.9935744989215461,-0.4025520893617576,-0.8576624529442776,0.03552580517431283,-0.03333829828469318,0.03724605292623021,-0.09863250461516546,0.03195590804577909,observational predictive/calibration diagnostic; not causal pitcher setup skill
2025,682990,"Priester, Quinn",1100,29,0.9720990360098236,0.9723478432164184,-0.025594841407937736,-0.4801604749196472,0.3833399628119176,-0.027828538750228487,0.02661907451750628,-0.07311106985348838,0.017453992353031408,observational predictive/calibration diagnostic; not causal pitcher setup skill
2025,683004,"Leiter, Jack",1208,29,1.0796295994565897,1.0784290771314595,0.11119761126726084,-0.4504277980870256,0.5894116684701598,0.04129595920917804,0.02949896947885901,-0.00888565030027557,0.09147756871863166,observational predictive/calibration diagnostic; not causal pitcher setup skill
2025,683175,"Phillips, Connor",155,21,1.2205325722943938,1.235163428406174,-1.1987272149793384,-2.1291303028296844,-0.20768476900889346,0.03226819683069816,0.07032679037522262,-0.08902570149551434,0.15356209515691066,observational predictive/calibration diagnostic; not causal pitcher setup skill
2025,683232,"Mears, Nick",448,63,1.1061253176506256,1.10684741840362,-0.06528200209069969,-0.8146901513188667,0.673582618208906,0.06978188754300559,0.04878904662167837,-0.011686265590865524,0.1512500406768767,observational predictive/calibration diagnostic; not causal pitcher setup skill
2025,683409,"Chivilli, Angel",500,43,1.1577801272947579,1.1564533849094667,0.11459363950142154,-0.47408865236152187,0.7510554143512287,0.08029626920559374,0.05240799648432709,-0.007851484031370412,0.1684440224425579,observational predictive/calibration diagnostic; not causal pitcher setup skill
2025,683618,"Henriquez, Edgardo",142,22,1.1709208725677394,1.1953528908759357,-2.0865644195596844,-3.8640201073979727,-0.43009511265535644,0.15792473830506984,0.09425210280901784,-0.004258898678643097,0.3201083752887828,observational predictive/calibration diagnostic; not causal pitcher setup skill
2025,683627,"Molina, Anthony",270,17,1.0943815655847522,1.0953263548493863,-0.08633088260485615,-1.0469898538035043,0.7784699784614902,-0.02944476898391363,0.05778345678515085,-0.13032796294392265,0.07143842497609539,observational predictive/calibration diagnostic; not causal pitcher setup skill
2025,683769,"Gaddis, Hunter",511,73,1.189021650100265,1.191454874405108,-0.2046408746752369,-0.8545938925098467,0.42902820613472603,0.06220441000143188,0.04877786831143866,-0.019073844476652536,0.1434826644795163,observational predictive/calibration diagnostic; not causal pitcher setup skill
2025,684007,"Imanaga, Shota",1142,25,1.0263752123590852,1.0260927171267349,0.02752358289139301,-0.5127172276988836,0.5624311019344186,0.0348258071353704,0.03490586775196878,-0.024894016485161374,0.09454563075590218,observational predictive/calibration diagnostic; not causal pitcher setup skill
2025,684320,"Rodríguez, Yariel",511,66,1.1749177877606285,1.186369699819789,-0.9746990111527329,-1.70863223613351,-0.2865898542286753,0.03608703004886613,0.04539457643545232,-0.039659993299691144,0.11183405339742342,observational predictive/calibration diagnostic; not causal pitcher setup skill
2025,685107,"Veneziano, Anthony",228,26,1.1257370867493848,1.1065338250165178,1.7058389528870703,0.18670777603710723,3.0721334676841416,-0.013216183584231468,0.06250980124389183,-0.11999172306667774,0.09355935589821482,observational predictive/calibration diagnostic; not causal pitcher setup skill
2025,685126,"Eisert, Brandon",552,72,1.2181934247026234,1.209721115337841,0.6954814558164838,0.06278438427278814,1.2824232462746616,0.0062457978872492975,0.04874690039555179,-0.07499576965655237,0.08748736543105097,observational predictive/calibration diagnostic; not causal pitcher setup skill
2025,685299,"Gordon, Tanner",652,15,1.082158604243351,1.0803066468682594,0.17113548493073558,-0.6173338380400887,0.9635683024396843,0.059661064873649354,0.03265904333103227,0.0021383608299908527,0.11718376891730786,observational predictive/calibration diagnostic; not causal pitcher setup skill
2025,685314,"Saalfrank, Andrew",193,28,1.2200291572036834,1.2293711437110313,-0.7657182987954038,-1.8256885824005473,0.3921045431704409,0.06686481161059603,0.08315464894391006,-0.0747715411436456,0.20850116436483768,observational predictive/calibration diagnostic; not causal pitcher setup skill
2025,685801,"Bigge, Hunter",117,13,0.8587898145403147,0.8519094080339784,0.8011746750884693,-0.4229472105436253,2.075169318713804,-0.16692450810095183,0.08955978302791695,-0.3265457948782613,-0.007303221323642334,observational predictive/calibration diagnostic; not causal pitcher setup skill
2025,686218,"Sheehan, Emmet",557,15,1.0922697131097836,1.0829925290544278,0.84934919864646,-0.1924872719443755,1.936909156396169,0.012900801830936073,0.031809448416413984,-0.04312550207830244,0.06892710574017458,observational predictive/calibration diagnostic; not causal pitcher setup skill
2025,686228,"Burgos, Juan",103,13,1.2583430024596738,1.2516829496796265,0.5292716506571747,-1.5017513661988005,2.159339293889243,0.022712905315845393,0.08706635259968122,-0.13246437143834222,0.177890182070033,observational predictive/calibration diagnostic; not causal pitcher setup skill
2025,686563,"Cannon, Jonathan",841,22,0.9971255178053839,0.9964847517489619,0.06426132367291043,-0.5204529258027765,0.560721705168303,-0.04975849173774856,0.035771922169954444,-0.11131277293163655,0.011795789456139433,observational predictive/calibration diagnostic; not causal pitcher setup skill
2025,686580,"Slaten, Justin",265,36,1.1335683888870665,1.1390779482322537,-0.486036784299923,-1.3517096145100307,0.358339892914734,-0.06949762426231641,0.08142231837834521,-0.20706653084298438,0.06807128231835156,observational predictive/calibration diagnostic; not causal pitcher setup skill
2025,686613,"Brown, Hunter",1298,31,1.1000912733761332,1.0982574844634867,0.16669425137959798,-0.2799728657434078,0.6131214970065357,0.02248332170171414,0.03553091962559538,-0.03782191844352251,0.0827885618469508,observational predictive/calibration diagnostic; not causal pitcher setup skill
2025,686642,"Ellard, Fraser",137,18,1.3863855062810257,1.3875903964633522,-0.08690874052475765,-0.8580605950861653,0.7544146051844927,0.1146258895134459,0.08479173810493221,-0.0328783884094902,0.262130167436382,observational predictive/calibration diagnostic; not causal pitcher setup skill
2025,686701,"Bergert, Ryan",594,19,0.9905278189998554,0.9838553909566993,0.6736234879191351,-0.31631319227774546,1.7244029340034093,-0.05771885649132538,0.05284779279168665,-0.1493602906614539,0.033922577678803134,observational predictive/calibration diagnostic; not causal pitcher setup skill
2025,686751,"Johnson, Seth",114,10,1.512428582691369,1.521294542600426,-0.58620684708828,-1.5468188186023022,0.39722375332084214,0.21529705223800175,0.08217437109855606,0.06466214984434573,0.36593195463165773,observational predictive/calibration diagnostic; not causal pitcher setup skill
2025,686752,"Pepiot, Ryan",1330,31,1.0605809516830684,1.0547022535762525,0.5542903724121117,0.07021327965924218,1.0436350649399677,-0.006211989533006047,0.02869782780988494,-0.05491969020493208,0.04249571113891998,observational predictive/calibration diagnostic; not causal pitcher setup skill
2025,686799,"Kochanowicz, Jack",866,23,0.9563711607558502,0.9600566277716837,-0.38535948877010906,-1.0737033141458683,0.27555525161799865,-0.014072707023092254,0.03492377057030684,-0.07404186319004091,0.04589644914385641,observational predictive/calibration diagnostic; not causal pitcher setup skill
2025,686826,"Jarvis, Bryce",162,12,1.116671546621878,1.1300381458897777,-1.1970036586260413,-2.407756913447225,-0.020214918341312366,-0.005911743366538127,0.0538618305233176,-0.10264138711097429,0.09081790037789803,observational predictive/calibration diagnostic; not causal pitcher setup skill
2025,686973,"Varland, Louis",536,74,1.1037729671507113,1.1045544105579206,-0.07079747651606198,-0.8086502283456245,0.6935992506205532,0.0638929751369869,0.03792810052750469,0.0007049028833408522,0.12708104739063295,observational predictive/calibration diagnostic; not causal pitcher setup skill
2025,686993,"Sterner, Justin",533,59,1.1806454224536813,1.190105836970237,-0.801291762677949,-1.4986224511423947,-0.11746090685214197,0.03871334996978505,0.042537357841842365,-0.032390088038277406,0.10981678797784751,observational predictive/calibration diagnostic; not causal pitcher setup skill
2025,687064,"Young, Brandon",436,12,0.9717723718906941,0.9676265871912314,0.42662096797386956,-0.19435596947837488,1.1413000627242975,-0.10707581939049403,0.059281065353150926,-0.21353778469482004,-0.0006138540861680142,observational predictive/calibration diagnostic; not causal pitcher setup skill
2025,687134,"Blalock, Bradley",474,14,1.0280274713352722,1.0252532737938451,0.2698563626732322,-0.716924717280914,1.3071894501942933,0.03127252262092774,0.050911007744999466,-0.05888748121803815,0.12143252645989362,observational predictive/calibration diagnostic; not causal pitcher setup skill
2025,687223,"Palmquist, Carson",292,9,1.224051434025826,1.2356319529864916,-0.9460810745981573,-1.9329444094683434,-0.08048442289287386,0.10029716739170914,0.07503938525856414,-0.03924217420337876,0.23983650898679704,observational predictive/calibration diagnostic; not causal pitcher setup skill
2025,687330,"Kelly, Kevin",260,40,1.126866813062096,1.1211432544593447,0.5079179310639563,-0.4470178018427039,1.357489222445132,0.04876453837799688,0.06590790211508969,-0.06228204621989637,0.15981112297589012,observational predictive/calibration diagnostic; not causal pitcher setup skill
2025,687377,"Ribalta, Orlando",238,22,1.2757078413040344,1.2998384164884198,-1.8915440042854132,-2.8165454900923805,-0.7888540995403662,0.05096475950283705,0.0622852015003646,-0.05621205892912308,0.15814157793479716,observational predictive/calibration diagnostic; not causal pitcher setup skill
2025,687396,"Headrick, Brent",205,17,1.1383917229594502,1.1369607551823016,0.12570082409142908,-0.9843773791521488,1.085638527500535,0.12002729063839133,0.061859969357364944,0.012026979922418829,0.22802760135436384,observational predictive/calibration diagnostic; not causal pitcher setup skill
2025,687473,"Gusto, Ryan",845,27,1.0483370215434376,1.0400954449917132,0.7861571596117514,-0.11211543949409744,1.5971189590831916,-0.027077465327982494,0.03218607047646791,-0.08197460389928105,0.027819673243316054,observational predictive/calibration diagnostic; not causal pitcher setup skill
2025,687606,"Schultz, Paxton",199,13,1.0314301523195442,1.0089699508654237,2.17757852081506,1.0201979037745834,3.364758658815871,-0.07498909931305012,0.07055738025381328,-0.20074264009863854,0.05076444147253831,observational predictive/calibration diagnostic; not causal pitcher setup skill
2025,687765,"Spence, Mitch",627,31,1.0721331723903613,1.0786393257258826,-0.6068419020200185,-1.4216476710072719,0.20449373517461553,-0.05773027714445492,0.03619239432578172,-0.1191582124257893,0.0036976581368794656,observational predictive/calibration diagnostic; not causal pitcher setup skill
2025,687830,"Gipson-Long, Sawyer",232,8,0.925412927704622,0.9140309379298289,1.2299363272377057,-0.016462888594080186,2.3033548167002054,-0.06645583192690538,0.0942585129989761,-0.2450359940023637,0.11212433014855294,observational predictive/calibration diagnostic; not causal pitcher setup skill
2025,687849,"Kent, Zak",129,12,1.1596262286169965,1.1695948203224555,-0.8596383437573663,-2.260493220894136,0.8697759825575434,-0.029369582521163316,0.07546669617190693,-0.16489907649404154,0.10615991145171491,observational predictive/calibration diagnostic; not causal pitcher setup skill
2025,687863,"Hodge, Porter",280,36,1.1356904146478823,1.1383860580167176,-0.23735723521722688,-1.403966539835967,0.830648722148186,0.03726709889040708,0.05273262025187759,-0.051828483913751125,0.12636268169456527,observational predictive/calibration diagnostic; not causal pitcher setup skill
2025,687888,"Walter, Brandon",400,9,1.1957063279818652,1.2067680258208295,-0.9251182819810336,-1.6903264502049655,-0.04980393793784682,0.08399176448048239,0.07365300504904855,-0.05296953651672913,0.2209530654776939,observational predictive/calibration diagnostic; not causal pitcher setup skill
2025,687911,"King, Bryan",501,67,1.2204443746687053,1.2282368883452333,-0.6384980617115911,-1.436411093789514,0.11906256714979212,0.04526626902709888,0.04586198824078935,-0.031243933678864397,0.12177647173306215,observational predictive/calibration diagnostic; not causal pitcher setup skill
2025,688138,"Evans, Logan",589,16,0.9703842781789602,0.9671371322037564,0.33462475106227163,-0.485142458031397,1.106758460561468,-0.07946343289238685,0.03548854321358464,-0.14167663619597265,-0.017250229588801055,observational predictive/calibration diagnostic; not causal pitcher setup skill
2025,688158,"Morgan, David",370,40,1.0659799380507824,1.0612254578349634,0.44601967130007963,-0.5640571806375149,1.4512066996405744,-0.02060367566572875,0.05198394036034034,-0.10819012350738624,0.06698277217592874,observational predictive/calibration diagnostic; not causal pitcher setup skill
2025,688297,"Roycroft, Chris",181,20,0.9721460293766215,0.9554132206543986,1.7212237890795745,0.40493505839388483,2.9043640684603704,-0.04709045110401495,0.05813679068972056,-0.14761668344216078,0.05343578123413089,observational predictive/calibration diagnostic; not causal pitcher setup skill
2025,688497,"Rashi, Taylor",120,10,1.156638260818642,1.1532118160344191,0.2962416945984183,-1.2482608978696477,1.6223455135640112,-0.05659942238385814,0.07685261557908192,-0.1974789459103314,0.08428010114261511,observational predictive/calibration diagnostic; not causal pitcher setup skill
2025,688642,"Agnos, Zach",248,30,0.9856144556472916,1.008903715973148,-2.362917892733354,-3.4214874606093373,-1.2790552010504497,-0.10604720451095426,0.06936752908644764,-0.22391144794558593,0.011817038923677414,observational predictive/calibration diagnostic; not causal pitcher setup skill
2025,689017,"Knack, Landon",345,10,1.0654029471777227,1.0667419676412455,-0.1256820686548629,-1.145860995572406,0.7231264101908941,0.05111847093237119,0.03506034707264149,-0.013151104709904146,0.11538804657464653,observational predictive/calibration diagnostic; not causal pitcher setup skill
2025,689147,"Kerkering, Orion",444,69,1.1021527599703926,1.1101240789294282,-0.7232499203876088,-1.5300529947184962,0.10333800942629351,-0.029622166384218777,0.0392544712284806,-0.09508183450216492,0.03583750173372738,observational predictive/calibration diagnostic; not causal pitcher setup skill
2025,689225,"Brieske, Beau",175,22,1.048242428201388,1.0408506351626032,0.7051606422254659,-0.46229808319825827,1.760872320007469,0.06064080755727054,0.06676255784119253,-0.054240390021529014,0.17552200513607008,observational predictive/calibration diagnostic; not causal pitcher setup skill
2025,689254,"Fluharty, Mason",388,55,1.213435893674518,1.207139363636014,0.5189009218638675,-0.21320911125705252,1.2085232848594527,0.021467984000668867,0.04732041225138107,-0.05772579729735933,0.10066176529869705,observational predictive/calibration diagnostic; not causal pitcher setup skill
2025,689266,"Dodd, Dylan",285,27,0.9346104592382806,0.9383146876040304,-0.3963392800856094,-1.3936856295936855,0.7594671806688645,-0.18600208533693602,0.06698971734663521,-0.30026094768296563,-0.0717432229909064,observational predictive/calibration diagnostic; not causal pitcher setup skill
2025,689690,"Jacob, Alek",260,29,1.3254530099496225,1.329200106555386,-0.2827030892559504,-1.0933896528331681,0.6496840586456594,0.23360772030126747,0.0937055771597243,0.07420226428161741,0.39301317632091753,observational predictive/calibration diagnostic; not causal pitcher setup skill
2025,690544,"Horn, Bailey",108,10,1.1443161290490684,1.1604701258964587,-1.411672564714639,-2.510259329344146,-0.33505459095540086,-0.019268368706079685,0.11716423984147807,-0.23404365200433025,0.1955069145921709,observational predictive/calibration diagnostic; not causal pitcher setup skill
2025,690916,"Fitts, Richard",382,11,1.091764963180323,1.0821729173239856,0.8785815793534567,0.21992743314302873,1.6503781782096612,0.016973360358913444,0.05013322922422844,-0.07389116857100676,0.10783788928883366,observational predictive/calibration diagnostic; not causal pitcher setup skill
2025,690925,"Beeter, Clayton",207,26,1.2374025082751445,1.2276621723980303,0.7871598620477722,-0.21907022442651466,1.9169600875575483,0.024683192233737137,0.06932472610946633,-0.09373319819646607,0.14309958266394035,observational predictive/calibration diagnostic; not causal pitcher setup skill
2025,690928,"Dobbins, Hunter",425,13,0.9016524905694556,0.8991004334487704,0.28304220832056887,-0.4670785739399064,1.3288804849279616,-0.08878122579466885,0.06271489254559866,-0.2005571983325736,0.0229947467432359,observational predictive/calibration diagnostic; not causal pitcher setup skill
2025,690953,"Abel, Mick",345,10,1.0284313797351432,1.0223115803601555,0.5950615175281546,-0.8679247949710663,2.192454766309825,-0.028683779969073415,0.041403508554920115,-0.10458108695844061,0.047213527020293786,observational predictive/calibration diagnostic; not causal pitcher setup skill
2025,690986,"Harrison, Kyle",288,11,1.2626058500165327,1.264456624221173,-0.1465836867947463,-0.9233006347952473,0.4625373359111727,0.0851315880565774,0.08041586308948886,-0.06061903745046761,0.23088221356362243,observational predictive/calibration diagnostic; not causal pitcher setup skill
2025,690990,"Horton, Cade",849,23,1.0867726939100737,1.081147828016581,0.5175751953478969,-0.00764539184257613,1.1187346946683745,0.03279362902512496,0.04407892383776095,-0.042896247071621416,0.10848350512187134,observational predictive/calibration diagnostic; not causal pitcher setup skill
2025,690997,"McLean, Nolan",309,8,1.2331988522296091,1.218000203062378,1.2324572910323672,0.26662659098859653,2.2467206568098725,0.07635503220102739,0.07070827721956925,-0.057607357021941544,0.21031742142399634,observational predictive/calibration diagnostic; not causal pitcher setup skill
2025,691251,"Lara, Andry",116,9,0.8378812494666082,0.856905107544158,-2.2704718705258498,-4.1246707491039505,-0.5108871274998316,-0.15148139654099338,0.05586677065211247,-0.25536834027031785,-0.047594452811668894,observational predictive/calibration diagnostic; not causal pitcher setup skill
2025,691587,"Pérez, Eury",827,20,1.1024757641068028,1.1148593323898022,-1.1232508401699155,-1.895351276303221,-0.39026279020545107,0.051288466903003684,0.047575128475786245,-0.030975248756822914,0.13355218256283027,observational predictive/calibration diagnostic; not causal pitcher setup skill
2025,691799,"Taylor, Grant",279,36,1.3250035751706122,1.31356289384339,0.8634453175531136,-0.29427686041318635,2.0369573266150494,0.015832347851883057,0.0642871904386312,-0.09278551850130301,0.12445021420506913,observational predictive/calibration diagnostic; not causal pitcher setup skill
2025,692285,"Guerrero, Luis",129,13,1.281890772979792,1.2798092210484824,0.16238138031611105,-0.9554431302498507,1.5668250717733618,-0.010110657553632165,0.1093183546179535,-0.20494740059327,0.18472608548600566,observational predictive/calibration diagnostic; not causal pitcher setup skill
2025,693312,"Nicolas, Kyle",305,31,1.0865426434186691,1.0943472588529182,-0.7182981249307246,-1.433226047741638,-0.039964994073699425,-0.08336281211849128,0.04867116416812283,-0.16597047536603948,-0.0007551488709430926,observational predictive/calibration diagnostic; not causal pitcher setup skill
2025,693313,"Seymour, Carson",260,16,1.0422817255408692,1.050601488933596,-0.7982259679751471,-1.8611476761295331,0.13937399093175468,-0.061947180092376215,0.06908363477112711,-0.1830542706004364,0.05915991041568395,observational predictive/calibration diagnostic; not causal pitcher setup skill
2025,693433,"Woo, Bryan",1413,30,1.0478661838336194,1.0441104903646674,0.3584134622239401,-0.12143186886113522,0.8277579862249224,0.02313195229736742,0.03134333253761376,-0.03012435111891887,0.07638825571365371,observational predictive/calibration diagnostic; not causal pitcher setup skill
2025,693645,"Schlittler, Cam",620,14,1.250732977760396,1.2370422056651915,1.0946199019809493,0.4695301219275985,1.7517180047641354,0.1024678818839914,0.04478475000792772,0.023157072464028844,0.18177869130395397,observational predictive/calibration diagnostic; not causal pitcher setup skill
2025,693821,"Elder, Bryce",1124,28,1.0612952849475192,1.0587847644619597,0.23655249591386732,-0.21632535557164173,0.6842356089024105,-0.038280648901128415,0.03838449357978299,-0.10366051331046794,0.0270992155082111,observational predictive/calibration diagnostic; not causal pitcher setup skill
2025,693855,"Seymour, Ian",475,19,1.1993697471716085,1.1868217179050984,1.0462185907307713,0.4370967276756603,1.5290007692401733,0.0773285550828022,0.0397551513470162,0.00839059395636918,0.14626651620923523,observational predictive/calibration diagnostic; not causal pitcher setup skill
2025,694037,"Palencia, Daniel",420,54,1.201289102156237,1.2025933186931104,-0.10856808194900161,-0.8683701620085774,0.49360736019257084,0.0058348199772632475,0.051502276693838764,-0.08038597766306792,0.09205561761759441,observational predictive/calibration diagnostic; not causal pitcher setup skill
2025,694297,"Pfaadt, Brandon",1404,33,1.0017151280999665,0.997931205752458,0.37774435479333224,-0.08490879206427185,0.8128643643985132,-0.017584720472964693,0.025654686249713888,-0.061040904854669335,0.02587146390873995,observational predictive/calibration diagnostic; not causal pitcher setup skill
2025,694335,"Svanson, Matt",408,39,1.215910606579576,1.211436103018017,0.3679960958763385,-0.44527524429906734,1.140225707938143,-0.005515808146134986,0.06256634387299487,-0.11099981465513648,0.0999681983628665,observational predictive/calibration diagnostic; not causal pitcher setup skill
2025,694350,"Brzykcy, Zach",228,26,0.9784861330767789,0.9914987154743549,-1.329868861468569,-2.7383595509690415,0.05366393915964508,0.003937068986114889,0.060883635685161315,-0.10006075082091984,0.10793488879314961,observational predictive/calibration diagnostic; not causal pitcher setup skill
2025,694361,"Klein, Will",128,14,1.4408485150244659,1.4529448952897692,-0.8395317161497684,-1.9632956486416315,0.30333755979768207,0.11417715243625924,0.08213973900187738,-0.03128685449981085,0.25964115937232934,observational predictive/calibration diagnostic; not causal pitcher setup skill
2025,694363,"Shuster, Jared",145,12,0.860757170739944,0.8592184235933836,0.1787666950526415,-0.6280346147515324,1.0233384039235942,-0.18380623555589332,0.029510465581824182,-0.23680363268717955,-0.13080883842460708,observational predictive/calibration diagnostic; not causal pitcher setup skill
2025,694462,"Waldrep, Hurston",369,10,1.3970015756184802,1.4017353985171108,-0.3388559455657663,-1.2018636512848933,0.5816511346663219,0.3751065378360198,0.36078367764409713,-0.2862506875446534,1.036463763216693,observational predictive/calibration diagnostic; not causal pitcher setup skill
2025,694477,"Patrick, Chad",980,27,1.0194771401762686,1.0165031708846615,0.291715152248821,-0.4490485508446304,0.972737549050306,0.008239702132453425,0.03800919261902876,-0.05658945791414392,0.07306886217905077,observational predictive/calibration diagnostic; not causal pitcher setup skill
2025,694738,"Roupp, Landen",779,22,1.0315876685139331,1.0312628478808983,0.03148744822654397,-0.5574018522893199,0.6075770882848076,0.03081979632998808,0.0390849702108695,-0.036435388766979285,0.09807498142695543,observational predictive/calibration diagnostic; not causal pitcher setup skill
2025,694819,"Misiorowski, Jacob",575,15,1.0656564730825775,1.0650187133501832,0.05984665307286369,-0.7039864035424919,0.7925316818444234,0.027629383497734254,0.05163921377806444,-0.06332328713301708,0.11858205412848558,observational predictive/calibration diagnostic; not causal pitcher setup skill
2025,694851,"Hoffmann, Andrew",113,11,1.2375731150263796,1.2336632027478405,0.31593384108508216,-0.8312167193484893,1.4432899401392714,0.18100995770901024,0.1299907941488919,-0.054593303009271815,0.41661321842729226,observational predictive/calibration diagnostic; not causal pitcher setup skill
2025,694973,"Skenes, Paul",1454,32,1.1202474324862395,1.1217930141551593,-0.13796788317465025,-0.5347073297305818,0.34272723882893263,0.11161089252499659,0.03091939514849642,0.05918647730576343,0.16403530774422975,observational predictive/calibration diagnostic; not causal pitcher setup skill
2025,695243,"Miller, Mason",470,60,1.4470499258476945,1.4626590297512596,-1.0786845446552984,-1.7967004761293648,-0.3012910978013523,0.18714787231309088,0.056287535502677434,0.09308616394026605,0.2812095806859157,observational predictive/calibration diagnostic; not causal pitcher setup skill
2025,695418,"Lord, Brad",1042,48,1.0825100636863838,1.0703675129320782,1.1217032674001524,0.6347843290771538,1.6310817243905131,0.03177661336320397,0.02809984531998303,-0.015372867973198534,0.07892609469960647,observational predictive/calibration diagnostic; not causal pitcher setup skill
2025,695445,"Lee, Chase",261,32,1.2826593758644784,1.290595476259197,-0.6187223626202167,-1.5601408658393217,0.3725078836095759,0.09673284848245839,0.08623583311296339,-0.049481626289061664,0.24294732325397844,observational predictive/calibration diagnostic; not causal pitcher setup skill
2025,695505,"Burns, Chase",395,13,0.9718368944679836,0.9856275503134088,-1.4190298725975679,-2.491964196420118,-0.4383723880779804,0.11372262452793948,0.21978624489872925,-0.2779996646579594,0.5054449137138384,observational predictive/calibration diagnostic; not causal pitcher setup skill
2025,695549,"Jobe, Jackson",369,10,1.2443331807575022,1.243242108395879,0.08768329724672518,-0.7254209988165244,0.8074244088146552,0.12341081071550175,0.07470500370883175,-0.013531897717289854,0.26035351914829336,observational predictive/calibration diagnostic; not causal pitcher setup skill
2025,696136,"Wicks, Jordan",128,8,1.4711337401225153,1.4656112179279133,0.3753922599954861,-0.6035455975092667,1.6866281282232576,0.18495494304266424,0.08878548968147544,0.016743853849701396,0.3531660322356271,observational predictive/calibration diagnostic; not causal pitcher setup skill
2025,696147,"Bachman, Sam",147,22,1.0355651290287253,1.0245618705182238,1.0625365997811973,-0.2893857977617901,2.3231334654332234,-0.0841413129316498,0.07384255824837872,-0.21120537096302017,0.04292274509972059,observational predictive/calibration diagnostic; not causal pitcher setup skill
2025,696270,"Johnson, Ryan",129,14,1.019193844893752,1.032837834013934,-1.3387040344228431,-2.9447301184078225,0.13595687983054133,-0.09215900815195592,0.08049163177355917,-0.23470432695722993,0.0503863106533181,observational predictive/calibration diagnostic; not causal pitcher setup skill
2025,700241,"McGreevy, Michael",651,17,1.0640202934055778,1.060839553982397,0.29893597358001667,-0.3925587675053708,0.825701334738458,-0.01851419092425957,0.034196971779511795,-0.07821812573218881,0.04118974388366967,observational predictive/calibration diagnostic; not causal pitcher setup skill
2025,700249,"Povich, Cade",814,21,1.0500515503898813,1.0390167720883652,1.050879673233089,0.44520102397781836,1.6035201935779482,-0.019142500348119495,0.04597040201760874,-0.09842849134229187,0.06014349064605287,observational predictive/calibration diagnostic; not causal pitcher setup skill
2025,700363,"Smith-Shawver, AJ",317,9,1.0809830369536664,1.0577563430644978,2.1486640488479805,1.5460619601754244,2.63108730917901,0.017747320997414915,0.07174116518604369,-0.11565882193447258,0.1511534639293024,observational predictive/calibration diagnostic; not causal pitcher setup skill
2025,700669,"Graceffo, Gordon",352,26,1.0376893232034636,1.0457846916204518,-0.7801341149003018,-1.6442188739375136,0.08845082484069058,0.032153017621171995,0.043262870644887194,-0.04174605517612805,0.10605209041847204,observational predictive/calibration diagnostic; not causal pitcher setup skill
2025,701487,"Ohl, Pierson",262,14,0.8506263687904239,0.8545604200783408,-0.4624887532596823,-1.3134137929538836,0.26750237096295315,-0.11115994875698772,0.0505357086368255,-0.20065532287180424,-0.021664574642171197,observational predictive/calibration diagnostic; not causal pitcher setup skill
2025,701519,"Adams, Travis",305,18,1.0503127828202399,1.0488656556712495,0.13778058999764134,-1.0300963914599335,1.1346621425368935,-0.033284354950470184,0.0654418264649555,-0.14712739643554448,0.0805586865346041,observational predictive/calibration diagnostic; not causal pitcher setup skill
2025,701542,"Warren, Will",1166,33,0.9603113612585354,0.9565093471020744,0.39591473243410313,-0.03597082683279539,0.7722294187775564,-0.048614760115328594,0.027968610322483347,-0.09599047444851164,-0.0012390457821455578,observational predictive/calibration diagnostic; not causal pitcher setup skill
2025,701552,"Granillo, Andre",176,14,1.045677679492056,1.0723486984150226,-2.5505965601104164,-3.533418229121939,-1.3606225309898814,0.03341392878154088,0.06625772186312998,-0.08392408360788554,0.1507519411709673,observational predictive/calibration diagnostic; not causal pitcher setup skill
2025,701581,"Festa, David",442,11,1.191364448790125,1.1917030696155324,-0.028422941926068486,-0.6207374377310152,0.535865666251915,0.13349952330314155,0.05408381951665884,0.035474703056034035,0.23152434355024906,observational predictive/calibration diagnostic; not causal pitcher setup skill
2025,702070,"Cameron, Noah",991,24,1.2241645021641874,1.2218042455147413,0.1928055130885799,-0.29146603401848553,0.7086424381918862,0.08410454680911814,0.03403017999052207,0.025781190239255056,0.1424279033789812,observational predictive/calibration diagnostic; not causal pitcher setup skill
2025,702352,"Bivens, Spencer",616,54,1.0014879851006633,1.0100893770565333,-0.8588612228838051,-1.674220408709013,-0.23954958299792356,-0.104990209245221,0.04160478136576259,-0.17464144925412675,-0.03533896923631524,observational predictive/calibration diagnostic; not causal pitcher setup skill
2025,702795,"Loutos, Ryan",104,12,1.1752772748928615,1.1621872826154287,1.1137790678906925,0.4554509208565918,2.0511210245519576,0.0624901009388974,0.1852642941929057,-0.27022323245006163,0.39520343432785643,observational predictive/calibration diagnostic; not causal pitcher setup skill
2025,801403,"Dollander, Chase",813,21,1.1162502686680573,1.1074815256867638,0.7855534934613297,0.17633944687771172,1.508061928161839,0.08078262936869049,0.030832306839823513,0.0276055872907155,0.13395967144666548,observational predictive/calibration diagnostic; not causal pitcher setup skill
2025,805123,"Blubaugh, AJ",223,10,1.0711865221725219,1.0799141125403013,-0.814759165385941,-1.8933252628739983,0.30192750198823687,-0.014127419223138994,0.05399047703163412,-0.11309806091010702,0.08484322246382903,observational predictive/calibration diagnostic; not causal pitcher setup skill
2025,805299,"Garcia, Brandyn",119,14,1.4387573872525086,1.4196609036269583,1.3272900486730022,0.33343512231788086,2.365987207559992,0.1807149589074434,0.11523660276481802,-0.02336138936884602,0.38479130718373283,observational predictive/calibration diagnostic; not causal pitcher setup skill
2025,805673,"Matthews, Zebby",675,16,0.9497698226555056,0.9443518396228786,0.5704522194102385,-0.20202743735572262,1.2528064417025822,-0.0346260512325014,0.03016624341388788,-0.08750899497912629,0.018256892514123484,observational predictive/calibration diagnostic; not causal pitcher setup skill
2025,806185,"Birdsong, Hayden",507,21,1.1699253597157286,1.17831198948946,-0.7168516952029637,-1.3606301595161554,-0.09048844711422549,0.07870789937823466,0.06784750932000366,-0.038309937682713804,0.19572573643918312,observational predictive/calibration diagnostic; not causal pitcher setup skill
2025,806188,"Gibson, Cade",374,44,1.2878546940831666,1.2903557716748029,-0.19420495209026514,-1.0235706626594545,0.617606550105198,0.04465913383130863,0.06315227504065435,-0.06150430558012308,0.15082257324274034,observational predictive/calibration diagnostic; not causal pitcher setup skill
2025,806960,"Morales, Luis",355,10,1.077371358886117,1.0837513146642117,-0.5921779640300654,-1.6410538138962307,0.31596130175242093,0.09813352194826426,0.08222539510587046,-0.0525949132130757,0.24886195710960424,observational predictive/calibration diagnostic; not causal pitcher setup skill
2025,808963,"Sasaki, Roki",258,10,1.0127136174939697,1.0124199783144932,0.02899528301034244,-1.286245659221515,1.086704622584701,0.019298445287072075,0.04389141499041884,-0.06115947516444652,0.09975636573859066,observational predictive/calibration diagnostic; not causal pitcher setup skill
2025,808967,"Yamamoto, Yoshinobu",1260,30,0.967603875632037,0.9704933448249331,-0.29862108510146074,-0.8209232301442593,0.1597187420132053,-0.05086820530847876,0.028166785651067706,-0.09872715205878382,-0.0030092585581737094,observational predictive/calibration diagnostic; not causal pitcher setup skill
2025,820862,"Fermin, José",279,40,0.9569415391045769,0.9666809556389045,-1.01776505004067,-2.1193438981421897,-0.10662256167575929,-0.0062459574819136,0.06938843240156653,-0.12315680096985412,0.11066488600602692,observational predictive/calibration diagnostic; not causal pitcher setup skill
2025,829272,"Ogasawara, Shinnosuke",298,23,1.0306986008578538,1.0325014431411883,-0.17491459499739725,-1.1624492861028861,0.5780091688900313,-0.04471781213546445,0.047779319049843366,-0.12676180105362173,0.03732617678269284,observational predictive/calibration diagnostic; not causal pitcher setup skill
2026,445276,"Jansen, Kenley",334,48,1.1656480641180447,1.1680594738773473,-0.2068728832940842,-1.089391688299365,0.5921210270385471,0.027707177458883105,0.055529295813813,-0.06546691182106923,0.12088126673883545,observational predictive/calibration diagnostic; not causal pitcher setup skill
2026,453286,"Scherzer, Max",590,16,1.177252074087386,1.1699372981774647,0.6213432170498954,-0.05479665455013465,1.2101866010677131,0.13743800063115158,0.06261538212382566,0.027670082727152656,0.2472059185351505,observational predictive/calibration diagnostic; not causal pitcher setup skill
2026,455119,"Martin, Chris",131,16,1.029820903099526,1.0149158239599427,1.4473467274476992,0.31971328753143924,2.3460892528008666,-0.11949451240896353,0.10269160872045037,-0.29951807360299154,0.06052904878506449,observational predictive/calibration diagnostic; not causal pitcher setup skill
2026,471911,"Carrasco, Carlos",130,8,1.0363177989915358,1.0266833296350122,0.9296828990005905,-0.07926960960585343,2.5552934801409988,0.03309456371667174,0.045852027129356404,-0.05377570588261342,0.1199648333159569,observational predictive/calibration diagnostic; not causal pitcher setup skill
2026,472610,"García, Luis",136,15,1.073090984911027,1.0894205617159558,-1.5217327360440587,-3.023764421353109,0.3043726942234024,0.011413591862721603,0.07078210482096466,-0.11325564678992424,0.13608283051536746,observational predictive/calibration diagnostic; not causal pitcher setup skill
2026,476594,"Stock, Robert",268,8,1.1595709420714388,1.165795166294214,-0.5367695926957471,-1.4030804412810982,0.4133152075537398,0.08327627469189892,0.07087410216074108,-0.05100028291680449,0.21755283230060235,observational predictive/calibration diagnostic; not causal pitcher setup skill
2026,489446,"Yates, Kirby",338,44,1.2039900572436482,1.1952478241899729,0.7261050870876243,0.060576554039309394,1.460364525562903,0.13089281474825867,0.062227712931858144,0.026283629611215414,0.23550199988530193,observational predictive/calibration diagnostic; not causal pitcher setup skill
2026,500779,"Quintana, Jose",346,10,1.0749666136753682,1.0792718425173564,-0.40049884221690396,-1.6535004632168648,0.6742996823168655,0.06922954283609342,0.08653169759426325,-0.08939283110864912,0.22785191678083597,observational predictive/calibration diagnostic; not causal pitcher setup skill
2026,518585,"Cruz, Fernando",397,61,1.5956593300932145,1.6000536812340245,-0.27539406801534183,-0.9762083370351796,0.3412866746084732,0.41322096816200243,0.06258737100969354,0.3086594478272926,0.5177824884967123,observational predictive/calibration diagnostic; not causal pitcher setup skill
2026,518876,"Kelly, Merrill",1215,28,1.0677646223035493,1.0721575503027494,-0.41141351824551187,-0.9323885157393113,0.08786157050581059,0.03273959693620397,0.034479638762125016,-0.025989173379996337,0.09146836725240429,observational predictive/calibration diagnostic; not causal pitcher setup skill
2026,518886,"Kimbrel, Craig",363,46,1.2855859917871963,1.2734668965212228,0.9426903640359244,0.03693879822181041,1.799124349030796,0.15229776797010397,0.043792549025218404,0.07875136154308103,0.2258441743971269,observational predictive/calibration diagnostic; not causal pitcher setup skill
2026,519141,"Pomeranz, Drew",230,31,1.1735874000737248,1.1734714271426785,0.009881916850760942,-1.2128502561245873,1.1881839368992273,0.15281873820642777,0.07353627832366495,0.02800848926198421,0.27762898715087136,observational predictive/calibration diagnostic; not causal pitcher setup skill
2026,519242,"Sale, Chris",1220,26,1.2982123793788596,1.3063021347469228,-0.6231457577021243,-1.0976963395693355,-0.14474626402197002,0.19873496846352992,0.041326457301800144,0.12814356222818893,0.2693263746988709,observational predictive/calibration diagnostic; not causal pitcher setup skill
2026,527048,"Pérez, Martín",921,30,1.1322406628296242,1.1304374902443672,0.15925700643451784,-0.4527366993723087,0.76296044070001,0.15703527145991614,0.0465879608369689,0.07787640809073813,0.23619413482909413,observational predictive/calibration diagnostic; not causal pitcher setup skill
2026,542888,"Armstrong, Shawn",278,37,0.9134495437697712,0.9141953093958121,-0.08164278269417544,-1.223851359156839,0.9971874742288614,-0.058936074429567574,0.056167488854164234,-0.15376351746973477,0.035891368610599626,observational predictive/calibration diagnostic; not causal pitcher setup skill
2026,543037,"Cole, Gerrit",878,21,0.9882846500535338,0.9864121450054724,0.18947021467550498,-0.49626779832749,0.8420286911742333,0.031287959174367684,0.053555286772970424,-0.06107982092782876,0.12365573927656412,observational predictive/calibration diagnostic; not causal pitcher setup skill
2026,543056,"Coulombe, Danny",164,28,1.4133661899088281,1.414642344427546,-0.09029185272927838,-1.5704346811271108,1.3446614664745844,-0.0047825561626619936,0.0957224481266286,-0.1678254960529841,0.15826038372766013,observational predictive/calibration diagnostic; not causal pitcher setup skill
2026,543135,"Eovaldi, Nathan",1074,25,1.0360539187235096,1.03197676865585,0.3935268226853365,-0.021548599467671688,0.771721931334118,0.01836929828913295,0.03746527502989428,-0.04572936937839134,0.08246796595665723,observational predictive/calibration diagnostic; not causal pitcher setup skill
2026,543243,"Gray, Sonny",1111,28,1.2639820544574403,1.2575773265879449,0.5067103482133327,0.027677266972194192,1.0008755651333594,0.14521100521264876,0.04094817995685883,0.07546444341878075,0.21495756700651678,observational predictive/calibration diagnostic; not causal pitcher setup skill
2026,544150,"Suárez, Albert",440,27,1.0107547163114912,1.0099452405139155,0.0800862745938605,-0.7536096018755781,0.8978747919018076,0.04269154289988055,0.0481672084971901,-0.039463311057708,0.1248463968574691,observational predictive/calibration diagnostic; not causal pitcher setup skill
2026,547179,"Lorenzen, Michael",1036,32,1.0290962804322297,1.0270861735443402,0.1953273883222364,-0.40230662360368086,0.8225352749738233,0.048895672716629104,0.041234598211796654,-0.02101836304220424,0.11880970847546245,observational predictive/calibration diagnostic; not causal pitcher setup skill
2026,547973,"Chapman, Aroldis",415,52,1.2158171588538143,1.190105189665444,2.1147891359429125,1.3891245119360218,2.8763710982959365,0.07507661952007932,0.052267459921172064,-0.01248626948279738,0.16263950852295603,observational predictive/calibration diagnostic; not causal pitcher setup skill
2026,548384,"Raley, Brooks",368,59,1.3163864043425522,1.3142413391033654,0.16295103262314295,-0.7900001100172986,1.1632436780400845,0.07449628037401451,0.07249236177441369,-0.046678527206883716,0.19567108795491273,observational predictive/calibration diagnostic; not causal pitcher setup skill
2026,552640,"Kittredge, Andrew",363,54,1.258164518304367,1.2525900157021437,0.4430662700404322,-0.5308083689036589,1.3262317191789392,0.05446862379917215,0.049544927630503846,-0.02847534399333443,0.13741259159167873,observational predictive/calibration diagnostic; not causal pitcher setup skill
2026,554430,"Wheeler, Zack",1193,26,1.2441678559395435,1.2456973095112864,-0.12292984137481973,-0.8708341305958833,0.6490742365372589,0.09703038430124711,0.03546190896412835,0.03645645212781538,0.15760431647467885,observational predictive/calibration diagnostic; not causal pitcher setup skill
2026,571510,"Boyd, Matthew",889,21,1.2723303904395824,1.2709162773282991,0.11114354588313391,-0.3485070556549772,0.6762206653193561,0.22409212321970387,0.06189459060595938,0.11734139366349214,0.33084285277591563,observational predictive/calibration diagnostic; not causal pitcher setup skill
2026,571578,"Corbin, Patrick",632,19,1.1805025179842883,1.1793300155137316,0.09932231847830879,-0.40848359688587693,0.6907034419030382,0.13672615807062585,0.04757073202163694,0.054235482931749665,0.21921683320950203,observational predictive/calibration diagnostic; not causal pitcher setup skill
2026,571927,"Matz, Steven",603,33,1.0767743956403681,1.082468440044182,-0.5288057021849494,-1.3009981179736876,0.17285395169490347,-0.04401438931856125,0.04717670152197924,-0.12392647321249854,0.035897694575376046,observational predictive/calibration diagnostic; not causal pitcher setup skill
2026,571945,"Mikolas, Miles",868,25,1.0292575242366984,1.028275105682428,0.09544924677610556,-0.3023287662608274,0.5114498503147754,-0.0065314612309541374,0.038129651641856256,-0.0717667989381951,0.058703876476286825,observational predictive/calibration diagnostic; not causal pitcher setup skill
2026,571948,"Milner, Hoby",275,42,1.1860197646685529,1.1767088198771571,0.7850581473233537,-0.09387298793652296,1.6920495021022948,0.09842347841631166,0.0667725099033787,-0.013946509647272731,0.21079346647989605,observational predictive/calibration diagnostic; not causal pitcher setup skill
2026,572143,"Smith, Burch",131,13,0.9443115534910789,0.955496177341275,-1.1844209476043166,-2.350474040195761,0.0367967368449709,-0.07268405722690266,0.08431450207256198,-0.22295674503159862,0.0775886305777933,observational predictive/calibration diagnostic; not causal pitcher setup skill
2026,572955,"Johnson, Pierce",358,54,1.1941095075564598,1.1942383610796856,-0.010790762690545373,-0.7958214889505426,0.759511216000761,0.002060881410935604,0.05916509062596178,-0.09698835745199744,0.10111012027386865,observational predictive/calibration diagnostic; not causal pitcher setup skill
2026,573009,"Mantiply, Joe",179,25,1.1600626348121932,1.1401770595689202,1.714181169751435,0.553931490977221,3.0695401486567584,0.1569878380001266,0.09870305830874737,-0.01188145569256463,0.3258571316928178,observational predictive/calibration diagnostic; not causal pitcher setup skill
2026,573124,"Rogers, Taylor",406,61,1.4901092888471428,1.4963846912355383,-0.4211370558766622,-1.2072107470130757,0.3231987817165319,0.26019481690050533,0.0666343261574223,0.14887225554192243,0.37151737825908826,observational predictive/calibration diagnostic; not causal pitcher setup skill
2026,573204,"Thielbar, Caleb",414,56,1.3234833779361914,1.3251449674547087,-0.1255466858305641,-0.8834142274581208,0.5905112784372616,0.14493277339087876,0.057312849599778906,0.04904642936289638,0.24081911741886114,observational predictive/calibration diagnostic; not causal pitcher setup skill
2026,579328,"Kikuchi, Yusei",484,12,1.0653437356989222,1.0607896788518003,0.4274730018602019,-0.5349999488149201,1.3135781061385385,0.027355390299968627,0.035398775490584386,-0.03621673320428466,0.09092751380422191,observational predictive/calibration diagnostic; not causal pitcher setup skill
2026,592094,"Adam, Jason",272,35,1.2055934578317917,1.195568751851896,0.8315162889092677,-0.320243759169758,2.1167543475471335,0.045066678963496185,0.06814178253087896,-0.07015591390963496,0.16028927183662733,observational predictive/calibration diagnostic; not causal pitcher setup skill
2026,592155,"Booser, Cam",280,39,1.1849547456433143,1.1747147482088036,0.8641678065900581,-0.03610406995782584,1.8794223296719774,-0.059061394830274554,0.056462667940066893,-0.15425488167674375,0.036132092016194654,observational predictive/calibration diagnostic; not causal pitcher setup skill
2026,592332,"Gausman, Kevin",1402,31,1.1130443286869398,1.1070058912266731,0.5425154510593825,0.052930170452392976,1.1148011209134678,0.1412307686014386,0.03789745514874032,0.07690890027603288,0.20555263692684433,observational predictive/calibration diagnostic; not causal pitcher setup skill
2026,592662,"Ray, Robbie",1226,30,1.226434446919247,1.2227017393925712,0.30435442644749555,-0.16547185632158923,0.7298333562885901,0.12024668081214596,0.043979256304526634,0.04552033781828105,0.19497302380601086,observational predictive/calibration diagnostic; not causal pitcher setup skill
2026,592773,"Stanek, Ryne",499,67,1.0710096129686917,1.0742938855471682,-0.3066520168173889,-1.2022941759249948,0.6111221229387317,0.02424368832966756,0.05696032189408268,-0.0707815371671452,0.11926891382648032,observational predictive/calibration diagnostic; not causal pitcher setup skill
2026,592779,"Stewart, Brock",175,26,1.3608353940343947,1.359738358685501,0.08061484538855838,-0.7853004989318043,1.0060137670628635,0.13695171135147102,0.10736141941674213,-0.046436705340127254,0.3203401280430693,observational predictive/calibration diagnostic; not causal pitcher setup skill
2026,592791,"Taillon, Jameson",660,18,1.0150097153507496,1.009956574807024,0.49784159376043996,-0.553556138209385,1.3959127533462863,0.02737639494384209,0.05431348715404481,-0.06710771262592632,0.1218605025136105,observational predictive/calibration diagnostic; not causal pitcher setup skill
2026,592866,"Williams, Trevor",222,13,1.289970660123144,1.2911325075351905,-0.09006773936514376,-2.0495710227452912,1.3155904205945559,0.24186939229035473,0.06852816740890212,0.11973249230601521,0.3640062922746943,observational predictive/calibration diagnostic; not causal pitcher setup skill
2026,593958,"Rodriguez, Eduardo",1400,31,1.0962413151991572,1.08636290986858,0.9011159489808693,0.279239936614746,1.4762274994815652,0.04422704607483104,0.03510541727796053,-0.015356005578611068,0.10381009772827315,observational predictive/calibration diagnostic; not causal pitcher setup skill
2026,593974,"Peralta, Wandy",570,62,1.1801017191441383,1.1728769105306895,0.6122191414726853,-0.04637127792008653,1.2733016994826574,0.16197109060458242,0.09468824791340219,0.0038209340552201876,0.32012124715394463,observational predictive/calibration diagnostic; not causal pitcher setup skill
2026,594027,"Guerrero, Tyron",326,39,1.1674542008122375,1.143126665421166,2.083810686033419,1.1989590977817484,2.9737167450821778,0.13480673136188837,0.08095475524914318,-0.0016792993221111385,0.27129276204588787,observational predictive/calibration diagnostic; not causal pitcher setup skill
2026,594580,"Moll, Sam",430,65,1.4644144377952866,1.461465081013224,0.20140178257892324,-0.5525457764001184,0.9892521385673245,0.25517541444031383,0.054263579049423714,0.16460879422240132,0.34574203465822634,observational predictive/calibration diagnostic; not causal pitcher setup skill
2026,594798,"deGrom, Jacob",1334,30,1.146887726645834,1.1505398738748853,-0.3184398214577257,-0.8253542564957116,0.20761747179550663,0.09672117870486968,0.03869596483587027,0.03097181903445266,0.1624705383752867,observational predictive/calibration diagnostic; not causal pitcher setup skill
2026,595014,"Treinen, Blake",212,34,1.2354649793426,1.2197476682569703,1.2721777912307095,0.30752522930785936,2.190358555883829,0.12387027270348547,0.061004187252139984,0.020629207513308864,0.22711133789366206,observational predictive/calibration diagnostic; not causal pitcher setup skill
2026,595345,"Okert, Steven",508,67,1.147856693835736,1.149602369030126,-0.15208128364496007,-1.124450324352359,0.7083063532706995,0.07715192013422817,0.0542635408924231,-0.013374345134186658,0.167678185402643,observational predictive/calibration diagnostic; not causal pitcher setup skill
2026,596001,"Junis, Jakob",353,50,1.0752924734207,1.0749725571721325,0.029751556574162577,-0.6312018491610534,0.6053195164530151,0.08789619658823833,0.056328651406503276,-0.006541654207238304,0.18233404738371495,observational predictive/calibration diagnostic; not causal pitcher setup skill
2026,596133,"Weaver, Luke",457,57,1.076561058311697,1.076996045956097,-0.040405292485894584,-0.7254120860819352,0.6608968494098831,0.02695803878178627,0.0577148117117622,-0.06957127102394353,0.12348734858751609,observational predictive/calibration diagnostic; not causal pitcher setup skill
2026,605130,"Barlow, Scott",208,32,1.1885596051794316,1.1940602760639065,-0.46280143297015597,-1.348640825899055,0.32783258030787976,0.02171094555358873,0.06341404670799057,-0.08580876171705004,0.1292306528242275,observational predictive/calibration diagnostic; not causal pitcher setup skill
2026,605135,"Bassitt, Chris",727,19,1.290050563466725,1.2798386528026302,0.7915899541683494,0.03167927284884794,1.5523588661763692,0.14216646287572482,0.04873007700103417,0.05766540980056113,0.22666751595088852,observational predictive/calibration diagnostic; not causal pitcher setup skill
2026,605280,"Holmes, Clay",687,17,1.030625608590448,1.0181710497457415,1.2084464757032491,0.41681697564064857,1.9452321481913055,0.08708364941767958,0.046728029676802126,0.005501945180398565,0.1686653536549606,observational predictive/calibration diagnostic; not causal pitcher setup skill
2026,605288,"Houser, Adrian",769,26,1.0594667571097807,1.0569740476270206,0.23527963157241968,-0.5163961168603701,0.9062891242066832,0.056172721287247235,0.04718911628675299,-0.024432931729611404,0.1367783743041059,observational predictive/calibration diagnostic; not causal pitcher setup skill
2026,605400,"Nola, Aaron",1247,30,1.107945858076822,1.1112168126169448,-0.2952269297527339,-0.6974731797424982,0.14288570284782193,0.07537400299145512,0.038348339286596,0.010215303286923563,0.14053270269598667,observational predictive/calibration diagnostic; not causal pitcher setup skill
2026,605447,"Romano, Jordan",264,36,1.3053909275237794,1.3081010121875671,-0.2076071318289603,-1.0642084737601503,0.739331109353026,0.07510787900351909,0.0586552568396638,-0.023994427456804385,0.17421018546384257,observational predictive/calibration diagnostic; not causal pitcher setup skill
2026,605452,"Ross, Joe",108,8,0.9804983275674957,0.9794525999230407,0.10665266987750541,-0.5907043335837968,0.917921621777704,-0.029159113342714465,0.060009697077522316,-0.1428522015237205,0.08453397483829156,observational predictive/calibration diagnostic; not causal pitcher setup skill
2026,605483,"Snell, Blake",320,8,1.533121387881422,1.516036281596588,1.1144001003367057,-0.17389792377817323,2.1587471504691096,0.28823205253573025,0.07404082646581174,0.14795588681042146,0.428508218261039,observational predictive/calibration diagnostic; not causal pitcher setup skill
2026,605488,"Springs, Jeffrey",990,26,1.2270542636122401,1.2256431541272772,0.11499976217913377,-0.3526321821709596,0.6071864687567994,0.11574018662998883,0.051513845507157256,0.027747287350380526,0.20373308590959716,observational predictive/calibration diagnostic; not causal pitcher setup skill
2026,605540,"Woodruff, Brandon",320,9,1.1060132772743485,1.1059000279509075,0.010239418076433957,-1.0154658871126712,1.3384139157434851,0.12455958647793668,0.07541154169998199,-0.01567179789744426,0.2647909708533176,observational predictive/calibration diagnostic; not causal pitcher setup skill
2026,606996,"Hart, Kyle",430,45,1.332035690194709,1.326707241647182,0.4000229563479821,-0.15133240939206635,1.0148122809813842,0.1834788080165342,0.06623697215790236,0.072185461839454,0.2947721541936144,observational predictive/calibration diagnostic; not causal pitcher setup skill
2026,607067,"Rea, Colin",995,32,1.0741947424175182,1.068012016981872,0.5755683947709279,0.12225811669250408,1.0214243402312924,0.08821074793070785,0.041424766014643774,0.017974279090311726,0.15844721677110396,observational predictive/calibration diagnostic; not causal pitcher setup skill
2026,607074,"Rodón, Carlos",632,15,1.1749364371611706,1.1608146023063874,1.2019233047962767,0.6470449364234794,1.7052838394060212,0.08138681613143935,0.0694728949201307,-0.040976497853010815,0.2037501301158895,observational predictive/calibration diagnostic; not causal pitcher setup skill
2026,607192,"Glasnow, Tyler",441,12,1.3179332132675923,1.3062548250698693,0.8861138091184623,0.3527348940660996,1.4836394871152025,0.1208524760793583,0.055486671074555245,0.02120480585613975,0.22050014630257686,observational predictive/calibration diagnostic; not causal pitcher setup skill
2026,607200,"Fedde, Erick",980,32,1.1338050307987406,1.1320710652339985,0.1529333101936079,-0.362820197688447,0.6826724642551627,0.04036106974065225,0.04499790614855962,-0.03593372530946663,0.11665586479077113,observational predictive/calibration diagnostic; not causal pitcher setup skill
2026,607259,"Martinez, Nick",1182,29,1.2203278720357318,1.2153774146267498,0.40566617565849566,-0.13751514732292017,0.8822554892921383,0.18391856828205128,0.038247567495650114,0.11885444805477674,0.2489826885093258,observational predictive/calibration diagnostic; not causal pitcher setup skill
2026,607455,"Banda, Anthony",268,39,1.1907974504256515,1.1877528396459216,0.2556783085689027,-0.5919899659671978,1.1915914208715666,-0.002128174351965408,0.07464032084456858,-0.12796835618814206,0.12371200748421124,observational predictive/calibration diagnostic; not causal pitcher setup skill
2026,607481,"Bummer, Aaron",149,21,1.3122830474445453,1.300902371995968,0.8672424345295879,-0.0800355384218826,1.8717362939901867,0.15956346840649252,0.12932561804709955,-0.06348678431634588,0.3826137211293309,observational predictive/calibration diagnostic; not causal pitcher setup skill
2026,607536,"Freeland, Kyle",966,23,1.1848310847627261,1.1845604634121134,0.022840500565265997,-0.8099204765563727,0.7412474252493098,0.037862970845603174,0.03936897777969392,-0.029739247873899012,0.10546518956510537,observational predictive/calibration diagnostic; not causal pitcher setup skill
2026,607625,"Lugo, Seth",1244,31,1.0535004723474233,1.0621194601914858,-0.8181285220364097,-1.2265786134619427,-0.3472034919649548,0.011306070972418585,0.032582425195562134,-0.043994804902382494,0.06660694684721966,observational predictive/calibration diagnostic; not causal pitcher setup skill
2026,608331,"Fried, Max",709,19,1.2456020888433879,1.2440327438781276,0.12599087455909966,-0.2795140284558339,0.5869574237129113,0.11011490967794337,0.06102316443326198,0.004296861073585984,0.21593295828230075,observational predictive/calibration diagnostic; not causal pitcher setup skill
2026,608372,"Sugano, Tomoyuki",1064,27,1.0014960617427673,0.9940700347385601,0.7414933805415661,0.18580203280624655,1.2934739109439117,0.02152859082530565,0.0366438216304177,-0.04097176799599723,0.08402894964660854,observational predictive/calibration diagnostic; not causal pitcher setup skill
2026,608379,"Wacha, Michael",1397,31,1.172215463834008,1.1714511069197135,0.0652061790581115,-0.49030072701851174,0.5863715723410499,0.1283457398393514,0.03234377021587153,0.07344992372697007,0.18324155595173275,observational predictive/calibration diagnostic; not causal pitcher setup skill
2026,608566,"Márquez, Germán",377,12,1.0653224777979988,1.0722090247521892,-0.6464283911876736,-1.225149125119143,-0.00889080616389086,0.102114896730312,0.061374193306210856,-0.008106085288519416,0.21233587874914342,observational predictive/calibration diagnostic; not causal pitcher setup skill
2026,608650,"Enns, Dietrich",126,13,1.181524661685924,1.166586057842213,1.264349727782667,0.04973968603675706,2.164118186971956,0.05759321723121756,0.1058385556046349,-0.13104152333082175,0.24622795779325685,observational predictive/calibration diagnostic; not causal pitcher setup skill
2026,608718,"Suter, Brent",664,52,1.3477533801494437,1.3430727908471711,0.3472882629130199,-0.35875323240434587,1.1629502808185055,0.16676998039444457,0.04830581137592,0.08584398157830139,0.24769597921058775,observational predictive/calibration diagnostic; not causal pitcher setup skill
2026,615698,"Quantrill, Cal",771,31,1.055259107975034,1.0545643906131417,0.06583381812503508,-0.5266027322777431,0.7214376488022278,0.09838619139088803,0.03379476111398731,0.041027665180330936,0.15574471760144512,observational predictive/calibration diagnostic; not causal pitcher setup skill
2026,621016,"Cuas, Jose",191,22,1.3598698435008758,1.3562053049226444,0.26947715590173343,-1.6972293617480532,1.8733428212485936,0.26718650338962263,0.07736562978210926,0.13406014502048685,0.4003128617587584,observational predictive/calibration diagnostic; not causal pitcher setup skill
2026,621053,"Ferguson, Tyler",139,18,1.2448819933561326,1.2187653535206082,2.0979209254296736,0.9358616941306455,3.5403577757708304,0.21231502084661089,0.09113179837053274,0.053781531441914776,0.370848510251307,observational predictive/calibration diagnostic; not causal pitcher setup skill
2026,621074,"Rucker, Michael",315,34,1.2749600077447836,1.2725113479689594,0.19205777129868923,-1.0123336979862951,1.122551621655537,0.12557595169988234,0.05764738748856218,0.02801580119494726,0.22313610220481742,observational predictive/calibration diagnostic; not causal pitcher setup skill
2026,621097,"Waguespack, Jacob",274,33,0.9717888638788212,0.9641599016062873,0.7850431874762942,-0.18986101184606793,1.7405464175629388,0.016230982688742783,0.07588025380635847,-0.11230172545834805,0.14476369083583362,observational predictive/calibration diagnostic; not causal pitcher setup skill
2026,621111,"Buehler, Walker",1094,31,1.1484982897194573,1.142242916604446,0.5446567200843826,-0.08821364468698115,1.134182060107631,0.13921510559222652,0.05042220681100183,0.05363546615616169,0.22479474502829136,observational predictive/calibration diagnostic; not causal pitcher setup skill
2026,621112,"Blackburn, Paul",536,60,1.1520342173376037,1.157830500906609,-0.5031346709823092,-1.2314745763628245,0.10510956788040254,0.13354352962964716,0.05363407266110962,0.043916004522312896,0.22317105473698143,observational predictive/calibration diagnostic; not causal pitcher setup skill
2026,621121,"McCullers Jr., Lance",324,10,1.3234344015265198,1.3252030343638468,-0.13363962998746934,-0.9982643310521957,0.5491874731497288,0.12779429856018787,0.07902143154876194,-0.017060909568857197,0.27264950668923293,observational predictive/calibration diagnostic; not causal pitcher setup skill
2026,621237,"Alvarado, José",487,65,1.276712615733856,1.2741444685822092,0.20115311151449833,-0.8577298890004152,1.1633924117349668,0.05186002328326652,0.0452686279602052,-0.023693906407285657,0.1274139529738187,observational predictive/calibration diagnostic; not causal pitcher setup skill
2026,621242,"Díaz, Edwin",154,18,1.1285637151370917,1.1404881920352234,-1.0566064403978412,-3.2618798315797517,0.5273161583988404,0.03918929396190606,0.09956545561339766,-0.13401544230788962,0.21239403023170175,observational predictive/calibration diagnostic; not causal pitcher setup skill
2026,621345,"Minter, A.J.",327,45,0.9614059562648384,0.9598993473635974,0.15670892107786594,-0.7414781157725419,1.1102572485873987,-0.04652239680905166,0.05968174599448187,-0.14680145548314294,0.05375666186503963,observational predictive/calibration diagnostic; not causal pitcher setup skill
2026,621366,"Borucki, Ryan",184,21,1.3531909879953892,1.3445723441353263,0.6369125967081999,-0.8800803875013925,2.3166047928567908,0.21871379334215865,0.09886987232066514,0.04819112087545846,0.38923646580885884,observational predictive/calibration diagnostic; not causal pitcher setup skill
2026,621381,"Strahm, Matt",306,40,1.2734229620845987,1.2722871603798833,0.08919280855876006,-0.9571028282432533,1.27515415067852,0.11144260512870019,0.054548049799741594,0.01953595308325061,0.20334925717414976,observational predictive/calibration diagnostic; not causal pitcher setup skill
2026,621383,"Banks, Tanner",302,30,1.1712896939394364,1.1549833335971904,1.3921714181059974,0.026964026199210477,2.567729630891532,0.0013967021217014869,0.05538562834718658,-0.09271051588454303,0.095503920127946,observational predictive/calibration diagnostic; not causal pitcher setup skill
2026,622088,"Antone, Tejay",383,55,1.341583543230328,1.3446364293120157,-0.2275584026870771,-1.0802723142904913,0.6695329193225508,0.1425485313130221,0.06311209805598982,0.03692633884026113,0.24817072378578303,observational predictive/calibration diagnostic; not causal pitcher setup skill
2026,622491,"Castillo, Luis",1181,28,1.0991968917125372,1.0932268252573774,0.5431298523650896,0.050269539219854116,1.0124273103601438,0.09052944875957919,0.03696289455871432,0.027570977537275818,0.15348791998188255,observational predictive/calibration diagnostic; not causal pitcher setup skill
2026,622554,"Domínguez, Seranthony",494,65,1.170033743359408,1.1537426328103177,1.3923624546344238,0.401832760441694,2.2510778126771163,0.0565282353284005,0.05555598197660894,-0.03619542220856341,0.1492518928653644,observational predictive/calibration diagnostic; not causal pitcher setup skill
2026,622608,"Senzatela, Antonio",544,55,1.1126600362823509,1.0881509088797707,2.202750759744238,1.3893641956545673,3.040128235338909,0.06031468972218832,0.040284231792354866,-0.007103586884852776,0.12773296632922942,observational predictive/calibration diagnostic; not causal pitcher setup skill
2026,622663,"Severino, Luis",503,12,1.1617971091248884,1.1547510557371505,0.6064788190982187,-0.43380020098187333,1.4753349760395322,0.11263160514808752,0.05513432978907099,0.013616699290472808,0.21164651100570225,observational predictive/calibration diagnostic; not causal pitcher setup skill
2026,623149,"Sewald, Paul",414,60,1.1217366217619729,1.1243827998867562,-0.2359001278416606,-1.1093551909847874,0.6527906203354278,0.12645815104180605,0.04601140478136542,0.04956881311435449,0.2033474889692576,observational predictive/calibration diagnostic; not causal pitcher setup skill
2026,623211,"Brazobán, Huascar",475,57,1.3360185313171569,1.3526437796948156,-1.2443875581028303,-1.7448815908478672,-0.7645188953988425,0.15218294833404475,0.054884983462066786,0.060386589389803846,0.24397930727828565,observational predictive/calibration diagnostic; not causal pitcher setup skill
2026,623352,"Hader, Josh",340,44,1.466250040154551,1.4588409638666557,0.5053078318834633,-0.3039331745845343,1.2590196586418279,0.17103818217476618,0.07288643209367854,0.04851093652112334,0.293565427828409,observational predictive/calibration diagnostic; not causal pitcher setup skill
2026,623437,"Topa, Justin",173,25,1.059487861933129,1.0487625379214807,1.01231211767532,-0.2254036498681376,2.206481213551842,0.004699381848436466,0.07586147407972513,-0.12509065471007882,0.13448941840695175,observational predictive/calibration diagnostic; not causal pitcher setup skill
2026,623454,"Anderson, Drew",811,48,1.1173377898739225,1.11102679151858,0.5648245689474511,-0.06842629586308699,1.1360809387707669,0.07549387336383266,0.05424234019847252,-0.015520798699572846,0.16650854542723817,observational predictive/calibration diagnostic; not causal pitcher setup skill
2026,623465,"Phillips, Evan",180,28,1.2165258561815078,1.2139175932398005,0.21440258983842575,-1.032240152458155,1.4262468470144525,0.10773500194801303,0.08341355949555646,-0.03434235015732348,0.24981235405334953,observational predictive/calibration diagnostic; not causal pitcher setup skill
2026,623474,"Herget, Jimmy",401,50,1.2450961119454484,1.2504164607598884,-0.42730426698761514,-1.2607116907859142,0.3648800500321332,0.10468011166332059,0.05084560024057562,0.019434875194343837,0.18992534813229733,observational predictive/calibration diagnostic; not causal pitcher setup skill
2026,624133,"Suarez, Ranger",1014,27,1.127763730004354,1.1284891653005293,-0.06432511321964215,-0.7774513457250087,0.5637786004803409,-0.023635064274087986,0.03644764697784123,-0.0858008240925539,0.03853069554437793,observational predictive/calibration diagnostic; not causal pitcher setup skill
2026,625643,"López, Reynaldo",604,26,1.1521174680611557,1.143885734037301,0.714487389702313,0.15502146041503181,1.3297333150694437,0.11612115486768168,0.05074270672328998,0.02944546917737928,0.20279684055798408,observational predictive/calibration diagnostic; not causal pitcher setup skill
2026,628452,"Iglesias, Raisel",451,56,1.0654896418271127,1.07000436108239,-0.4237224913360215,-1.112749683629942,0.35671692421784756,0.05834067526086563,0.05585593843455885,-0.0351082069032935,0.15178955742502476,observational predictive/calibration diagnostic; not causal pitcher setup skill
2026,640448,"Finnegan, Kyle",493,63,1.2023996387863867,1.18866611937244,1.1421759430839789,0.36444830894759134,1.780835353254487,0.09145956879468146,0.047753988162276495,0.011719760584762873,0.17119937700460006,observational predictive/calibration diagnostic; not causal pitcher setup skill
2026,640455,"Manaea, Sean",1121,31,1.2457794202783234,1.242515297573634,0.26201449883962724,-0.3148412304222778,0.822235299378156,0.15048428510368062,0.03893155116573027,0.08440728605565524,0.216561284151706,observational predictive/calibration diagnostic; not causal pitcher setup skill
2026,641302,"Alexander, Tyler",495,71,1.0774537142894187,1.0840097586390636,-0.6084757296482493,-1.3511099182333333,0.03696668297631486,-0.01291487367609346,0.0454965373216382,-0.08875371048444189,0.06292396313225496,observational predictive/calibration diagnostic; not causal pitcher setup skill
2026,641312,"Anderson, Shaun",151,12,1.15106198058621,1.1525650961737899,-0.13058511295928438,-1.656785398334241,1.1509535060284828,0.025134701634777736,0.10909791022515213,-0.1707925790909096,0.2210619823604651,observational predictive/calibration diagnostic; not causal pitcher setup skill
2026,641329,"Baker, Bryan",477,62,1.0696281680591357,1.06386828593328,0.5384938708473951,-0.17428825378301027,1.2358175484862028,0.06298121649061003,0.04571303117437244,-0.01336957883918305,0.1393320118204031,observational predictive/calibration diagnostic; not causal pitcher setup skill
2026,641401,"Brogdon, Connor",131,16,1.2623743475289033,1.2638275161253545,-0.11511391999494765,-1.1662931864766295,1.1088103114999144,0.02924846272946346,0.13297613135931002,-0.20386539164859724,0.26236231710752417,observational predictive/calibration diagnostic; not causal pitcher setup skill
2026,641743,"Kay, Anthony",1208,31,1.0801786696955236,1.0857838743984325,-0.5189145888697186,-1.176348359284984,0.11038225416068742,0.02687337422699311,0.02630843708953365,-0.01777890703249012,0.07152565548647634,observational predictive/calibration diagnostic; not causal pitcher setup skill
2026,641745,"Keller, Brad",236,32,1.0562245366458605,1.0535403846554339,0.2541270248228174,-0.7467710891747951,1.2263260284701831,0.12069230257029866,0.06846773565033473,0.004603970776771021,0.2367806343638263,observational predictive/calibration diagnostic; not causal pitcher setup skill
2026,641755,"Kinley, Tyler",377,61,1.2270294533699437,1.228977698621461,-0.1587773827406102,-1.1788599953180745,0.7930642710403636,0.10319806464732074,0.06659397579269107,-0.00805708542022543,0.21445321471486692,observational predictive/calibration diagnostic; not causal pitcher setup skill
2026,641778,"Lauer, Eric",908,22,1.0775061037847398,1.0751175387285428,0.22167531560212553,-0.6171981774463408,1.1851292827443536,0.07348440442067351,0.037342850177344004,0.009226960007241533,0.1377418488341055,observational predictive/calibration diagnostic; not causal pitcher setup skill
2026,641793,"Littell, Zack",966,26,0.9674169030741984,0.9678571079776311,-0.0455031230107728,-0.6991432640484653,0.618738826294534,0.028533684679176326,0.03203906115381159,-0.02619354162989154,0.08326091098824419,observational predictive/calibration diagnostic; not causal pitcher setup skill
2026,641816,"Mahle, Tyler",996,25,1.0540627277361658,1.042921971710658,1.0569348229810756,0.4195680072020775,1.5932106129804955,0.0937729257672588,0.05075583349032881,0.0069356797977884466,0.18061017173672916,observational predictive/calibration diagnostic; not causal pitcher setup skill
2026,641835,"Mayza, Tim",459,57,1.171449850979051,1.1618701485573613,0.817764619943674,0.09653561701957133,1.540690257190156,0.0915809197593081,0.046006477491473394,0.014634060068874313,0.1685277794497419,observational predictive/calibration diagnostic; not causal pitcher setup skill
2026,641927,"Ober, Bailey",969,24,1.141012120369395,1.147036671701456,-0.5280006429827098,-1.2267281559553318,0.1127063073451448,0.13986184478133862,0.05434556603852063,0.046720526488621184,0.23300316307405605,observational predictive/calibration diagnostic; not causal pitcher setup skill
2026,641941,"Pagán, Emilio",324,42,1.4006631946736783,1.4096648439052017,-0.6426705053544705,-1.3948978429183507,0.15415711709072405,0.25100603411865163,0.07235260674717899,0.1292454238268656,0.37276664441043766,observational predictive/calibration diagnostic; not causal pitcher setup skill
2026,642048,"Saucedo, Tayler",140,25,1.5705165091783444,1.5548622003988026,0.996761809764855,-0.08491447108354178,1.9994858797676267,0.37382638810757335,0.1171089760743674,0.1734667395453962,0.5741860366697504,observational predictive/calibration diagnostic; not causal pitcher setup skill
2026,642100,"Speier, Gabe",334,52,1.261206252293211,1.2525837711590624,0.6836693933661263,-0.2795839177779079,1.69720793453219,0.10425706801339565,0.06251024104905878,-0.00046539806352595414,0.20897953409031728,observational predictive/calibration diagnostic; not causal pitcher setup skill
2026,642121,"Sulser, Cole",428,48,1.2022638437706954,1.2056393498097335,-0.2807625012203166,-1.0148751341877338,0.4626607708050142,0.07855583242562779,0.06705853962222891,-0.033963483120789575,0.19107514797204517,observational predictive/calibration diagnostic; not causal pitcher setup skill
2026,642207,"Williams, Devin",359,42,0.8985317515887312,0.9015934058826185,-0.3407396887726889,-1.1788005079191493,0.5539612543221816,-0.029881586170315277,0.051843067632235194,-0.1171271442516821,0.05736397191105154,observational predictive/calibration diagnostic; not causal pitcher setup skill
2026,642232,"Yarbrough, Ryan",454,36,1.213190606334862,1.1996473298519372,1.1163354226620692,0.2986931942542856,1.9329278817959106,0.13146366379598384,0.05038634427580333,0.04633228425935222,0.21659504333261548,observational predictive/calibration diagnostic; not causal pitcher setup skill
2026,642376,"Yan, Jefry",141,16,1.3136573142335717,1.3082867878039768,0.408822481434454,-0.4906615920112997,1.485288902183494,0.27727930065543377,0.09460878690461606,0.11142533312065375,0.4431332681902138,observational predictive/calibration diagnostic; not causal pitcher setup skill
2026,642397,"Soto, Gregory",461,66,1.3771455728198054,1.3622322222315408,1.0829175130504483,0.24648105005087537,1.816281838833293,0.2160508348949821,0.05278920486778963,0.1279648685162016,0.30413680127376264,observational predictive/calibration diagnostic; not causal pitcher setup skill
2026,642528,"Loáisiga, Jonathan",458,63,1.210120440324441,1.2054960424734054,0.38214360297854433,-0.6228383100945193,1.3178472563287689,0.014360327309226624,0.06244530372433366,-0.08991110077899252,0.11863175539744576,observational predictive/calibration diagnostic; not causal pitcher setup skill
2026,642546,"Hernández, Jonathan",178,16,1.1077774081802234,1.1184821603949935,-0.9663270017715091,-2.3548429125379213,0.17333772854529914,0.06195358240455938,0.11787299059804442,-0.14468370568988964,0.2685908704990084,observational predictive/calibration diagnostic; not causal pitcher setup skill
2026,642547,"Peralta, Freddy",1344,31,1.0639559011412854,1.0555919115953751,0.7861218248743475,0.3262455083017867,1.2880961431167215,0.1080822759147278,0.03186601763191318,0.05399733057656817,0.16216722125288743,observational predictive/calibration diagnostic; not causal pitcher setup skill
2026,642701,"Santana, Dennis",412,55,1.0087912785182385,1.0089031066761502,-0.011085361292590488,-0.8403593349364332,0.6342138692606548,-0.028960840750190224,0.05584972626368874,-0.12242898265447427,0.06450730115409381,observational predictive/calibration diagnostic; not causal pitcher setup skill
2026,643377,"Jax, Griffin",776,33,1.1764749725699042,1.1769460443649784,-0.040040953361319145,-0.6199892256799839,0.48694094905615154,0.019698010653474415,0.05130964169985788,-0.06721481410551448,0.10661083541246331,observational predictive/calibration diagnostic; not causal pitcher setup skill
2026,643410,"Leiter Jr., Mark",235,34,0.9468611896918133,0.9407758814935957,0.6426821866252875,-0.39778555412748445,1.639438652226829,-0.0922106405601427,0.06983436324656264,-0.21039554512503278,0.025974264004747352,observational predictive/calibration diagnostic; not causal pitcher setup skill
2026,643511,"Rogers, Tyler",477,72,1.47698785388623,1.4824883369949344,-0.3724122100416441,-1.1995200492329132,0.44486297151631393,0.23744287858342722,0.05608267435233222,0.14397551266967992,0.33091024449717454,observational predictive/calibration diagnostic; not causal pitcher setup skill
2026,645261,"Alcantara, Sandy",1610,34,1.0237791932554374,1.0274120051952051,-0.35484330641804857,-0.7556647943101715,0.07361860995777411,0.022888389712773533,0.03339228279444898,-0.03362338431646879,0.07940016374201585,observational predictive/calibration diagnostic; not causal pitcher setup skill
2026,646241,"De Jesus, Enmanuel",307,30,1.1804737313542297,1.1758892470364404,0.388359706448548,-0.5549994201421911,1.2663980441695937,0.07504671170958392,0.07694385678100739,-0.05569067487274844,0.2057840982919163,observational predictive/calibration diagnostic; not causal pitcher setup skill
2026,647336,"Soroka, Michael",812,20,1.1690466632054877,1.1583160988413193,0.9178901665691943,0.14634959441858392,1.6603684148324254,0.07596868912751516,0.043959314348915667,-4.2803685177034145e-05,0.15198018194020735,observational predictive/calibration diagnostic; not causal pitcher setup skill
2026,650556,"Abreu, Bryan",430,64,1.361085063303094,1.3625804878932992,-0.10987003167723029,-0.7337308582169898,0.5640041907690431,0.070781546837195,0.04242609553900571,-4.467131396664048e-05,0.14160776498835664,observational predictive/calibration diagnostic; not causal pitcher setup skill
2026,650633,"King, Michael",1246,30,1.1641549763765164,1.1495980471695613,1.2504288090804034,0.7612595895297195,1.7555337452742468,0.135391944528349,0.0449793968667724,0.058966235674839884,0.2118176533818581,observational predictive/calibration diagnostic; not causal pitcher setup skill
2026,650644,"Civale, Aaron",825,32,1.1457475558000425,1.1423664099252568,0.29510391339431274,-0.5446118028727186,1.0539758647432291,0.07578575944616156,0.04116869488141047,0.005983464021830309,0.1455880548704928,observational predictive/calibration diagnostic; not causal pitcher setup skill
2026,650911,"Sánchez, Cristopher",1482,32,1.1013315899377687,1.0971428158368706,0.3803372335061057,-0.09190724115493572,0.915346221460211,0.05048263383711168,0.0294000820733518,0.0006342424733537314,0.10033102520086962,observational predictive/calibration diagnostic; not causal pitcher setup skill
2026,650960,"Duarte, Daniel",239,24,1.3947843663709691,1.384806278950213,0.7153856654357056,-0.10048721065715133,1.6184606818724632,0.09347432951521578,0.08503372612579807,-0.05226255259002982,0.23921121162046138,observational predictive/calibration diagnostic; not causal pitcher setup skill
2026,656222,"Beeks, Jalen",181,29,1.052682457107082,1.0451228894578937,0.7181242166762336,-0.3223380667279341,1.7012696236895115,0.03654672054515409,0.07368610337778748,-0.0888029893363175,0.1618964304266257,observational predictive/calibration diagnostic; not causal pitcher setup skill
2026,656234,"Bird, Jake",276,44,1.1876390537960209,1.1839296993516282,0.312330116842876,-0.608148387728708,1.3556148940187898,0.13390953876207157,0.05577383855083279,0.040149772769119324,0.2276693047550238,observational predictive/calibration diagnostic; not causal pitcher setup skill
2026,656240,"Blewett, Scott",266,22,1.2113827795516001,1.2019679057020656,0.7772005685122477,-0.2509200699694211,1.7095279285971265,0.09814478406485629,0.04403183288017904,0.022377320138489504,0.17391224799122307,observational predictive/calibration diagnostic; not causal pitcher setup skill
2026,656271,"Burke, Brock",505,74,1.0898033026532674,1.0993244795813597,-0.8736601279250765,-1.6652311124852441,-0.06848004514474759,0.07781068300469128,0.04287467307437558,0.0063816395673469,0.14923972644203565,observational predictive/calibration diagnostic; not causal pitcher setup skill
2026,656288,"Canning, Griffin",622,28,1.1012989855024873,1.1027825030942076,-0.13470616165540306,-0.9445665500048372,0.7804667606498034,0.07706403823047003,0.04661599137773679,-0.002336441269111325,0.15646451773005138,observational predictive/calibration diagnostic; not causal pitcher setup skill
2026,656302,"Cease, Dylan",1283,29,1.3238757040036015,1.3304109765586571,-0.49364698931265066,-0.9995619695545459,0.004999758870324225,0.2005810476730059,0.048495700071619845,0.11808351210229087,0.2830785832437209,observational predictive/calibration diagnostic; not causal pitcher setup skill
2026,656427,"Flaherty, Jack",714,19,1.0859463903352173,1.0835991891742924,0.21614337335752346,-0.3900241631030686,0.9562125963996801,0.05002502325639626,0.05225862795373581,-0.040594761609942985,0.1406448081227355,observational predictive/calibration diagnostic; not causal pitcher setup skill
2026,656464,"Ginkel, Kevin",506,69,1.3411024487524512,1.3310713297093808,0.7479755966743483,0.1312099342095603,1.3996018340102603,0.10118900031561702,0.060953251283049785,-0.0004549519484331743,0.20283295257966721,observational predictive/calibration diagnostic; not causal pitcher setup skill
2026,656492,"Griffin, Foster",1292,30,1.2013276231509544,1.1971208727811593,0.35017511365978815,-0.19039553959663721,0.8640863069145766,0.08259615633239097,0.03198549985190562,0.02824872907683494,0.136943583587947,observational predictive/calibration diagnostic; not causal pitcher setup skill
2026,656529,"Hentges, Sam",263,41,1.1671447424691976,1.1676226779605743,-0.040949119161141787,-1.194334112532445,0.9894018460892027,0.1405546408277904,0.06648770418568317,0.028599252760366692,0.2525100288952141,observational predictive/calibration diagnostic; not causal pitcher setup skill
2026,656546,"Hoffman, Jeff",575,70,1.298043983229006,1.297324967989838,0.0553922092361843,-0.6357607068732625,0.6553634053795783,0.12372565690611709,0.050326100356243825,0.03982004238802521,0.20763127142420895,observational predictive/calibration diagnostic; not causal pitcher setup skill
2026,656550,"Holmes, Grant",1101,30,1.0820841070681109,1.077635199024157,0.4111425364159423,-0.20892242010049084,0.9756058409571067,0.05992243445100606,0.04410919533622256,-0.015024691463414994,0.13486956036542713,observational predictive/calibration diagnostic; not causal pitcher setup skill
2026,656605,"Keller, Mitch",870,22,1.1368565764650973,1.131113886325301,0.5051376100275103,-0.22314468535950857,1.1576277829055188,0.07056887528458451,0.05298007725500409,-0.02059621664238878,0.1617339672115578,observational predictive/calibration diagnostic; not causal pitcher setup skill
2026,656638,"Lange, Alex",495,56,1.0849009300028427,1.0809010702963768,0.3686843282967132,-0.3804841457140195,1.2361216537061452,0.07827124064877629,0.04609261597755402,0.001156728569263979,0.15538575272828858,observational predictive/calibration diagnostic; not causal pitcher setup skill
2026,656641,"Latz, Jacob",548,56,1.2970603412448332,1.3066998005724972,-0.7431774005527535,-1.3632770582523097,-0.1678465205520639,0.22564300617430477,0.06481189941195682,0.1172104971031478,0.33407551524546175,observational predictive/calibration diagnostic; not causal pitcher setup skill
2026,656730,"Megill, Trevor",438,60,1.2939874141589292,1.2952149230611514,-0.09486250706850863,-0.7865432304937252,0.6057565197314735,0.14345731828787964,0.04944960393360517,0.06082242971413472,0.22609220686162457,observational predictive/calibration diagnostic; not causal pitcher setup skill
2026,656756,"Montgomery, Jordan",164,10,1.2809157026576996,1.2649017491605514,1.2501957360598945,0.9846618288806749,1.4988647015044518,0.18883565387963466,0.05831659772436474,0.0819347444025904,0.2957365633566789,observational predictive/calibration diagnostic; not causal pitcher setup skill
2026,656794,"Newcomb, Sean",618,57,1.1757789094745872,1.1835142552946776,-0.6578911866642532,-1.371659984651,0.06769522709629991,0.031960269139078505,0.044758561908777576,-0.042899423906940966,0.10681996218509798,observational predictive/calibration diagnostic; not causal pitcher setup skill
2026,656848,"Petersen, Michael",525,62,1.2180827156126497,1.2248635800466465,-0.5566834129639728,-1.233495547887559,0.11913264357256094,0.1993140583402759,0.04788214525006018,0.1193403664187413,0.2792877502618105,observational predictive/calibration diagnostic; not causal pitcher setup skill
2026,656849,"Peterson, David",1071,31,1.12100784194393,1.1224130780377144,-0.12535470682771194,-0.6882626218803357,0.5064860365527342,0.1032122670252952,0.03856387545617879,0.03775930957804226,0.16866522447254817,observational predictive/calibration diagnostic; not causal pitcher setup skill
2026,656876,"Rasmussen, Drew",1247,29,1.1622267929097385,1.1549071125840984,0.6297979336128089,0.07906398654006042,1.0992824514096695,0.1757303503086062,0.052917044898140295,0.0857115282824406,0.2657491723347718,observational predictive/calibration diagnostic; not causal pitcher setup skill
2026,656945,"Scott, Tanner",514,67,1.25836569066786,1.2398775315076151,1.469219901444749,0.6708710544989384,2.258991947543564,0.20338594434589416,0.056039830896195214,0.10989634683946901,0.2968755418523193,observational predictive/calibration diagnostic; not causal pitcher setup skill
2026,656986,"Sousa, Bennett",223,32,1.3191269808159818,1.315738006639782,0.2569103828126979,-0.9096095007110109,1.391305949853848,0.19049713091567055,0.08833831081020743,0.04071786571858946,0.3402763961127516,observational predictive/calibration diagnostic; not causal pitcher setup skill
2026,657044,"Thompson, Ryan",299,45,1.2931532518600524,1.2955080065595892,-0.1820940167880135,-1.4512735735001328,0.9063806892861425,0.20621723090795127,0.07024213362043101,0.088194292380519,0.32424016943538353,observational predictive/calibration diagnostic; not causal pitcher setup skill
2026,657097,"Webb, Jacob",535,66,1.0912959092444456,1.0933831039593467,-0.19125836514368796,-0.8048811576279266,0.500248448736543,0.11851072256955546,0.04273845316072784,0.047195802073489446,0.18982564306562147,observational predictive/calibration diagnostic; not causal pitcher setup skill
2026,657265,"Strzelecki, Peter",102,8,1.1473475055924707,1.1298611623848591,1.5240668692247668,-0.0837437116278695,2.942242687363923,0.05273591807839281,0.06394217932112992,-0.06840756682624852,0.17387940298303414,observational predictive/calibration diagnostic; not causal pitcher setup skill
2026,657277,"Webb, Logan",1146,27,1.0703401890049793,1.0679528670220497,0.22304329104457973,-0.35846442790833843,0.7843333940618514,0.04234780078824949,0.0384802141571851,-0.023284742034419874,0.10798034361091885,observational predictive/calibration diagnostic; not causal pitcher setup skill
2026,657424,"Gage, Matt",242,34,1.2378951889040781,1.251167945707092,-1.0722036018868801,-2.766544454459311,0.19960859213583737,0.08425633659227313,0.062354092766384414,-0.021269255111151936,0.1897819282956982,observational predictive/calibration diagnostic; not causal pitcher setup skill
2026,657514,"Bernardino, Brennan",427,71,1.2898973459002252,1.2953828426481502,-0.4252661473690133,-1.1191274714269228,0.32256465426040853,0.08568450190022091,0.04917138399229931,0.0037200099682369037,0.1676489938322049,observational predictive/calibration diagnostic; not causal pitcher setup skill
2026,657571,"Ferguson, Caleb",263,35,1.164241432232938,1.152877531951458,0.9760776387836373,0.1617684904528472,1.7994590212146346,0.14040768018812347,0.053366103219527485,0.05016964184941913,0.2306457185268278,observational predictive/calibration diagnostic; not causal pitcher setup skill
2026,657612,"Hill, Tim",373,65,1.2111378100635206,1.2056794856732427,0.4506773997908408,-0.6304556024766245,1.4036663198690762,0.19323785882035555,0.05691622289947995,0.09824394146594913,0.288231776174762,observational predictive/calibration diagnostic; not causal pitcher setup skill
2026,657746,"Ryan, Joe",1145,26,1.1454118994963776,1.1512144002357267,-0.5065863853780842,-1.138331397976128,0.03347440138200625,0.11885157864754263,0.0384572354954512,0.053161207132699076,0.18454195016238617,observational predictive/calibration diagnostic; not causal pitcher setup skill
2026,657756,"Seabold, Connor",220,21,0.8690142278186306,0.8627586618836319,0.7198462044403028,-0.316670178375333,1.6100703201194873,-0.11378922801069825,0.055883179995420286,-0.21017196802122562,-0.017406488000170875,observational predictive/calibration diagnostic; not causal pitcher setup skill
2026,660271,"Ohtani, Shohei",621,14,1.110597176272163,1.1078114150147844,0.250834534509543,-0.5710538370657258,1.1219487740567398,0.09717612222749752,0.02808486047891835,0.04743970488374914,0.1469125395712459,observational predictive/calibration diagnostic; not causal pitcher setup skill
2026,660761,"Suarez, José",482,42,1.1382830367094823,1.1369782234888413,0.11462994515080623,-0.6181844785876055,0.8680180149914992,0.013978661617428256,0.050986367408142906,-0.0718251745023915,0.099782497737248,observational predictive/calibration diagnostic; not causal pitcher setup skill
2026,660787,"De los Santos, Yerry",149,15,1.100806430041253,1.0965778459135391,0.38413512242613584,-0.6479958230804725,1.6513498266871982,0.073401034592092,0.08217193433174537,-0.07132922622263989,0.2181312954068239,observational predictive/calibration diagnostic; not causal pitcher setup skill
2026,660825,"Bazardo, Eduard",471,70,1.1714562687525647,1.1701322485064072,0.11302344624160995,-0.7894585698000748,1.0664351601733044,0.03295539937877553,0.054884146174807094,-0.05854956483462254,0.1244603635921736,observational predictive/calibration diagnostic; not causal pitcher setup skill
2026,660853,"De Los Santos, Enyel",608,66,1.1403263858345773,1.1380644265334892,0.1983606912184687,-0.38264141583004885,0.8127832123219562,0.08021099535429359,0.036920286459260994,0.01860447712977345,0.14181751357881373,observational predictive/calibration diagnostic; not causal pitcher setup skill
2026,661395,"Duran, Jhoan",458,57,1.33086637242752,1.3318577606439184,-0.07449194276282492,-0.7680226858101242,0.5955321452389679,0.1323516404727899,0.05109838803008578,0.04688844684126134,0.21781483410431848,observational predictive/calibration diagnostic; not causal pitcher setup skill
2026,661563,"Gil, Luis",183,8,1.0452582951089389,1.0371708465283844,0.7737272804624409,-0.20111291124027655,1.9125748970115357,0.09269388891395783,0.09773750037290091,-0.0924774882075167,0.2778652660354324,observational predictive/calibration diagnostic; not causal pitcher setup skill
2026,662253,"Muñoz, Andrés",442,61,1.2374800111701463,1.2213380118693327,1.3044250537469257,0.45352690926812966,2.1202867847179223,0.1116486516448579,0.05320916186303009,0.02275482577585962,0.20054247751385618,observational predictive/calibration diagnostic; not causal pitcher setup skill
2026,663158,"Suarez, Robert",245,31,1.0560936677349146,1.058487414691934,-0.22666047815184673,-1.396077962668162,0.9384373837354851,0.07663098352252752,0.08391439055696627,-0.06579362939218063,0.21905559643723566,observational predictive/calibration diagnostic; not causal pitcher setup skill
2026,663362,"Waldron, Matt",331,17,1.1593612470110337,1.1630734754550582,-0.3201960091037273,-1.1322106733806194,0.4405096410363453,0.049601727868415095,0.044036229374253597,-0.027280406160850985,0.12648386189768118,observational predictive/calibration diagnostic; not causal pitcher setup skill
2026,663372,"Feltner, Ryan",941,25,1.142019471426497,1.14109327138481,0.08110194833456034,-0.585404207208706,0.7090827988215099,0.08514816860962449,0.05219062815968629,-0.004143841847999152,0.17444017906724812,observational predictive/calibration diagnostic; not causal pitcher setup skill
2026,663423,"Thornton, Trent",338,48,1.3942908399054845,1.4095005235641889,-1.0908544489710108,-2.009574374851172,-0.2944597615983509,0.1634837255710082,0.07137003565304209,0.04373003562423659,0.2832374155177798,observational predictive/calibration diagnostic; not causal pitcher setup skill
2026,663436,"Martin, Davis",1077,28,1.0983526058629132,1.0938394956036437,0.4108981246258264,-0.08211949341220035,0.9536681054205948,0.04951566067972752,0.03797896597503087,-0.015173473246016346,0.1142047946054714,observational predictive/calibration diagnostic; not causal pitcher setup skill
2026,663460,"Bubic, Kris",398,12,1.2027668189426015,1.1944073282495482,0.6950217250258459,-0.25366575237576466,1.7538317161986994,0.13513800245474655,0.052151760318474294,0.04147944783010661,0.2287965570793865,observational predictive/calibration diagnostic; not causal pitcher setup skill
2026,663542,"Hudson, Bryan",466,67,1.244429138300616,1.2527414695694326,-0.6679634069134538,-1.3276413722634384,-0.11400673111105557,0.17545522970630187,0.046811992173466405,0.09736016345105318,0.25355029596155054,observational predictive/calibration diagnostic; not causal pitcher setup skill
2026,663554,"Mize, Casey",938,25,1.0461240016122773,1.043961267842258,0.2067378022763906,-0.3659038594922204,0.7286753374799715,0.07900179715953072,0.03793004229943633,0.014107967499218513,0.14389562681984291,observational predictive/calibration diagnostic; not causal pitcher setup skill
2026,663556,"McClanahan, Shane",844,24,1.0980241141969118,1.0974057079896913,0.05631991130476929,-0.42133749129459497,0.6023355772677443,0.08237598426268959,0.04198583832532516,0.010417651388323998,0.1543343171370552,observational predictive/calibration diagnostic; not causal pitcher setup skill
2026,663558,"Morán, Jovani",457,48,1.1220043596946194,1.1219186374189924,0.007640101830825162,-0.6832126194422693,0.8607023582898446,0.07942591701354756,0.04580617788109577,0.0025665071305766285,0.1562853268965185,observational predictive/calibration diagnostic; not causal pitcher setup skill
2026,663567,"Lambert, Peter",1210,27,1.1318303183726968,1.1335079604330174,-0.14822381350701577,-0.7904386481770109,0.49247596397788884,0.10647736578075076,0.03929207527131211,0.03946009809347063,0.1734946334680309,observational predictive/calibration diagnostic; not causal pitcher setup skill
2026,663568,"Kolek, Stephen",396,10,0.9733261083682913,0.9775265031079313,-0.431550608118562,-1.2375150210807735,0.31880138452460977,0.029622092014756768,0.0843951310914852,-0.12508371424226322,0.18432789827177676,observational predictive/calibration diagnostic; not causal pitcher setup skill
2026,663574,"Santillan, Tony",291,44,1.2722818180090378,1.2882704188531928,-1.256687049821649,-2.115402425077335,-0.5407955014305739,0.1295638128594183,0.05997824388967925,0.028736144226942997,0.2303914814918936,observational predictive/calibration diagnostic; not causal pitcher setup skill
2026,663623,"Irvin, Jake",839,21,1.0751334761148958,1.0777780764168867,-0.24597878874979898,-0.9686018198053169,0.40518886212906025,0.058462488701353295,0.050026631997394114,-0.027819356136437122,0.1447443335391437,observational predictive/calibration diagnostic; not causal pitcher setup skill
2026,663687,"Harris, Hogan",500,68,1.1421217069286704,1.149342092564581,-0.6321905618383915,-1.5764083620902203,0.24570255010078923,0.16490612262046167,0.05026285044065043,0.08107190442952936,0.24874034081139398,observational predictive/calibration diagnostic; not causal pitcher setup skill
2026,663738,"Lynch IV, Daniel",513,54,1.1762220873687346,1.173107033051534,0.26483555704764467,-0.2902976139272301,0.9442827169769367,0.11430884156738055,0.09454541160713736,-0.04397116710990592,0.27258885024466706,observational predictive/calibration diagnostic; not causal pitcher setup skill
2026,663765,"Woodford, Jake",204,18,0.9294064775829586,0.9240809734574345,0.5730005389432768,-1.041571792101959,2.4653673551295547,-0.08950825548360886,0.04952915096002353,-0.17566949963045342,-0.00334701133676428,observational predictive/calibration diagnostic; not causal pitcher setup skill
2026,663767,"Shugart, Chase",326,44,1.1178913882121015,1.1089223301658173,0.8023192718774677,-0.1285270813486826,1.7219384125993102,0.028703632105080985,0.04852740964420054,-0.052874374550091925,0.1102816387602539,observational predictive/calibration diagnostic; not causal pitcher setup skill
2026,663776,"Sandoval, Patrick",512,13,1.1696821528284758,1.1722281603948996,-0.21766661654768532,-0.9202497507164316,0.5610316054036125,0.07430431074840121,0.05685482498016783,-0.027027336292371973,0.1756359577891744,observational predictive/calibration diagnostic; not causal pitcher setup skill
2026,663855,"Hicks, Jordan",369,50,1.183372323525239,1.1727118525630489,0.9008551873541224,0.09244100761745858,1.7136572056630741,0.09446872480162954,0.04866838352760907,0.012873702956197192,0.1760637466470619,observational predictive/calibration diagnostic; not causal pitcher setup skill
2026,663878,"Pearson, Nate",331,40,1.0721867797731668,1.091202809752265,-1.7735743750842725,-2.786906779194173,-0.724583348625614,0.030304893087606376,0.060670521662268134,-0.07191735948239115,0.1325271456576039,observational predictive/calibration diagnostic; not causal pitcher setup skill
2026,663893,"Little, Brendon",218,28,1.0858127526773447,1.1026465809499748,-1.5503435772993093,-2.9668852971829094,-0.03238935848214617,-0.038787934508286145,0.07985995318692085,-0.17481247004747835,0.09723660103090608,observational predictive/calibration diagnostic; not causal pitcher setup skill
2026,663903,"Singer, Brady",1178,30,1.1307568579252554,1.1317942469408124,-0.09174288957755394,-0.6382342014784667,0.484634503208824,0.07553003138232117,0.039060421919863725,0.009161412830479276,0.14189864993416307,observational predictive/calibration diagnostic; not causal pitcher setup skill
2026,663941,"Beck, Tristan",118,11,0.9062568965791954,0.9090591490746418,-0.3092117153562005,-1.848657823050631,1.7417515081264066,-0.13443249900457024,0.07763164407354729,-0.27513683578782816,0.006271837778687672,observational predictive/calibration diagnostic; not causal pitcher setup skill
2026,663947,"Holton, Tyler",511,66,1.011174876091098,1.015416481098579,-0.41947294259109863,-1.1735570540689957,0.2756997626876589,-0.06568076407526977,0.04587204360918486,-0.1422245063272034,0.010862978176663873,observational predictive/calibration diagnostic; not causal pitcher setup skill
2026,663969,"Phillips, Tyler",869,36,1.1219348563401301,1.1240141021791283,-0.1853267885606883,-0.8463164067245564,0.4742559067956475,0.054392445214742284,0.03179176212842304,0.0006779595382570211,0.10810693089122755,observational predictive/calibration diagnostic; not causal pitcher setup skill
2026,663978,"Paddack, Chris",492,14,1.03042316221023,1.0368582381034255,-0.6245080787384831,-1.2053172210824223,-0.10242633690639927,0.07036794052956674,0.03160223380323498,0.014402489299632677,0.1263333917595008,observational predictive/calibration diagnostic; not causal pitcher setup skill
2026,663992,"Lovelady, Richard",258,35,1.2041325049484974,1.2197684533558402,-1.2985239035642144,-2.354804127001578,-0.148478857302421,0.027805211680842223,0.0637309622304824,-0.0799590181610778,0.13556944152276224,observational predictive/calibration diagnostic; not causal pitcher setup skill
2026,664076,"Cleavinger, Garrett",342,51,1.3359494749326197,1.339914864688817,-0.29682183575074256,-1.3474749209450059,0.7878757584393397,0.05573607143191416,0.05293164820546636,-0.03297234378579212,0.14444448664962045,observational predictive/calibration diagnostic; not causal pitcher setup skill
2026,664126,"Fairbanks, Pete",334,45,1.4298836526540584,1.4323308157373056,-0.1711442101394148,-0.8936032099858532,0.5818304527105964,0.24273797173477082,0.055586965079703315,0.14933908670118587,0.3361368567683558,observational predictive/calibration diagnostic; not causal pitcher setup skill
2026,664129,"Hartlieb, Geoff",174,15,1.1495715886165916,1.135711244397697,1.2056964834677508,0.1847518703886274,2.185475251894326,0.0492471220240267,0.06388041897006375,-0.06326610738549321,0.1617603514335466,observational predictive/calibration diagnostic; not causal pitcher setup skill
2026,664141,"Brubaker, JT",439,41,1.0330811368266042,1.042464246518417,-0.9082645454775792,-1.579777565153725,-0.19978037812306038,-0.05298529370141991,0.0389719210244389,-0.11860820241005837,0.01263761500721855,observational predictive/calibration diagnostic; not causal pitcher setup skill
2026,664199,"Clarke, Taylor",483,68,1.118741983652025,1.1307086771325556,-1.0696562438343982,-1.9171596484558233,-0.2598088990872136,0.016983625530433137,0.05474331751206891,-0.07432363588764576,0.10829088694851202,observational predictive/calibration diagnostic; not causal pitcher setup skill
2026,664208,"Maton, Phil",243,31,1.0392702987319016,1.0396384059573274,-0.03541977730671113,-1.5936358109531703,1.56599127267175,-0.01793096295050692,0.06421890118578061,-0.12692719211317463,0.0910652662121608,observational predictive/calibration diagnostic; not causal pitcher setup skill
2026,664285,"Valdez, Framber",1217,30,1.1042832799439073,1.0977448413677091,0.592097942163013,0.028680374250554197,1.1636040330822193,0.052277830012762996,0.04432019922885229,-0.023027818318328994,0.12758347834385497,observational predictive/calibration diagnostic; not causal pitcher setup skill
2026,664299,"Javier, Cristian",535,16,1.022802794625782,1.0262368508383635,-0.33574959226013884,-1.1029955067437036,0.44588279966263844,0.0786663753702934,0.046153057299334624,-0.002242258144604853,0.15957500888519166,observational predictive/calibration diagnostic; not causal pitcher setup skill
2026,664353,"Urquidy, José",282,12,1.0630076299500903,1.0539312611593976,0.853838536522901,-0.11511506684380728,1.5067840244450386,0.07883823635455471,0.058041304084211626,-0.025397260508065955,0.18307373321717538,observational predictive/calibration diagnostic; not causal pitcher setup skill
2026,664854,"Helsley, Ryan",119,17,1.2815454496519314,1.2809525926150185,0.046261101162970775,-1.738153624733673,1.9125509900342632,0.12342868604875613,0.07816758121659328,-0.013042818011292132,0.2599001901088044,observational predictive/calibration diagnostic; not causal pitcher setup skill
2026,664875,"Lawrence, Justin",271,37,1.3724834448773815,1.3853598663711824,-0.9381841028291065,-1.7159106817794232,-0.09464924899085242,0.13924415478127453,0.07760730627271738,0.008219917002282168,0.2702683925602669,observational predictive/calibration diagnostic; not causal pitcher setup skill
2026,664991,"Wolfram, Grant",419,59,1.2593274072127654,1.2510282301609563,0.6590166309631463,-0.2051664927587679,1.519857721797754,0.05107407341157514,0.05431442816913517,-0.03971535903569876,0.14186350585884905,observational predictive/calibration diagnostic; not causal pitcher setup skill
2026,665152,"Kremer, Dean",625,16,1.1083041944811538,1.1061584850372235,0.19360293452061125,-0.774409920828093,1.1729983588830035,0.17991752458589785,0.06709190934718895,0.06230202904071443,0.2975330201310813,observational predictive/calibration diagnostic; not causal pitcher setup skill
2026,665622,"Medina, Luis",477,54,1.1556741927808947,1.1622268901630988,-0.5670021380711352,-1.3448745632274317,0.16785620217399583,0.04830038777840854,0.04616168095687621,-0.028979631825006257,0.12558040738182333,observational predictive/calibration diagnostic; not causal pitcher setup skill
2026,665660,"Alvarado, Elvis",415,50,1.116573605840998,1.1123733077614208,0.3761774465744862,-0.42863134490835403,1.3899979129735462,0.06247335527982251,0.059116504921748726,-0.03663847381512392,0.16158518437476893,observational predictive/calibration diagnostic; not causal pitcher setup skill
2026,665665,"Sanmartin, Reiver",147,24,1.0066913130278878,1.006438232466459,0.025139837619915634,-1.5469366111516798,1.3801141449697043,-0.025408457560823747,0.06722859429501449,-0.14062963117350671,0.08981271605185921,observational predictive/calibration diagnostic; not causal pitcher setup skill
2026,665795,"Cabrera, Edward",616,17,1.2049897669121277,1.2173826745725527,-1.028465801181272,-1.688480755538675,-0.43435078113125,0.1712498774371108,0.06788962916887868,0.052722482082717514,0.28977727279150406,observational predictive/calibration diagnostic; not causal pitcher setup skill
2026,665871,"Assad, Javier",639,26,1.1875965842100242,1.1778239987030346,0.8228876402074055,0.27668968250052967,1.381189250545696,0.15997217313268514,0.05004147885706855,0.07449428334360127,0.24545006292176902,observational predictive/calibration diagnostic; not causal pitcher setup skill
2026,666142,"Ragans, Cole",283,8,1.1897190373379682,1.1818519581192517,0.6612552184017614,-0.6550974557030758,1.9120425051756331,0.09614653986972622,0.04860876379717559,0.004053415959723722,0.18823966377972873,observational predictive/calibration diagnostic; not causal pitcher setup skill
2026,666157,"Lodolo, Nick",795,20,1.0728351870539852,1.065372276489612,0.6956250740494683,0.18250643730695998,1.246833390388571,0.091944836923146,0.043005753719718584,0.017582177082173453,0.16630749676411855,observational predictive/calibration diagnostic; not causal pitcher setup skill
2026,666171,"Zeferjahn, Ryan",512,62,1.2282784160294,1.2161527614004313,0.9872073359529353,0.2883328304338486,1.698978149836629,0.12228028615046818,0.04855127010311689,0.041189008862281024,0.20337156343865534,observational predictive/calibration diagnostic; not causal pitcher setup skill
2026,666200,"Luzardo, Jesús",1293,29,1.2361506595291556,1.2370143837900056,-0.06987208672275273,-0.5529869236433119,0.37903214641969346,0.09748981624177673,0.036745214372288205,0.03498139538684418,0.1599982370967093,observational predictive/calibration diagnostic; not causal pitcher setup skill
2026,666277,"Soriano, George",524,69,1.081022550151685,1.0878505548786075,-0.6316246340989259,-1.7134030385885255,0.25752137052807766,0.030093676275514254,0.054892614828091844,-0.06144372663226205,0.12163107918329055,observational predictive/calibration diagnostic; not causal pitcher setup skill
2026,666374,"Brash, Matt",101,20,1.133056393693748,1.1474711574872565,-1.2722017962862735,-2.530085924190714,-0.045781748802309626,0.040410563357332535,0.08083369286975266,-0.09936162726019768,0.18018275397486275,observational predictive/calibration diagnostic; not causal pitcher setup skill
2026,666661,"Morillo, Juan",471,65,1.472775803051021,1.453670139329888,1.2972554058501784,0.6144942392192062,1.9841414723584292,0.19673680897917387,0.0646260816239883,0.0888750369924674,0.30459858096588033,observational predictive/calibration diagnostic; not causal pitcher setup skill
2026,666808,"Doval, Camilo",451,64,1.2617236391577402,1.263620817663677,-0.1503640295749097,-0.7864422629858773,0.5769914835968656,0.1686099264223986,0.04942702292664165,0.08609634453630946,0.25112350830848773,observational predictive/calibration diagnostic; not causal pitcher setup skill
2026,666974,"Cano, Yennier",335,65,0.9779554368996596,0.9803566460842336,-0.24553359938222857,-0.9181905836849248,0.3660095612552497,-0.06341432568922231,0.05099106479442757,-0.14851907699096925,0.021690425612524628,observational predictive/calibration diagnostic; not causal pitcher setup skill
2026,667297,"Nance, Tommy",437,55,1.2883550659191134,1.2794014359021573,0.6949660271307859,0.10886802716614336,1.2985609988801958,0.12905914521226639,0.0559458274991175,0.03543017165291168,0.2226881187716211,observational predictive/calibration diagnostic; not causal pitcher setup skill
2026,667463,"King, John",323,50,1.16165155144097,1.1678990213229767,-0.5378092831931477,-1.7923716226025248,0.48250730316861284,0.028251912839939195,0.06299164545540506,-0.0773567865757245,0.1338606122556029,observational predictive/calibration diagnostic; not causal pitcher setup skill
2026,667755,"Soriano, José",1300,31,1.177014607890244,1.1646323856676226,1.0520024254257936,0.6012532673906278,1.5210770867031327,0.10847904839226011,0.03804111345765466,0.04391335443809985,0.17304474234642037,observational predictive/calibration diagnostic; not causal pitcher setup skill
2026,668390,"Winn, Cole",402,51,1.1695306664129257,1.170509592145224,-0.08370244239091366,-0.9161482865892703,0.7389332958866465,0.06006219336035356,0.06243330771594162,-0.04457010077834695,0.16469448749905408,observational predictive/calibration diagnostic; not causal pitcher setup skill
2026,668674,"Erceg, Lucas",397,49,1.1410177466439595,1.1472806911903235,-0.5488910724469463,-1.3635985370241146,0.2603087467219133,0.05818147563783449,0.06353445495463547,-0.04838004949965202,0.164743000775321,observational predictive/calibration diagnostic; not causal pitcher setup skill
2026,668678,"Gallen, Zac",774,20,1.0912579785308119,1.085804530623045,0.49973956800838326,0.05298861553694209,0.9261049236415927,0.06538210524176999,0.036793580296058774,0.0017611182985086543,0.1290030921850313,observational predictive/calibration diagnostic; not causal pitcher setup skill
2026,668820,"Kranick, Max",160,17,0.991294689425823,0.9914648275123593,-0.017163219812550905,-1.5420481445733023,1.7864061086265546,-0.06912532404193582,0.09893256481149175,-0.24185007399846142,0.1035994259145898,observational predictive/calibration diagnostic; not causal pitcher setup skill
2026,668834,"McGee, Easton",104,9,1.3654957366626421,1.3389528757080327,1.943825985094745,0.04611991238820013,3.4944431285504387,-0.05382596359878084,0.1805469299390069,-0.38956165284908956,0.2819097256515279,observational predictive/calibration diagnostic; not causal pitcher setup skill
2026,668873,"Kilian, Caleb",362,49,1.2793566470655984,1.2763328641760192,0.23635183328391174,-0.39395100566974706,0.8886830931274637,0.27496217588633837,0.17925839887044231,-0.025694348057675342,0.5756186998303521,observational predictive/calibration diagnostic; not causal pitcher setup skill
2026,668909,"Williams, Gavin",1364,31,1.351318098472775,1.3466218238232526,0.34753287585136683,-0.11594983826870409,0.8577247317162574,0.23643883903405413,0.047037353550917586,0.15660417864319032,0.31627349942491795,observational predictive/calibration diagnostic; not causal pitcher setup skill
2026,668933,"Ashcraft, Graham",250,32,1.2729133235010373,1.2544855066796317,1.4476882660573762,0.5359701101863487,2.211185335377204,0.03158067598345747,0.08153979141345984,-0.1066715718829357,0.16983292384985066,observational predictive/calibration diagnostic; not causal pitcher setup skill
2026,668941,"Romero, JoJo",350,53,1.1067228411324812,1.1113929369294264,-0.4219751886720293,-1.2346038025615134,0.41984789522491084,-0.035765422183318955,0.05391066309582963,-0.12604902494008272,0.0545181805734448,observational predictive/calibration diagnostic; not causal pitcher setup skill
2026,668964,"Myers, Tobias",418,31,1.2471638645624132,1.2445913066254146,0.20627264869489967,-0.41388030219616395,0.8303427441240785,0.13580850775528544,0.0570300814145307,0.039013581211133505,0.23260343429943736,observational predictive/calibration diagnostic; not causal pitcher setup skill
2026,668970,"Hollowell, Gavin",102,14,1.1582698124511717,1.1646286142391045,-0.5489914111183019,-1.790739589870715,1.0325951589127058,0.15367311689216073,0.10287930315873832,-0.028519276827506712,0.3358655106118282,observational predictive/calibration diagnostic; not causal pitcher setup skill
2026,668984,"Legumina, Casey",541,52,1.2302647531545114,1.2114001253010576,1.5333795270557353,0.9653204644399768,2.269868037757865,0.1352091721261074,0.062024994416047266,0.03129963243071433,0.23911871182150046,observational predictive/calibration diagnostic; not causal pitcher setup skill
2026,669020,"Rolison, Ryan",413,56,1.2234289366039675,1.2215038211315639,0.1573540901972964,-0.5161264666276871,0.9413902889059287,0.11741705088925222,0.052408340317301724,0.029736117473933815,0.20509798430457063,observational predictive/calibration diagnostic; not causal pitcher setup skill
2026,669022,"Gore, MacKenzie",1338,32,1.135693544866052,1.133006202705813,0.2366256436331018,-0.2478838116125558,0.7110514700083298,0.10282739091555243,0.03232003953413952,0.04802815683279398,0.15762662499831087,observational predictive/calibration diagnostic; not causal pitcher setup skill
2026,669060,"Wilson, Bryse",271,14,1.0339576020497419,1.0301463411467717,0.36860901215046105,-0.8360962337668362,1.7170363062340706,0.0944209434038784,0.09161142826163682,-0.06781679435870987,0.2566586811664667,observational predictive/calibration diagnostic; not causal pitcher setup skill
2026,669062,"Miller, Erik",357,55,1.3639176027613136,1.351035777292327,0.9444724111564093,0.18962038393278924,1.661496177608572,0.1781041742761244,0.05256263762630058,0.09013718855944212,0.26607115999280667,observational predictive/calibration diagnostic; not causal pitcher setup skill
2026,669084,"Hall, DL",377,44,1.207478715344731,1.202085484688466,0.4466522339257337,-0.2582699865338008,1.296628799720849,0.0398393086468258,0.04909539246785251,-0.04269351729311068,0.12237213458676227,observational predictive/calibration diagnostic; not causal pitcher setup skill
2026,669093,"Estrada, Jeremiah",231,33,1.2643106748456345,1.2415138144146525,1.8031059046278575,0.9614875791946068,2.5827634930700536,0.2533533137255198,0.07432166027709167,0.12746068962095766,0.37924593783008187,observational predictive/calibration diagnostic; not causal pitcher setup skill
2026,669160,"May, Dustin",1077,29,1.0218137028631162,1.025719006839468,-0.38219334555887313,-1.0397252271799327,0.3359545816917388,-0.010118784746729611,0.03571136371232443,-0.07086849026258653,0.05063092076912731,observational predictive/calibration diagnostic; not causal pitcher setup skill
2026,669165,"Hurt, Kyle",365,43,1.0382839970747235,1.0349458808849097,0.3215031917296905,-0.4717833438465758,1.181202167296208,-0.0014606759845164083,0.047711250862466616,-0.08170872685036702,0.07878737488133421,observational predictive/calibration diagnostic; not causal pitcher setup skill
2026,669194,"Nelson, Ryne",656,16,1.0021372603160994,1.0003177461391601,0.18156336950941493,-0.5314385908754553,0.9557764442562708,-0.02578474664194371,0.036592401545508677,-0.08993306918694313,0.03836357590305572,observational predictive/calibration diagnostic; not causal pitcher setup skill
2026,669199,"Bachar, Lake",609,51,1.2951029923779114,1.2982044494338645,-0.2394757076623507,-0.8436997039520026,0.32814955201846385,0.15562785596526155,0.048742702508089146,0.07393971589192506,0.23731599603859804,observational predictive/calibration diagnostic; not causal pitcher setup skill
2026,669211,"Akin, Keegan",214,24,1.1286056331518477,1.1231746979334913,0.4812075235872476,-0.8603000822197884,1.5707836326988445,-0.045373423613861964,0.05310771085927715,-0.13639321715939978,0.04564636993167586,observational predictive/calibration diagnostic; not causal pitcher setup skill
2026,669212,"Morgan, Eli",155,16,1.3388034300181917,1.3353031946137717,0.26144505802262047,-0.602889063413219,1.3463741156469042,0.20149349031266353,0.10871791276404762,0.010905514671495753,0.3920814659538313,observational predictive/calibration diagnostic; not causal pitcher setup skill
2026,669270,"Kuhnel, Joel",296,39,0.9199281115474689,0.9180239704640645,0.20698803085834727,-0.6923427387839206,1.0162362424013038,0.010568855081468773,0.05420523470395151,-0.08081870213204306,0.10195641229498062,observational predictive/calibration diagnostic; not causal pitcher setup skill
2026,669276,"Lee, Dylan",514,68,1.1351180536504035,1.1502831928044055,-1.3359966485629207,-2.2228498667401246,-0.574396649951952,0.03151741776754151,0.04058014636495347,-0.036166862267402206,0.09920169780248522,observational predictive/calibration diagnostic; not causal pitcher setup skill
2026,669302,"Gilbert, Logan",1393,30,1.0183695270657742,1.01485330626001,0.34527946018725253,-0.20963746104908448,0.8573739145068077,0.08327302546468689,0.03258782009022022,0.02790217961358244,0.13864387131579134,observational predictive/calibration diagnostic; not causal pitcher setup skill
2026,669330,"Wells, Tyler",548,57,1.0728776298617868,1.0738056874846726,-0.0865017218231406,-0.9125921531780123,0.6431252464393785,0.004566981850362373,0.03944353992047711,-0.06140321837888747,0.07053718207961222,observational predictive/calibration diagnostic; not causal pitcher setup skill
2026,669358,"Baz, Shane",1330,30,1.0482931220101168,1.0419999866587404,0.6003221064075328,-0.06424030030168974,1.283769145706793,0.011061216351613208,0.04169467151489224,-0.059783326881776566,0.08190575958500299,observational predictive/calibration diagnostic; not causal pitcher setup skill
2026,669371,"Henry, Cole",131,11,1.0976268498376927,1.1096479992324066,-1.0951945459872394,-3.423871815587891,0.5760048514460153,-0.10046006879341814,0.09735713414355779,-0.2769160894569778,0.07599595187014156,observational predictive/calibration diagnostic; not causal pitcher setup skill
2026,669372,"Ginn, J.T.",912,26,1.0759972835913387,1.087497584568579,-1.0688039043050297,-1.599397581532536,-0.5988860202726031,0.054927267652988714,0.04987164077189335,-0.030260514779994425,0.14011505008597186,observational predictive/calibration diagnostic; not causal pitcher setup skill
2026,669373,"Skubal, Tarik",1175,25,1.2262459529998166,1.226842340112555,-0.048635195188967445,-0.5566600971680308,0.48392821292172933,0.12425447172211945,0.04111671027402112,0.05390862892946885,0.19460031451477006,observational predictive/calibration diagnostic; not causal pitcher setup skill
2026,669387,"Mlodzinski, Carmen",902,36,1.0505856751034537,1.0503668144092329,0.020832255703400717,-0.6883913922623667,0.672325122826074,0.06602396807763132,0.03374444869965346,0.00901027695171775,0.1230376592035449,observational predictive/calibration diagnostic; not causal pitcher setup skill
2026,669432,"Rogers, Trevor",1355,29,1.0912474892359998,1.0855072104201484,0.5260290513813877,0.015555322326794685,0.9844012493060437,0.0769553140226097,0.03617059896745032,0.015424389208152624,0.1384862388370668,observational predictive/calibration diagnostic; not causal pitcher setup skill
2026,669438,"Englert, Mason",288,14,1.126047024263124,1.1253411929628527,0.06268222241723276,-0.8136422173917555,0.762458518074361,0.07767270929512442,0.08706058849611058,-0.07650579434690837,0.23185121293715721,observational predictive/calibration diagnostic; not causal pitcher setup skill
2026,669456,"Bieber, Shane",384,11,1.11006842281326,1.1007999508877857,0.8349460028765711,-0.30713413165365483,1.9583527077261558,0.14636432601999522,0.1079613067144522,-0.049311345167896564,0.342039997207887,observational predictive/calibration diagnostic; not causal pitcher setup skill
2026,669461,"Liberatore, Matthew",1141,30,1.085507955682315,1.0835229570544131,0.18286357253404334,-0.4782877526904909,0.848879997932917,0.06347836329801122,0.036538887459862834,0.0013941520954923875,0.12556257450053004,observational predictive/calibration diagnostic; not causal pitcher setup skill
2026,669467,"Pallante, Andre",1071,27,1.1762189600818846,1.1729374657621159,0.2789866879497007,-0.23194337251514127,0.8479569956050594,0.1241756574626785,0.034881093127030964,0.06468183996442248,0.18366947496093453,observational predictive/calibration diagnostic; not causal pitcher setup skill
2026,669620,"Basso, Brady",295,23,1.2808880006021477,1.2691178694745813,0.9189040042559035,0.06278938185195179,1.8085153917623846,0.1245759088167823,0.121720047127821,-0.08443498535805352,0.33358680299161814,observational predictive/calibration diagnostic; not causal pitcher setup skill
2026,669622,"Bender, Anthony",212,35,1.4330709667668322,1.4434840426883389,-0.7266266753697278,-1.8742768123570064,0.6202145274592192,0.20405227095735853,0.08144836255806041,0.06632925916268131,0.3417752827520357,observational predictive/calibration diagnostic; not causal pitcher setup skill
2026,669684,"Murphy, Chris",302,33,1.124528974328629,1.122680844118258,0.1643470513042475,-1.0237317135987385,1.3655134938801454,0.08114538090866341,0.07844796358028804,-0.05173674193360159,0.2140275037509284,observational predictive/calibration diagnostic; not causal pitcher setup skill
2026,669711,"Weissert, Greg",471,62,1.1174790771542986,1.112522531009691,0.44354710937674224,-0.35097706046478,1.1292186604537662,0.031286773228987506,0.053168447910558046,-0.05751620439323558,0.1200897508512106,observational predictive/calibration diagnostic; not causal pitcher setup skill
2026,669713,"Wesneski, Hayden",385,10,1.365669836118311,1.3698113349495917,-0.30325769243408984,-1.2560918883578402,0.7750786732550919,0.30041908428638486,0.0689055854814487,0.1741073644080914,0.42673080416467835,observational predictive/calibration diagnostic; not causal pitcher setup skill
2026,669724,"Hanifee, Brenan",143,23,0.8775965350218392,0.8709082346288224,0.7621156335639278,-0.47483865608180303,1.859551535129218,-0.1258600742387281,0.08636771052299996,-0.2741659024913987,0.022445754013942526,observational predictive/calibration diagnostic; not causal pitcher setup skill
2026,669923,"Kirby, George",1346,29,1.1715200212249925,1.165787245350604,0.48934510469518877,-0.007029626489110933,0.9720734195164915,0.06580977524105658,0.03594649328865537,0.004660083529342246,0.1269594669527709,observational predictive/calibration diagnostic; not causal pitcher setup skill
2026,669947,"Scholtens, Jesse",354,11,1.1556287167586246,1.153197689907056,0.21036400500561445,-0.4931681055867037,0.9592207893298581,-0.025940912424649704,0.05437671237589252,-0.12449658959226742,0.07261476474296802,observational predictive/calibration diagnostic; not causal pitcher setup skill
2026,670036,"Festa, Matt",494,64,1.1938712712555055,1.1904983890163217,0.2825164086272697,-0.41335839981456735,1.0491193422319858,0.000993060903441616,0.03979919535248954,-0.06544780424014787,0.0674339260470311,observational predictive/calibration diagnostic; not causal pitcher setup skill
2026,670059,"Holderman, Colin",372,54,1.3243962439123844,1.3238447206771282,0.04164337053894123,-0.5445569048644198,0.7705363574191112,0.2072228347327675,0.0878350944991215,0.06017667687943701,0.354268992586098,observational predictive/calibration diagnostic; not causal pitcher setup skill
2026,670062,"Garcia, Julian",323,33,1.4520561122083926,1.4509438895076354,0.07659639950590853,-0.657195860373796,0.8797810782041668,0.20935802138701667,0.08080369434030156,0.07248555271614335,0.34623049005789,observational predictive/calibration diagnostic; not causal pitcher setup skill
2026,670167,"Schreiber, John",414,63,1.2840744458594613,1.2797861849495946,0.3339573436489102,-0.3108920032853027,0.9645459182472567,0.040149426325770524,0.054006766038290285,-0.0500312964087789,0.13033014906031995,observational predictive/calibration diagnostic; not causal pitcher setup skill
2026,670245,"Watson, Ryan",541,52,1.1123292250925605,1.1090822297439287,0.29190956017195563,-0.3627083022328518,0.9806744285764022,0.023974496393386474,0.04989282766871817,-0.05961020693416062,0.10755919972093357,observational predictive/calibration diagnostic; not causal pitcher setup skill
2026,670280,"Bednar, David",574,61,1.063302171420518,1.060485818202176,0.2648685664376667,-0.3895987754124145,0.9421387231367726,0.024718669194325762,0.04409121706006137,-0.0489422725393297,0.09837961092798123,observational predictive/calibration diagnostic; not causal pitcher setup skill
2026,670329,"Garcia, Rico",467,73,1.1957201153080648,1.2182465437052374,-1.883921505441025,-2.870793747187941,-0.9654282112163898,0.11613417564801072,0.056414080044315806,0.02213174969710746,0.21013660159891398,observational predictive/calibration diagnostic; not causal pitcher setup skill
2026,670950,"Richards, Trevor",584,51,1.0754805050311418,1.076027563086636,-0.0508663851120478,-0.658689426595538,0.5819597143268912,0.09294332618780689,0.04861716878072469,0.011465568718987948,0.17442108365662584,observational predictive/calibration diagnostic; not causal pitcher setup skill
2026,670970,"Morejon, Adrian",623,72,1.220963325893,1.2265429362624198,-0.4569842722621462,-1.127818257065424,0.22311212013251,0.09548648759039131,0.04629756727238535,0.01832697779279159,0.17264599738799102,observational predictive/calibration diagnostic; not causal pitcher setup skill
2026,670990,"Ramírez, Yohan",583,64,1.313216279952068,1.3137125799301876,-0.03779270678381347,-0.780215665337954,0.639974068403546,0.10525939563776271,0.048710429946116865,0.02394209566542116,0.18657669561010426,observational predictive/calibration diagnostic; not causal pitcher setup skill
2026,671096,"Abbott, Andrew",1239,31,1.1384578277114674,1.137429942629826,0.0902874974040584,-0.45880475120891084,0.5130234777364568,0.08570350988733468,0.037835461433087934,0.02148686107072037,0.14992015870394898,observational predictive/calibration diagnostic; not causal pitcher setup skill
2026,671111,"Peralta, Sammy",133,14,1.026551403757244,1.0196756309195494,0.6697933306144028,-0.4810667772485191,1.9735961094652532,-0.10571401368208362,0.06485144968067975,-0.22056161169976163,0.009133584335594372,observational predictive/calibration diagnostic; not causal pitcher setup skill
2026,671162,"Thomas, Connor",166,16,1.107492850589415,1.101552653900039,0.5363643373602349,-0.673711844885862,1.8469035961026075,0.02723879894722335,0.07269494946706487,-0.10019910807306832,0.15467670596751504,observational predictive/calibration diagnostic; not causal pitcher setup skill
2026,671345,"Foley, Jason",170,21,0.9684200199247915,0.9640429709516212,0.4519783650807064,-0.8935311643105618,1.5188686511870326,0.055421764240758585,0.07521530316074708,-0.07430344126739946,0.18514696974891665,observational predictive/calibration diagnostic; not causal pitcher setup skill
2026,671737,"Bradley, Taj",1317,29,1.1402177706382202,1.138769022311979,0.1270589148448543,-0.33829342844272503,0.6490521552576807,0.11378699515490634,0.036959976496639,0.05091323580673199,0.1766607545030807,observational predictive/calibration diagnostic; not causal pitcher setup skill
2026,671922,"Smith, Cade",564,65,1.1489411840237382,1.144452218119888,0.3907045866464085,-0.18175953908884232,1.0560450538058117,0.09227438976714647,0.04422277968768234,0.018465994465633892,0.16608278506865903,observational predictive/calibration diagnostic; not causal pitcher setup skill
2026,671936,"Macko, Adam",260,30,1.0811673381062987,1.094127808419658,-1.198747858593281,-2.469163105421498,0.2692944036593649,-0.04026008299139945,0.06569512234897187,-0.15188444088596234,0.07136427490316344,observational predictive/calibration diagnostic; not causal pitcher setup skill
2026,672282,"Detmers, Reid",1359,31,1.2394837154353904,1.2356200392568915,0.3117165744401716,-0.14728822689608917,0.833597860427177,0.13239693495625318,0.04250945666947455,0.0602472968407934,0.20454657307171298,observational predictive/calibration diagnostic; not causal pitcher setup skill
2026,672335,"Pérez, Cionel",335,37,1.0668886247406821,1.0768987401445551,-0.9382530820689863,-2.3142378570830253,0.48549105586331087,-0.021061774385691335,0.04154721248645937,-0.09120583825450632,0.04908228948312365,observational predictive/calibration diagnostic; not causal pitcher setup skill
2026,672456,"Montero, Keider",1044,31,0.9688501390329853,0.9737957070683725,-0.5104574831689962,-0.9811718278246297,-0.0020860775595173673,-0.016535779966050494,0.03819407211760353,-0.08136108467100779,0.04828952473890681,observational predictive/calibration diagnostic; not causal pitcher setup skill
2026,672629,"Carrillo, Gerardo",124,13,1.4152601482626324,1.4199183284527874,-0.32913950102201533,-1.2336057293604792,0.5321156284255407,0.21584069465671757,0.1126484953916715,0.015068683157521745,0.4166127061559134,observational predictive/calibration diagnostic; not causal pitcher setup skill
2026,672782,"Gómez, Yoendrys",488,61,1.147877209266614,1.1489472340385418,-0.09321770336493931,-0.9393647754321198,0.7796505495400473,0.058414801324157696,0.052279490778978456,-0.02892587060353507,0.14575547325185045,observational predictive/calibration diagnostic; not causal pitcher setup skill
2026,672841,"Vargas, Carlos",119,13,1.051414899057425,1.0433641090552,0.7657100930795713,-0.770328360224647,2.1128287454710515,0.08583008408925323,0.07080659034265951,-0.04036762073642809,0.21202778891493457,observational predictive/calibration diagnostic; not causal pitcher setup skill
2026,673380,"Núñez, Dedniel",112,16,1.5168901281253198,1.5165702077638048,0.02109054278770868,-1.373786295386557,0.9624114886729194,0.24223918243845674,0.18416155642890378,-0.08060529956413084,0.5650836644410443,observational predictive/calibration diagnostic; not causal pitcher setup skill
2026,673513,"Matsui, Yuki",464,51,1.304354458381652,1.301191038876173,0.24252759555895714,-0.5664334300645623,1.0308844074734411,0.11262708209527145,0.06992497854637007,-0.004560540835011909,0.2298147050255548,observational predictive/calibration diagnostic; not causal pitcher setup skill
2026,673540,"Senga, Kodai",484,30,1.0655989648059738,1.0643063351929758,0.1213054493942268,-0.6114291011834453,0.79961554277643,0.09962198199106682,0.04202771485746393,0.02821155581330645,0.1710324081688272,observational predictive/calibration diagnostic; not causal pitcher setup skill
2026,673929,"Leasure, Jordan",160,18,1.2328073415468928,1.23096548769864,0.14940321866851727,-1.3242489307771146,1.4221569007714376,0.05457565201120309,0.10224387395043463,-0.12328847881294491,0.2324397828353511,observational predictive/calibration diagnostic; not causal pitcher setup skill
2026,674003,"Bradford, Cody",291,8,1.0862650781637717,1.0758521737629054,0.9585969953547993,-0.48396071748886993,2.374518672451972,-0.008216525414797962,0.03453399804164294,-0.07364389925271483,0.05721084842311891,observational predictive/calibration diagnostic; not causal pitcher setup skill
2026,674370,"Bido, Osvaldo",139,11,1.1451979883967673,1.1366510827229028,0.7463255926453182,0.11469896429503308,1.334175664372423,0.027474766402886,0.10328730939881506,-0.1597294663622873,0.21467899916805933,observational predictive/calibration diagnostic; not causal pitcher setup skill
2026,674444,"Cruz, Steven",472,55,1.1523946595028984,1.1554762127371876,-0.26740433139618724,-0.9592583602785341,0.5471443087403633,0.025931357077807422,0.0532782006502955,-0.06323316980411597,0.11509588395973083,observational predictive/calibration diagnostic; not causal pitcher setup skill
2026,674841,"Alvarez, Andrew",751,24,1.3133474238129155,1.3155973997861108,-0.17131612948714664,-0.8270892170398789,0.5205708463272191,0.059302418585726824,0.0470768675631099,-0.021381284346205787,0.13998612151765943,observational predictive/calibration diagnostic; not causal pitcher setup skill
2026,675512,"Melton, Troy",863,20,1.1306819710489122,1.1356426603645655,-0.43873427211820426,-1.071831380705187,0.21143873614188025,0.040520334788537365,0.05107754853357512,-0.04779953031294254,0.12884019989001727,observational predictive/calibration diagnostic; not causal pitcher setup skill
2026,675540,"Curry, Xzavion",157,9,0.8865840815262496,0.9144570281042704,-3.1438582260621857,-4.500418384174718,-1.9960099415615429,-0.14858586654603412,0.07262392278474061,-0.28363353963819393,-0.013538193453874275,observational predictive/calibration diagnostic; not causal pitcher setup skill
2026,675660,"Drohan, Shane",857,30,1.2008429872294233,1.2082887050805493,-0.6200409154493032,-1.3356633623598257,-0.012944029756844132,0.11695874714098564,0.036222043775288607,0.05541289360611333,0.17850460067585794,observational predictive/calibration diagnostic; not causal pitcher setup skill
2026,675848,"Mejia, Juan",561,61,1.157570605764842,1.1569364482117122,0.05478348793342444,-0.6711618399075546,0.8569030588822617,0.016794005041724763,0.04187089548255218,-0.053157558968741705,0.08674556905219123,observational predictive/calibration diagnostic; not causal pitcher setup skill
2026,675911,"Strider, Spencer",318,8,1.0574733967511005,1.0583226975155102,-0.08031414946409414,-1.4128394064329783,1.266741061499474,0.12017687465023748,0.12334120902735464,-0.1135027410989229,0.35385649039939787,observational predictive/calibration diagnostic; not causal pitcher setup skill
2026,675989,"Bolton, Cody",159,8,0.9313080073139837,0.9350960934164629,-0.40674901028764915,-1.8416540339799288,1.280872856168041,-0.05355027436788894,0.10676200185188632,-0.25581927891305234,0.14871873017727444,observational predictive/calibration diagnostic; not causal pitcher setup skill
2026,676083,"Junk, Janson",863,24,1.1713473849213556,1.1597903432699643,0.9866451063248833,0.34263301116739564,1.6151259393202573,0.14417335114416707,0.03274135917830047,0.08805886786873841,0.20028783441959574,observational predictive/calibration diagnostic; not causal pitcher setup skill
2026,676106,"Hancock, Emerson",1105,25,1.104922504013089,1.106029017166035,-0.10014396022590377,-0.6076689472418588,0.3649502560350662,0.16128626102941382,0.03653297812919595,0.0987826434224494,0.22378987863637823,observational predictive/calibration diagnostic; not causal pitcher setup skill
2026,676254,"Walker, Ryan",249,33,1.3498612139141213,1.3423697484046888,0.5549804255587006,-0.5324482057620248,1.5955930120477537,0.2196142177746365,0.09013296040294776,0.06693901028956878,0.3722894252597042,observational predictive/calibration diagnostic; not causal pitcher setup skill
2026,676263,"Dreyer, Jack",452,64,1.0335166933654283,1.0375131048928605,-0.38668088799018807,-1.112603191174097,0.38699562602644216,-0.02188144892863525,0.04580929958923401,-0.09835559543773549,0.05459269758046499,observational predictive/calibration diagnostic; not causal pitcher setup skill
2026,676282,"Cantillo, Joey",1141,32,1.2902766477288086,1.298506708666043,-0.637852428912919,-1.1006054088626984,-0.14355411514298103,0.19485277120894387,0.04792463037898762,0.11359566025480222,0.2761098821630855,observational predictive/calibration diagnostic; not causal pitcher setup skill
2026,676428,"Hurter, Brant",194,27,1.1503179172945406,1.1669373960543878,-1.4447726589302397,-2.2882180080548147,-0.5478115335707519,0.09730010930628999,0.06972343142959457,-0.021621424767133413,0.2162216433797134,observational predictive/calibration diagnostic; not causal pitcher setup skill
2026,676440,"Bibee, Tanner",1315,32,1.189613360676324,1.1836170186117563,0.5040580631305753,-0.16823579623747265,1.1237355317520286,0.13092660166770087,0.04691273213314751,0.05138518319540633,0.2104680201399954,observational predictive/calibration diagnostic; not causal pitcher setup skill
2026,676477,"Whitlock, Garrett",409,53,1.224267283011394,1.214478137263052,0.7995922037762246,0.01086816460860238,1.6113332342682143,0.025559501806667027,0.06278451596589535,-0.07958504610335634,0.1307040497166904,observational predictive/calibration diagnostic; not causal pitcher setup skill
2026,676534,"Faucher, Calvin",469,66,1.3429160147360646,1.341418386514084,0.1115206167434661,-0.6367286719374738,0.7870608750422767,0.050767644115691526,0.08189294753142282,-0.08588187430343656,0.1874171625348196,observational predictive/calibration diagnostic; not causal pitcher setup skill
2026,676571,"Poulin, PJ",247,34,0.9863014269192845,0.9934098269854018,-0.7207127427890329,-1.7454725656260315,0.264689527185149,-0.10588639045408262,0.05762184589232136,-0.20340331537531045,-0.00836946553285478,observational predictive/calibration diagnostic; not causal pitcher setup skill
2026,676604,"Zuber, Tyler",308,43,1.0733288914728751,1.0622968482797108,1.0278343647328558,0.09553385120723577,1.8846300546743964,-0.004533673771623537,0.06039839892336966,-0.10612090322804967,0.0970535556848026,observational predictive/calibration diagnostic; not causal pitcher setup skill
2026,676617,"O'Brien, Riley",446,66,1.2283243245532827,1.2183305106958187,0.8136136082055251,0.11308249397256429,1.3912367723450174,0.12515004889847423,0.05380789721525179,0.035364255820397775,0.2149358419765507,observational predictive/calibration diagnostic; not causal pitcher setup skill
2026,676620,"Weiman, Blake",118,15,1.3398790155676241,1.345782703423811,-0.44061350223369666,-2.11722994838104,0.9743901747584843,0.11640764429727408,0.07145300955999644,-0.009443265672367848,0.242258554266916,observational predictive/calibration diagnostic; not causal pitcher setup skill
2026,676664,"Sears, JP",236,8,1.2129818955991432,1.2074776939569383,0.4537744266567244,-0.49666114347138207,1.2888593612403885,0.1853120342504599,0.0871124998193716,0.020270555856771483,0.35035351264414827,observational predictive/calibration diagnostic; not causal pitcher setup skill
2026,676680,"Cosgrove, Tom",132,18,1.1997802298376474,1.2178419043863604,-1.5054152501876967,-3.3040729260698267,0.2536006559198923,0.24978696136840933,0.09711143732061384,0.08085125182665168,0.418722670910167,observational predictive/calibration diagnostic; not causal pitcher setup skill
2026,676684,"Vest, Will",223,27,0.9297460892391973,0.9218726726090428,0.8468351436247756,-0.09536583490327313,1.6529752215355558,-0.03554109938002924,0.04532559472438941,-0.11284924596569418,0.041767047205635704,observational predictive/calibration diagnostic; not causal pitcher setup skill
2026,676742,"Sanders, Cam",232,27,1.234533945636956,1.2190037735206571,1.2579785409048376,-0.14494781200947404,2.4278058139689316,0.022204538185561496,0.08489160064130562,-0.12258809710529715,0.16699717347642015,observational predictive/calibration diagnostic; not causal pitcher setup skill
2026,676755,"Mattson, Isaac",353,38,1.0616477905978903,1.0470790368909486,1.3722774950378602,0.5983819415441247,2.2537227687280814,-0.0704562021093641,0.049869116848678105,-0.15459007095966942,0.013677666740941244,observational predictive/calibration diagnostic; not causal pitcher setup skill
2026,676760,"Marinaccio, Ron",467,39,1.210750237714456,1.210552489716871,0.01633268294526996,-0.7137361270598044,0.8044876774709786,0.0758355423867318,0.05146528694199794,-0.010932587676890537,0.16260367245035415,observational predictive/calibration diagnostic; not causal pitcher setup skill
2026,676775,"Winn, Keaton",297,44,1.1673356787792604,1.168474022399343,-0.09751639059580336,-1.3042070353645585,1.0733379454893428,0.15547679013890386,0.13735428141452335,-0.07542546830648561,0.38637904858429334,observational predictive/calibration diagnostic; not causal pitcher setup skill
2026,676879,"Ashby, Aaron",566,70,1.411867076395882,1.4056465963477836,0.44058538881560944,-0.3517519135679385,1.3454580775943856,0.17271722612360524,0.048778789096888445,0.09139134858389954,0.25404310366331095,observational predictive/calibration diagnostic; not causal pitcher setup skill
2026,676917,"Cavalli, Cade",1290,32,1.1604461838367768,1.1647517002042098,-0.3710224935376049,-1.0611251719933212,0.16527576866248384,0.03935570279599449,0.03650578653691287,-0.022540543948951226,0.10125194954094022,observational predictive/calibration diagnostic; not causal pitcher setup skill
2026,676962,"Brown, Ben",460,20,1.0963139551854502,1.1046063223006548,-0.75638616802994,-2.0299882868504975,0.49122724337670726,0.030012832575780603,0.061041768705439446,-0.075536492566093,0.1355621577176542,observational predictive/calibration diagnostic; not causal pitcher setup skill
2026,676974,"Meyer, Max",811,20,1.3303619180036692,1.3192991397090523,0.8315615581673939,0.2734111605741483,1.4904798614880204,0.14967690030398093,0.03469847972328356,0.08967862050454242,0.20967518010341943,observational predictive/calibration diagnostic; not causal pitcher setup skill
2026,677020,"Walker, Josh",217,29,1.0923398808467526,1.0940388653419724,-0.1555362506679573,-1.535357735550495,1.1745771591578076,0.038905065440390914,0.06365858254421174,-0.06938651855708888,0.1471966494378707,observational predictive/calibration diagnostic; not causal pitcher setup skill
2026,677053,"Nardi, Andrew",173,25,1.1512808937347525,1.1536849043154094,-0.2088118194038811,-1.6779890364020564,1.2355637842561935,0.13982362828300315,0.06825021709447647,0.023055554906135256,0.25659170165987105,observational predictive/calibration diagnostic; not causal pitcher setup skill
2026,677161,"Kelly, Zack",119,17,0.9539257277294039,0.9572319551461044,-0.3465917021202662,-2.5129720967269247,1.500805492419218,-0.1453551944936659,0.0697212943607708,-0.26708046420698706,-0.02362992478034477,observational predictive/calibration diagnostic; not causal pitcher setup skill
2026,677865,"Bruihl, Justin",548,70,1.1747812444878585,1.167693412128146,0.6033321005905539,-0.344114864001386,1.4181786488169694,0.15607748556391418,0.05264521727286971,0.06830534992355428,0.2438496212042741,observational predictive/calibration diagnostic; not causal pitcher setup skill
2026,677944,"Cecconi, Slade",910,27,1.078221869077656,1.0769173699411516,0.12098615080215588,-0.2935403924212027,0.597769449280292,0.07338425574900793,0.03276712489500361,0.017496060349099597,0.12927245114891628,observational predictive/calibration diagnostic; not causal pitcher setup skill
2026,677952,"Ashcraft, Braxton",1226,28,1.0854615713915587,1.0946187324328425,-0.843619090959098,-1.5225029330778823,-0.21473414843476601,0.04209463053731014,0.03182434172729372,-0.012111403019501796,0.09630066409412208,observational predictive/calibration diagnostic; not causal pitcher setup skill
2026,677955,"Hill, Jaden",310,43,1.1272200871961253,1.1486952839356215,-1.9051467396144481,-2.9213604982825307,-0.8332258243309596,0.072786265299224,0.049352258056511965,-0.01022188148527238,0.15579441208372036,observational predictive/calibration diagnostic; not causal pitcher setup skill
2026,677958,"Rocker, Kumar",1132,29,1.2032841497478381,1.2062479639027628,-0.2463104126773212,-0.6964082448294104,0.16501514135268153,0.14517952990806898,0.04040303372634515,0.07644867939799355,0.21391038041814442,observational predictive/calibration diagnostic; not causal pitcher setup skill
2026,677960,"Weathers, Ryan",989,25,1.2231792368202137,1.2206065974268931,0.2103239914379553,-0.40250042797185154,0.8750024414679451,0.12135995584714941,0.03802552661884136,0.05630276377585479,0.18641714791844405,observational predictive/calibration diagnostic; not causal pitcher setup skill
2026,677961,"Wilcox, Cole",217,23,1.266142635972018,1.2693814196299618,-0.25579927299876226,-1.2598254170895153,0.8270766552691639,0.10671268686813469,0.06868152364715623,-0.011223405086443206,0.22464877882271259,observational predictive/calibration diagnostic; not causal pitcher setup skill
2026,677976,"Dobnak, Randy",546,14,1.2203854225464605,1.213250298251394,0.5846615473477662,-0.10225172235687173,1.2603098742020014,0.08338353171694107,0.05728602922381861,-0.01806621055899925,0.1848332739928814,observational predictive/calibration diagnostic; not causal pitcher setup skill
2026,678020,"Halvorsen, Seth",222,30,1.0549745238606132,1.057995885318019,-0.2863918880570971,-1.5573035858459456,0.822262124493105,0.03847513578509976,0.05769268770881108,-0.05955206913429807,0.13650234070449757,observational predictive/calibration diagnostic; not causal pitcher setup skill
2026,678022,"Perkins, Jack",908,35,1.237701116834807,1.2282648291394287,0.7624043936802791,0.12201097073890906,1.389443923047582,0.05684239798464762,0.03869791846216849,-0.00859285096827627,0.12227764693757151,observational predictive/calibration diagnostic; not causal pitcher setup skill
2026,678394,"Bello, Brayan",897,25,1.2587340717209734,1.2520581732996015,0.530366069478403,-0.09395015127680248,1.051413402845781,0.1655893615621039,0.05011798729308944,0.07984339522122877,0.2513353279029791,observational predictive/calibration diagnostic; not causal pitcher setup skill
2026,678606,"Ferrer, José A.",494,70,1.166240980612944,1.1704676709171769,-0.3624199779029968,-1.0014580697899735,0.2970618815758769,0.0955063166274295,0.0466255596525735,0.017770386221413845,0.17324224703344515,observational predictive/calibration diagnostic; not causal pitcher setup skill
2026,678906,"Teng, Kai-Wei",538,30,1.252243526978765,1.2484129821420464,0.3058945607776738,-0.20367420875471387,0.836161385111379,0.11089824725313198,0.06425928792444796,0.0017135544349048404,0.22008294007135912,observational predictive/calibration diagnostic; not causal pitcher setup skill
2026,679358,"Orze, Eric",280,36,1.082293208584976,1.089068352848872,-0.6259989631418018,-1.512694285189365,0.45166743797239023,0.04043669876027004,0.06155938563841579,-0.06357234373227127,0.14444574125281134,observational predictive/calibration diagnostic; not causal pitcher setup skill
2026,679775,"Backhus, Kyle",147,21,1.3363187891932895,1.3332665766993477,0.22840451833985453,-1.1534019212509203,1.5654702070496285,0.11564348207370219,0.08930013505832946,-0.0383740899566888,0.2696610541040932,observational predictive/calibration diagnostic; not causal pitcher setup skill
2026,679883,"Avila, Luinder",534,21,1.1022711994100092,1.0992696387932746,0.27230690762320514,-0.39114062776011344,0.9569786019377036,0.023854805390340694,0.04382369905749011,-0.05172872784638302,0.09943833862706442,observational predictive/calibration diagnostic; not causal pitcher setup skill
2026,680570,"Rodriguez, Grayson",800,19,1.107687685136463,1.0977897803704957,0.8935645758982917,0.17891329068400805,1.659109846919266,0.08922603205751267,0.05062251498723134,0.0014433711427038892,0.17700869297232147,observational predictive/calibration diagnostic; not causal pitcher setup skill
2026,680573,"Woods Richardson, Simeon",470,20,1.1461022920637935,1.1428837556241176,0.2808245356424736,-0.5737054548219009,1.2690431910088125,0.18097088646839357,0.08105000004816956,0.04082467201129508,0.32111710092549206,observational predictive/calibration diagnostic; not causal pitcher setup skill
2026,680604,"Castaño, Blas",194,14,1.2411331362790616,1.239921699843207,0.09760729130851974,-1.16912045590691,1.3435017562057312,0.20566930640867612,0.08830064077348802,0.04929475277586606,0.36204386004148614,observational predictive/calibration diagnostic; not causal pitcher setup skill
2026,680694,"Bradish, Kyle",1161,29,1.1688327465233697,1.1687964987804804,0.00310119159451721,-0.45191079250676364,0.4272145139924613,0.010723247997048704,0.03643951022201703,-0.051265130071124064,0.07271162606522147,observational predictive/calibration diagnostic; not causal pitcher setup skill
2026,680730,"Parker, Mitchell",316,22,1.150188172803551,1.1574514404584604,-0.6314851627456304,-1.7386825636662508,0.42529580927456634,0.14025580666568402,0.06190482991526512,0.03373350993921512,0.24677810339215292,observational predictive/calibration diagnostic; not causal pitcher setup skill
2026,680732,"Burke, Sean",1334,31,1.1915088879305948,1.188684159387074,0.23707154618264173,-0.12826792024900785,0.6300674733220145,0.15325226843058212,0.038239166139780144,0.08835042740556526,0.218154109455599,observational predictive/calibration diagnostic; not causal pitcher setup skill
2026,680736,"Wrobleski, Justin",1002,25,1.0304307605796117,1.023535334213232,0.6691790103879476,-0.02860718634610057,1.3389722585771786,0.0751614996098817,0.03797502151635346,0.010190715813377604,0.14013228340638578,observational predictive/calibration diagnostic; not causal pitcher setup skill
2026,680742,"Bowlan, Jonathan",465,58,1.1671660933752257,1.1656323933794814,0.13140374831392912,-0.5989346135715314,0.8307172669045675,0.05222959011348203,0.047772016286941325,-0.02764660117831102,0.13210578140527507,observational predictive/calibration diagnostic; not causal pitcher setup skill
2026,680744,"Madden, Ty",350,19,1.235057220230821,1.234025301862994,0.08355227198575897,-0.9064777015059551,0.9228014208504678,0.11840293144334507,0.05401384153315144,0.024739494587100272,0.21206636829958986,observational predictive/calibration diagnostic; not causal pitcher setup skill
2026,680755,"Fisher, Braydon",513,74,1.4065267037747795,1.4205794668795946,-0.9991110063606208,-1.6191307560267443,-0.3744008941747347,0.2460391011862473,0.05800300579448206,0.14940631256524772,0.3426718898072469,observational predictive/calibration diagnostic; not causal pitcher setup skill
2026,680767,"Vodnik, Victor",439,50,1.0199954796984887,1.0317392598323198,-1.1513560959410007,-1.964811719048413,-0.15954514472390663,-0.04586024312405835,0.04922538793795685,-0.1283891112108508,0.036668624962734105,observational predictive/calibration diagnostic; not causal pitcher setup skill
2026,680802,"Weiss, Ryan",230,9,1.1367772300492403,1.1443420286637267,-0.6654600755997575,-1.2506209552558882,0.09396948937696449,0.18440326775508806,0.07756970726264721,0.040158670842986244,0.32864786466718987,observational predictive/calibration diagnostic; not causal pitcher setup skill
2026,680899,"Tolman, Erik",117,12,1.1536126808959464,1.1579199378484992,-0.37337115167697993,-1.919357184859877,1.2975169216007727,0.10226509834358456,0.11396818786887572,-0.10240864006533971,0.3069388367525088,observational predictive/calibration diagnostic; not causal pitcher setup skill
2026,680916,"Aleman, Franco",189,21,1.2176627439156706,1.2095733242588302,0.6643399165541669,-0.7697154350966513,2.165970991844264,0.18715248715280577,0.060148450199050026,0.08341335781109173,0.29089161649451983,observational predictive/calibration diagnostic; not causal pitcher setup skill
2026,681035,"Scott, Christian",955,23,1.2204072543107203,1.2159963677835364,0.36142742609926626,-0.2810345700190703,0.9772764315166419,0.14860245553930268,0.04521226240189877,0.07096647350287887,0.22623843757572648,observational predictive/calibration diagnostic; not causal pitcher setup skill
2026,681151,"Murray, Jayden",143,10,1.0494253500786173,1.0525305391059236,-0.29589422697609175,-1.1950256487152668,1.256438313091662,0.04133279414168113,0.10849090992831104,-0.15754329592354877,0.240208884206911,observational predictive/calibration diagnostic; not causal pitcher setup skill
2026,681190,"Vásquez, Randy",1027,31,1.2551463614034093,1.2557713802302863,-0.049796489564631174,-0.49886363939695855,0.5890448032951326,0.461812953795972,0.3515609826703462,-0.13487775134294255,1.0585036589348866,observational predictive/calibration diagnostic; not causal pitcher setup skill
2026,681217,"Silseth, Chase",485,68,1.1392575721620821,1.1302349773692262,0.7919714569667302,0.01317099022420648,1.5719622822588981,0.007419801586960539,0.0491968617551657,-0.07463643689799561,0.08947604007191669,observational predictive/calibration diagnostic; not causal pitcher setup skill
2026,681293,"Arrighetti, Spencer",789,24,1.1484334674739303,1.1533528576497112,-0.4283565670200816,-1.2572587001097904,0.3712139283395834,0.1131711633872479,0.05173567604447408,0.024502861245878763,0.20183946552861703,observational predictive/calibration diagnostic; not causal pitcher setup skill
2026,681320,"Lavender, Nate",122,18,1.2144957850215163,1.2142790574522297,0.01784506557861619,-0.7586308218427383,0.6477291421793095,0.1632056725359787,0.10411137694621372,-0.017907179060591943,0.3443185241325494,observational predictive/calibration diagnostic; not causal pitcher setup skill
2026,681347,"Burrows, Mike",744,18,1.1138901527356055,1.1079653314797295,0.5319035491359078,-0.05258158102771454,1.1569042682367063,0.09902157057270057,0.046134316345879556,0.018766003554533325,0.17927713759086783,observational predictive/calibration diagnostic; not causal pitcher setup skill
2026,681402,"Varland, Gus",268,33,1.0644951761047852,1.0685497663526924,-0.3808932477029997,-1.164263674104767,0.4704608628615104,0.009655120081136413,0.07187622830673965,-0.11209521432390862,0.13140545448618146,observational predictive/calibration diagnostic; not causal pitcher setup skill
2026,681517,"Leahy, Kyle",1022,29,1.1603584453249602,1.1588589037531807,0.12923089221448475,-0.3908758323839359,0.6046955492352182,0.09009786977835758,0.04851548800624464,0.007566672339927083,0.17262906721678808,observational predictive/calibration diagnostic; not causal pitcher setup skill
2026,681544,"Olds, Wyatt",132,13,1.1696900217579125,1.1926059474386759,-1.959145179876232,-2.981309572569236,-0.4565316812685613,0.06710008417632601,0.12273851355379735,-0.15165524112950232,0.2858554094821544,observational predictive/calibration diagnostic; not causal pitcher setup skill
2026,681676,"Fernandez, Ryan",184,17,1.1989332739962508,1.1993379871883385,-0.03375610643773401,-0.8211398633750634,0.7839211437977947,0.08372803489101727,0.07237571202795998,-0.04263153929746874,0.21008760907950327,observational predictive/calibration diagnostic; not causal pitcher setup skill
2026,681799,"Roberts, Ethan",185,23,1.1855784286517446,1.1803357400697687,0.44220512580833843,-0.9936335437076962,1.878923931523214,0.049876092128660544,0.07794227531720836,-0.08396204745867983,0.1837142317160009,observational predictive/calibration diagnostic; not causal pitcher setup skill
2026,681810,"Warren, Austin",350,39,1.154894027246588,1.1371008408868764,1.5406769746773026,0.8286970589590277,2.311933255362302,0.10269274824256094,0.058469709688359094,0.004115480408817665,0.20127001607630424,observational predictive/calibration diagnostic; not causal pitcher setup skill
2026,681867,"Criswell, Cooper",272,34,1.5039398809955156,1.5032706556206599,0.044498146721966565,-0.7605084868141982,1.0305187576080779,0.15755859391124585,0.07501565913361774,0.030605069837761595,0.2845121179847301,observational predictive/calibration diagnostic; not causal pitcher setup skill
2026,681870,"Sabrowski, Erik",345,56,1.2379059292434575,1.2471220302751616,-0.7444912261900607,-1.6308152690059945,0.1709851656521378,0.03439387599562818,0.05789937047255737,-0.06247373737386405,0.13126148936512042,observational predictive/calibration diagnostic; not causal pitcher setup skill
2026,681892,"Funderburk, Kody",359,56,1.1922909418493757,1.1970589205748914,-0.3999006079942336,-1.3988527497341419,0.4341763378454591,-0.0011255582032421436,0.0801010928999955,-0.13513740728177714,0.13288629087529286,observational predictive/calibration diagnostic; not causal pitcher setup skill
2026,681895,"Sisk, Evan",315,39,1.3497443625894172,1.3510317082781593,-0.09537700059531504,-1.0266060081111157,0.7440734962853083,0.19924123436489213,0.051446206928515294,0.1125052723351009,0.2859771963946834,observational predictive/calibration diagnostic; not causal pitcher setup skill
2026,681911,"Vesia, Alex",457,69,1.3624619292769329,1.3569767113661497,0.4025960500558159,-0.4474177328287785,1.2198364149386045,0.1967615121380763,0.06558898635278362,0.08738713657062076,0.30613588770553185,observational predictive/calibration diagnostic; not causal pitcher setup skill
2026,681916,"Smith, Dylan",306,39,1.3304714036014946,1.3236202107919939,0.51494476250711,-0.354557000424891,1.5351069072787151,0.17335839544555223,0.10105665008335932,0.0029814855080033398,0.34373530538310115,observational predictive/calibration diagnostic; not causal pitcher setup skill
2026,681982,"Anderson, Grant",412,50,1.304827038265521,1.3067095319620616,-0.1442715119578698,-0.9575681021299335,0.5683329638548525,0.1869813740343969,0.06764313329610043,0.07357421852741894,0.30038852954137485,observational predictive/calibration diagnostic; not causal pitcher setup skill
2026,682052,"Lopez, Jacob",952,26,1.3770236480054607,1.3808356007907225,-0.27682551354751944,-0.8021908602139366,0.2781314721449269,0.22286861685465043,0.03692037799215219,0.15980341428542771,0.28593381942387314,observational predictive/calibration diagnostic; not causal pitcher setup skill
2026,682120,"Herrin, Tim",419,64,1.555293909581254,1.5409759675526007,0.9205939752254434,0.12616074982315115,1.7121818376369218,0.2987322447762722,0.0811696084365945,0.16322752011714928,0.43423696943539514,observational predictive/calibration diagnostic; not causal pitcher setup skill
2026,682227,"Williamson, Brandon",327,10,1.1572125984359298,1.152899598976486,0.3727058852688889,-0.8483592464844804,1.530792699283107,0.09454485398647643,0.05003123119641959,0.002831957043605504,0.18625775092934735,observational predictive/calibration diagnostic; not causal pitcher setup skill
2026,682243,"Miller, Bryce",944,21,1.170252782180193,1.1659896365423825,0.3642927154480337,-0.18471523371523252,0.8109837130901738,0.16086293288831052,0.04722280183083212,0.07941690508884121,0.24230896068777985,observational predictive/calibration diagnostic; not causal pitcher setup skill
2026,682254,"Montgomery, Mason",542,67,1.3376066549309324,1.3325316324275067,0.3794106798674525,-0.440748473662337,1.125730206338035,0.19711039737725927,0.045722215195119785,0.12083337392207033,0.2733874208324482,observational predictive/calibration diagnostic; not causal pitcher setup skill
2026,682608,"Gray, Peyton",452,48,1.1800654712182252,1.175919266534775,0.3513537837158962,-0.24706330812203428,0.9960879840520918,0.17345455698144302,0.05598448867579107,0.07951668743487705,0.267392426528009,observational predictive/calibration diagnostic; not causal pitcher setup skill
2026,682825,"Mey, Luis",252,26,1.4657470930735095,1.467827016032453,-0.14190189895460575,-1.199481504702572,0.716407113557814,0.23156394902095903,0.07447164506436267,0.10435589652903737,0.3587720015128807,observational predictive/calibration diagnostic; not causal pitcher setup skill
2026,682842,"Uribe, Abner",372,57,1.3003421342786978,1.3189015263530735,-1.4272699149805408,-2.163513529935563,-0.7828614454634152,0.19283689805982934,0.06613073961068293,0.08223176114207864,0.30344203497758004,observational predictive/calibration diagnostic; not causal pitcher setup skill
2026,682982,"Espino, Daniel",118,12,1.068469379713506,1.0773355136065526,-0.8297976583497106,-2.6013061892418308,0.5310622823875519,0.026384465569530075,0.08890589480933339,-0.1332802812118504,0.18604921235091057,observational predictive/calibration diagnostic; not causal pitcher setup skill
2026,682989,"Mederos, Victor",259,28,1.2894720798671122,1.3076829169310564,-1.412270753921316,-2.843736552439031,-0.0006297706243001094,0.15027567211525783,0.06642440939632464,0.037135743076581795,0.26341560115393386,observational predictive/calibration diagnostic; not causal pitcher setup skill
2026,683000,"Cornelio, Riley",276,16,1.2914939724879053,1.294303466532447,-0.21753830094379795,-0.9045966444440343,0.5912650995776039,0.1453042133305834,0.06822454239198261,0.02570315502335528,0.2649052716378115,observational predictive/calibration diagnostic; not causal pitcher setup skill
2026,683003,"Jones, Jared",709,19,1.2200530704692643,1.2210044954962702,-0.07798226569274684,-0.5002299228911652,0.3841718760810419,0.16775686413319485,0.0753153707205385,0.03715522074780089,0.29835850751858883,observational predictive/calibration diagnostic; not causal pitcher setup skill
2026,683004,"Leiter, Jack",651,15,1.1903916891961586,1.1889950971389562,0.11732206045099768,-0.6484551445975327,0.7909307604417218,0.13051551941741923,0.048361659348163034,0.045335638624607155,0.21569540021023131,observational predictive/calibration diagnostic; not causal pitcher setup skill
2026,683175,"Phillips, Connor",217,25,1.2022751275785042,1.1861390852572298,1.3421256042927432,0.4986429154997979,2.0784472383291828,0.020686406836036734,0.05649882332866823,-0.07597641753295048,0.11734923120502394,observational predictive/calibration diagnostic; not causal pitcher setup skill
2026,683232,"Mears, Nick",147,21,1.2601740780146542,1.260646323773989,-0.037474644779157865,-1.0220716739340268,1.1835984165571067,0.017630078987390548,0.10133642754957316,-0.15714670627977895,0.19240686425456005,observational predictive/calibration diagnostic; not causal pitcher setup skill
2026,683352,"Bratt, Mitch",334,10,1.125878140465946,1.1256989813326306,0.015912835224004048,-0.9652484294468895,1.1121100920644933,0.06042159972894321,0.061451989678628624,-0.0522268372884085,0.17307003674629493,observational predictive/calibration diagnostic; not causal pitcher setup skill
2026,683409,"Chivilli, Angel",140,15,1.5225955297142097,1.52405971669337,-0.0961638826980635,-0.7816758078363704,0.5512920252682528,0.15096461267733607,0.15768704590276006,-0.12677117955159578,0.42870040490626793,observational predictive/calibration diagnostic; not causal pitcher setup skill
2026,683618,"Henriquez, Edgardo",451,61,1.354979203327411,1.368372956245426,-0.9884840213874975,-1.8673308664824797,-0.13842809754917154,0.14625283802009725,0.05491906148018106,0.05450237029660482,0.2380033057435897,observational predictive/calibration diagnostic; not causal pitcher setup skill
2026,683627,"Molina, Anthony",229,8,1.0235424078140911,1.0186593799653358,0.47707137598564153,-0.9133107411619371,1.4834641278795904,0.009296685158539634,0.06616125125190093,-0.11605100594929622,0.1346443762663755,observational predictive/calibration diagnostic; not causal pitcher setup skill
2026,683742,"Franco, Jose",151,10,1.1013398762187154,1.1161269914060183,-1.3426477608412961,-2.483169776670254,-0.27916875785375284,0.014327172610245477,0.10489716974427393,-0.1779611858470196,0.20661553106751052,observational predictive/calibration diagnostic; not causal pitcher setup skill
2026,683769,"Gaddis, Hunter",463,65,1.2655909941420496,1.269805396769412,-0.33299878451010684,-1.3410090254161007,0.5681353518366243,0.16576034523817954,0.057451876575568335,0.06987241492147957,0.2616482755548795,observational predictive/calibration diagnostic; not causal pitcher setup skill
2026,684007,"Imanaga, Shota",1360,30,1.1970352687984773,1.1908249124745427,0.5188114741320952,-0.20365642507078505,1.1359910747220097,0.14161792548587493,0.03288585237755963,0.08574068492057249,0.19749516605117737,observational predictive/calibration diagnostic; not causal pitcher setup skill
2026,684049,"Bidois, Brandan",156,15,1.2369436940122596,1.2441587786163155,-0.5832993562263625,-1.970557398203133,0.9755275609075956,0.14513228188164562,0.07797362561874317,0.007796544756236534,0.2824680190070547,observational predictive/calibration diagnostic; not causal pitcher setup skill
2026,684665,"Murphy, Luke",147,18,1.0861556270289945,1.0771987774720886,0.8246377714219493,-0.4468237616458367,2.2800963509213865,0.07637291652682247,0.08434946700900842,-0.07036198362289602,0.22310781667654095,observational predictive/calibration diagnostic; not causal pitcher setup skill
2026,684974,"Yoho, Craig",275,32,1.3672903842206034,1.3612879026373428,0.4390056166951127,-0.43932592923664754,1.437709164159064,0.3197348672748689,0.09841304789506079,0.15287369612120755,0.4865960384285302,observational predictive/calibration diagnostic; not causal pitcher setup skill
2026,685126,"Eisert, Brandon",333,38,1.1272519986424747,1.1289268223292932,-0.14857580104853105,-1.007365871982293,0.6601541986424687,0.022277252641973305,0.05018147013218384,-0.062383585439994504,0.10693809072394111,observational predictive/calibration diagnostic; not causal pitcher setup skill
2026,685299,"Gordon, Tanner",833,23,1.1355792029186382,1.124107667879175,1.0101924207469875,0.5057922830736377,1.5665559039455084,0.0890017356171005,0.04366764645078126,0.0140180821717161,0.1639853890624849,observational predictive/calibration diagnostic; not causal pitcher setup skill
2026,685801,"Bigge, Hunter",137,18,1.2006487308916398,1.1949804792245664,0.47209908453940314,-1.250125793246491,1.7925274266267737,0.08898105638870331,0.09562542831317909,-0.07736958188871275,0.2553316946661194,observational predictive/calibration diagnostic; not causal pitcher setup skill
2026,686218,"Sheehan, Emmet",976,23,1.206354664354313,1.2086608467787185,-0.19116952025380266,-0.9386678177031348,0.5667738334174058,0.12162908946107447,0.04334924240384008,0.04719218173367501,0.19606599718847392,observational predictive/calibration diagnostic; not causal pitcher setup skill
2026,686560,"Collyer, Gavin",162,23,1.1115829602335385,1.1104371293159456,0.10308100776860915,-1.2222161396128237,1.6507292631378847,-0.010243345651294644,0.07191263053531421,-0.13372771462189428,0.113241023319305,observational predictive/calibration diagnostic; not causal pitcher setup skill
2026,686580,"Slaten, Justin",254,36,1.1509841647195045,1.1498999676525483,0.0941973921266118,-0.7448237656674213,0.860209846511866,0.028132581923898923,0.05583882570373303,-0.06621116005992114,0.12247632390771898,observational predictive/calibration diagnostic; not causal pitcher setup skill
2026,686613,"Brown, Hunter",743,19,1.2999995730333804,1.295693094743359,0.331267669571076,-0.21482541024504903,0.8146219547603639,0.24215342099346887,0.06503804233799013,0.12937331872950952,0.3549335232574282,observational predictive/calibration diagnostic; not causal pitcher setup skill
2026,686751,"Johnson, Seth",235,25,1.0524612068208368,1.0609981357003073,-0.811139529337914,-1.6471203688948006,0.2047884245107475,-0.04894955520541607,0.06759727256960206,-0.16460051749550136,0.06670140708466923,observational predictive/calibration diagnostic; not causal pitcher setup skill
2026,686753,"Jameson, Drey",142,12,1.0512633482058777,1.0718619763585335,-1.959416561778742,-3.9369768856605827,-0.4855985257527224,0.00976815799858904,0.07425405741034662,-0.12358357643183093,0.14311989242900902,observational predictive/calibration diagnostic; not causal pitcher setup skill
2026,686790,"McDonald, Trevor",492,14,1.4704085188650904,1.4715971152638596,-0.08083443366381997,-0.6256933814452006,0.6081401986599397,0.7158067373395153,0.571682732278312,-0.29660530516117,1.7282187798402004,observational predictive/calibration diagnostic; not causal pitcher setup skill
2026,686799,"Kochanowicz, Jack",486,13,0.978941063479781,0.9767303751714789,0.22582445366464945,-0.46193243864096656,0.9695971439748229,0.08104823866029498,0.03514329494811547,0.01841278140975519,0.14368369591083477,observational predictive/calibration diagnostic; not causal pitcher setup skill
2026,686930,"Barnett, Mason",325,17,1.010861245309766,0.9971085999067729,1.3604879469663365,0.3912232848845948,2.4041276851489854,-0.10396980080236735,0.06716575764550263,-0.22123340068037717,0.013293799075642446,observational predictive/calibration diagnostic; not causal pitcher setup skill
2026,686934,"McFarlane, Alex",116,16,1.2934680194101662,1.289378934179484,0.3161334620818093,-0.868788654887029,1.2426005384788115,0.08340172331575696,0.09912161304195537,-0.09036345568426446,0.2571669023157784,observational predictive/calibration diagnostic; not causal pitcher setup skill
2026,686973,"Varland, Louis",613,70,1.1666011290879654,1.16805044773041,-0.12423429107920853,-0.7230983738840162,0.46167832434266565,0.138132856257395,0.04663303250714936,0.06038446682016185,0.21588124569462813,observational predictive/calibration diagnostic; not causal pitcher setup skill
2026,686993,"Sterner, Justin",340,44,1.2689039059754679,1.2754644327500704,-0.5170231365596799,-1.404165101966314,0.40974695697816454,0.1555701132919183,0.06545453449846587,0.04553641295478873,0.2656038136290479,observational predictive/calibration diagnostic; not causal pitcher setup skill
2026,687064,"Young, Brandon",1181,27,1.1113498255221825,1.110748956823519,0.05406656705788387,-0.5168867943114753,0.5756112452798826,0.03826705099188556,0.041298219941020876,-0.03217193299367939,0.1087060349774505,observational predictive/calibration diagnostic; not causal pitcher setup skill
2026,687075,"Sproat, Brandon",748,21,1.023134083687292,1.023370703485955,-0.023126958864480806,-1.050990180414582,0.8850069850460901,0.008483729717258342,0.05145192899447739,-0.08025635085298181,0.0972238102874985,observational predictive/calibration diagnostic; not causal pitcher setup skill
2026,687209,"Maxwell, Zach",123,12,1.2687124312077338,1.274278557582435,-0.4387224589107593,-2.300154325197792,1.3695470397882232,0.1977637530091808,0.10164820053134403,0.015215292826355753,0.38031221319200587,observational predictive/calibration diagnostic; not causal pitcher setup skill
2026,687223,"Palmquist, Carson",146,11,1.367554106357969,1.3737400280518872,-0.45233469485110556,-1.2221054347171292,0.42452581002763623,0.18205286319526628,0.05668435085216595,0.0793146810038986,0.28479104538663397,observational predictive/calibration diagnostic; not causal pitcher setup skill
2026,687239,"Peoples, Ben",143,16,1.21218143913279,1.1923021675736254,1.6399584185504947,0.022635538198173228,3.232472393516276,0.17231215687697213,0.11661379133891292,-0.03211769150836863,0.3767420052623129,observational predictive/calibration diagnostic; not causal pitcher setup skill
2026,687273,"Mathews, Quinn",342,8,1.2065297528747942,1.1873624688062097,1.5886292089287268,0.8268449400780588,2.36552515502293,0.1807438474588886,0.057178176928964874,0.07241529677122079,0.28907239814655644,observational predictive/calibration diagnostic; not causal pitcher setup skill
2026,687312,"Hughes, Gabriel",534,14,1.2683905827663198,1.2583772871369228,0.7894489099373737,0.22116230919899293,1.44008578544397,0.1333057434537584,0.0520781336661934,0.04107883734362823,0.22553264956388858,observational predictive/calibration diagnostic; not causal pitcher setup skill
2026,687330,"Kelly, Kevin",475,69,1.153585064578429,1.1520230767745088,0.13540291495460216,-0.8063903327447727,0.9388107060269656,0.01975749618838759,0.05813332440890447,-0.07718402418646417,0.11669901656323936,observational predictive/calibration diagnostic; not causal pitcher setup skill
2026,687377,"Ribalta, Orlando",375,45,1.2655444712386885,1.282798804128677,-1.363392064215682,-2.2562035949970225,-0.49915927480307193,0.10416821931203797,0.06370130074734556,-0.002864615750287805,0.21120105437436376,observational predictive/calibration diagnostic; not causal pitcher setup skill
2026,687396,"Headrick, Brent",641,79,1.117426241298849,1.1140106938394296,0.3056620055252247,-0.3759994619286091,0.9926059277140271,0.05887848023817307,0.04357514478727153,-0.013657779662663079,0.13141474013900922,observational predictive/calibration diagnostic; not causal pitcher setup skill
2026,687473,"Gusto, Ryan",648,22,1.1328771821693886,1.123122188209594,0.8610813346168942,0.2130636773425032,1.515940246687914,0.08925847431185058,0.03595907391830219,0.027382153075244366,0.1511347955484568,observational predictive/calibration diagnostic; not causal pitcher setup skill
2026,687562,"Bennett, Jake",809,19,1.1832868232801526,1.1716542348990444,0.9830742768572317,0.4923591546637232,1.4099415995440208,0.08715374628062411,0.04703227827333419,0.005596784190526519,0.16871070837072172,observational predictive/calibration diagnostic; not causal pitcher setup skill
2026,687570,"Prielipp, Connor",904,23,1.2555384207529237,1.2485755662802043,0.5545711989079302,-0.10622837035629609,1.1942370598161236,0.133465468097541,0.05827077741949946,0.033406130460884254,0.23352480573419776,observational predictive/calibration diagnostic; not causal pitcher setup skill
2026,687606,"Schultz, Paxton",259,27,1.1833181949832177,1.1754019607702966,0.6689860974404642,-0.42375185143307287,1.6798361033683185,0.10129021816954095,0.04952752854279594,0.016815177965559328,0.1857652583735226,observational predictive/calibration diagnostic; not causal pitcher setup skill
2026,687849,"Kent, Zak",140,11,1.236355655984592,1.2385274699953783,-0.17566256119536366,-1.6509950997068816,1.4025073361784421,0.0486185324104054,0.06673337108378355,-0.07233310827311717,0.16957017309392797,observational predictive/calibration diagnostic; not causal pitcher setup skill
2026,687911,"King, Bryan",492,58,1.181959190969047,1.1874076757774696,-0.4609706367235675,-1.183885791972977,0.27772938334435704,0.06601053035847333,0.03348330993493651,0.010025468865967856,0.1219955918509788,observational predictive/calibration diagnostic; not causal pitcher setup skill
2026,687931,"Whisenhunt, Carson",267,8,1.2066452800666503,1.1982779376205275,0.6934384598645809,0.22085591139744737,1.3527723834016472,0.09711243298420023,0.0857510461233763,-0.0653496643652348,0.25957453033363526,observational predictive/calibration diagnostic; not causal pitcher setup skill
2026,687941,"Gamboa, Alec",200,19,1.1014232817584384,1.0944778297837794,0.6305888108312308,-0.5667621856662054,1.705718540542004,0.10639395631489534,0.07203588189636678,-0.018520844852193505,0.2313087574819842,observational predictive/calibration diagnostic; not causal pitcher setup skill
2026,688107,"Gasser, Robert",784,19,1.1194343748207995,1.1148041690891288,0.41362011349809996,-0.25907495027837374,0.9931654004544532,0.04302370773471381,0.03456547815620483,-0.016915029981294488,0.10296244545072211,observational predictive/calibration diagnostic; not causal pitcher setup skill
2026,688158,"Morgan, David",256,28,1.4015614936902456,1.3962276747080618,0.38056260864731556,-0.8454472439918561,1.4173321072972136,0.30783460075628355,0.09111195374887765,0.15264466266865145,0.46302453884391565,observational predictive/calibration diagnostic; not causal pitcher setup skill
2026,688297,"Roycroft, Chris",293,25,1.1019622279554384,1.098419426354762,0.3214993681997239,-0.7394437080315188,1.4497747232060967,0.040482626785845625,0.06211206737312846,-0.0657837962289669,0.14674904980065817,observational predictive/calibration diagnostic; not causal pitcher setup skill
2026,688642,"Agnos, Zach",681,39,1.104323061830719,1.1071883008738044,-0.2594565976314466,-0.9734357999835602,0.3588816756203735,0.010328014671771402,0.04284153014553137,-0.06190085415745493,0.08255688350099773,observational predictive/calibration diagnostic; not causal pitcher setup skill
2026,688883,"Pallette, Peyton",169,16,0.9528768458732868,0.9645805177074954,-1.2282460094286898,-2.177108009364689,-0.24236518514665642,-0.029384337979199846,0.05320434041188132,-0.12265422586263712,0.06388554990423743,observational predictive/calibration diagnostic; not causal pitcher setup skill
2026,689147,"Kerkering, Orion",442,61,1.2243945172871988,1.215920454290499,0.6921023311567268,-0.16615722163047844,1.5355253073507318,0.006456798266016853,0.049197864759651835,-0.0757355586504273,0.088649155182461,observational predictive/calibration diagnostic; not causal pitcher setup skill
2026,689225,"Brieske, Beau",170,15,0.9659707511962662,0.9692286979502626,-0.33727178074095227,-1.8927736831257431,1.4305092538771873,-0.06291722035375184,0.06543677541467362,-0.1781716761440417,0.05233723543653801,observational predictive/calibration diagnostic; not causal pitcher setup skill
2026,689254,"Fluharty, Mason",477,79,1.1466169771466117,1.1457322280290958,0.07716169698773453,-0.8876555136538221,1.1050841476234743,-0.020244475744428083,0.049774290229154375,-0.10309998592270327,0.0626110344338471,observational predictive/calibration diagnostic; not causal pitcher setup skill
2026,689266,"Dodd, Dylan",388,46,1.0240499712008324,1.042697563161837,-1.820965039346434,-3.023528802262594,-0.8097957980866712,-0.0750759112967568,0.05663212266602176,-0.170185449406122,0.02003362681260841,observational predictive/calibration diagnostic; not causal pitcher setup skill
2026,689296,"Nunez, Anthony",450,50,1.2175310422427799,1.220835903537634,-0.2714395921081626,-1.0369992290452983,0.4760264203523787,-0.001776277038236896,0.04274730804674063,-0.07344431450096749,0.0698917604244937,observational predictive/calibration diagnostic; not causal pitcher setup skill
2026,689520,"Laweryson, Cody",134,15,1.091682877913509,1.0811918812616983,0.9609930561393232,-0.49985028112885804,2.2121904777056605,0.11845695036217005,0.05288188843422816,0.025315544264046988,0.21159835646029312,observational predictive/calibration diagnostic; not causal pitcher setup skill
2026,689546,"Davila, Nick",199,24,1.0965787132359246,1.1074345393631262,-0.9899723563999078,-2.0969812562293266,0.14266286315913182,-0.0048187614286371505,0.08477822007867203,-0.15011773899454625,0.14048021613727193,observational predictive/calibration diagnostic; not causal pitcher setup skill
2026,690829,"Joyce, Ben",104,16,1.4568333845341144,1.4650510823119267,-0.5640794523966961,-2.6321853420340466,1.1985458567621632,0.2662368126126786,0.1124475638666182,0.0691105707795403,0.46336305444581694,observational predictive/calibration diagnostic; not causal pitcher setup skill
2026,690925,"Beeter, Clayton",346,50,1.2991833125491554,1.292574512000745,0.5086888420266896,-0.4940259781211017,1.4492519124589434,0.03590999489775784,0.052283625544814805,-0.051746164178646734,0.12356615397416242,observational predictive/calibration diagnostic; not causal pitcher setup skill
2026,690928,"Dobbins, Hunter",406,11,0.9491435336574036,0.9473863821638094,0.18513021806335306,-0.8939511093593161,1.2927544763841574,0.05628961388763892,0.055128996475094554,-0.04362954896309189,0.15620877673836975,observational predictive/calibration diagnostic; not causal pitcher setup skill
2026,690978,"Fulton, Dax",182,15,0.908876586183389,0.918568566416851,-1.066369227769558,-2.3304235055116433,0.43473814852177783,0.0454239793540258,0.07885723310113144,-0.09346806458616026,0.18431602329421187,observational predictive/calibration diagnostic; not causal pitcher setup skill
2026,690986,"Harrison, Kyle",941,25,1.2418796029970098,1.2281732884777352,1.1036749847728686,0.6458822366179334,1.5978022792784732,0.14140068864596836,0.045187987303059785,0.0640893709419886,0.2187120063499481,observational predictive/calibration diagnostic; not causal pitcher setup skill
2026,690997,"McLean, Nolan",1225,30,1.2368949284275306,1.2287348879069828,0.659719781608417,0.05517971843192833,1.1354472114736578,0.11565203660559868,0.037904006762955425,0.05124831430075265,0.18005575891044473,observational predictive/calibration diagnostic; not causal pitcher setup skill
2026,691587,"Pérez, Eury",1254,28,1.2064299243035912,1.2203782343068628,-1.1561641270895262,-1.8643201578460264,-0.4434108670672158,0.19504340106128656,0.04449459827829929,0.11925626591681175,0.27083053620576136,observational predictive/calibration diagnostic; not causal pitcher setup skill
2026,691725,"Painter, Andrew",980,24,1.1681466878934412,1.169529074810902,-0.11834018208394413,-0.6685523722412818,0.41554613823033637,0.08804130189770942,0.047883668581778144,0.005974845671323989,0.17010775812409484,observational predictive/calibration diagnostic; not causal pitcher setup skill
2026,691769,"Abner, Philip",145,13,1.0863919661658372,1.0739722415980173,1.1432084325561103,-1.181893094043425,3.0654271765749352,0.06409825521163251,0.11091818690120236,-0.13358984899756582,0.26178635942083084,observational predictive/calibration diagnostic; not causal pitcher setup skill
2026,691799,"Taylor, Grant",595,59,1.3866474586669897,1.374145784577957,0.9015755238213868,0.2645832344593878,1.594150737185265,0.16917511252497747,0.04828254954959376,0.08846828344699041,0.2498819416029645,observational predictive/calibration diagnostic; not causal pitcher setup skill
2026,691951,"Aldegheri, Sam",271,9,1.082256447008501,1.0741089131044983,0.7528284009324719,-0.4242941126330089,1.767221446040794,0.1701403740712159,0.09706065029884643,-0.010348567713476697,0.3506293158559085,observational predictive/calibration diagnostic; not causal pitcher setup skill
2026,693308,"Frasso, Nick",162,17,0.9893454736908939,0.9803077078636512,0.9135095947349965,-0.18551706112724145,1.9494626116378877,0.052709979648469865,0.09654021904156655,-0.11583801288033481,0.22125797217727455,observational predictive/calibration diagnostic; not causal pitcher setup skill
2026,693313,"Seymour, Carson",230,22,0.95561625650298,0.9598114803092607,-0.43900716189496564,-1.4500780131449675,0.6141763969087829,-0.045569396789688285,0.07508912583463949,-0.17477847714799222,0.08363968356861566,observational predictive/calibration diagnostic; not causal pitcher setup skill
2026,693433,"Woo, Bryan",1332,29,1.0373935702211046,1.03080251265205,0.6353478330938361,0.04099203295161492,1.227962687064162,0.07801036963758701,0.039435653729343045,0.010925159165601925,0.14509558010957208,observational predictive/calibration diagnostic; not causal pitcher setup skill
2026,693645,"Schlittler, Cam",1510,32,1.193788954068536,1.196880066459695,-0.2589329027232288,-0.6482044867375815,0.14787688612179387,0.1285191087011557,0.04177574094082213,0.05768755528122155,0.19935066212108987,observational predictive/calibration diagnostic; not causal pitcher setup skill
2026,693686,"Miles, Spencer",684,48,1.2970563459663185,1.2763700446507698,1.5948652793597171,0.9360847229220159,2.2315827739168164,0.18637341859779022,0.036512427191735704,0.125108241340774,0.24763859585480644,observational predictive/calibration diagnostic; not causal pitcher setup skill
2026,693821,"Elder, Bryce",1003,26,1.1845925405061533,1.1827547258897289,0.15514318667237245,-0.5281263918165906,0.8014182422354951,0.0637691723189114,0.047692726919027886,-0.017696718546735823,0.14523506318455862,observational predictive/calibration diagnostic; not causal pitcher setup skill
2026,693855,"Seymour, Ian",1029,45,1.1577602328094287,1.1578241104060485,-0.005517342434952332,-0.5041891803700347,0.5185214625342423,0.09039913429125272,0.03724429363682909,0.027820155666398352,0.15297811291610708,observational predictive/calibration diagnostic; not causal pitcher setup skill
2026,694037,"Palencia, Daniel",221,30,1.176121735907877,1.1738712667180613,0.19134662009102074,-1.2899843954222043,1.565448013585704,0.08300751947863966,0.07292640665890311,-0.04090370902347504,0.20691874798075435,observational predictive/calibration diagnostic; not causal pitcher setup skill
2026,694297,"Pfaadt, Brandon",909,27,0.974959714609642,0.9739116873602723,0.10749441578612977,-0.5330751262490784,0.6883234695088232,0.008897420327489011,0.03918091282997805,-0.05793024670784756,0.07572508736282559,observational predictive/calibration diagnostic; not causal pitcher setup skill
2026,694335,"Svanson, Matt",380,41,1.211224120925274,1.202779439978097,0.6972021776387564,-0.0070874488014624325,1.3900614809132081,0.02126352199812094,0.0609092108732958,-0.08129851445235313,0.12382555844859501,observational predictive/calibration diagnostic; not causal pitcher setup skill
2026,694346,"Gibson, Trey",252,8,1.0599930450470754,1.0534610261579442,0.6162322403578623,-0.1764002558058867,1.3881487366635603,0.013404090630834078,0.054977408713355685,-0.09075493168077847,0.11756311294244662,observational predictive/calibration diagnostic; not causal pitcher setup skill
2026,694360,"Way, Beck",171,19,1.1101115606833196,1.1103386448382284,-0.020455976043422364,-1.9988043581811599,1.9055585896574714,0.10455923144205861,0.07186899679885353,-0.020066180350945692,0.22918464323506293,observational predictive/calibration diagnostic; not causal pitcher setup skill
2026,694361,"Klein, Will",319,36,1.4259250715775147,1.4189679310393093,0.48790365474874514,-0.25777814167021956,1.2578022943716283,0.16328885857808206,0.06655296642287852,0.050842799526411755,0.2757349176297524,observational predictive/calibration diagnostic; not causal pitcher setup skill
2026,694477,"Patrick, Chad",774,53,1.1223924793534952,1.1254945655594182,-0.27638159226706416,-0.8268597373107806,0.31182680647029154,0.09197482437004957,0.042227157126701095,0.02125746233727864,0.16269218640282052,observational predictive/calibration diagnostic; not causal pitcher setup skill
2026,694738,"Roupp, Landen",1129,29,1.1356424321649208,1.1376974815707752,-0.18095919522280965,-0.6360545915493653,0.30225083458393587,0.08332560359968226,0.03050440223708823,0.031433621322880606,0.13521758587648391,observational predictive/calibration diagnostic; not causal pitcher setup skill
2026,694795,"Ekness, Josh",191,27,1.320162570682079,1.3202636331461828,-0.007655304456294535,-0.8795619410435367,0.8567055393229636,0.18931246913915004,0.07452612672303137,0.062199371910097306,0.31642556636820274,observational predictive/calibration diagnostic; not causal pitcher setup skill
2026,694819,"Misiorowski, Jacob",1292,29,1.3137997715009693,1.305004215154565,0.6694746442492983,-0.01933545130394723,1.3281068058329553,0.21870228113630882,0.04773659222827346,0.13749608740035424,0.2999084748722634,observational predictive/calibration diagnostic; not causal pitcher setup skill
2026,694918,"Tidwell, Blade",384,16,1.3619793547611276,1.353804563969624,0.6002140019910569,-0.15843569410509792,1.6983449922649663,0.1512700724939572,0.053957527027426365,0.05667981054623579,0.2458603344416786,observational predictive/calibration diagnostic; not causal pitcher setup skill
2026,694973,"Skenes, Paul",1391,31,1.0902052828073456,1.0787452254756291,1.0511834342066382,0.5344002976314697,1.5111224948877346,0.10473290735166117,0.037756217506983214,0.04065075615132456,0.1688150585519978,observational predictive/calibration diagnostic; not causal pitcher setup skill
2026,695001,"Santa, Alimber",108,10,1.1440950279636712,1.1681724147963808,-2.1044918686137377,-3.9704496637540934,-0.6053190481791911,-0.06026007800312235,0.0650399568736214,-0.17948566408756164,0.05896550808131693,observational predictive/calibration diagnostic; not causal pitcher setup skill
2026,695076,"Lowder, Rhett",955,28,1.1859748880066816,1.1803904674578112,0.47087173643756247,0.003988641741559694,0.9324615315603019,0.13832990799955627,0.040853589358814606,0.06874446127841093,0.2079153547207016,observational predictive/calibration diagnostic; not causal pitcher setup skill
2026,695239,"Ahlstrom, Robby",299,42,1.1214070916804286,1.1212772162472782,0.011581470646457908,-1.1925067589447895,1.0039941262351006,0.07474961388837614,0.0683176679193983,-0.04022068661018667,0.18971991438693897,observational predictive/calibration diagnostic; not causal pitcher setup skill
2026,695243,"Miller, Mason",496,62,1.5028858089766248,1.5164046573023693,-0.8995259816146619,-1.662635660825123,-0.1810192962543354,0.24397862523270156,0.06555595310870195,0.13448579507319008,0.35347145539221303,observational predictive/calibration diagnostic; not causal pitcher setup skill
2026,695380,"Hoppe, Alex",318,41,1.2844927996995885,1.2722343646801064,0.9543405009626398,0.005443554924558363,1.8616991758851877,0.10802336952572306,0.0713527046285783,-0.012123954467348014,0.22817069351879413,observational predictive/calibration diagnostic; not causal pitcher setup skill
2026,695418,"Lord, Brad",697,39,1.1632153970070034,1.1476170578930949,1.3409673869554746,0.8449016843118272,1.9362000640918735,0.07127298408792634,0.046776519606502004,-0.0075900977737325265,0.15013606594958523,observational predictive/calibration diagnostic; not causal pitcher setup skill
2026,695505,"Burns, Chase",1229,29,1.2222556247962622,1.2344289459584348,-0.9959717848876233,-1.8061262566783196,-0.314694176164539,0.11258999141466561,0.04454797464740451,0.03680805368307137,0.18837192914625983,observational predictive/calibration diagnostic; not causal pitcher setup skill
2026,695534,"Petty, Chase",229,16,1.4591905482019907,1.4876190195339134,-1.9482357096509444,-2.5416351296433533,-1.3645427842081836,0.350163338425673,0.10922901164529474,0.1586793807089409,0.541647296142405,observational predictive/calibration diagnostic; not causal pitcher setup skill
2026,695549,"Jobe, Jackson",327,8,1.2876464641760947,1.2946584618539392,-0.5445592305750795,-1.7748838464680077,0.8763315825623491,0.2657746132765749,0.10260670596395181,0.07137814341851073,0.4601710831346391,observational predictive/calibration diagnostic; not causal pitcher setup skill
2026,695611,"Jump, Gage",790,19,1.1872748963419042,1.1831213141990762,0.3498416546686519,-0.3868635918871093,1.1443476420279328,0.010166401834643917,0.04791404574043306,-0.07291960112964915,0.09325240479893698,observational predictive/calibration diagnostic; not causal pitcher setup skill
2026,696062,"Dotel, Wilber",309,21,1.1786325812311398,1.1774745435539644,0.0982526442605061,-0.9120261127643915,1.051627156689864,0.12546496862193193,0.052248395503973644,0.035351207732888135,0.21557872951097573,observational predictive/calibration diagnostic; not causal pitcher setup skill
2026,696070,"Rojas, Kendry",218,12,1.1868107272392634,1.180044245377681,0.5701399310168623,-0.4674728382892349,1.605053497192993,0.025499548598339694,0.06677439053231242,-0.0944195656368552,0.1454186628335346,observational predictive/calibration diagnostic; not causal pitcher setup skill
2026,696131,"Black, Mason",224,17,1.0856615223698332,1.0897951436677948,-0.3807467809063171,-1.6685599644388773,0.7939242144826114,0.07004531413990268,0.06988692617997996,-0.051969129462847666,0.19205975774265305,observational predictive/calibration diagnostic; not causal pitcher setup skill
2026,696146,"Smith, Hagen",177,16,1.3848956472206477,1.3864597785934134,-0.11294218274891285,-1.047873630358609,0.7286116612990442,0.18421802755239583,0.08179963962074359,0.04081914021972702,0.3276169148850646,observational predictive/calibration diagnostic; not causal pitcher setup skill
2026,696147,"Bachman, Sam",333,42,1.2826823223130235,1.270004794707162,0.9883606708635864,0.19929387693133818,1.6283694260501669,0.049776341735722915,0.049666168276777965,-0.03380576030748807,0.1333584437789339,observational predictive/calibration diagnostic; not causal pitcher setup skill
2026,696149,"Chandler, Bubba",1198,30,1.1140767884451446,1.1111834619017764,0.25970620457915194,-0.5296473690630749,0.9491633336664775,0.12007303675965833,0.05423248295217591,0.027925159259599083,0.21222091425971756,observational predictive/calibration diagnostic; not causal pitcher setup skill
2026,696270,"Johnson, Ryan",736,21,1.2474414257578028,1.2357032719093133,0.9409783582711023,0.2833115747960356,1.4659460477558044,0.10864556812061697,0.060984970394085646,0.0034636771379533415,0.2138274591032806,observational predictive/calibration diagnostic; not causal pitcher setup skill
2026,696519,"Natera Jr., Samy",269,28,1.0589926015698259,1.0531556404283615,0.5511805401484062,-0.670028653972764,1.9433501516654361,0.042835641686315026,0.05970649525020981,-0.058861741807930384,0.14453302518056044,observational predictive/calibration diagnostic; not causal pitcher setup skill
2026,696522,"Juenger, Hayden",131,15,0.8910649293860962,0.886542509370229,0.5075297957223839,-0.1774355689809537,1.7193247607762383,-0.16602219622170555,0.08813557153932813,-0.3212562716962372,-0.01078812074717389,observational predictive/calibration diagnostic; not causal pitcher setup skill
2026,699134,"Rodriguez, Bradgley",536,65,1.2599891554970308,1.2670561826228444,-0.5608799960683625,-1.2305875365974899,0.1322379936681641,0.2214251421885206,0.11214435193164626,0.03425475813171752,0.4085955262453237,observational predictive/calibration diagnostic; not causal pitcher setup skill
2026,699823,"Davis, Tyler",237,29,1.159737186810014,1.14584843474715,1.1975775391894063,-0.15289312661789556,2.3215615105922702,0.015473398405145538,0.050599197389481876,-0.07060246152313002,0.1015492583334211,observational predictive/calibration diagnostic; not causal pitcher setup skill
2026,700241,"McGreevy, Michael",1161,30,1.0800833969909016,1.0744380120510866,0.5226804666697823,-0.3139539057615532,1.1788290260287444,0.07971938505142058,0.04371588332987252,0.005440546196848986,0.15399822390599216,observational predictive/calibration diagnostic; not causal pitcher setup skill
2026,700249,"Povich, Cade",275,8,0.9971586566397636,1.003742643360611,-0.6602747393312755,-2.3608127064947277,1.1818667571956005,0.08841672167718177,0.06869041967947075,-0.041722677822197005,0.21855612117656054,observational predictive/calibration diagnostic; not causal pitcher setup skill
2026,700669,"Graceffo, Gordon",513,60,1.1384707726814283,1.1386842170764155,-0.01874834208386969,-0.6519239112876845,0.5856281609138694,0.0384988653366514,0.047775181888503306,-0.04133790822472264,0.11833563889802545,observational predictive/calibration diagnostic; not causal pitcher setup skill
2026,700712,"Ureña, Walbert",1093,28,1.1779183142636258,1.1820512260374776,-0.35086573693656775,-0.9404406744218474,0.17822667201278208,0.1066429700044321,0.04981822837260547,0.021788157231026964,0.19149778277783724,observational predictive/calibration diagnostic; not causal pitcher setup skill
2026,701519,"Adams, Travis",397,37,1.1393097059202864,1.141632436812254,-0.20387177252136518,-0.8958918380549117,0.4121035821774345,0.021704241586084826,0.07479014780414328,-0.10456379399010904,0.1479722771622787,observational predictive/calibration diagnostic; not causal pitcher setup skill
2026,701542,"Warren, Will",1109,31,1.1177535525419282,1.1138534209532351,0.3489258951424089,-0.12476898056962728,0.8182427262093812,0.0661809146567511,0.03402647260256109,0.008429113599663272,0.12393271571383893,observational predictive/calibration diagnostic; not causal pitcher setup skill
2026,701656,"Henderson, Logan",741,17,1.2594547755666727,1.2567161751110558,0.21744333411135613,-0.3892158634236813,0.7958859187470481,0.15419378552655633,0.08728873144104908,0.0017978141807672432,0.3065897568723454,observational predictive/calibration diagnostic; not causal pitcher setup skill
2026,701719,"Samaniego, Tyler",129,20,1.2383897597398277,1.2402409324874468,-0.1494822395824777,-1.2212669561331067,0.9943606573049765,0.14045764627109833,0.05618592105073451,0.04330472663672412,0.23761056590547253,observational predictive/calibration diagnostic; not causal pitcher setup skill
2026,702021,"Dion, Will",355,25,1.3747410957294173,1.3760972682634054,-0.0986493048182645,-1.0310146126175743,0.9317511384657098,0.20137087099275186,0.06180857243006501,0.09562369203736971,0.307118049948134,observational predictive/calibration diagnostic; not causal pitcher setup skill
2026,702056,"Yesavage, Trey",713,18,1.2179470805314387,1.214216544760177,0.3062970330068964,-0.2599697502055509,0.9941200674902522,0.15006576841005806,0.0672190786248941,0.03313100711362314,0.26700052970649296,observational predictive/calibration diagnostic; not causal pitcher setup skill
2026,702070,"Cameron, Noah",1309,30,1.225630844559065,1.2209788621210835,0.37955820536280316,-0.05565830825874386,0.8415751116839352,0.09535459694734709,0.026942655033399307,0.049575603613529556,0.14113359028116462,observational predictive/calibration diagnostic; not causal pitcher setup skill
2026,702193,"Morris, Andrew",583,61,1.0626922057687949,1.0516896722277624,1.035345275076406,0.11264649278215899,1.9788412770467205,0.05717342401902726,0.045415100214893575,-0.01869926160451501,0.13304610964256952,observational predictive/calibration diagnostic; not causal pitcher setup skill
2026,702273,"Schultz, Noah",515,17,1.2052383265857933,1.2139444422240535,-0.7223563544417795,-1.5365575592615555,0.011810003573031238,0.15536887717176087,0.06292928097159639,0.04550167276364907,0.26523608157987266,observational predictive/calibration diagnostic; not causal pitcher setup skill
2026,702275,"Ritchie, JR",448,15,1.2143189181974952,1.2206271464081673,-0.5194869417035735,-1.39278478793065,0.404530576362128,0.09952925691796735,0.0601631223260271,-0.00643666023472883,0.20549517407066353,observational predictive/calibration diagnostic; not causal pitcher setup skill
2026,702474,"Paredes, Mike",266,9,1.0860545851574275,1.0889993695045874,-0.271145151211073,-0.890283920740907,0.3826310070229185,0.03413241412019969,0.06764143125976115,-0.09165007663467026,0.15991490487506962,observational predictive/calibration diagnostic; not causal pitcher setup skill
2026,702752,"Pintaro, Jonathan",224,21,1.2416395130656113,1.260303582715489,-1.503179421521143,-2.670984593304681,-0.6092979260348611,0.10507691080331347,0.08561891449936013,-0.04259159297280807,0.252745414579435,observational predictive/calibration diagnostic; not causal pitcher setup skill
2026,703725,"Gastelum, Luis",253,32,1.2582506808186102,1.2570808568942005,0.09297224648817731,-0.728926389562873,0.9050573270246519,0.24517175779609446,0.08331395400236737,0.10391138393691837,0.38643213165527057,observational predictive/calibration diagnostic; not causal pitcher setup skill
2026,800048,"Messick, Parker",1302,30,1.1919781258523954,1.1773930566289916,1.2236020869069077,0.6374898327581408,1.930113198178882,0.14533061511680415,0.02706041605235954,0.09935153085299916,0.19130969938060913,observational predictive/calibration diagnostic; not causal pitcher setup skill
2026,800311,"Fuentes, Didier",595,55,1.0955674576228538,1.0913454842149868,0.3853686396479739,-0.3587509230400095,1.1075699562283987,0.09154719503151897,0.043284680628101015,0.019107472549667923,0.16398691751337002,observational predictive/calibration diagnostic; not causal pitcher setup skill
2026,801139,"Tolle, Payton",1180,25,1.2283179294642284,1.2328737211656258,-0.37089678430278833,-0.8370917018247581,0.1925571741140034,0.10006762073498288,0.036697929311228554,0.037281791106619,0.16285345036334675,observational predictive/calibration diagnostic; not causal pitcher setup skill
2026,801403,"Dollander, Chase",344,10,0.9948008862878663,0.9833479705157292,1.1512771982817638,0.5956589504107997,1.7809038416220926,0.034516962054470295,0.09577884858354145,-0.14105648395894302,0.21009040806788362,observational predictive/calibration diagnostic; not causal pitcher setup skill
2026,804267,"Thornton, Zac",593,14,1.0724237631704507,1.071651068520628,0.07205124283503851,-0.9612085194154064,0.9195453644419538,-0.0309827675118258,0.06523945512464539,-0.14651749732804725,0.08455196230439566,observational predictive/calibration diagnostic; not causal pitcher setup skill
2026,805123,"Blubaugh, AJ",753,61,1.1819416681399584,1.1742193532142766,0.6533583791689597,-0.002514510007791529,1.2947117314342331,0.12870761915224607,0.046137084798353115,0.05162875080386849,0.20578648750062367,observational predictive/calibration diagnostic; not causal pitcher setup skill
2026,805299,"Garcia, Brandyn",282,55,1.3250258385501428,1.318473978889962,0.4944703317899009,-0.6099239430275514,1.4854611561959175,0.04942169521341083,0.08729497295221138,-0.09667210802037118,0.19551549844719285,observational predictive/calibration diagnostic; not causal pitcher setup skill
2026,805326,"Schweitzer, Tyler",286,18,1.0216767580198598,1.0205934394907414,0.10603339271592019,-0.7216146350134895,1.1217572557976363,0.027792000309779227,0.09735254214007875,-0.14156313679760874,0.19714713741716716,observational predictive/calibration diagnostic; not causal pitcher setup skill
2026,805345,"Harris, Trent",123,18,1.4567566378233745,1.4406835334414312,1.1033486283583531,-0.08432293626171723,2.22697575044794,0.15180714957325492,0.06031151164915475,0.046888838248630216,0.2567254608978796,observational predictive/calibration diagnostic; not causal pitcher setup skill
2026,805427,"Sommers, Drew",300,41,1.370584372502601,1.3583512154539923,0.892550454684649,-0.023911979148227226,1.7486457156507997,0.23642954118534443,0.08255675340331098,0.09741626830947767,0.37544281406121116,observational predictive/calibration diagnostic; not causal pitcher setup skill
2026,805673,"Matthews, Zebby",942,22,1.0887557682888134,1.0833043936664715,0.5006976570061963,-0.10567498927345591,1.1497180016462376,0.14759418970920066,0.06512344701938005,0.03553348044395707,0.25965489897444427,observational predictive/calibration diagnostic; not causal pitcher setup skill
2026,806188,"Gibson, Cade",354,44,1.1599252998906564,1.1584328964432478,0.12866375511848582,-0.8433515963186831,1.0353896973220218,0.008148559822410974,0.04879000370901691,-0.07387088602195961,0.09016800566678156,observational predictive/calibration diagnostic; not causal pitcher setup skill
2026,808963,"Sasaki, Roki",1011,23,1.208418861456546,1.213632730134185,-0.4314620405174994,-0.8025557592653367,-0.010477968596399037,0.12047341996594238,0.03909472608896379,0.05334213099434171,0.18760470893754305,observational predictive/calibration diagnostic; not causal pitcher setup skill
2026,808967,"Yamamoto, Yoshinobu",1261,27,1.047439985641277,1.0508917753939917,-0.32954534866275587,-0.9276201670259411,0.19234855248424415,0.06786090448462347,0.040390641431855105,-0.0010300973321199364,0.13675190630136685,observational predictive/calibration diagnostic; not causal pitcher setup skill
2026,813349,"Early, Connelly",702,17,1.0758706878562523,1.077160067873799,-0.11984525948149014,-0.882379216065621,0.5241904801736317,-0.01784555170856213,0.03571443555586905,-0.08019880175297402,0.04450769833584975,observational predictive/calibration diagnostic; not causal pitcher setup skill
2026,815083,"Farris, Mitch",384,31,1.3171953543596742,1.3168912152135013,0.023089904254989177,-0.7456431805391094,0.8494645736140288,0.16048315885297196,0.07256586953692552,0.03731994678626832,0.2836463709196756,observational predictive/calibration diagnostic; not causal pitcher setup skill
2026,820862,"Fermin, José",444,50,1.3580905435826391,1.3612864450448832,-0.23532315112166946,-1.121314319179038,0.6552973421425833,0.12232493387705642,0.10442881811962582,-0.052755294356325255,0.2974051621104381,observational predictive/calibration diagnostic; not causal pitcher setup skill
2026,837227,"Imai, Tatsuya",612,22,1.3257279490226626,1.3137783255532467,0.90136317019079,0.39010061387356115,1.3328464254414203,0.19503510959763573,0.054674342502254766,0.10095462277097501,0.28911559642429646,observational predictive/calibration diagnostic; not causal pitcher setup skill
