player_id,player_name,n_exposures,adaptation_score,posterior_sd,raw_score,se,information,pitches_prior,swings_prior,whiffs_prior,in_zone_pitches_prior,out_zone_pitches_prior,chases_prior,zone_swings_prior,batted_balls_prior,hard_hits_prior,barrels_prior,tracked_swings_prior,mean_exit_velocity_prior,xwoba_on_contact_prior,mean_bat_speed_prior,p90_exit_velocity_prior,pa_prior,strikeouts_prior,walks_prior,woba_numerator_prior,woba_denominator_prior,chase_rate_prior,zone_swing_rate_prior,whiff_rate_prior,strikeout_rate_prior,walk_rate_prior,hard_hit_rate_prior,barrel_rate_prior,woba_prior,pitches_future,swings_future,whiffs_future,in_zone_pitches_future,out_zone_pitches_future,chases_future,zone_swings_future,batted_balls_future,hard_hits_future,barrels_future,tracked_swings_future,mean_exit_velocity_future,xwoba_on_contact_future,mean_bat_speed_future,p90_exit_velocity_future,pa_future,strikeouts_future,walks_future,woba_numerator_future,woba_denominator_future,chase_rate_future,zone_swing_rate_future,whiff_rate_future,strikeout_rate_future,walk_rate_future,hard_hit_rate_future,barrel_rate_future,woba_future,z_prior_hard_hit_rate,z_future_hard_hit_rate,z_prior_p90_exit_velocity,z_future_p90_exit_velocity,z_prior_mean_exit_velocity,z_future_mean_exit_velocity,z_prior_chase_rate,z_future_chase_rate,z_prior_strikeout_rate,z_future_strikeout_rate,z_prior_barrel_rate,z_future_barrel_rate,z_prior_walk_rate,z_future_walk_rate,z_prior_whiff_rate,z_future_whiff_rate,z_prior_xwoba_on_contact,z_future_xwoba_on_contact,authority_composite_prior,authority_composite_future,discipline_composite_prior,discipline_composite_future
683146,Brett Baty,794,0.0693925258099581,0.0303384416835064,0.1995861165823067,0.0546603069120041,184.0617355098076,1753,818,193,915,838,208,610,535,162,37,797,84.25794392523365,0.33385453379056784,72.7754077791719,104.9,432,108,33,145.45,431.0,0.24821002386634844,0.6666666666666666,0.23594132029339854,0.25,0.0763888888888889,0.30280373831775703,0.0691588785046729,0.33747099767981437,1836,899,245,915,921,266,633,574,136,29,888,83.45662020905922,0.3146444407894737,73.17556306306307,103.31000000000002,457,122,43,139.25,457.0,0.2888165038002172,0.6918032786885245,0.2725250278086763,0.26695842450765866,0.09409190371991247,0.23693379790940766,0.050522648083623695,0.30470459518599563,0.8654961690531622,-0.5274290462620886,0.7920439720265087,0.15253130017547165,0.5076102516087384,0.05467725535215575,-0.5969627125422501,0.1115344205365909,0.6347954811399007,0.9269533703358528,0.9001703607310848,0.08178252500380823,-0.18213363303653213,0.44619114232776824,0.25265493827156227,0.8875408864535819,0.31133166471474855,-0.27473279446384524,0.6753304836268486,-0.10263415203889965,-0.11815533497643625,-0.36995938374956433
669127,Shea Langeliers,988,0.0684009129066919,0.028701756684755,0.1517558252590336,0.0439303504332306,231.3755756611003,1924,1009,230,954,970,311,698,701,201,43,989,84.83295292439372,0.3286809920557931,72.52254802831143,105.3,521,102,35,191.1,520.0,0.32061855670103095,0.7316561844863732,0.22794846382556988,0.19577735124760076,0.0671785028790787,0.2867332382310984,0.06134094151212553,0.3675,1657,841,223,741,916,306,535,563,155,42,777,84.69325044404974,0.3581351940639269,73.95855855855856,105.1,439,102,32,154.15,438.0,0.33406113537117904,0.7219973009446694,0.26516052318668254,0.23234624145785876,0.07289293849658314,0.2753108348134991,0.07460035523978685,0.3519406392694064,0.525659748150688,0.2841147635758966,0.9529276630582137,0.8724858175423583,0.8326231566397213,0.7536589855694317,0.6664129360578334,0.900957483245805,-0.29934640208517166,0.33065845297919455,0.5568549803869711,1.1391263227361696,-0.5090335297982341,-0.30621375531496137,0.11394422243881096,0.7597347996081523,0.15349646117586163,1.0520897667601077,0.6043124018822912,0.8202951312367928,-0.2475110715524267,-0.5743911227870283
663616,Trevor Larnach,955,0.0640221853951578,0.0313885774382979,0.2253030145001693,0.0646296773301009,219.49503343426971,2191,976,264,1074,1117,307,669,650,201,28,956,84.97692307692307,0.3184466289785099,70.14864016736402,104.12,565,122,51,185.8,565.0,0.2748433303491495,0.6229050279329609,0.27049180327868855,0.215929203539823,0.09026548672566372,0.30923076923076925,0.043076923076923075,0.3288495575221239,1692,746,189,796,896,266,480,513,147,23,724,83.81169590643275,0.3271211600928074,70.19185082872929,103.68,434,79,44,152.05,431.0,0.296875,0.6030150753768844,0.25335120643431636,0.18202764976958524,0.10138248847926268,0.28654970760233917,0.04483430799220273,0.35278422273781906,1.0014060144674228,0.5217786995419205,0.4783207745146766,0.30134871437979815,0.9139995482782302,0.2553770427952098,-0.13226788259871625,0.2521381237822593,0.04782751294599002,-0.536224760630643,-0.24518760983481894,-0.16801414691545957,0.31038192444538804,0.7049524366563146,0.8522556250281468,0.5547919501012579,-0.15873505491225506,0.10590886877094034,0.3979607345026511,0.20327983571448183,-0.11435833273250812,0.10856178085086007
666969,Adolis García,1108,0.0623274499239353,0.0297349530430011,0.1688041081801671,0.0539685172596383,261.3220318007139,2150,1122,316,1033,1117,400,722,732,198,44,1108,84.40983606557377,0.3036135186371105,70.39963898916967,103.78999999999999,548,135,27,160.2,545.0,0.35810205908683973,0.6989351403678606,0.2816399286987522,0.24635036496350365,0.04927007299270073,0.27049180327868855,0.060109289617486336,0.29394495412844035,1082,491,154,501,581,173,318,299,83,14,488,84.84682274247491,0.2936550579150579,69.89344262295081,103.42,259,84,21,70.1,259.0,0.2977624784853701,0.6347305389221557,0.3136456211812627,0.32432432432432434,0.08108108108108109,0.27759197324414714,0.046822742474916385,0.27065637065637066,0.1822086361887504,0.3323530832096509,0.345591729413512,0.19677431520918554,0.5934643962489585,0.8404628076250165,1.3204207205629117,0.26762274504413347,0.5719199664883585,1.9152468403273895,0.5027684561462805,-0.08069441776274923,-1.1446490050655709,-0.015595863438176165,1.04572393806923,1.6011614756806096,-0.6112658568023603,-0.9150801015844442,0.20255347223902823,0.07476313733933189,-1.0206784075465178,-0.9499067311225773
514888,Jose Altuve,1070,0.0603752425490635,0.029044573898115,0.1583955234858657,0.0529661726160358,259.96704822242765,2314,1157,212,1040,1274,495,662,858,184,30,1097,80.8527972027972,0.2997744415308728,66.61312670920694,100.53,649,109,50,221.5,647.0,0.38854003139717425,0.6365384615384615,0.18323249783923942,0.1679506933744222,0.07704160246533127,0.21445221445221446,0.03496503496503497,0.34234930448222567,1936,947,193,870,1066,392,555,688,146,17,905,80.00886627906976,0.27263262523191095,65.74276243093922,100.1,545,107,39,174.0,539.0,0.3677298311444653,0.6379310344827587,0.20380147835269272,0.1963302752293578,0.07155963302752294,0.21220930232558138,0.024709302325581394,0.3228200371057514,-1.0028380762931717,-1.0502680396050492,-0.9656103524949088,-1.1385603203539982,-1.4170841965344996,-1.8941001068364145,1.8514989167947946,1.4884049662269854,-0.7787410312226984,-0.2898206879881454,-0.601411503055827,-1.0517797722268343,-0.15896717719779663,-0.35353613895049524,-0.6620716707631163,-0.30511067409628845,-0.7283890090892323,-1.5564356973311786,-0.9430666274935279,-1.338228787270695,-0.14241334800169414,-0.3117524357732617
670042,Luke Raley,438,0.0557553207451618,0.0302282530609211,0.1875984586083673,0.0663231145991344,99.98565350615073,831,448,170,415,416,113,335,240,68,13,442,83.28166666666667,0.31172835504092855,71.57239819004525,104.02,219,64,19,66.0,216.0,0.27163461538461536,0.8072289156626506,0.3794642857142857,0.2922374429223744,0.0867579908675799,0.2833333333333333,0.05416666666666667,0.3055555555555556,1104,597,230,511,593,205,392,323,94,27,586,83.54798761609906,0.34190325704225355,72.85085324232082,103.78,286,93,14,91.25,284.0,0.3456998313659359,0.7671232876712328,0.3852596314907873,0.32517482517482516,0.04895104895104895,0.29102167182662536,0.08359133126934984,0.32130281690140844,0.45376332267327063,0.6163455336908454,0.43809985175674604,0.341569637137723,-0.04421190836793533,0.10632094515621703,-0.18825316763061206,1.1040280955838049,1.3624575445386848,1.9298991762875761,0.24180525568212,1.5339543135727212,0.1858920243827386,-1.1559719752613247,2.743400687566712,2.8439750647486943,-0.3636971850600888,0.556883346286966,0.14515186733682253,0.6310147551688944,-0.9329282600230115,-1.75846857797035
686797,Brooks Lee,949,0.0542451841012981,0.0303865286483893,0.1731071943749631,0.0647940608357689,212.49057276382743,2009,1000,227,979,1030,328,672,713,191,23,949,84.03997194950912,0.2887856099748035,67.349947312961,100.5,528,92,31,156.05,527.0,0.31844660194174756,0.686414708886619,0.227,0.17424242424242425,0.058712121212121215,0.26788218793828894,0.03225806451612903,0.29611005692599623,2271,1214,221,1082,1189,421,793,898,202,19,1158,83.14521158129175,0.2775269320066335,68.06131260794473,99.8,606,98,35,199.2,603.0,0.3540790580319596,0.732902033271719,0.18204283360790774,0.1617161716171617,0.057755775577557754,0.22494432071269488,0.021158129175946547,0.33034825870646767,0.12702414706698176,-0.7809657126415769,-0.9776766293222874,-1.2592230886277784,0.38440573628975594,-0.12134055116958806,0.6285169223517614,1.2502278666539381,-0.6703477775360515,-0.886148692584452,-0.7202848823286887,-1.207725306412758,-0.809526830505248,-0.8434699561108753,0.097484262633977,-0.6827175034254245,-1.063637965070111,-1.407119436716589,-0.45003391867286985,-0.955274819113658,-0.21629505948873373,-0.13120790668873425
679529,Spencer Torkelson,1153,0.053207191196263,0.0289917352780805,0.1482320426525299,0.0588966049598499,271.58336522929915,2634,1174,279,1341,1293,289,885,813,229,54,1153,84.66285362853628,0.3338547145408792,71.61266261925411,103.2,643,169,66,220.05,643.0,0.22351121423047177,0.6599552572706935,0.23764906303236796,0.26283048211508553,0.1026438569206843,0.2816728167281673,0.06642066420664207,0.3422239502332815,2498,1064,318,1196,1302,283,781,684,182,40,1056,83.9687134502924,0.3137947619047619,71.46297348484848,102.0,590,184,67,194.35,589.0,0.217357910906298,0.653010033444816,0.29887218045112784,0.31186440677966104,0.1135593220338983,0.26608187134502925,0.05847953216374269,0.3299660441426146,0.4186490439074702,0.08895357401414804,0.10828828514174631,-0.3743627879533804,0.7364777634874295,0.344128224333585,-1.0279046667815097,-1.1352667866018342,0.8558376286823752,1.7005887388179923,0.7799249450813694,0.43119960100789406,0.7497215932193515,1.1371390602847902,0.28229167937082833,1.3447782230552279,0.311337179072929,-0.300654928001445,0.4709354433381889,0.037852736680160336,0.1598742379869144,-0.19324027874664895
630105,Jake Cronenworth,893,0.0509251190033685,0.029910641828015,0.1591931205988123,0.0647065032392051,187.0904369106356,2184,932,151,1118,1066,237,695,696,157,20,904,81.08031609195403,0.3191044982657301,68.1304203539823,101.1,516,107,68,175.7,509.0,0.2223264540337711,0.6216457960644007,0.16201716738197425,0.20736434108527133,0.13178294573643412,0.22557471264367815,0.028735632183908046,0.34518664047151276,1652,755,143,801,851,247,508,542,108,10,710,81.18376383763838,0.274819325,68.30957746478873,100.28,406,90,36,119.1,400.0,0.2902467685076381,0.634207240948814,0.18940397350993377,0.22167487684729065,0.08866995073891626,0.1992619926199262,0.01845018450184502,0.29774999999999996,-0.767635067270497,-1.3240596059507963,-0.7363510927747269,-1.0661626593897267,-1.2884834698983998,-1.2300115983400615,-1.0485762247228871,0.13648951259091022,-0.09972700397540261,0.146813346492094,-0.8749682977905492,-1.3266414676233462,1.7839415613567111,0.25375231643636686,-1.0302496414548712,-0.5549698090604782,-0.13866467794932374,-1.4897235259274237,-0.7612205211366994,-1.287319771446271,0.990623607877468,0.1313548166034602
682985,Riley Greene,1384,0.0496051781757621,0.0318359832278343,0.2474449139970715,0.0900200509932144,335.41455804044574,2706,1423,396,1364,1342,420,1003,911,231,69,1385,82.33622392974753,0.3321562850050982,74.16064981949458,104.4,655,201,45,226.75,654.0,0.31296572280178836,0.7353372434017595,0.2782853127196065,0.3068702290076336,0.06870229007633588,0.2535675082327113,0.07574094401756312,0.3467125382262997,2373,1102,304,1117,1256,330,772,717,196,53,1075,83.1771269177127,0.3741427826855124,74.07609302325582,104.64,567,152,62,211.85,566.0,0.2627388535031847,0.6911369740376008,0.27586206896551724,0.26807760141093473,0.10934744268077601,0.2733612273361227,0.07391910739191074,0.37429328621908126,-0.1756826443381792,0.24288719606377399,0.590939358236873,0.687469572855896,-0.5786054411915623,-0.10330101401388034,0.5328871813907907,-0.34346538498631574,1.6145495884543526,0.9462344280514637,1.1892139187901891,1.1092101358667754,-0.4549504678136864,0.9876488082756024,0.9875068055979775,0.9454530195554168,0.259521230691848,1.5404517318858648,0.25707728443783373,0.695343524531686,-0.8974735108142018,-0.14014331358624058
673237,Yainer Diaz,1086,0.0495621656069979,0.0265514365390701,0.0996327148131931,0.0450770129006468,254.21491512798812,1871,1113,244,835,1036,460,653,792,208,43,1086,83.6219696969697,0.3259947172472588,70.38379373848987,103.99,568,95,18,178.45,563.0,0.444015444015444,0.7820359281437126,0.2192273135669362,0.16725352112676056,0.03169014084507042,0.26262626262626265,0.054292929292929296,0.31696269982238007,1073,616,123,499,574,246,370,449,109,17,608,83.20957683741648,0.3037433783783784,70.93256578947368,102.5,334,52,12,112.5,333.0,0.42857142857142855,0.7414829659318637,0.19967532467532467,0.15568862275449102,0.03592814371257485,0.24276169265033407,0.0378619153674833,0.33783783783783783,0.015879202171797013,-0.40418889321937307,0.42603357492936744,-0.17325817416374475,0.14813790986307454,-0.08495931382074745,2.8194274557969496,2.549962072854858,-0.7907518387237629,-0.9899906474752519,0.2473499283495926,-0.47419845463576044,-1.7686052646639137,-1.618187823051003,-0.03740554846339245,-0.37671733093134396,0.07154317793152463,-0.607304075928582,0.18178875864907124,-0.34878178235364155,-0.939968833318427,-0.7003604793748164
621439,Byron Buxton,1031,0.0480213958889556,0.0295908236788899,0.1393964278354869,0.0656131320589128,229.28898725032963,2028,1050,312,1012,1016,299,751,670,224,61,1032,85.46328358208956,0.3501998048982861,73.23856589147286,106.22000000000001,537,148,36,202.35,536.0,0.29429133858267714,0.7420948616600791,0.29714285714285715,0.2756052141527002,0.0670391061452514,0.33432835820895523,0.09104477611940298,0.3775186567164179,1500,790,230,688,811,279,510,504,158,43,762,84.9422619047619,0.3429482019704434,72.50918635170603,104.05,406,100,28,145.6,406.0,0.344019728729963,0.7412790697674418,0.2911392405063291,0.24630541871921183,0.06896551724137931,0.3134920634920635,0.08531746031746032,0.3586206896551724,1.5321346642067526,1.0915178953897036,1.3229601524311498,0.45016612858412464,1.1889055774141162,0.8944079796726349,0.20705870025180753,1.0747138604468613,1.07591931996613,0.5711456374901869,1.861263456126465,1.6097552123571435,-0.5139810724797816,-0.44560786990455215,1.3147669655076926,1.210578185865507,0.809995698841329,0.5887626861827239,1.3430519098039624,0.926921980437266,-0.777931514551353,-0.8255113884267768
663586,Austin Riley,890,0.0476450155966244,0.0306045414062134,0.1542972497027552,0.0716992323343832,196.42302243025568,1791,913,251,933,858,239,674,611,173,44,890,84.64288052373159,0.3304245974490776,73.96977528089889,105.8,446,128,26,144.6,446.0,0.27855477855477856,0.722400857449089,0.27491785323110624,0.28699551569506726,0.05829596412556054,0.28314238952536824,0.07201309328968904,0.3242152466367713,2446,1193,346,1107,1339,434,759,746,196,43,1162,84.07788203753351,0.29707501652892565,73.99096385542168,104.7,605,193,45,176.45,605.0,0.3241224794622853,0.6856368563685636,0.2900251466890193,0.31900826446280994,0.0743801652892562,0.26273458445040215,0.057640750670241284,0.29165289256198346,0.4497255105365959,0.018169840348748058,1.1540322768478495,0.7116021265106532,0.7251883457138933,0.40583369282049725,-0.06751096652174367,0.7275489723486271,1.2721501935605788,1.8236623404065415,1.0255097994392401,0.3943655119455814,-0.8242972981586595,-0.25342831456706816,0.929066782551429,1.191243827551192,0.20669064153604808,-0.8107434804480756,0.7122293148147254,0.14384553823548082,-0.739500826937231,-0.9989708637183572
663743,Nick Fortes,413,0.0456575701215018,0.0315736719313629,0.2517418314871847,0.1041638778560328,98.3594537857734,915,435,70,464,451,139,296,324,92,8,419,82.85061728395061,0.2703235137940995,69.60310262529833,102.97,244,47,14,73.05,240.0,0.3082039911308204,0.6379310344827587,0.16091954022988506,0.19262295081967212,0.05737704918032787,0.2839506172839506,0.024691358024691357,0.304375,1064,550,87,502,559,207,342,421,116,5,534,81.15700712589073,0.2755719205298013,70.33277153558052,102.7,310,40,12,94.65,302.0,0.370304114490161,0.6812749003984063,0.15818181818181817,0.12903225806451613,0.03870967741935484,0.2755344418052256,0.011876484560570071,0.3134105960264901,0.4668167788399811,0.28884329096131356,0.015780162798512312,-0.09281632864788934,-0.2878543770823344,-1.2451353209720266,0.44980504172082103,1.5333207622558052,-0.35369006887368964,-1.4492235931975073,-1.052567774802315,-1.615317661580689,-0.8569119139206253,-1.5194641560280275,-1.049298231730022,-1.0968095797151842,-1.6268824227013774,-1.4667632262491195,-0.49694152658950663,-0.8262378492976822,0.024067836240566326,-0.1266879363427853
683734,Andrew Vaughn,799,0.0454045434222152,0.0285750981652171,0.1236948340013859,0.0622899393882474,184.6862634370752,1722,807,165,846,876,249,558,601,179,40,799,85.49484193011648,0.3493426020564838,69.04205256570714,104.0,447,80,31,141.6,446.0,0.2842465753424658,0.6595744680851063,0.20446096654275092,0.1789709172259508,0.06935123042505593,0.2978369384359401,0.06655574043261231,0.31748878923766816,1356,519,91,634,716,168,351,400,114,12,495,84.28375,0.3294971732522797,68.57111111111111,101.01,332,53,34,124.2,329.0,0.2346368715083799,0.5536277602523659,0.17533718689788053,0.15963855421686746,0.10240963855421686,0.285,0.03,0.37750759878419454,0.7604652436884468,0.48900765432338894,0.4300556672051622,-0.7725499232568569,1.206743333666958,0.5221966447599932,0.03179884099447629,-0.8337854942294196,-0.5888858157529216,-0.921941658726597,0.7858566564700168,-0.819445092872134,-0.4319179333710328,0.7414085909481821,-0.29366569453304725,-0.7990895487653168,0.7838440232685663,0.1783966421111334,0.79339298485983,-0.08047881498689509,0.10470868398011496,0.8240563231673789
676475,Alec Burleson,935,0.0452110180766002,0.0285648845879791,0.122464819406237,0.0613417208447912,209.7680380606729,1933,953,156,972,961,277,676,723,215,40,939,85.31327800829875,0.34478311001534284,70.27859424920129,104.58,545,79,38,192.9,541.0,0.2882414151925078,0.6954732510288066,0.16369359916054566,0.14495412844036698,0.06972477064220184,0.29737206085753803,0.05532503457814661,0.35656192236598894,2401,1275,264,1079,1322,500,775,916,288,52,1254,86.15513100436682,0.37340329721362225,71.85135566188198,104.15,648,115,51,229.85,646.0,0.37821482602118,0.7182576459684893,0.20705882352941177,0.17746913580246915,0.0787037037037037,0.314410480349345,0.056768558951965066,0.3558049535603715,0.7506346639585026,1.110939288376357,0.6633370192011389,0.4903870513420552,1.1041177786495664,1.5799591798464012,0.10150034148093359,1.6713459358110723,-1.1749233456149932,-0.614758342444298,0.29267360119158825,0.3560642527030944,-0.41866004621068176,-0.09997500003467662,-1.0011562812792714,-0.24858161180226687,0.6447423418207883,1.5178913958620346,0.691101080964317,1.0110482336259885,0.41397980980066235,-0.22699524539979604
663993,Nathaniel Lowe,1146,0.0443943431226978,0.028185883256859,0.0992206976947539,0.0553488700571191,248.62797952619732,2607,1164,251,1352,1255,301,863,804,196,27,1146,82.90435323383085,0.3033896160734896,71.04834205933682,102.47000000000001,608,159,60,186.75,604.0,0.2398406374501992,0.6383136094674556,0.21563573883161513,0.26151315789473684,0.09868421052631579,0.24378109452736318,0.033582089552238806,0.3091887417218543,1722,789,154,844,878,243,546,564,132,24,775,82.71329787234043,0.3368099754901961,72.72645161290322,103.44,415,98,35,141.4,408.0,0.2767653758542141,0.6469194312796208,0.19518377693282637,0.236144578313253,0.08433734939759036,0.23404255319148937,0.0425531914893617,0.3465686274509804,-0.38263201051611245,-0.5885690388940683,-0.18532445099111763,0.20481849976076938,-0.2574811530098668,-0.36547156385638835,-0.7429907920785149,-0.09873225645719588,0.833142910583417,0.3960957863603709,-0.6621419017328518,-0.26818665796647606,0.6091837269287088,0.09997733570477896,-0.09973494278048421,-0.4546651591034878,-0.6180967105025338,0.4014967326937447,-0.4211352453504965,-0.12318240565248373,0.15469163780107273,0.06431974122627293
677800,Wilyer Abreu,823,0.0438265700019075,0.0282676592256053,0.096800143228375,0.054301712920371,200.18823474565943,1600,833,182,826,774,225,608,587,151,34,827,83.51839863713799,0.33535049500905545,72.26311970979444,104.4,412,101,35,138.35,411.0,0.29069767441860467,0.7360774818401937,0.2184873949579832,0.24514563106796117,0.08495145631067962,0.2572402044293015,0.05792163543441227,0.33661800486618004,2663,1266,275,1233,1430,426,840,895,221,56,1257,82.36927374301676,0.3501386846153846,72.30636435958633,102.8,656,135,67,224.7,652.0,0.29790209790209793,0.681265206812652,0.21721958925750395,0.20579268292682926,0.10213414634146341,0.24692737430167597,0.06256983240223464,0.3446319018404908,-0.09801761065652614,-0.3160988938181483,0.590939358236873,-0.052595405889964496,0.08959633732732002,-0.5599246625653941,0.1443568664154329,0.27005880836789176,0.5511649422344513,-0.12680335944112783,0.40670023141647954,0.6108202584061478,0.12177354340722504,0.7316306754719106,-0.05024634453160043,-0.0722482704961351,0.3569706786651315,0.8081310318903948,0.2692377989978556,0.09806646560460716,-0.1308754801777647,0.16515587426032044
643217,Andrew Benintendi,851,0.0435469803186824,0.0295945864868134,0.126999965835855,0.0687167779294726,181.72361235015,1721,866,195,838,883,256,610,618,152,38,856,82.75,0.3171855039903967,66.43014018691588,101.1,470,82,38,153.8,466.0,0.289920724801812,0.7279236276849642,0.2251732101616628,0.17446808510638298,0.08085106382978724,0.2459546925566343,0.061488673139158574,0.33004291845493566,1698,884,229,784,910,307,575,599,163,26,874,82.80300500834724,0.30641218609865467,68.03340961098398,100.32000000000001,452,106,35,144.2,446.0,0.3373626373626374,0.7334183673469388,0.25904977375565613,0.2345132743362832,0.07743362831858407,0.27212020033388984,0.04340567612687813,0.3233183856502242,-0.33666780462550716,0.21664369571170494,-0.7363510927747269,-1.0500742902865532,-0.3447263839568075,-0.31476631068961913,0.1308007399809137,0.9585617055180079,-0.6664601167655275,0.36799185923357774,0.5633424386220595,-0.2307508116753813,-0.023759757505295534,-0.14505318805339412,0.0657815381860067,0.6536868014658164,-0.19720964918272935,-0.5258836812877916,-0.21032249838354228,-0.3809662796455281,0.1115295202733279,-0.5313233885676991
666160,Mickey Moniak,889,0.0432046788947691,0.0305944202011061,0.1434053189234755,0.0768251737135929,190.1075732244463,1598,903,235,803,795,302,601,601,177,45,896,84.12079866888519,0.33508847922549756,71.50770089285714,104.0,460,110,21,160.4,459.0,0.379874213836478,0.7484433374844334,0.2602436323366556,0.2391304347826087,0.04565217391304348,0.2945091514143095,0.07487520798668885,0.3494553376906318,1481,871,243,683,798,350,521,575,153,27,859,83.20991304347825,0.2766214671361502,72.81781140861467,103.5,426,117,22,139.15,426.0,0.43859649122807015,0.7628111273792094,0.27898966704936856,0.2746478873239437,0.051643192488262914,0.26608695652173914,0.04695652173913043,0.3266431924882629,0.6900938660176609,0.08906110820682563,0.4300556672051622,0.22895105341552655,0.4300915027854295,-0.08476927973608787,1.7002987411692143,2.724878198624286,0.44753579619943806,1.059426597695035,1.1511961533617219,-0.07481966090303244,-1.2730573947220416,-1.06042099146482,0.6744054242810832,0.9997304072195561,0.3489770610143287,-1.4347434976513675,0.6100828500768607,-0.2552640553336271,-1.0238243390929442,-1.4611140487509242
663656,Kyle Tucker,1026,0.0426889165470634,0.0279245735079538,0.0960881122680293,0.0549765249334331,240.8166559052532,2306,1042,187,1193,1113,196,846,778,204,45,1029,83.65539845758354,0.37209552558510783,69.59650145772595,102.43,590,88,80,217.65,589.0,0.1761006289308176,0.7091366303436715,0.17946257197696738,0.14915254237288136,0.13559322033898305,0.2622107969151671,0.05784061696658098,0.3695246179966044,2387,1152,218,1163,1224,288,864,855,203,28,1133,82.65836257309941,0.3336304257095159,68.92930273609885,101.06,602,102,76,198.95,599.0,0.23529411764705882,0.7429062768701634,0.1892361111111111,0.16943521594684385,0.12624584717607973,0.23742690058479532,0.03274853801169591,0.3321368948247078,0.007093515385134113,-0.5170016017247345,-0.20141282009429098,-0.7524394618778945,0.16703288127145471,-0.39652269735369355,-1.8551190379138895,-0.8223179401410199,-1.1025935279517822,-0.7531658381364195,0.4031424020140538,-0.6987463236475726,1.919177844926182,1.5874159275981188,-0.7274962304429945,-0.5578829495123071,1.4779936987425695,0.30449454105731605,0.37076993546378423,-0.4120431087093158,1.401096660308712,0.9301956638469663
641857,Ryan McMahon,1109,0.0426314353267318,0.0291870128326657,0.1118303442218207,0.0621037443345954,259.4498247139698,2500,1134,364,1280,1220,306,828,668,184,39,1121,83.84491017964072,0.32171873229803316,71.45834076717217,104.49000000000002,587,189,69,180.85,584.0,0.25081967213114753,0.646875,0.32098765432098764,0.3219761499148211,0.11754684838160136,0.2754491017964072,0.058383233532934134,0.30967465753424656,1431,654,180,710,718,205,447,423,111,19,648,83.42978723404256,0.2947857183908046,71.7770061728395,104.08,351,102,28,97.95,348.0,0.28551532033426186,0.6295774647887324,0.27522935779816515,0.2905982905982906,0.07977207977207977,0.2624113475177305,0.04491725768321513,0.2814655172413793,0.28703864001702095,0.011334478554759681,0.6271381887190145,0.46223240541150323,0.2741507792751346,0.039510426357257496,-0.5514298735233183,0.053935755860271134,1.8747927475173767,1.334218406943168,0.426970761469513,-0.16437151014996784,1.2786664566404133,-0.06205563095689723,1.7285775848748852,0.9344727374382497,-0.05890922573882735,-0.8805857386370425,0.3112778287483712,-0.10637598769269799,-0.4433185005571326,-0.5961706327996465
686469,Vinnie Pasquantino,1204,0.0422815495694583,0.0271587883012606,0.0862749329127291,0.0506064061105405,252.06885681820447,2572,1234,205,1297,1275,388,846,950,323,56,1208,86.23063157894738,0.3335446681848385,70.97524834437087,105.1,679,107,44,236.15,675.0,0.3043137254901961,0.6522744795682344,0.16612641815235007,0.15758468335787923,0.06480117820324006,0.34,0.05894736842105263,0.34985185185185186,1805,834,117,805,1000,302,532,671,197,30,828,84.51177347242921,0.33326107538802663,68.91340579710145,102.4,454,72,47,149.9,451.0,0.302,0.6608695652173913,0.14028776978417265,0.15859030837004406,0.10352422907488987,0.293591654247392,0.044709388971684055,0.3323725055432373,1.6520705987773059,0.6706919213543295,0.8724858175423583,-0.21347909692166958,1.6226344442540537,0.65108257749796,0.3819281398621461,0.34155852695294875,-0.95732552204315,-0.9400007239320963,0.45174407236526626,-0.17349981673890078,-0.5934107958838183,0.7809682278354405,-0.9589363233452116,-1.4073489059715452,0.30187823736124964,0.293226344885714,0.9801626340600468,0.24560438601548662,0.23523072741059933,0.6966898326965333
681082,Bryson Stott,973,0.0422641665596484,0.0264489880726526,0.0797620194614637,0.0460061576488327,226.22111586572237,2466,996,142,1298,1168,273,723,792,146,21,980,82.37121212121212,0.3127035975762115,67.56581632653061,100.27999999999999,562,91,53,179.3,557.0,0.23373287671232876,0.5570107858243452,0.142570281124498,0.1619217081850534,0.09430604982206406,0.18434343434343434,0.026515151515151516,0.321903052064632,2416,1013,167,1147,1269,385,628,763,182,26,989,83.56251638269987,0.32722788428324695,67.9732052578362,101.0,584,99,57,186.4,579.0,0.3033884948778566,0.5475152571926766,0.1648568608094768,0.1695205479452055,0.0976027397260274,0.23853211009174313,0.03407601572739188,0.3219343696027634,-1.6395363753337773,-0.49363017948129484,-1.0661626593897322,-0.7765720155326516,-0.5588290311418102,0.11453305426466946,-0.8495582901566582,0.36578482388531425,-0.882607730993315,-0.7516957477685937,-0.9724780584943774,-0.6404517227449373,0.45379172916644284,0.5707995926928022,-1.3677374375075166,-0.9809686479002045,-0.33394433644160365,0.10916482671698821,-0.91419009216026,-0.3373912073554452,0.8884237969559832,0.4844197911190716
678246,Miguel Vargas,1043,0.0416076487843165,0.0284099134169761,0.0891805884592453,0.0561305440031239,260.1147308984525,2323,1074,189,1196,1127,242,832,786,196,38,1045,83.19440203562341,0.3187693942848534,68.53052631578947,101.3,570,100,56,181.4,568.0,0.21472937000887313,0.6956521739130435,0.17597765363128492,0.17543859649122806,0.09824561403508772,0.24936386768447838,0.04834605597964377,0.3193661971830986,2688,1190,209,1297,1390,293,896,885,235,61,1178,84.04994350282486,0.38105691220238097,71.98870967741935,102.26,674,122,90,248.55,673.0,0.21079136690647482,0.6908249807247494,0.17563025210084032,0.18100890207715134,0.13353115727002968,0.2655367231638418,0.06892655367231638,0.36931649331352157,-0.26457534531006366,0.07742554403641037,-0.6559092472588715,-0.2697883887827678,-0.09353658203957171,0.3900419672279723,-1.1811292620746885,-1.2498390816071536,-0.6497402523990632,-0.5537756348471906,-0.01379992171381112,0.8899680927593819,0.5936168280441466,1.8459900107095717,-0.7879746739498902,-0.7940035967966,-0.14888808151691296,1.7513890540406063,-0.23534183556784619,0.5678072538563206,0.8031152541169472,1.110902080990129
660670,Ronald Acuña Jr.,786,0.041437782931053,0.0295635555649871,0.10968182209356,0.0663487657643391,187.48231642703615,1741,804,219,869,872,202,602,518,139,37,786,83.48841698841699,0.39690828666588746,74.06043256997455,106.16,408,102,67,165.2,408.0,0.231651376146789,0.6927502876869965,0.27238805970149255,0.25,0.1642156862745098,0.26833976833976836,0.07142857142857142,0.4049019607843137,1809,891,233,797,1012,288,603,589,143,38,870,82.48675721561969,0.3683095022123894,73.17402298850575,104.44000000000001,453,101,51,162.7,452.0,0.2845849802371542,0.7565872020075283,0.2615039281705948,0.2229580573951435,0.11258278145695365,0.2427843803056027,0.06451612903225806,0.35995575221238935,0.13670041632278282,-0.40370912647138224,1.2988275987763869,0.6070277273400464,0.0726497803818354,-0.4935193632055915,-0.8858760696240894,0.037703290188226705,0.6347954811399007,0.1689198411224581,0.9998412189351582,0.6962895540062441,2.9350615602691668,1.10247916509182,0.8851638959158198,0.6962770214992219,2.2349852137085042,1.362489117882739,0.9486008456249335,0.35371558191041114,0.5752445632093839,0.04989475307047833
668939,Adley Rutschman,586,0.0414301948920428,0.0308492811323177,0.1471637334179418,0.082366520535766,124.26496214181444,1491,605,81,759,732,158,447,488,131,20,587,84.44569672131148,0.3252493545323676,68.15298126064737,102.0,367,57,40,111.3,365.0,0.21584699453551912,0.5889328063241107,0.13388429752066117,0.1553133514986376,0.10899182561307902,0.26844262295081966,0.040983606557377046,0.3049315068493151,1634,657,96,766,868,220,437,525,124,20,642,83.23733333333332,0.32713272493573264,69.10155763239875,102.0,391,64,38,125.9,389.0,0.2534562211981567,0.5704960835509139,0.1461187214611872,0.1636828644501279,0.09718670076726342,0.2361904761904762,0.0380952380952381,0.32365038560411313,0.13887544153696452,-0.5431477725729427,-0.3743627879533804,-0.3743627879533804,0.6137339501422943,-0.06927048219447278,-1.1616290794861743,-0.5054276724401446,-0.9964557797719779,-0.8522667227990679,-0.33711310856596105,-0.4639523652776054,0.9750270590250256,0.5560333176936947,-1.518476914470382,-1.3061566120325305,0.04880353807815507,0.10626169076998455,0.01798740664761448,-0.26889434344568336,1.16289720818839,0.8049710812413594
553869,Elias Díaz,531,0.0411749780921132,0.0316210572316307,0.206764176644333,0.1026231298807957,116.50980955157831,1055,548,180,537,518,156,392,326,82,14,537,81.87699386503068,0.26807331696985565,70.05865921787709,102.4,282,73,21,76.95,275.0,0.30115830115830117,0.7299813780260708,0.3284671532846715,0.25886524822695034,0.07446808510638298,0.25153374233128833,0.04294478527607362,0.27981818181818185,899,491,132,437,462,174,317,322,78,14,482,81.4086956521739,0.26584388392857145,72.18340248962656,103.36000000000001,230,57,8,66.85,224.0,0.37662337662337664,0.7254004576659039,0.26883910386965376,0.24782608695652175,0.034782608695652174,0.2422360248447205,0.043478260869565216,0.29843749999999997,-0.21868987629525116,-0.41530497950667367,-0.21347909692166958,0.17264176155443406,-0.8381765046518025,-1.102873166449661,0.3268726635826051,1.6435785120496424,0.7875250114104906,0.5973435441518083,-0.25099028378828137,-0.22756333925566857,-0.2503078178678595,-1.6588457583829288,1.8583793221510152,0.8235741243648604,-1.6955317720184664,-1.7635476566651827,-0.6433735067350941,-0.6673294760645504,-0.8057712037529926,-1.18083548473731
660271,Shohei Ohtani,1276,0.0407972187758376,0.0270545506676927,0.0809024744369328,0.0505347076051246,276.9633105005679,2865,1290,407,1357,1508,393,897,802,294,100,1277,87.35037406483791,0.4250959824737517,74.02255285826155,108.4,707,187,89,298.85,706.0,0.26061007957559684,0.6610169491525424,0.31550387596899226,0.26449787835926447,0.12588401697312587,0.36658354114713215,0.12468827930174564,0.423300283286119,2271,1058,302,1040,1231,369,689,669,204,57,1049,85.53318385650223,0.3995087391304348,72.97283126787417,105.9,581,144,64,224.35,577.0,0.29975629569455725,0.6625,0.28544423440453687,0.24784853700516352,0.11015490533562823,0.30493273542600896,0.08520179372197309,0.3888214904679376,2.2142220831517663,0.910517217152387,2.199776268553958,1.19425319960578,2.2555475964960072,1.2284153786215954,-0.3806079845695664,0.30241063552104597,0.8845633494551143,0.5977303111430794,3.338677779389112,1.6046758517456852,1.5745736584614187,1.0163077003382122,1.6334102534289767,1.1117451371011406,3.0949397541777115,2.314320215739351,2.6206326963537108,1.4504363725729597,-0.14069798996327643,-0.24889459585676355
657656,Ramón Laureano,922,0.0407743473853647,0.0301838726279096,0.1123748896604004,0.067763168563448,214.69977964472977,2002,954,240,1050,948,245,706,640,189,45,925,84.3359375,0.362304603394519,70.08962162162162,104.4,488,119,34,182.4,485.0,0.25843881856540085,0.6723809523809524,0.25157232704402516,0.24385245901639344,0.06967213114754098,0.2953125,0.0703125,0.37608247422680413,847,428,129,395,452,148,280,265,61,17,397,81.94264150943395,0.3121294660194175,70.2191435768262,101.12,206,65,20,59.9,206.0,0.3274336283185841,0.7088607594936709,0.3014018691588785,0.3155339805825243,0.0970873786407767,0.23018867924528302,0.06415094339622641,0.29077669902912623,0.7070819564084982,-0.6700653657927771,0.590939358236873,-0.7283069082231373,0.5516946369759085,-0.8010704217085542,-0.41849189382235163,0.7853215119951454,0.5288863150670159,1.7638077563634678,0.9508302730351774,0.6802528622741506,-0.4205283550255235,0.5525081241936525,0.5239206796611355,1.388679290577018,1.1792907451358212,-0.3514600299008021,0.7959673939584556,-0.374129972670224,-0.26371086398283083,-0.8463251086854946
668715,Spencer Steer,1091,0.0405978844323725,0.0278783938344299,0.0875570630346246,0.0559666686627162,245.9755848964564,2316,1111,260,1255,1058,262,848,764,152,29,1098,81.40026178010471,0.29289861743874895,68.92222222222223,99.64000000000001,568,129,51,184.45,564.0,0.24763705103969755,0.6756972111553785,0.23402340234023403,0.22711267605633803,0.0897887323943662,0.19895287958115182,0.03795811518324607,0.3270390070921986,1521,689,152,743,778,204,485,438,116,30,677,84.46278538812784,0.3416223097826087,69.64756277695717,101.63,384,86,35,126.6,369.0,0.2622107969151671,0.6527590847913862,0.22060957910014514,0.22395833333333334,0.09114583333333333,0.2648401826484018,0.0684931506849315,0.34308943089430893,-1.3305962954243602,0.06269608107606338,-1.3235765650404547,-0.5231802021577127,-1.107640252296789,0.6233929941802234,-0.606959875696391,-0.3526788548394817,0.24049515862441934,0.18615248597004222,-0.4699739544422804,0.8709357173900029,0.29346070729815327,0.3416276523502972,0.21937074591020414,-0.013417248116190177,-0.9381577034796333,0.5483121642644698,-1.0339889541367033,0.3164313509506093,0.1101386696149802,0.1303928173339817
665161,Jeremy Peña,897,0.0405713101825394,0.0281607814645248,0.0826931762934712,0.0537595688414777,199.09341836611037,1779,908,234,839,939,333,575,626,187,33,900,83.62571884984025,0.33391560928977126,70.76733333333333,103.1,541,93,33,201.6,539.0,0.3546325878594249,0.6853396901072706,0.2577092511013216,0.17190388170055454,0.06099815157116451,0.2987220447284345,0.052715654952076675,0.37402597402597404,1676,925,270,766,910,355,570,581,148,22,916,83.12340791738382,0.3262288596491228,70.69454148471615,103.3,457,109,24,161.35,456.0,0.3901098901098901,0.7441253263707572,0.2918918918918919,0.23851203501094093,0.0525164113785558,0.2547332185886403,0.0378657487091222,0.3538377192982456,0.7791822315194142,-0.15103183490277558,0.06806736238381575,0.14850920789967115,0.15025704724639213,-0.1336646576746816,1.2598857906225138,1.8788896287971502,-0.7106359335802075,0.43688207232973997,0.17808580652908815,-0.47403011800884665,-0.728389830647761,-1.0294282442788643,0.6304229210594567,1.223639950815765,0.31319496539776337,0.07868643018498192,0.2977574826152948,-0.10630619450033016,-0.477015652187381,-1.1422099740553797
664761,Alec Bohm,853,0.0405027106601215,0.0291275840096244,0.0920975226729667,0.0581868529285389,183.1522968806095,1801,868,113,970,831,219,649,697,199,24,853,84.00315638450502,0.323672274774445,70.26541617819461,102.64,504,82,29,171.0,502.0,0.26353790613718414,0.6690721649484536,0.13018433179723501,0.1626984126984127,0.057539682539682536,0.2855093256814921,0.03443328550932568,0.34063745019920316,2221,1022,152,1095,1126,295,727,809,218,29,996,84.41631644004944,0.33017312603648424,69.85441767068274,102.7,607,85,44,195.5,603.0,0.2619893428063943,0.6639269406392694,0.1487279843444227,0.1400329489291598,0.07248764415156507,0.2694684796044499,0.03584672435105068,0.324212271973466,0.4997781602652481,0.16056882081257984,-0.11694888230264654,-0.09281632864788934,0.36359643808778125,0.5971273047201359,-0.32952360768156835,-0.35654276034002175,-0.869226750286673,-1.259704889896972,-0.6247626463061036,-0.5626931650602784,-0.8511396446230712,-0.32059867679419035,-1.5826873624020847,-1.2608745875415108,0.0006897473039110967,0.19901871316943345,0.024470563409638064,0.06024106899879628,0.4825745189368137,0.6391308902460785
681393,Connor Norby,651,0.0405013755998641,0.0300623394035654,0.1391761305021168,0.0810845423135188,169.06184267083455,1245,675,191,621,624,200,475,440,89,21,653,82.12818181818182,0.30692724184898773,66.85283307810107,100.8,337,90,18,108.05,336.0,0.32051282051282054,0.7648953301127214,0.28296296296296297,0.26706231454005935,0.05341246290801187,0.20227272727272727,0.04772727272727273,0.3215773809523809,1417,716,194,680,737,205,511,472,94,16,704,81.78283898305085,0.30583800546448087,68.91889204545454,99.39000000000001,368,105,38,121.9,366.0,0.2781546811397558,0.7514705882352941,0.2709497206703911,0.28532608695652173,0.10326086956521739,0.19915254237288135,0.03389830508474576,0.3330601092896175,-1.2603928075825006,-1.3263741064344177,-0.8570138610485071,-1.4241288719352725,-0.6961972895757126,-0.8913957616718056,0.664568063359393,-0.07449181962591692,0.928743176491547,1.2433894571964044,-0.04097305035898213,-0.6482556737014886,-0.9976251089748324,0.7716209326806613,1.068684319079273,0.8602024772518775,-0.5101702815791813,-0.543400872007208,-0.6729494580289768,-0.9667110571500384,-0.9149051669762613,-0.31436979553542593
681715,Heriberto Hernández,509,0.0402271224242005,0.030831563076638,0.164983890078137,0.0930623623258218,113.43527856602633,1138,514,165,573,564,121,393,308,90,20,509,84.8237012987013,0.3338821270033878,71.08899803536346,103.73,296,77,31,102.7,292.0,0.21453900709219859,0.6858638743455497,0.321011673151751,0.26013513513513514,0.10472972972972973,0.2922077922077922,0.06493506493506493,0.3517123287671233,1907,863,266,890,1017,243,620,531,158,38,852,85.2879472693032,0.3472392033542977,72.09272300469483,103.9,477,129,48,163.6,477.0,0.23893805309734514,0.6966292134831461,0.3082271147161066,0.27044025157232704,0.10062893081761007,0.2975517890772128,0.07156308851224105,0.34297693920335426,0.6414279457453309,0.7544353045471643,0.32145917575876054,0.38983474444723737,0.8273938511037251,1.0898000600059436,-1.1844506920762077,-0.7587389787571035,0.8094024846654674,0.9869379075373745,0.7146866246079963,1.0057483762564365,0.823754495337538,0.6782067691527108,1.728994415731546,1.5071268944828344,0.3121734826771821,0.7196732135403962,0.5634282159785989,0.7918983397594356,-0.1325479282458169,-0.26427976352759863
691777,Max Muncy,405,0.0399251966929202,0.0307275819674884,0.170040374472658,0.0954201200569423,98.9030451650334,824,414,124,425,399,124,290,257,54,14,410,81.27821011673151,0.2666369233415652,70.43439024390244,104.08,220,68,10,61.95,219.0,0.3107769423558897,0.6823529411764706,0.2995169082125604,0.3090909090909091,0.045454545454545456,0.21011673151750973,0.054474708171206226,0.28287671232876715,1110,555,167,523,587,195,360,337,89,18,513,83.03234421364985,0.2876044366197183,72.02124756335283,104.46000000000001,285,91,21,85.95,284.0,0.3321976149914821,0.6883365200764818,0.3009009009009009,0.3192982456140351,0.07368421052631578,0.26409495548961426,0.05341246290801187,0.30264084507042255,-1.0945187953416697,0.046937061192672866,0.46223240541150323,0.6150719118916302,-1.176627634641641,-0.18513668495893187,0.49469759506408256,0.868442996676186,1.6528072229071433,1.8286581040761138,0.25533253102260756,0.20868529698887853,-1.2800717286067849,-0.2781295094913323,1.3559670451822752,1.379985319159758,-1.7393534888047244,-1.0996733826760934,-0.6585869964707849,-0.08282315951236874,-1.1958858979400715,-1.0888039823508475
682829,Elly De La Cruz,1200,0.0394169125927965,0.0307292432578311,0.1596959547415642,0.0957736243947751,237.77044655691063,2678,1223,361,1284,1392,397,824,776,225,46,1202,84.78311855670103,0.32153006201966605,72.46780366056572,105.25,691,181,57,233.35,687.0,0.28520114942528735,0.6417445482866043,0.29517579721995096,0.2619392185238784,0.0824891461649783,0.28994845360824745,0.059278350515463915,0.33966521106259095,2513,1019,268,1174,1339,342,677,646,220,59,1001,86.67600619195046,0.37542035058430717,74.53066933066933,107.95,608,167,66,235.15,599.0,0.2554144884241972,0.5766609880749574,0.26300294406280667,0.2746710526315789,0.10855263157894737,0.34055727554179566,0.0913312693498452,0.39257095158597666,0.5936506183979691,1.6638550811866328,0.9328172016792513,2.018782116143285,0.8044552277240968,1.8743739770450598,0.048454138427099884,-0.47126005392922027,0.8404830366678471,1.0598256870902927,0.4662787563539225,1.8738444647057162,0.034379928029139376,0.9594389518313566,1.2806299468973288,0.7222914467913932,-0.06466520748488118,1.5794279689935382,0.5465073193340717,1.8020567216148464,-0.5337967984907841,-0.08785453203027727
669701,Josh Smith,1009,0.0393993376893662,0.0277354519725906,0.0764016329926985,0.0509712010358928,228.52995866919804,2287,1041,187,1209,1078,278,763,773,148,20,1020,80.96080206985769,0.31045971172090275,66.84078431372549,100.04000000000002,562,100,53,180.35,557.0,0.25788497217068646,0.6311000827129859,0.17963496637848222,0.17793594306049823,0.09430604982206406,0.19146183699870634,0.0258732212160414,0.32378815080789947,891,421,95,426,465,162,259,295,59,10,414,79.66542372881355,0.27979434389140273,66.15869565217392,99.6,224,50,24,66.9,221.0,0.34838709677419355,0.607981220657277,0.22565320665083136,0.22321428571428573,0.10714285714285714,0.2,0.03389830508474576,0.30271493212669687,-1.4890063689328823,-1.3084532598326621,-1.1626928740087439,-1.3396649341436337,-1.3560364987557008,-2.0882244790341904,-0.42815534121942367,1.150915189482936,-0.6067162378781848,0.17333411467947488,-1.0006676620948525,-0.6482556737014886,0.45379172916644284,0.909402491130978,-0.7245044400942084,0.07411155848322645,-0.40240114975193625,-1.337944887696617,-1.0821609107088233,-1.3445086468817182,0.553291937089565,-0.12223959287866479
669357,Nolan Gorman,760,0.0391988734408337,0.0295380110404148,0.1160538005604482,0.0742833600238794,172.0384686939767,1655,784,241,836,819,227,557,478,106,20,764,82.85271966527196,0.2955635788590298,70.44371727748691,102.13,401,136,45,118.2,399.0,0.2771672771672772,0.666267942583732,0.30739795918367346,0.33915211970074816,0.11221945137157108,0.2217573221757322,0.04184100418410042,0.2962406015037594,1204,595,211,566,638,204,391,343,90,17,589,83.79795918367347,0.2802478620689655,71.72750424448218,103.24,291,93,29,75.5,290.0,0.31974921630094044,0.6908127208480566,0.3546218487394958,0.31958762886597936,0.09965635738831616,0.26239067055393583,0.04956268221574344,0.2603448275862069,-0.8483598926846699,0.010897231093061944,-0.3220755883680769,0.12437665424491397,-0.2866660460097198,0.24761262141029391,-0.09171992915008795,0.6512447859956554,2.1706984830580605,1.833643567202038,-0.29946151421245343,0.039626768649817616,1.0895836613338368,0.6436876780645941,1.4927374508711029,2.3122766920748683,-0.85685465234814,-1.3241088856821626,-0.5226835387246119,-0.18031912205681505,-0.6205330858613096,-1.038369341801992
607043,Brandon Nimmo,1182,0.0389152343330252,0.0274137844770472,0.076741598719599,0.0548018731533321,263.26623284156693,2602,1227,266,1415,1187,290,937,859,259,40,1185,84.84831199068684,0.3208324986847787,70.31527426160338,104.3,651,141,49,217.65,650.0,0.2443133951137321,0.662190812720848,0.21678891605541972,0.21658986175115208,0.07526881720430108,0.30151338766006985,0.046565774155995346,0.33484615384615385,2474,1265,260,1267,1207,351,914,897,252,40,1195,84.7128205128205,0.3421528742038217,70.49824267782427,103.2,630,142,48,204.5,628.0,0.2908036454018227,0.7213891081294396,0.20553359683794467,0.2253968253968254,0.0761904761904762,0.2809364548494983,0.044593088071348944,0.32563694267515925,0.8382096411384768,0.4030774945476816,0.5507184354789425,0.10828828514174631,0.8413045768640666,0.764720594887081,-0.6649506372379486,0.14620583578982307,0.05920926060861672,0.21093467046513908,-0.0919788750602259,-0.17860703209136192,-0.22188781029549465,-0.1891758015795483,-0.07972231790228294,-0.275050908108559,-0.08594657653292728,0.5644987048793366,0.4104614403776665,0.3323956094728967,0.11589397105903002,-0.06781634993148787
666182,Bo Bichette,1177,0.0387705129743409,0.0290476385401206,0.0924299542688941,0.0642863495333704,261.9348311062122,2308,1225,207,1116,1192,420,805,954,276,39,1177,84.71509433962264,0.35305655050074797,67.06822429906542,102.97000000000001,628,91,38,232.7,624.0,0.3523489932885906,0.7213261648745519,0.1689795918367347,0.1449044585987261,0.06050955414012739,0.2893081761006289,0.040880503144654086,0.3729166666666667,2498,1330,227,1147,1351,555,775,1012,241,32,1295,82.60187747035573,0.32751451951951954,68.05559845559846,102.99,667,123,45,210.4,666.0,0.41080680977054035,0.6756756756756757,0.17067669172932332,0.18440779610194902,0.06746626686656672,0.2381422924901186,0.03162055335968379,0.31591591591591595,0.5801109267019979,-0.5018734959821204,0.015780162798518026,0.023824347350096135,0.766005832258287,-0.42844982781689145,1.2200418984854595,2.2400070727867534,-1.1757790522334908,-0.4952198590180642,-0.34164077198759035,-0.7482804245487467,-0.7457313893613636,-0.49882005799570894,-0.9094213888847817,-0.8799693473163932,0.8971497311733053,0.11790953840152077,0.38348117618890354,-0.3073739725192284,0.029856788317862343,-0.34090948111200126
681624,Andy Pages,1236,0.0387326863398989,0.0286111519191554,0.0884603107045984,0.0610680777143344,273.3813047322649,2365,1256,250,1261,1104,367,889,909,196,38,1237,82.36028602860286,0.31599526458114896,70.60339531123685,101.6,625,135,29,213.35,621.0,0.33242753623188404,0.7049960348929422,0.19904458598726116,0.216,0.0464,0.2156215621562156,0.041804180418041806,0.3435587761674718,2228,1061,205,1021,1207,382,679,775,189,30,1052,82.65432258064516,0.339976548269581,70.8509505703422,101.2,551,107,44,193.15,549.0,0.31648715824357915,0.6650342801175319,0.19321394910461828,0.19419237749546278,0.07985480943738657,0.24387096774193548,0.03870967741935484,0.35182149362477233,-0.9781103493166989,-0.3807314976876035,-0.5352464789850911,-0.6961301700167963,-0.5650047972685364,-0.39880622628241974,0.872454635703356,0.5943287768921542,0.049047186646133216,-0.3266521571478837,-0.30107858598754783,-0.436969995061702,-1.2465151553021725,-0.05911934587404431,-0.3876633819804088,-0.48885021287216207,-0.23352165535750882,0.4981030199873137,-0.5225923733830766,-0.28290697381224156,-0.44508839891781327,0.0405135618134618
681297,Colton Cowser,610,0.0383212742808449,0.0302439553418412,0.1241905615908234,0.0817560489125264,155.2556049049512,1486,630,202,749,734,175,453,370,103,28,616,83.91918918918918,0.29331806643672964,70.72094155844155,103.91000000000001,359,128,26,103.4,358.0,0.23841961852861035,0.6048064085447263,0.32063492063492066,0.3565459610027855,0.07242339832869081,0.27837837837837837,0.07567567567567568,0.2888268156424581,1614,719,220,774,840,252,467,450,105,21,707,81.42555555555556,0.313709801061008,71.3932107496464,103.01,379,118,43,116.5,377.0,0.3,0.603359173126615,0.30598052851182195,0.3113456464379947,0.11345646437994723,0.23333333333333334,0.04666666666666667,0.3090185676392573,0.3489828772269718,-0.603566626830289,0.3938568367230321,0.031868531901685676,0.3161355772720944,-1.0933434265940787,-0.7677845647383499,0.3066627598619479,2.4703576853334615,1.6916515921891087,1.186347737386978,-0.08754830076575189,-0.32287892355503145,1.1334883819720742,1.7224561260085074,1.4681388828964133,-0.9253610892133436,-0.30324692643389217,0.2639923878791466,-0.4111673497444652,-0.9369770425396625,-0.5832412132438489
691781,Brady House,548,0.0382580978736476,0.0297997328678254,0.1013924187681225,0.0709334969301647,142.05323204038507,969,554,159,506,463,171,383,353,100,8,548,83.52691218130312,0.2841728175658814,71.11423357664233,103.1,274,78,8,69.65,273.0,0.3693304535637149,0.7569169960474308,0.2870036101083033,0.2846715328467153,0.029197080291970802,0.28328611898017,0.0226628895184136,0.25512820512820517,1217,621,169,556,661,223,398,405,118,22,614,83.72641975308642,0.33762491044776116,72.1244299674267,104.46000000000001,336,86,27,107.25,335.0,0.3373676248108926,0.7158273381294964,0.2721417069243156,0.25595238095238093,0.08035714285714286,0.291358024691358,0.05432098765432099,0.3201492537313433,0.45276489968034966,0.6234582528405087,0.06806736238381575,0.6150719118916302,0.09440845631199506,0.20717631833795333,1.51633243979837,0.9586487259343542,1.2321128703295516,0.7373424514644394,-1.1416455503603258,0.24858207783125305,-1.8570902897823922,-0.04129026217620819,1.1388070668370565,0.8808886070741971,-1.2043657423007614,0.42635889318114584,-0.3461541148569854,0.4241294908164982,-1.4360856666868425,-0.6545425116622998
700932,Kyle Manzardo,949,0.0382506997062056,0.0288135186345724,0.0881745843968037,0.0631757854067301,229.8170695845284,2018,976,238,1066,952,261,715,667,170,40,949,83.72413793103448,0.32234784631910846,68.8177028451001,101.94,530,135,46,176.35,529.0,0.27415966386554624,0.6707317073170732,0.24385245901639344,0.25471698113207547,0.08679245283018867,0.25487256371814093,0.05997001499250375,0.3333648393194707,1459,679,195,694,761,234,441,449,103,24,666,84.00022271714921,0.3067986723163842,67.84354354354355,100.1,356,114,36,110.0,354.0,0.30749014454664914,0.6354466858789626,0.28718703976435933,0.3202247191011236,0.10112359550561797,0.22939866369710468,0.053452115812917596,0.3107344632768362,-0.1480851593280059,-0.6867715077860257,-0.3984953416081376,-1.1385603203539982,0.20588656180379744,0.3619382383881287,-0.14419641578858736,0.43734992965084724,0.7160591180008562,1.8446192883395196,0.496652377071486,0.2104266070227706,0.18711516660576957,0.6957636701630711,0.3899474969126071,1.1419903666997404,-0.03971611883912819,-0.5140927005694406,0.023248463820002337,-0.353411936659713,-0.1936737581297766,-0.682048978631759
686611,Dylan Crews,531,0.0381422869688352,0.0303867057956048,0.1223154117087336,0.082959962609723,115.4581016376076,1150,553,157,581,569,168,385,355,87,21,533,83.73971830985916,0.3065122051990163,71.093808630394,104.8,322,76,24,92.2,319.0,0.29525483304042177,0.6626506024096386,0.28390596745027125,0.2360248447204969,0.07453416149068323,0.24507042253521127,0.059154929577464786,0.2890282131661442,1532,795,223,729,802,259,536,517,139,27,779,83.6698259187621,0.31613707228915666,71.88344030808729,102.9,418,100,27,125.15,415.0,0.3229426433915212,0.7352537722908093,0.28050314465408804,0.23923444976076555,0.0645933014354067,0.2688588007736944,0.05222437137330754,0.301566265060241,-0.3553671081674815,0.14767618706585733,0.7518230492685781,-0.012374483132033936,0.21469307472914168,0.1751877294159424,0.2238696393472709,0.7069633299831543,0.3940330290735915,0.44932775490700216,0.4608588730379031,0.1565116740101479,-0.24796259985168367,-0.6007888681895286,1.085049535694199,1.025995805928074,-0.5228322832566826,-0.22919536408467864,0.10983512112229177,0.04756114865504702,-0.4877287009916862,-0.6957689397519398
656305,Matt Chapman,911,0.0376659665836671,0.0294674346406735,0.0911705370125566,0.0653064941928259,216.96828616994816,2209,937,212,1128,1081,217,720,650,187,33,911,84.67630769230769,0.33971684879687314,72.77716794731064,105.5,535,126,70,184.55,534.0,0.20074005550416282,0.6382978723404256,0.22625400213447172,0.23551401869158878,0.1308411214953271,0.2876923076923077,0.05076923076923077,0.3455992509363296,1419,631,133,703,716,189,442,448,101,15,607,81.59486607142857,0.2860002729885057,74.18039538714991,102.4,351,81,36,112.7,348.0,0.2639664804469274,0.6287339971550497,0.21077654516640254,0.23076923076923078,0.10256410256410256,0.22544642857142858,0.033482142857142856,0.32385057471264367,0.5459408054505042,-0.7703478391031721,1.033369508574069,-0.21347909692166958,0.7440824172532035,-0.9976438763321507,-1.4252131924342537,-0.3220458930345749,0.38523257392018107,0.3034898847067745,0.09261090959889583,-0.6665309416641935,1.75051383673609,0.7468909093690659,0.08453796510522331,-0.18406302178259773,0.49018006870265113,-1.1486134524043876,0.5812367419158647,-0.7593230412851147,0.6764891225362348,0.237377484869866
701350,Roman Anthony,463,0.0367638577963262,0.0295953389820916,0.0993502941525686,0.0757154594701405,104.78982135649868,1283,480,137,620,663,133,347,307,119,27,464,86.77491856677526,0.37200824232373797,72.68168103448276,105.68,303,84,40,116.6,302.0,0.20060331825037708,0.5596774193548387,0.28541666666666665,0.27722772277227725,0.132013201320132,0.38762214983713356,0.08794788273615635,0.38609271523178806,880,348,86,440,440,100,248,236,71,16,336,86.29618644067797,0.34578893665158367,73.86845238095238,103.65,223,59,26,72.15,221.0,0.22727272727272727,0.5636363636363636,0.2471264367816092,0.2645739910313901,0.11659192825112108,0.3008474576271186,0.06779661016949153,0.3264705882352941,2.659117104428253,0.8241274857762122,1.1057671695383406,0.28928243755241956,1.9302823164489262,1.6596880835555006,-1.4275989681146388,-0.9622742252653548,1.1038717216343277,0.8858746102753191,1.7252670761648434,0.8403479712606441,1.792113914443701,1.2447739257804493,1.1112667173185187,0.4467652067340573,1.475330847637832,0.6754282548750524,1.779152902843639,0.8577748466039659,0.2511436109013734,0.21860208350910693
667472,Dane Myers,516,0.0360472785388621,0.0309391417956503,0.1143365107529283,0.0853273474358994,116.1514440626473,1241,558,122,714,527,125,433,397,106,18,521,84.90806045340051,0.3053716872204851,68.64299424184262,101.68,333,76,23,93.3,332.0,0.23719165085388993,0.6064425770308123,0.21863799283154123,0.22822822822822822,0.06906906906906907,0.26700251889168763,0.04534005037783375,0.28102409638554215,1348,583,110,651,697,177,406,404,88,9,531,82.33267326732674,0.309958828125,68.5406779661017,100.27,326,79,36,109.05,320.0,0.2539454806312769,0.6236559139784946,0.18867924528301888,0.24233128834355827,0.11042944785276074,0.21782178217821782,0.022277227722772276,0.34078125,0.1084221384945257,-0.9315831788214926,-0.5030697407787444,-1.0701847516655214,0.8750762595091577,-0.5806123856217397,-0.7892100017245106,-0.4968911308275254,0.25971376986275746,0.5026797525009237,-0.14580507313492508,-1.158581428224398,-0.4419325536099678,1.0260519087146822,-0.047632818450129344,-0.5675469861365572,-0.5576273804086477,-0.417682183202814,-0.04460075926372675,-0.8317287855071932,0.03379912417547866,0.3969525682944603
696285,Jacob Young,550,0.0359746597141113,0.0286059765208902,0.075329085483748,0.0630852756171194,108.20183006412684,1367,597,87,747,620,148,449,444,96,5,582,79.1472972972973,0.2968050855121873,63.30601374570446,100.47,365,65,27,101.7,353.0,0.23870967741935484,0.6010709504685409,0.1457286432160804,0.1780821917808219,0.07397260273972603,0.21621621621621623,0.01126126126126126,0.28810198300283285,1682,738,144,834,848,234,504,542,113,19,725,82.82435424354244,0.31463661111111113,66.4648275862069,100.68,457,75,33,148.35,451.0,0.2759433962264151,0.60431654676259,0.1951219512195122,0.16411378555798686,0.07221006564551423,0.20848708487084872,0.03505535055350553,0.32893569844789355,-0.9655354383720481,-1.1289802794741244,-0.989742906149666,-0.9052789683580158,-2.3810855941235447,-0.30269906137505515,-0.762723650991303,-0.11307406127980674,-0.6041966808634351,-0.8448428609170161,-1.6423344591322822,-0.5974454016870987,-0.26789374036175695,-0.3304506400967748,-1.3129261609200071,-0.45573810329874487,-0.8189785772449141,-0.27497166349039437,-1.359535395004491,-0.6418750748769377,0.6029881881032471,0.27080109634969823
650489,Willi Castro,897,0.0357257388914129,0.0284556590208036,0.0749177663030622,0.0611762090488151,234.66687137797743,1735,909,236,884,851,271,638,608,127,19,899,80.55345394736842,0.30635858994431636,69.74204671857619,101.63000000000001,453,111,39,138.15,452.0,0.318448883666275,0.7217194570135747,0.25962596259625964,0.24503311258278146,0.08609271523178808,0.20888157894736842,0.03125,0.305641592920354,1899,1017,282,843,1056,398,619,655,154,24,980,80.94885496183205,0.3088806947368421,70.91948979591837,103.58000000000001,482,129,41,157.9,475.0,0.3768939393939394,0.734282325029656,0.27728613569321536,0.2676348547717842,0.08506224066390042,0.23511450381679388,0.0366412213740458,0.33242105263157895,-1.1206380714340038,-0.5659009288835977,-0.5231802021577069,0.2611277916218733,-1.586282280721796,-1.3627893744355655,0.6285567336155989,1.6482992597621693,0.5492264860346562,0.9386068372051326,-0.7645528334641553,-0.5278037757121863,0.1622797092825047,0.1257055603272671,0.6636861761395202,0.970166751872228,-0.5275188009722483,-0.4505740417178738,-0.9044344377499822,-0.5291880658254701,-0.4197974216268176,-0.8578418221280657
543807,George Springer,1025,0.0355991264273533,0.028158950179855,0.0750257387223946,0.0632121488703383,260.1073830803871,2307,1066,251,1173,1134,232,834,734,213,63,1025,83.41648501362397,0.4041158527687379,71.37034146341465,104.74000000000001,583,111,66,242.45,582.0,0.20458553791887124,0.710997442455243,0.2354596622889306,0.19039451114922812,0.11320754716981132,0.2901907356948229,0.08583106267029973,0.41658075601374567,1973,952,203,953,1020,257,695,682,151,23,933,82.1982404692082,0.3033562024048096,70.49796355841373,101.08999999999999,502,91,47,167.1,502.0,0.2519607843137255,0.7292759706190975,0.21323529411764705,0.18127490039840638,0.09362549800796813,0.22140762463343108,0.03372434017595308,0.33286852589641436,0.5987740605252578,-0.8557548063795254,0.7276904956138266,-0.7403731850505216,0.03199159915990021,-0.656597968998299,-1.3581176630861516,-0.5315198810493464,-0.39208138464853753,-0.5491930447585628,1.6323094472248307,-0.6558951352225554,1.1246536805590206,0.4296372238577632,0.24429608347975668,-0.14139306662289952,2.454874744166291,-0.6191160998237094,1.0891280693380214,-0.7055474390949221,0.6576391612034882,0.412935804072143
660821,Jesús Sánchez,914,0.0355362408558605,0.0303974540249837,0.1056400402520701,0.085749276988825,212.20172619998712,1936,953,236,927,1009,309,644,646,180,38,918,84.44938080495356,0.3230953211708664,73.60860566448801,106.3,497,110,41,154.65,496.0,0.3062438057482656,0.6947141316073355,0.24763903462749212,0.22132796780684105,0.08249496981891348,0.2786377708978328,0.058823529411764705,0.3117943548387097,1170,622,152,536,634,239,383,425,111,22,583,82.74682352941177,0.3206461935483871,71.29742710120068,103.98,311,73,17,97.4,310.0,0.37697160883280756,0.7145522388059702,0.24437299035369775,0.2347266881028939,0.05466237942122187,0.2611764705882353,0.05176470588235294,0.3141935483870968,0.35446814681689925,-0.014778968675365715,1.355136890637485,0.4220114826535784,0.6158163083812787,-0.346521823567551,0.4156039554384123,1.6496544270865854,0.14083683535127575,0.3716685283457459,0.44630582994713835,0.13632601211384723,0.03458662423798018,-0.9532624103111837,0.45566100192604353,0.39898097257947035,-0.0169120415907681,-0.09163040216538668,0.5509630268384066,0.021081260071824447,-0.2443787921194378,-0.8433915845807464
677942,Blaze Alexander,464,0.0353506460888718,0.0320444355583548,0.1899137050185482,0.1257495315401766,113.99713383219613,1042,494,140,538,503,127,367,307,68,19,474,81.50488599348535,0.30306609144320784,68.96940928270043,101.6,265,86,21,85.1,261.0,0.2524850894632207,0.6821561338289963,0.2834008097165992,0.32452830188679244,0.07924528301886792,0.22149837133550487,0.06188925081433225,0.3260536398467433,1106,621,140,549,557,168,453,426,108,13,605,83.23849765258215,0.3514767857142857,69.38528925619835,100.5,289,63,18,99.55,282.0,0.3016157989228007,0.825136612021858,0.22544283413848631,0.2179930795847751,0.06228373702422145,0.2535211267605634,0.03051643192488263,0.3530141843971631,-0.8538358222610994,-0.17666345473026035,-0.5352464789850911,-0.9776766293222874,-1.048503404739462,-0.06861237287444776,-0.522371865858648,0.33485503129992,1.9187609435429978,0.0833837445159085,0.5809333295490021,-0.7967666007223587,-0.08075298023801628,-0.682761151085902,1.0762828587085511,0.07046068324277036,-0.6279668494688688,0.8489540251371783,-0.49692384518110383,-0.23415300650243515,-0.6383562291577294,-0.2928651525361252
693304,Nick Gonzales,770,0.0348911576849252,0.0297368307715665,0.0858989989648086,0.0744869297627338,173.47833517026743,1405,806,185,756,649,205,601,562,135,14,772,82.83629893238434,0.2914648376982258,68.49481865284974,101.4,409,73,21,122.7,407.0,0.31587057010785824,0.794973544973545,0.22952853598014888,0.1784841075794621,0.05134474327628362,0.2402135231316726,0.02491103202846975,0.3014742014742015,2167,1143,233,1040,1125,352,791,822,169,13,1106,81.66338199513382,0.3240030084745763,68.65551537070525,99.7,593,97,41,203.95,590.0,0.3128888888888889,0.760576923076923,0.20384951881014873,0.163575042158516,0.06913996627318718,0.20559610705596107,0.015815085158150853,0.3456779661016949,-0.45807401218922983,-1.1901146280147457,-0.6156883245009409,-1.2994440113857033,-0.2959475530928096,-0.9589165530435549,0.5835706189045586,0.5315465922261755,-0.5972725192874472,-0.8541242734878934,-1.0429210528818407,-1.4423587130152298,-1.0710137089123544,-0.43941623250440087,0.14136532533378035,-0.30427696386147085,-0.9818996753775868,0.0107798216772394,-0.6789061236084816,-0.9760108167563988,-0.29966928346581156,0.04685960315469698
665742,Juan Soto,1022,0.0348561788727389,0.0300939715541455,0.0822946781524757,0.0709369804644558,257.95965889009244,2968,1055,212,1464,1504,240,815,752,275,81,1023,87.46821808510639,0.4285872615721835,70.93372434017596,106.89,703,137,114,282.7,700.0,0.1595744680851064,0.5566939890710383,0.2009478672985782,0.19487908961593173,0.16216216216216217,0.36569148936170215,0.1077127659574468,0.40385714285714286,1778,718,136,837,941,197,521,532,176,43,693,86.42443609022557,0.41194223234624144,70.16132756132757,105.19000000000001,442,64,62,171.55,440.0,0.20935175345377258,0.6224611708482676,0.1894150417827298,0.14479638009049775,0.14027149321266968,0.3308270676691729,0.08082706766917293,0.38988636363636364,2.195358221766901,1.4580942772142458,1.5924403349092564,0.9086846480244999,2.322156688569235,1.7321787597528417,-2.1434655678040673,-1.274957289480438,-0.314821555578093,-1.177641016994261,2.593218353726028,1.412564973882366,2.862176795221416,2.085221582702461,-0.35463319881791755,-0.5547777265366959,3.2014522315794314,2.6936431308760667,2.38092516611017,1.641033157950004,1.4187742793553735,1.273149403928464
621493,Taylor Ward,993,0.0348451612281821,0.0281898276950407,0.0647503058107587,0.0559752908066059,225.1891878543282,2788,1049,228,1425,1363,281,768,756,199,56,994,84.14153439153439,0.33286586395131756,67.55734406438631,103.8,663,175,74,229.05,662.0,0.20616287600880412,0.5389473684210526,0.21734985700667303,0.26395173453996984,0.11161387631975868,0.26322751322751325,0.07407407407407407,0.3459969788519638,2508,862,152,1247,1261,188,674,644,147,19,835,82.92888198757764,0.3333571416666667,66.58682634730539,100.58000000000001,603,130,97,191.7,600.0,0.14908802537668517,0.5404971932638332,0.17633410672853828,0.2155887230514096,0.16086235489220563,0.22826086956521738,0.029503105590062112,0.3195,0.028593607528982705,-0.7108319840263028,0.3496138216893068,-0.9454998911159406,0.4418119757971209,-0.2436167412812158,-1.3305964517811206,-2.3264317989871626,0.8751544432580514,0.041961752199032594,1.116015312920298,-0.8412656183510819,1.068090270969081,2.8160433474043183,-0.06998756022191785,-0.7817886671724852,0.2811691738505243,0.2961571496263928,0.4434407783572466,-0.4890114170296297,0.398379959928517,1.4705755153412334
663728,Cal Raleigh,1423,0.0347873194905511,0.0279156817776375,0.0612969168068685,0.0544968779870251,330.55852774375455,2833,1465,420,1300,1533,488,977,916,293,80,1423,85.52161572052403,0.3705497890195694,73.06416022487703,105.85,689,188,80,270.8,688.0,0.31833007175472927,0.7515384615384615,0.28668941979522183,0.2728592162554427,0.11611030478955008,0.31986899563318777,0.08733624454148471,0.3936046511627907,2189,1102,333,928,1253,452,646,686,174,41,1089,85.02580174927114,0.3119745948616601,72.64242424242424,104.95,508,160,67,150.65,506.0,0.3607342378292099,0.6961206896551724,0.3021778584392015,0.31496062992125984,0.13188976377952755,0.2536443148688047,0.0597667638483965,0.29772727272727273,1.226368322164955,-0.17405844520493607,1.174142738226812,0.8121544334054711,1.2218767096867387,0.9416272885694397,0.6264837172191309,1.366346668730728,1.02861156746607,1.7539301336580992,1.6984077142082488,0.4877268454496432,1.2276798908835536,1.7877328038977225,1.133354502611656,1.4021460691918204,1.430836130881589,-0.3561848628991776,1.3503263230336686,0.34225305186408805,-0.39019247410332586,-0.6836725169207312
670770,TJ Friedl,984,0.0345812589065752,0.0302008993428934,0.0946112612469975,0.0793039484822066,203.37010437091345,2645,1037,169,1389,1250,226,810,803,187,13,1015,81.06039850560398,0.2996865053037739,66.61891625615763,100.68,687,115,81,233.6,680.0,0.1808,0.5831533477321814,0.16297010607521698,0.16739446870451238,0.11790393013100436,0.2328767123287671,0.0161892901618929,0.34352941176470586,1010,436,102,495,515,124,312,292,61,5,416,80.14863013698631,0.25003082692307693,66.02908653846154,99.78,272,63,22,64.7,260.0,0.2407766990291262,0.6303030303030303,0.23394495412844038,0.23161764705882354,0.08088235294117647,0.2089041095890411,0.017123287671232876,0.24884615384615386,-0.6132226081042945,-1.1201616249895627,-0.9052789683580158,-1.2672672731793622,-1.2997415069209335,-1.8151012432601086,-1.7731249587617013,-0.7266584986579793,-0.7883236092154935,0.3181063080788242,-1.4259259465054919,-1.3849105596502154,1.2913401911495859,-0.022649227797635965,-1.0137120232933963,0.21800932929306674,-0.7310717809724289,-2.245974821455981,-0.995048162172233,-1.566683104507046,1.2166251956050442,0.04197340837211311
694384,Nolan Schanuel,907,0.0345015227432186,0.0293410619352696,0.0913322354546961,0.0767228511371366,202.87203456220743,2151,973,136,1102,1049,252,721,788,144,19,914,81.99314720812183,0.32701138941143526,65.34617067833697,98.76000000000002,562,71,55,190.05,557.0,0.2402287893231649,0.6542649727767695,0.1397738951695786,0.12633451957295375,0.09786476868327403,0.18274111675126903,0.024111675126903553,0.34120287253141834,1678,746,105,822,856,233,513,604,121,8,715,81.49205298013244,0.3345371910112359,66.06097902097902,99.0,446,58,42,148.2,445.0,0.272196261682243,0.6240875912408759,0.14075067024128687,0.13004484304932734,0.09417040358744394,0.20033112582781457,0.013245033112582781,0.3330337078651685,-1.6734199429100336,-1.3014510747366124,-1.6775206853102116,-1.5809904706911944,-0.7725230357108704,-1.055757021563235,-0.7362183634010415,-0.17845362843584398,-1.4956999379158264,-1.4317788894362375,-1.0780238580021044,-1.5552194838770927,0.5800996631764131,0.44897730118848406,-1.416266858636593,-1.3993155759569171,0.102559968012971,0.3321582757474181,-1.0197855107840499,-1.0322519550241434,1.0570712057824685,0.8646313487543706
680757,Steven Kwan,1071,0.034500501298559,0.0280580992879296,0.0634447649379355,0.0559330397069594,239.80031511600424,2786,1168,92,1482,1304,296,872,1027,135,11,1085,80.43446932814021,0.30990177056670415,61.311612903225814,96.24,696,60,53,217.55,688.0,0.22699386503067484,0.5883940620782726,0.07876712328767123,0.08620689655172414,0.07614942528735633,0.1314508276533593,0.010710808179162609,0.3162063953488372,2513,908,60,1278,1229,246,661,795,56,2,877,78.73094339622641,0.3272316749585406,60.08859749144811,93.6,615,60,79,209.35,604.0,0.2001627339300244,0.5172143974960877,0.06607929515418502,0.0975609756097561,0.12845528455284552,0.07044025157232704,0.0025157232704402514,0.34660596026490065,-2.758035118548351,-4.04820130508717,-2.6910879388099853,-3.7529202996192614,-1.6535360746725958,-2.6164217212201595,-0.9671397811899227,-1.4352862320281259,-2.187014253997417,-1.9914074174153693,-1.6665069498318668,-2.0263843311758656,-0.19063280196775864,1.6658344487759373,-2.4749988692069773,-2.695187700301664,-0.41942290392929815,0.10928047321936447,-1.8377177971584195,-2.4669294367766184,1.3596300256066396,1.9469289496302742
643376,Danny Jansen,565,0.0343944232317143,0.0305843427208981,0.0836282970679779,0.076923863264048,143.77999378420526,1353,584,128,691,656,131,452,420,108,18,571,82.49380952380953,0.2997053156881227,66.31401050788092,100.71000000000001,340,86,42,110.15,335.0,0.19969512195121952,0.6541244573082489,0.2191780821917808,0.2529411764705882,0.12352941176470589,0.2571428571428571,0.04285714285714286,0.3288059701492537,802,368,87,412,390,94,274,253,64,8,354,82.90869565217392,0.2628569402985075,66.94435028248587,101.14,205,52,15,59.95,201.0,0.24102564102564103,0.6650485436893204,0.23641304347826086,0.25365853658536586,0.07317073170731707,0.25296442687747034,0.03162055335968379,0.2982587064676617,-0.10007617468573733,-0.18843576391584832,-0.8932126915306372,-0.7202627236715535,-0.48953318007575825,-0.25502668359703484,-1.4434450713787943,-0.7223149876932045,0.6854657488296728,0.6978243507052272,-0.25483899610435357,-0.7482804245487467,1.4910027637424337,-0.29635417160008787,-0.038259926283977785,0.26084138086696323,-0.7304979108860269,-1.8546737903622281,-0.49363179065650264,-0.7533358772190824,0.5718105031438833,-0.13317622886976846
691016,Tyler Soderstrom,1056,0.0342993990462848,0.0276221947674207,0.0636691347475031,0.0571140675433427,274.89597747238867,2227,1088,241,1129,1098,317,771,752,230,48,1057,85.15824468085107,0.341264408663459,72.10482497634816,105.27999999999999,622,141,53,221.8,620.0,0.2887067395264117,0.6829052258635961,0.22150735294117646,0.2266881028938907,0.08520900321543408,0.3058510638297872,0.06382978723404255,0.357741935483871,1739,798,166,821,918,238,560,567,159,29,740,84.47266313932981,0.3273388478747204,72.45148648648649,103.64,449,91,48,159.75,447.0,0.25925925925925924,0.682095006090134,0.20802005012531327,0.2026726057906459,0.10690423162583519,0.2804232804232804,0.05114638447971781,0.3573825503355705,0.9299367396482779,0.3922256007444918,0.9448834785066242,0.28526034527662475,1.0164881377152624,0.6289762052569454,0.10961926626977628,-0.40417694013992084,0.2331806584540853,-0.1805557083001986,0.6661496723820964,0.10917316504908495,0.13091453451073093,0.9009330679389321,0.002163020670896271,-0.23190016259425958,0.5373932621112132,0.1125501209590148,0.818970258072695,0.30563708745723234,-0.05351210272100673,0.42939146974332776
669065,Kyle Stowers,903,0.0341111221459779,0.0272509350907182,0.0565033190410877,0.0530196277377756,207.5719225188719,1712,924,278,864,848,237,687,567,174,53,905,84.43721340388008,0.37542991499625156,73.02000000000001,105.64,454,125,45,177.45,452.0,0.2794811320754717,0.7951388888888888,0.3008658008658009,0.2753303964757709,0.09911894273127753,0.30687830687830686,0.09347442680776014,0.39258849557522124,1875,996,328,845,1030,351,645,589,188,35,986,84.73242784380305,0.32385017171717173,73.20354969574036,105.22000000000001,496,159,46,166.9,495.0,0.3407766990291262,0.7633136094674556,0.3293172690763052,0.32056451612903225,0.09274193548387097,0.31918505942275044,0.059422750424448216,0.3371717171717172,0.9516594364606611,1.2119053973880478,1.0896788004351674,0.9207509248518785,0.6089389162442053,0.7758032659615369,-0.051348058170725346,1.0181298558920622,1.0711847909791283,1.8504732745033885,1.9679586688113249,0.4726199061638863,0.6246134725191336,0.39827735494431876,1.3793761813610161,1.873132517141175,1.5797197615378653,0.006117054476382059,1.2395911166978448,0.6774393097683464,-0.4436498604125714,-1.0858645731480767
691723,Coby Mayo,496,0.0339092330310491,0.0301347927774404,0.0995772814831566,0.0903671729841643,122.49345858769644,1132,513,146,581,549,153,359,330,78,18,498,82.94030303030303,0.2871384896394858,72.57550200803213,103.65,293,84,26,88.6,292.0,0.2786885245901639,0.6179001721170396,0.28460038986354774,0.28668941979522183,0.08873720136518772,0.23636363636363636,0.05454545454545454,0.3034246575342466,1772,825,234,830,942,298,527,546,165,36,770,84.2835164835165,0.3383640993071593,74.03233766233767,106.9,433,130,34,145.45,433.0,0.31634819532908703,0.6349397590361445,0.28363636363636363,0.3002309468822171,0.07852193995381063,0.3021978021978022,0.06593406593406594,0.33591224018475746,-0.5394860238300735,0.8526826809108773,0.28928243755241956,1.5964624271850512,-0.23716121401106266,0.5220646540071748,-0.06517738127166768,0.5919041681429524,1.2668768067580496,1.5001687595830089,0.25843927368453756,0.7585565621967908,0.2561392112702949,-0.10642625528193547,1.0971007755010933,1.0803707405514502,-1.113888564505786,0.44891018010564704,-0.268562818221993,0.8357353008811084,-0.5106652474292952,-0.8197174808898368
643446,Jeff McNeil,876,0.0338394271974901,0.0285579327497867,0.0648762609276563,0.0649875827579168,205.5004146401469,1718,909,135,916,802,215,694,708,150,18,882,81.39915254237287,0.33015133127169294,68.6358276643991,100.13000000000001,458,55,45,151.55,456.0,0.26807980049875313,0.75764192139738,0.1485148514851485,0.12008733624454149,0.0982532751091703,0.211864406779661,0.025423728813559324,0.3323464912280702,1718,1016,138,835,879,315,701,815,160,7,985,80.88662576687118,0.299358813387424,67.0020304568528,98.56,496,56,27,152.3,494.0,0.3583617747440273,0.8395209580838323,0.13582677165354332,0.11290322580645161,0.05443548387096774,0.19631901840490798,0.008588957055214725,0.3082995951417004,-1.057561407408089,-1.386293501513906,-1.1264940435266138,-1.7579625308260727,-1.1082672278365138,-1.397963243821119,-0.2502771637849477,1.3249522091044637,-1.6033257314454552,-1.7270928031091617,-1.0204065849420219,-1.7596855116885535,0.5938887389416934,-0.9613155073121955,-1.2645733667697376,-1.4847665659181224,0.19835379514745335,-0.7410690561403244,-0.8228750937131568,-1.408594768797995,0.9280162502354585,0.23139791315265623
672640,Otto Lopez,969,0.0337119641500134,0.0271574748931738,0.0570197699938938,0.0511025428547077,194.33934889359475,2129,986,168,1076,1053,311,675,748,188,33,972,83.24652406417113,0.33001511988496934,69.80545267489711,103.0,592,82,42,188.55,590.0,0.29534662867996203,0.6273234200743495,0.17038539553752535,0.13851351351351351,0.07094594594594594,0.25133689839572193,0.04411764705882353,0.3195762711864407,2432,1124,193,1191,1241,384,740,855,237,33,1077,83.00947368421053,0.327642,69.6113277623027,102.96000000000001,665,87,37,239.3,660.0,0.30942788074133765,0.6213266162888329,0.17170818505338079,0.13082706766917293,0.055639097744360905,0.2771929824561403,0.03859649122807018,0.3625757575757576,-0.22285245606430132,0.3239157850149383,0.027846439625890906,0.011758070522723256,-0.06407559631735622,-0.19806381692299974,0.2254712789759541,0.47115932511767344,-1.285881557641332,-1.4183028089366614,-0.19948545720555144,-0.4419404316804211,-0.3753174457706254,-0.9185962064561736,-0.8850245992712211,-0.8620684657063441,0.19419823730139904,0.12179873242282742,-0.052873766531983814,-0.03650633212858637,0.3925293580414934,0.22265393576728962
543877,Christian Vázquez,349,0.0331050095104736,0.0310990365174476,0.1189407685170015,0.1080140769152486,69.97628249190845,833,356,55,412,421,108,248,285,52,6,350,81.81087719298245,0.2708408880035572,65.42,98.26,216,35,18,58.05,214.0,0.25653206650831356,0.6019417475728155,0.1544943820224719,0.16203703703703703,0.08333333333333333,0.1824561403508772,0.021052631578947368,0.27126168224299063,1013,488,88,475,538,196,292,373,51,4,478,79.63029490616621,0.23268453125,62.79979079497908,96.88000000000001,261,52,17,68.05,256.0,0.3643122676579926,0.6147368421052631,0.18032786885245902,0.19923371647509577,0.06513409961685823,0.13672922252010725,0.010723860589812333,0.2658203125,-1.6794462245707533,-2.646415018989982,-1.878625299099853,-2.4336740331592455,-0.8755476965544818,-2.1080803781863895,-0.4517606816645541,1.4287757165056552,-0.8806208581005107,-0.2398005186395021,-1.212358107581876,-1.6659337687828395,0.0643422659690344,-0.5815945728041755,-1.1608025853833372,-0.7124795778244477,-1.611098291086736,-2.7751782663229467,-1.45141512377874,-2.3258562930882807,0.6393815977793591,-0.2645225482114702
553993,Eugenio Suárez,1281,0.0326114879954926,0.0285781312376622,0.0590434138279613,0.0616112465560252,302.75346603508865,2606,1314,405,1310,1296,405,909,798,227,57,1283,83.90200501253133,0.31965067442980755,69.45923616523773,103.46000000000002,658,196,44,232.4,655.0,0.3125,0.6938931297709924,0.3082191780821918,0.2978723404255319,0.0668693009118541,0.2844611528822055,0.07142857142857142,0.35480916030534354,1965,898,279,916,1049,297,601,531,115,30,889,83.31393596986817,0.29777577330508476,69.58526434195726,101.2,477,161,51,154.85,472.0,0.2831267874165872,0.6561135371179039,0.3106904231625835,0.33752620545073375,0.1069182389937107,0.21657250470809794,0.05649717514124294,0.3280720338983051,0.477612870406434,-0.9580011485094483,0.21286268431236463,-0.6961301700167963,0.3064225481120439,-0.025972298218936273,0.5247613041807032,0.012260911668089387,1.4595349446010875,2.142687409559853,0.9998412189351582,0.3441467562732665,-0.5200078897280543,0.9014302248558657,1.5069891594720715,1.5498759766542671,-0.12200185189231066,-0.7893646854046561,0.37494749397473803,-0.4250643091753141,-1.0028233244954792,-0.700848518256586
641343,Jake Bauers,381,0.0326023201824477,0.02947937508821,0.0672243479509835,0.0748024628672539,108.99041792977364,895,386,87,449,446,91,295,259,70,17,383,83.82972972972973,0.35359572980889203,74.48355091383812,105.52,218,59,31,72.65,216.0,0.2040358744394619,0.6570155902004454,0.22538860103626943,0.2706422018348624,0.14220183486238533,0.2702702702702703,0.06563706563706563,0.33634259259259264,2298,923,248,1071,1223,260,661,610,191,44,888,84.69901639344262,0.3804357642725598,74.29054054054055,105.41000000000001,548,143,89,213.15,543.0,0.21259198691741618,0.6171802054154996,0.26868905742145177,0.26094890510948904,0.1624087591240876,0.31311475409836065,0.07213114754098361,0.3925414364640884,0.17752396649666535,1.0835390849458828,1.041413693125653,0.997170678091939,0.2655703185650348,0.7569180788448052,-1.3677081274641005,-1.218422073346551,0.9904170846506876,0.8234220250945271,0.7455141483190408,1.0306940111082614,2.1537342905666845,2.8709291451565115,0.06951950377074875,0.8209701679042343,0.9135990960779803,1.7324389778728437,0.6287242445168748,1.1201521661727465,0.6153764574023372,0.6112397563760753
677587,Brayan Rocchio,688,0.0322946587659747,0.0300647043796454,0.078227082906044,0.0854471460809861,135.5694775762127,1411,725,162,722,689,214,511,511,113,9,702,80.48649706457925,0.2947478094033224,67.30527065527066,100.3,385,77,22,108.8,378.0,0.31059506531204645,0.7077562326869806,0.22344827586206897,0.2,0.05714285714285714,0.22113502935420742,0.01761252446183953,0.2878306878306878,2187,1095,226,1023,1156,385,705,816,165,13,1063,81.10392156862746,0.2954842362344583,67.9975540921919,99.6,573,82,37,179.1,563.0,0.33304498269896193,0.6891495601173021,0.20639269406392693,0.1431064572425829,0.06457242582897033,0.20220588235294118,0.015931372549019607,0.3181172291296625,-0.8615192694358546,-1.2618063502957406,-1.0581184748381427,-1.3396649341436337,-1.6241283857721782,-1.2751409229826516,0.4915242255835055,0.8832277697565118,-0.2265990695862277,-1.2067548236410899,-1.3634263093926895,-1.437252090914874,-0.8652239817091035,-0.6015297962659003,0.03584644896925695,-0.26014184628997444,-0.8817422718326646,-0.8592752492893755,-1.157786942254306,-1.234627909525255,-0.2914988966689096,-0.004465224022836944
542303,Marcell Ozuna,1011,0.0322625082410622,0.0282128873657105,0.0641297386172802,0.0646178111743954,234.65662100478824,2635,1039,247,1260,1375,308,731,709,173,40,1012,82.98716502115656,0.35352777168963945,70.93349802371542,102.72000000000001,590,144,92,202.25,588.0,0.224,0.5801587301587302,0.2377285851780558,0.2440677966101695,0.15593220338983052,0.24400564174894218,0.056417489421720736,0.3439625850340136,1240,528,150,569,671,179,349,333,83,13,522,83.62522522522522,0.30366300724637685,71.8544061302682,101.4,280,80,26,78.55,276.0,0.2667660208643815,0.6133567662565905,0.2840909090909091,0.2857142857142857,0.09285714285714286,0.24924924924924924,0.03903903903903904,0.2846014492753623,-0.3778836004670467,-0.26699913539672376,-0.0847721440962998,-0.6156883245009409,-0.21067336459463867,0.14997803531725576,-1.0193763895960832,-0.2731998378499139,0.5325961276639195,1.250077303087135,0.34064745292356724,-0.4225064722883123,2.641059799979775,0.40236635603381216,0.2836717333974853,1.0882590750451704,0.911525819368477,-0.609756050732003,0.11576883262681181,-0.35299438952014484,0.7110420821286134,-0.41569254606214484
700250,Ben Rice,869,0.0322387247821975,0.0275380137562755,0.0508004876920053,0.0530058457805567,201.45344670702596,2047,887,174,1022,1025,218,669,650,240,57,869,86.64692307692307,0.3913363843116881,71.58987341772152,106.13,531,100,50,191.9,529.0,0.2126829268292683,0.6545988258317026,0.19616685456595265,0.18832391713747645,0.09416195856873823,0.36923076923076925,0.0876923076923077,0.36275992438563326,2568,1117,260,1222,1340,328,787,782,233,56,1106,84.91572890025576,0.37649724842767296,70.82649186256782,103.89,639,153,77,245.6,636.0,0.24477611940298508,0.644026186579378,0.23276633840644584,0.23943661971830985,0.12050078247261346,0.2979539641943734,0.07161125319693094,0.3861635220125786,2.2702019538716947,0.7629399404735449,1.2867613219490082,0.3858126521714426,1.8579352991874791,0.8794107033059342,-1.2168353643549175,-0.6568770777253882,-0.42775335261831826,0.452810716901986,1.7140438028807268,1.0078634709494774,0.4486775661133083,1.3835090493791111,-0.4376044996560204,0.19755523617283702,2.064996763385865,1.6122821333188655,1.8387878282549548,0.9296617800438529,0.6327176956856411,0.34750504350741906
596019,Francisco Lindor,1308,0.0320468338691132,0.0279178868494223,0.0529096591335032,0.0578177414141221,295.72934090525365,2940,1401,267,1514,1426,380,1021,1031,279,46,1320,84.209796314258,0.3454604886597804,68.98840909090909,102.9,730,131,63,259.85,727.0,0.2664796633941094,0.6743725231175693,0.1905781584582441,0.17945205479452056,0.0863013698630137,0.27061105722599416,0.0446168768186227,0.35742778541953235,1861,858,196,834,1027,305,553,579,177,27,843,85.15112262521589,0.3302531548974943,70.87817319098458,102.32000000000001,440,90,43,144.15,439.0,0.29698149951314506,0.6630695443645084,0.22843822843822845,0.20454545454545456,0.09772727272727273,0.30569948186528495,0.046632124352331605,0.3283599088838269,0.1847304515904052,0.9267312966308212,-0.012374483132033936,-0.24565583512801062,0.4803957298597661,1.012462531167951,-0.2781961696436059,0.25399631488526686,-0.5805968301586093,-0.14829047406567053,-0.17756237762228855,-0.08906518530897768,0.16968538992757845,0.5752195839078461,-0.5345926090749997,0.12244376203205419,0.6654079132414378,0.20146024591702935,0.2281194467874573,0.36118661065576263,0.3907677497011984,0.0867674952640489
695734,Daylen Lile,664,0.0319943532529206,0.0299351795131032,0.0660412110791721,0.0723682783235619,156.154062702836,1306,682,112,685,621,166,516,514,117,14,667,82.14046692607003,0.34783890367779574,67.57331334332834,101.17,351,56,21,131.25,350.0,0.2673107890499195,0.7532846715328467,0.16422287390029325,0.15954415954415954,0.05982905982905983,0.22762645914396887,0.027237354085603113,0.375,2315,1285,274,1060,1254,478,806,913,210,45,1252,82.50547645125958,0.32844109697933227,69.90974440894568,101.28,633,123,37,207.4,629.0,0.38118022328548645,0.7603773584905661,0.2132295719844358,0.1943127962085308,0.05845181674565561,0.23001095290251916,0.04928806133625411,0.32972972972972975,-0.7242476067995671,-0.6738236734931764,-0.7081964468441749,-0.6639534318104553,-0.6892533658993857,-0.48293867113961003,-0.2636947859893533,1.7230858419448367,-0.9235678798603605,-0.3245775966830386,-0.940763393820507,0.027567120205197106,-0.7698838537421149,-0.8187656944490155,-0.9919710696696193,-0.14149237044463323,0.7379689628498914,0.14617770544481887,-0.4648983701027487,-0.3293941901586452,0.3523374704443045,-0.5189453923165451
678662,Ezequiel Tovar,859,0.0318205125986056,0.0282875163490337,0.0534207707325266,0.05712414452748,199.35887068205503,1469,892,256,695,774,317,575,562,123,25,870,81.85693950177935,0.3199640759171956,69.50827586206896,102.6,390,97,21,119.3,382.0,0.4095607235142119,0.8273381294964028,0.28699551569506726,0.24871794871794872,0.05384615384615385,0.2188612099644128,0.04448398576512456,0.31230366492146594,1807,1104,289,829,978,427,677,720,129,22,1055,79.47,0.2788143595041322,69.76218009478673,100.2,490,125,29,131.9,484.0,0.43660531697341515,0.8166465621230398,0.2617753623188406,0.25510204081632654,0.05918367346938776,0.17916666666666667,0.030555555555555555,0.2725206611570248,-0.9096028162476899,-1.7490074054591458,-0.1330372514058199,-1.0983393975960676,-0.8495118522174635,-2.1986840264611995,2.218265504898686,2.6901364221102666,0.6127084413776923,0.72269288427522,-0.1833981297675841,-0.7950485331352546,-0.9822323205776802,-0.792790248123794,1.138666593670957,0.700987580878859,-0.11244055131966942,-1.3678424014617225,-0.43759812019164535,-1.441784352822678,-1.2379682151312539,-1.2266517838470348
691023,Jordan Walker,758,0.031814508451056,0.0306396119973915,0.0783660762100938,0.0860350343233768,176.74512785737107,1541,762,255,717,824,280,482,453,132,26,758,83.75739514348786,0.2775394141988059,76.07849604221636,106.62,395,126,28,109.15,395.0,0.33980582524271846,0.6722454672245467,0.3346456692913386,0.3189873417721519,0.07088607594936709,0.2913907284768212,0.05739514348785872,0.27632911392405063,2321,1205,357,1067,1254,449,756,755,235,56,1168,85.56423841059603,0.34202192846034213,77.32431506849315,107.76,643,167,48,232.45,643.0,0.3580542264752791,0.7085285848172446,0.2962655601659751,0.25972006220839816,0.07465007776049767,0.31125827814569534,0.07417218543046358,0.3615085536547434,0.6241498266771555,1.0442809324401592,1.483843843462855,1.9423623629032243,0.22468456887585017,1.2459683749315849,1.0011901631294406,1.3195861427267253,1.8233018865721538,0.8022516535205638,0.3835799654113364,1.1203237561409396,-0.3774423833877789,-0.243848438230772,1.965603364208876,1.2995420590989484,-1.4067386280862257,0.5605037920837708,0.26190391526819423,1.1826878436999357,-1.2918844493245623,-0.9163070733942523
695578,James Wood,1145,0.0317081931867174,0.0282408758806782,0.0524739956533733,0.0571430044262899,299.30090149122,2887,1161,361,1458,1429,348,813,716,251,62,1145,86.75558659217877,0.36060252615432326,73.59406113537118,108.7,683,221,77,243.8,678.0,0.24352694191742477,0.5576131687242798,0.31093884582256676,0.3235724743777452,0.11273792093704246,0.3505586592178771,0.08659217877094973,0.3595870206489676,2506,946,266,1146,1360,292,654,616,221,63,937,87.66931818181818,0.4101322316865418,73.97972251867662,108.1,590,169,89,228.1,587.0,0.21470588235294116,0.5706806282722513,0.28118393234672306,0.2864406779661017,0.15084745762711865,0.3587662337662338,0.10227272727272728,0.38858603066439523,1.8753503311305713,2.048912618785785,2.3204390368277386,2.0791135002801724,1.9193552853367768,2.435824695034848,-0.6786725810211054,-1.1815390719601462,1.9022940513884496,1.2625915096352145,1.6657329531740057,2.3543255419891773,1.107985457658785,2.460589311216377,1.5541871869373558,1.037810424213242,1.1273635120298344,2.6384233535600816,1.7816482236997853,2.311319941930013,-0.4174557999114787,0.3354316123320166
671739,Michael Harris II,1188,0.0315816752334238,0.0289484616982634,0.058930916935898,0.0690163794159369,262.1183184031464,2177,1240,280,1067,1106,476,761,870,252,45,1205,84.25344827586207,0.31452457790523797,72.01153526970954,106.6,641,128,15,189.1,634.0,0.43037974683544306,0.7132146204311153,0.22580645161290322,0.1996879875195008,0.0234009360374415,0.2896551724137931,0.05172413793103448,0.2982649842271293,2135,1199,263,962,1173,527,672,835,257,46,1167,83.84838323353293,0.33916125838926175,72.86401028277635,106.1,604,117,22,211.4,596.0,0.4492753623188406,0.6985446985446986,0.21934945788156798,0.19370860927152317,0.03642384105960265,0.3077844311377245,0.055089820359281436,0.3546979865771812,0.5874487185875145,0.9708208828097417,1.4757996589112654,1.2746950451216297,0.5050691712701848,0.2761138569599785,2.5815133993385846,2.911201897813459,-0.23197438659543917,-0.3349864633862045,0.13454451890790872,0.2823444492568745,-2.062810110472145,-1.6005942703599605,0.07677102302788699,-0.035285815000684825,-0.278389589692332,0.47323003146217374,0.4848944955969083,0.6554408531220797,-1.1222800365607943,-1.0353809724466325
701358,Cam Smith,977,0.0315260501856612,0.0284947559644409,0.0556089542726278,0.0600110893816337,248.4485839064547,2024,980,257,1045,979,290,690,637,146,21,978,81.28571428571429,0.3043791877936469,72.28680981595092,102.97999999999999,495,137,43,151.55,493.0,0.296220633299285,0.6602870813397129,0.26224489795918365,0.2767676767676768,0.08686868686868687,0.22919937205651492,0.03296703296703297,0.3074036511156187,2234,1090,292,1068,1166,348,742,717,204,39,1078,83.01743375174337,0.3150139869888476,75.82866419294992,105.84,543,140,39,159.2,539.0,0.29845626072041165,0.6947565543071161,0.26788990825688075,0.2578268876611418,0.0718232044198895,0.28451882845188287,0.05439330543933055,0.29536178107606675,-0.6909858481916509,0.47883251254992465,0.019802255074301365,1.1701206459510227,-1.1723860457891218,-0.19356454008234406,0.24072080979213062,0.2797277766870758,1.095946099205404,0.7696362487489633,-0.6891513782334153,0.2517578271228972,0.18982090546277786,-0.3441813235429549,0.7091360600919069,0.807101464879106,-0.5879067049174794,-0.26345862241974133,-0.6241255444114732,0.28873756462435185,-0.463995515906666,-0.550161703464525
665487,Fernando Tatis Jr.,1152,0.0314458611240119,0.0284397169126953,0.0528330193987663,0.0620070087746276,276.5286862691554,2636,1209,304,1229,1407,345,864,799,262,51,1164,85.88923654568211,0.3701129816897429,71.22525773195876,106.62,685,129,82,251.15,681.0,0.24520255863539445,0.7030105777054516,0.25144747725392885,0.18832116788321168,0.11970802919708029,0.327909887359199,0.06382978723404255,0.36879588839941263,2454,1137,267,1174,1280,339,798,783,281,63,1075,86.13295019157088,0.3801786464497041,73.46948837209302,107.7,677,126,56,248.2,676.0,0.26484375,0.6797274275979557,0.23482849604221637,0.1861152141802068,0.0827178729689808,0.35887611749680715,0.08045977011494253,0.36715976331360944,1.3964058350174962,2.051236285971753,1.483843843462855,1.918229809248467,1.4296673921091783,1.5674218971025025,-0.6494366156590768,-0.306739396034551,-0.42780071647116297,-0.46580464644961367,0.6661496723820964,1.3964355397809811,1.355372230395274,0.04249802085775827,0.5217539944684847,0.23334261243425644,1.41750994596903,1.7245947879572343,1.2787153377881313,1.7315836640121873,0.4777138920142573,0.14542486272691663
671277,Luis García Jr.,970,0.0313882956266522,0.0275579402252474,0.0511770315989323,0.0547132948938012,227.41470724824495,1838,991,191,874,964,366,625,724,212,37,977,84.06961325966851,0.33926685306728976,70.26878198567043,102.67,527,84,26,162.9,524.0,0.3796680497925311,0.7151029748283753,0.1927346115035318,0.15939278937381404,0.04933586337760911,0.292817679558011,0.05110497237569061,0.3108778625954199,1921,1014,179,864,1056,408,606,752,222,51,1003,84.78670212765957,0.3449629007633588,72.86610169491526,104.58999999999999,527,93,23,192.2,524.0,0.38636363636363635,0.7013888888888888,0.1765285996055227,0.17647058823529413,0.04364326375711575,0.29521276595744683,0.0678191489361702,0.36679389312977095,0.6543249889695256,0.7049729206049682,-0.10488260547526794,0.667359111476928,0.4011599233336116,0.8064807730795973,1.6967016149391592,1.81352542970062,-0.9261756686579224,-0.6319612111044058,0.10735460188357189,0.8413377343224538,-1.142313937891236,-1.3443586976073745,-0.49716879860429425,-0.7784133724578275,0.47645153007059265,0.6502274254950461,0.3068816877564068,0.7340755929957987,-0.3539177713920446,-0.4368773859364403
593428,Xander Bogaerts,825,0.0307149575841131,0.0301548397184841,0.0648580342767904,0.0761516513320813,196.2063232714694,2100,879,175,1087,1013,239,640,634,186,28,827,84.16656151419558,0.32719358072157173,69.91801692865779,103.57000000000001,554,94,45,176.8,545.0,0.23593287265547877,0.5887764489420423,0.19908987485779295,0.16967509025270758,0.0812274368231047,0.29337539432176657,0.04416403785488959,0.32440366972477064,2283,951,201,1123,1160,265,686,677,191,23,833,84.27666174298376,0.3226461774744027,70.0641056422569,102.64,589,106,71,183.4,586.0,0.22844827586206898,0.6108637577916296,0.2113564668769716,0.1799660441426146,0.12054329371816638,0.2821270310192024,0.033973412112259974,0.3129692832764505,0.6661187594295064,0.4282541313755488,0.2571056993460785,-0.11694888230264654,0.45595808107992586,0.5181901422394795,-0.8111730171400034,-0.9417633903764433,-0.749033309737815,-0.5717418776870196,-0.19744826071611077,-0.6449574381513509,-0.010401327953231126,1.3850178810141434,-0.38687742370929423,-0.1739988656296923,0.10811828840403252,-0.03061458626592834,0.25797051350868655,0.0307846733790205,0.4841706056584704,0.7681305036768247
665833,Oneil Cruz,904,0.030690756883585,0.0273716792609718,0.0442895370460774,0.0500815194212866,237.64289377918996,2235,929,299,997,1238,349,580,562,199,54,905,86.9238434163701,0.3239034866989546,76.14419889502763,109.79,541,174,60,165.2,538.0,0.28190630048465265,0.5817452357071213,0.3218514531754575,0.32162661737523107,0.11090573012939002,0.3540925266903915,0.09608540925266904,0.3070631970260223,1680,710,238,741,939,283,427,416,133,35,699,84.8173076923077,0.3531041895261845,75.87138769670959,107.6,404,136,42,154.85,401.0,0.30138445154419596,0.5762483130904184,0.3352112676056338,0.33663366336633666,0.10396039603960396,0.31971153846153844,0.08413461538461539,0.38615960099750624,1.9500796094558894,1.2230386384979757,2.7588470948891457,1.8780088864905367,2.0144592564078247,0.8237799866413525,-0.009034002189109734,0.3308185091794675,1.8687710390192904,2.127310791803985,2.082616849351819,1.557811987642634,1.0429563714476995,0.796448896678639,1.7435682403334554,1.9754189473318138,0.007743596105457036,0.8986031098569309,1.7627492812420271,1.2762485218258859,-0.6400872264289841,-0.9092748379091568
669224,Austin Wells,894,0.0304803027311635,0.0280153139524774,0.046023417341655,0.0548923951151494,188.2566730035408,1794,909,228,910,884,258,651,620,162,30,896,83.3191935483871,0.2913342037363238,71.52477678571428,103.13,448,118,29,137.9,447.0,0.2918552036199095,0.7153846153846154,0.2508250825082508,0.26339285714285715,0.06473214285714286,0.26129032258064516,0.04838709677419355,0.3085011185682327,1537,716,183,731,806,229,487,482,135,17,702,83.34502074688797,0.2961260561497326,70.67621082621082,102.35000000000002,378,101,42,104.25,374.0,0.2841191066997519,0.6662106703146374,0.25558659217877094,0.2671957671957672,0.1111111111111111,0.2800829875518672,0.035269709543568464,0.2787433155080214,-0.012371386247653465,0.38502956385353737,0.08013363921119435,-0.2335895583006263,-0.023000551915201943,-0.008402218974606343,0.16455330112031608,0.02957478296070113,0.8655261643701139,0.9310422842996806,-0.011997664161222289,-0.5880320822559252,-0.5958610349387338,1.050245861991302,0.5109527469981923,0.5935855851457088,-0.9858850762930372,-0.8396945090236281,-0.19062420788118412,-0.2569377609402497,-0.534223311856839,-0.12598919760369715
642086,Dominic Smith,413,0.0304337490734691,0.0302424862831077,0.0749775913679565,0.0982212685838865,92.41202038451708,848,419,85,417,431,142,277,306,71,7,414,83.43039215686275,0.3055248198809027,65.59299516908213,100.0,225,42,15,74.7,224.0,0.3294663573085847,0.6642685851318945,0.20286396181384247,0.18666666666666668,0.06666666666666667,0.23202614379084968,0.02287581699346405,0.3334821428571429,1122,550,106,533,589,186,364,402,84,12,542,83.0405472636816,0.29665532871972317,66.65977859778597,99.79,292,46,21,90.0,289.0,0.3157894736842105,0.6829268292682927,0.19272727272727272,0.15753424657534246,0.07191780821917808,0.208955223880597,0.029850746268656716,0.31141868512110726,-0.6312092398892055,-1.1190807315633682,-1.178781243111923,-1.2632451809035674,0.03985234748091962,-0.18050006688020803,0.820788330692239,0.5821556579487964,-0.4563042831131954,-0.9581944414358167,-1.1322950942038816,-0.8259993925029374,-0.527199891644326,-0.3408235954099797,-0.3213806510103476,-0.4972961581924879,-0.552955585753353,-0.8235473804036924,-0.6910777630954887,-0.8424745504507547,-0.14257582205325553,0.13312783656738214
686527,Dominic Canzone,513,0.0302726570370335,0.0299195896346047,0.0740949949650918,0.0896396560171834,118.72484322905548,1028,530,130,484,544,200,330,359,109,27,513,84.22367688022284,0.3761265937970871,71.20038986354777,105.9,269,59,20,98.65,268.0,0.36764705882352944,0.6818181818181818,0.24528301886792453,0.21933085501858737,0.07434944237918216,0.30362116991643456,0.07520891364902507,0.36809701492537317,1907,908,226,883,1017,353,552,618,171,42,904,84.05517799352751,0.3567054482071713,72.67024336283185,104.53,504,107,43,177.15,502.0,0.3470993117010816,0.6251415628539071,0.2488986784140969,0.2123015873015873,0.08531746031746032,0.2766990291262136,0.06796116504854369,0.35288844621513943,0.8827820672722088,0.3134703520271671,1.19425319960578,0.6432265578221764,0.4882414558819615,0.3930006635824822,1.4869607644105058,1.128446065495645,0.10643079389153207,-0.01466866424884713,1.1658504395880187,0.847574202546868,-0.2545187483578697,0.1347639513991966,0.41477391308136624,0.4775212832957268,1.600974145085599,1.0084708612058986,1.0664202614867135,0.6411485274369184,-0.5656710549353186,-0.36413368328583195
592885,Christian Yelich,1170,0.0302465533129229,0.027294505231556,0.0430015509792426,0.0514984129637461,277.86860428153204,2601,1188,318,1269,1332,342,846,777,212,42,1180,83.62612612612612,0.33015779118089955,70.94940677966102,104.6,641,167,58,224.45,637.0,0.25675675675675674,0.6666666666666666,0.2676767676767677,0.26053042121684866,0.0904836193447738,0.2728442728442728,0.05405405405405406,0.3523547880690738,2017,916,251,974,1042,254,662,600,142,28,853,81.84666666666666,0.30806676470588235,71.23118405627197,101.91000000000001,480,129,42,146.45,476.0,0.2437619961612284,0.6796714579055442,0.2740174672489083,0.26875,0.0875,0.23666666666666666,0.04666666666666667,0.3076680672268907,0.23195536672850794,-0.5330779635300519,0.6713812037527227,-0.4105616184355105,0.15048725242407476,-0.8553183769636079,-0.4478403123759078,-0.674571381948344,0.8162124302007856,0.9578184376621988,0.23686000708680666,-0.08754830076575189,0.31812400285464176,0.2122278053723745,0.8034025516608478,0.9134411817891549,0.19855087504682192,-0.47540554375050187,0.29784694100778675,-0.4723823606890848,-0.21341266665777098,-0.2461151080326588
664702,Myles Straw,476,0.030236095063627,0.0315226461133738,0.0911966274889193,0.1200535336425444,108.36286815119912,1104,519,71,615,489,134,385,407,70,9,486,80.26609336609336,0.2947099584288576,64.01131687242798,97.9,299,50,19,92.6,288.0,0.2740286298568507,0.6260162601626016,0.13680154142581888,0.16722408026755853,0.06354515050167224,0.171990171990172,0.022113022113022112,0.32152777777777775,1215,494,57,616,599,137,357,412,69,7,465,79.45800970873786,0.2973303685897436,65.2258064516129,97.59,316,41,27,95.65,312.0,0.2287145242070117,0.5795454545454546,0.11538461538461539,0.12974683544303797,0.08544303797468354,0.16747572815533981,0.01699029126213592,0.30657051282051284,-1.9007658605373592,-1.9962309939757545,-2.0234206210283903,-2.1481054815779657,-1.7487073861514955,-2.2054613106445204,-0.14648268191280686,-0.9371179202597008,-0.7912590426374694,-1.4369129319988896,-1.1657923217657191,-1.390750938360999,-0.6379903960802732,0.13922102009730797,-1.467850083878354,-1.8395266120469456,-0.8828970351582679,-0.8029531606711289,-1.5443166449282464,-1.7087003770460736,0.4419003530870892,1.088194621100711
606466,Ketel Marte,936,0.0301407819695609,0.0291064901662521,0.0486864545496864,0.0664567421649768,204.69418674811635,2095,950,190,1014,1081,268,682,699,235,54,938,85.52131616595136,0.3898304397705058,72.80618336886994,106.4,550,83,58,210.8,548.0,0.2479185938945421,0.6725838264299803,0.2,0.1509090909090909,0.10545454545454545,0.3361945636623748,0.07725321888412018,0.38467153284671535,2160,1050,192,1014,1146,363,687,787,242,43,1020,85.07801778907242,0.34481455008488965,73.43745098039216,106.1,593,86,43,193.15,589.0,0.31675392670157065,0.6775147928994083,0.18285714285714286,0.14502529510961215,0.07251264755480608,0.30749682337992373,0.054637865311308764,0.32792869269949065,1.5715985625633007,0.9647389568890948,1.3953578133954156,1.2746950451216297,1.221707392159502,0.9711414123654448,-0.6020475487519956,0.5989833218808027,-1.072331901208245,-1.1736972939933707,1.2556236662071623,0.2624973822696255,0.8494800388013131,-0.31971124276813867,-0.3710828062929725,-0.6685857071989725,2.019053176697831,0.645701520277365,1.4926681222046423,0.823754863384632,0.7237355737636315,0.23089710913585046
668709,JJ Bleday,576,0.0300238760057317,0.0294583403624637,0.0613426205227959,0.0833313521676196,140.20944555884404,1328,594,172,666,662,165,429,390,101,17,579,83.6451282051282,0.2763467700329799,69.59326424870466,102.51,342,91,34,104.55,342.0,0.24924471299093656,0.6441441441441441,0.2895622895622896,0.26608187134502925,0.09941520467836257,0.258974358974359,0.04358974358974359,0.3057017543859649,2065,953,237,1015,1048,241,710,650,173,32,942,83.05692307692307,0.34048035645472063,71.28375796178344,102.71000000000001,523,116,70,173.2,520.0,0.2299618320610687,0.6995073891625616,0.24868835257082897,0.22179732313575526,0.1338432122370937,0.26615384615384613,0.04923076923076923,0.33307692307692305,-0.06134613990538612,0.09047559643358558,-0.16923608188794997,-0.08879423637209458,0.1612278163232745,-0.1712439497731219,-0.5789095771906407,-0.9153550380767258,0.9118522079816381,0.1489228378048951,-0.22266770853923798,0.025051205712152934,0.6351285584029788,1.8570656308202327,1.183211249506611,0.47387121796611026,-1.4431239989429674,0.5134732772545109,-0.3470292225904534,0.07379237865100659,-0.22025633047365736,0.5374066532814883
663457,Lars Nootbaar,897,0.0298976061485965,0.0294054711656049,0.0529428854196615,0.0741392858913647,207.48965406299112,2359,929,181,1206,1153,254,675,688,211,40,901,84.37238372093023,0.31739130059859255,71.27069922308546,103.8,580,119,61,179.4,579.0,0.22029488291413704,0.5597014925373134,0.19483315392895587,0.20517241379310344,0.10517241379310345,0.3066860465116279,0.05813953488372093,0.30984455958549223,1299,488,84,666,633,128,360,365,115,20,480,85.6945205479452,0.34075516339869283,70.80541666666666,103.6,308,64,39,98.4,306.0,0.20221169036334913,0.5405405405405406,0.1721311475409836,0.2077922077922078,0.1266233766233766,0.3150684931506849,0.0547945205479452,0.3215686274509804,0.9475937835848169,1.1248540212166258,0.3496138216893068,0.2691719761734514,0.5722951704618853,1.3196078762182617,-1.084022841032664,-1.3995362787896721,-0.1374892884766285,-0.09235576297955826,0.4162690258935249,0.269376710179278,0.8394664724968864,1.6008154026271135,-0.4607499884820792,-0.8547282326292291,-0.19093117474347351,0.5218571295861166,0.41896812537721206,0.7009735426747467,0.6304321476220646,0.9868589192563932
608070,José Ramírez,1191,0.0297824362545107,0.0292252126178746,0.0456549034469789,0.0662854847326088,264.66345341562584,2666,1247,172,1278,1388,403,844,1005,261,37,1198,83.96855721393034,0.3417029585268907,69.08747913188648,102.42,651,74,44,240.7,650.0,0.2903458213256484,0.6604068857589984,0.13793103448275862,0.11367127496159754,0.06758832565284179,0.25970149253731345,0.03681592039800995,0.3703076923076923,2094,956,128,960,1130,328,626,767,210,17,921,83.90886571056062,0.3285527549019608,68.7486427795874,102.6,512,67,50,163.05,511.0,0.2902654867256637,0.6520833333333333,0.13389121338912133,0.130859375,0.09765625,0.2737940026075619,0.02216427640156454,0.3190802348336595,-0.04596973803736664,0.252038921181718,-0.20543491237008576,-0.1330372514058199,0.3440399147002079,0.31030042724140633,0.13821777462440785,0.13681610587920065,-1.7138609359705115,-1.4177462217622026,-0.5201320763987776,-1.1635415508037654,-0.4944878829283797,0.5726988076680163,-1.4482484819871098,-1.5183568941661796,0.550772608505857,0.14958418244805666,0.024655159279966987,-0.11693105426768087,0.6323509401012084,0.8429964544292995
670623,Isaac Paredes,726,0.0296892639005155,0.032014317685164,0.1185156485888763,0.1403381557119671,158.30387091475154,1943,795,115,970,972,208,587,631,164,19,727,83.67385103011092,0.31975013741267355,67.2270976616231,102.2,439,76,50,157.45,436.0,0.2139917695473251,0.6051546391752577,0.14465408805031446,0.17312072892938496,0.11389521640091116,0.25990491283676703,0.030110935023771792,0.36112385321100915,2800,1222,173,1313,1487,404,818,975,211,22,1127,83.01661538461538,0.32114265127388536,65.56326530612245,99.46000000000001,631,84,66,224.9,628.0,0.2716879623402825,0.623000761614623,0.14157119476268412,0.13312202852614896,0.1045958795562599,0.2164102564102564,0.022564102564102566,0.35812101910828026,-0.041668090538381525,-0.9614321482007249,-0.293920942437525,-1.3959742260047263,0.17746284708273607,-0.19402710654311023,-1.1939988290308858,-0.18732237616062536,-0.6896722221405932,-1.3787654734100832,-0.8145735135902847,-1.145983661658058,1.1490608010003676,0.8190038141128622,-1.3315743521949426,-1.3850759178097394,-0.11896741997892352,-0.07648439384660284,-0.21833342389247573,-0.7547803072506445,1.0910765510916973,0.9425418953733276
807799,Masataka Yoshida,317,0.0296346835422137,0.0318398820140904,0.1124808761563913,0.1409212127481764,55.75541356953984,715,318,47,393,322,88,230,260,85,11,317,85.51615384615386,0.31356705009352437,70.09652996845425,103.5,205,24,10,67.55,204.0,0.2732919254658385,0.5852417302798982,0.14779874213836477,0.11707317073170732,0.04878048780487805,0.3269230769230769,0.04230769230769231,0.33112745098039215,1071,456,63,515,556,156,300,375,105,8,455,84.69253333333333,0.31795048986486485,70.2701098901099,101.62,296,33,27,100.3,296.0,0.2805755395683453,0.5825242718446602,0.13815789473684212,0.11148648648648649,0.09121621621621621,0.28,0.021333333333333333,0.33885135135135136,1.3755381504456052,0.383274659373034,0.22895105341552655,-0.5272022944335016,1.2187894890370514,0.7532536523702832,-0.15933661433464652,-0.03225296368374379,-1.6552534464002946,-1.7515002337095096,-0.27896746177819026,-1.2000314247674526,-1.1620256217659812,0.3441257188942726,-1.2770009689050579,-1.4443114729385198,-0.30760199481126765,-0.1738713429718271,0.4473418472617451,-0.1529153500858928,0.48239135196850447,0.8930475973065114
691718,Pete Crow-Armstrong,1352,0.0292959153695614,0.0285829022503869,0.0451409871382449,0.0594939856861512,304.3430241489897,2312,1389,368,1072,1240,517,872,898,240,59,1372,82.54309576837416,0.32085593334473433,70.14876093294461,103.3,647,155,28,214.25,637.0,0.41693548387096774,0.8134328358208955,0.26493880489560834,0.23956723338485317,0.04327666151468315,0.267260579064588,0.06570155902004454,0.33634222919937207,2777,1389,340,1276,1501,517,872,934,281,59,1362,83.87237687366168,0.37669951008645536,72.5428046989721,104.64000000000001,696,182,72,279.2,694.0,0.34443704197201863,0.6833855799373041,0.24478041756659466,0.2614942528735632,0.10344827586206896,0.30085653104925053,0.06316916488222699,0.4023054755043228,0.11387923348615817,0.8243193577955034,0.14850920789967115,0.6874695728559018,-0.4616750673376698,0.289675805889307,2.346939464779335,1.0819950932962432,0.45506091491420153,0.8328172169390105,0.748346298325902,0.6371392295768414,-1.3573703384958429,0.7782724561920559,0.7558870259127399,0.40605160128125484,-0.08523162833813454,1.6184527629800607,0.0927656088071854,0.8114113458195229,-1.2288144360255298,-0.38564786383111316
672275,Patrick Bailey,831,0.0291245018970614,0.0286968376898021,0.0443457316481871,0.0601972041451163,192.46181312986965,1724,851,221,889,835,243,608,571,120,16,842,81.51278458844133,0.2641255001294123,69.34928741092637,101.3,453,133,30,123.5,447.0,0.29101796407185626,0.6839145106861643,0.2596944770857814,0.293598233995585,0.06622516556291391,0.21015761821366025,0.028021015761821366,0.27628635346756153,1307,646,159,623,684,214,432,432,105,15,634,83.3625,0.3018437883435583,70.04542586750789,101.78,331,87,27,89.2,326.0,0.3128654970760234,0.6934189406099518,0.24613003095975233,0.2628398791540785,0.08157099697885196,0.24305555555555555,0.034722222222222224,0.2736196319018405,-1.0936541807741458,-0.397974692204597,-0.6559092472588715,-0.4628488180208196,-1.0440388741041866,0.0014775965413432518,0.14994524298619544,0.5311384545993805,1.3859011048414918,0.8559995198460059,-0.906349825805256,-0.6120743351086589,-0.5428698825744811,0.0017924909948121744,0.6648751996037515,0.4294732454226047,-1.8159723727692685,-0.6652570596207732,-1.1031849001423457,-0.4273354616827012,-0.6858978575014799,-0.4537046822182947
695506,Jac Caglianone,430,0.0290995943423396,0.0304267905095706,0.0545194233696852,0.0867689000334068,81.48020128573962,858,440,110,378,480,185,255,295,84,19,431,83.67084745762712,0.3214546417370683,75.71160092807425,106.5,232,52,18,55.6,232.0,0.3854166666666667,0.6746031746031746,0.25,0.22413793103448276,0.07758620689655173,0.2847457627118644,0.06440677966101695,0.2396551724137931,1894,1031,283,846,1048,411,620,681,233,47,1027,85.77151248164465,0.3567917518939394,75.25929892891918,108.1,528,139,30,190.75,528.0,0.39217557251908397,0.7328605200945626,0.27449078564500484,0.26325757575757575,0.056818181818181816,0.342143906020558,0.06901615271659324,0.3612689393939394,0.483631400342863,1.6974069196664447,1.4355787361533405,2.0791135002801724,0.17576513483847764,1.3631261030149933,1.7970028127067754,1.9149314149147534,0.18924657559190322,0.8631955514081922,0.6914876067644308,0.8939027279443036,-0.13963778838040003,-0.8767475302340392,0.4966339880161932,0.921655308216124,-0.06696614101650135,1.0111038272986697,0.5438993474165221,1.4089306156409167,-0.655630291173818,-1.1441324511932771
807712,Luke Keaschall,302,0.0290895892459296,0.0319457297913864,0.1115417917539086,0.1537916039181879,80.05163290964248,774,325,54,394,380,76,249,254,55,8,305,81.86889763779529,0.32428984435071884,63.66524590163935,100.04,207,29,19,78.1,207.0,0.2,0.631979695431472,0.16615384615384615,0.14009661835748793,0.09178743961352658,0.21653543307086615,0.031496062992125984,0.37729468599033816,2216,944,149,1079,1136,259,684,750,155,14,874,80.97893333333333,0.3170909507640068,66.57768878718535,100.11,594,85,55,208.1,589.0,0.22799295774647887,0.633920296570899,0.15783898305084745,0.14309764309764308,0.09259259259259259,0.20666666666666667,0.018666666666666668,0.35331069609507637,-0.9587850875558945,-1.1674759332321878,-1.1626928740087497,-1.1345382280782035,-0.8427527431757413,-1.3457881467773716,-1.438125594688093,-0.9497077278334162,-1.258607999924778,-1.206906672769499,-0.7537472705885689,-1.3171349115044737,0.3643998821497249,0.3929767979764569,-0.958460328594562,-1.102759255731634,0.019530654513650797,-0.20009429349364624,-0.7396894641630607,-1.0330063026171765,1.0048984513392893,0.9130876135777516
642715,Willy Adames,1271,0.0289149604854392,0.0288971333159286,0.0420351638463494,0.0609613981931238,290.0369137483057,2797,1306,357,1356,1441,386,920,856,221,53,1275,83.96214953271028,0.32673662450922974,70.36447058823529,102.25,684,179,77,223.5,681.0,0.2678695350451076,0.6784660766961652,0.27335375191424194,0.26169590643274854,0.11257309941520467,0.25817757009345793,0.06191588785046729,0.32819383259911894,1979,952,258,951,1028,325,627,622,148,29,939,82.48086816720257,0.295789503968254,70.59872204472843,101.0,505,139,37,160.65,504.0,0.316147859922179,0.6593059936908517,0.2710084033613445,0.27524752475247527,0.07326732673267326,0.2379421221864952,0.04662379421221865,0.31875000000000003,-0.07819551484954858,-0.5061064171225653,-0.2738104810585626,-0.7765720155326516,0.34041809470976553,-0.4968480358641259,-0.2539458509337971,0.5884087392931803,0.8362912824793459,1.0697570859620056,0.5821030632269096,-0.08943099347856587,1.1021355249398423,-0.29292576981725266,0.9019228429385444,0.8612208763813886,0.09417739829802153,-0.849962094516962,0.1329385120653171,-0.5437839113029741,-0.09553318738606276,-0.7030781178634568
502671,Paul Goldschmidt,988,0.0283557650781132,0.0281593277508739,0.0360465310227596,0.0594884928725602,236.1072114026289,2092,999,183,1096,996,273,726,745,205,31,988,85.0076510067114,0.3294777932739198,71.3743927125506,103.1,529,100,31,173.35,527.0,0.2740963855421687,0.6624087591240876,0.1831831831831832,0.1890359168241966,0.05860113421550094,0.2751677852348993,0.04161073825503356,0.32893738140417456,1460,705,170,707,750,243,461,496,111,26,694,82.4366935483871,0.31389739782016346,69.90461095100865,100.9,368,85,27,124.9,367.0,0.324,0.652050919377652,0.24113475177304963,0.23097826086956522,0.07336956521739131,0.22379032258064516,0.05241935483870968,0.34032697547683927,0.2810897515015483,-0.8053688483753235,0.06806736238381575,-0.8167929382905765,0.9313679264091469,-0.5218168993268297,-0.1453004886058333,0.7254119649539582,-0.4154870996131294,0.30709103249409087,-0.30957336790137924,0.16507414038064447,-0.813466039752115,-0.2892970673867786,-0.6629274938684278,0.34278349257130536,0.17780539476341217,-0.29752369577634946,0.22975141343130878,-0.4552856482776869,0.1025622605838189,-0.41614588935153324
669257,Will Smith,729,0.0282836163601302,0.0297216648500032,0.0433406631547193,0.0770200250707765,177.99677617236958,1926,747,148,992,934,182,565,545,153,34,729,85.37541284403669,0.3779439704140818,67.65788751714678,103.2,437,89,63,170.3,435.0,0.1948608137044968,0.5695564516129032,0.19812583668005354,0.2036613272311213,0.14416475972540047,0.28073394495412846,0.062385321100917435,0.39149425287356326,1094,451,64,540,554,117,334,359,82,23,446,83.58551532033427,0.3848931730769231,68.19461883408071,102.0,260,41,31,87.25,260.0,0.2111913357400722,0.6185185185185185,0.1419068736141907,0.1576923076923077,0.11923076923076924,0.22841225626740946,0.06406685236768803,0.33557692307692305,0.39879509899877413,-0.7076306701426174,0.10828828514174631,-0.3743627879533804,1.139238313278256,0.12753276651978349,-1.527793518690665,-1.2428604719767167,-0.16352212307996658,-0.9554713817391061,0.6027176646336616,0.6765601050322202,2.2234034590887375,1.3384330669824267,-0.403607666052888,-1.3792504342708063,1.6564189492363197,1.8684262882996223,0.7810916622577515,0.31810514035112564,1.0795816917280643,1.229003838742264
605141,Mookie Betts,962,0.0282135319318044,0.030017353460226,0.0477850592815531,0.0791072500854109,192.6729600425244,2460,1013,146,1257,1203,260,753,835,210,29,963,84.697125748503,0.32985400523000874,66.55960539979232,100.8,662,68,59,216.15,661.0,0.21612635078969245,0.5990453460620525,0.1441263573543929,0.1027190332326284,0.0891238670694864,0.25149700598802394,0.03473053892215569,0.3270045385779123,1833,756,86,938,895,179,577,643,177,32,718,84.99533437013997,0.33986987975951904,67.533286908078,100.98,499,54,40,171.45,499.0,0.2,0.6151385927505331,0.11375661375661375,0.10821643286573146,0.08016032064128256,0.27527216174183516,0.049766718506998445,0.3435871743486974,-0.219466725014625,0.28329695963770496,-0.8570138610485071,-0.7846162000842355,0.7558494277365513,0.9244061817440414,-1.1567549040956508,-1.438125594688093,-1.902544962841898,-1.807836361099522,-0.611709117148526,0.04858677907238687,0.2698629551700508,-0.048275980470382895,-1.3407327679494148,-1.8677794991225394,0.18928292673419597,0.4948487607467523,-0.14861146974818215,0.19330449622332999,1.1674738975142536,1.266366368609943
661388,William Contreras,1172,0.0281417643828445,0.0270093902739571,0.0392046279669866,0.052303532601668,268.9536771536385,2556,1188,264,1271,1285,325,863,828,245,29,1173,84.9963768115942,0.3278699419415519,71.24254049445865,104.43,656,120,80,227.0,654.0,0.2529182879377432,0.6789929189614476,0.2222222222222222,0.18292682926829268,0.12195121951219512,0.29589371980676327,0.035024154589371984,0.3470948012232416,2207,1043,195,1049,1158,329,714,774,232,40,1000,85.19974160206719,0.33601091205211725,71.4898,104.1,614,90,53,212.05,614.0,0.28411053540587217,0.680648236415634,0.186960690316395,0.1465798045602606,0.08631921824104234,0.2997416020671835,0.05167958656330749,0.3453583061889251,0.7193727785872082,0.8007424017093231,0.6030056350642516,0.4702765899630871,0.9249954019577413,1.0399434835167969,-0.514813469323091,0.029425232023253672,-0.5207337942244182,-1.146916374596554,-0.5988153352516592,0.1325880987205085,1.4349887287316991,0.17031887401051599,0.014569102288878583,-0.5973713662662165,0.12875282008352354,0.37711878295344986,0.3554622600882131,0.564133871372633,0.6139917224975825,0.4712953457125082
664023,Ian Happ,1154,0.0280111542629597,0.027399057600596,0.0364515434638356,0.0538757632114112,265.5208726592724,2717,1181,257,1441,1276,265,916,835,220,44,1156,83.36071856287425,0.35413384038531037,69.94256055363323,104.3,661,151,85,226.1,660.0,0.20768025078369906,0.6356696738376127,0.21761219305673157,0.22844175491679275,0.12859304084720122,0.2634730538922156,0.05269461077844311,0.3425757575757576,2637,1144,315,1257,1377,326,816,747,175,39,1134,82.22329317269077,0.3162325617792422,70.17795414462081,102.74,612,183,76,204.45,607.0,0.23674655047204066,0.649164677804296,0.27534965034965037,0.29901960784313725,0.12418300653594772,0.23427041499330656,0.05220883534136546,0.33682042833607906,0.03378595750119856,-0.5837505367458851,0.5507184354789425,-0.07672795954472168,0.00047067307368708325,-0.6424374046425334,-1.3041214734138737,-0.7969760613530746,0.2633923843820391,1.479299942636105,0.17716167673859204,0.1558294276937195,1.6707237681112168,1.514200495413546,-0.0654348922941473,0.9365603347813299,0.9300158559514974,-0.22628215609755284,0.3384305197487835,-0.2746737258673947,0.6942219373592997,-0.02617093016270361
645277,Ozzie Albies,1243,0.0279494568212761,0.0281062105804808,0.0376337338363784,0.0619729329851518,273.43218857955515,2402,1300,248,1117,1279,429,870,960,194,25,1250,82.84927083333334,0.29927601399579123,66.8308,99.11,666,94,53,205.35,664.0,0.33541829554339325,0.7788719785138765,0.19076923076923077,0.14114114114114115,0.07957957957957958,0.20208333333333334,0.026041666666666668,0.3092620481927711,2455,1384,272,1082,1373,528,856,1020,193,20,1335,82.1243137254902,0.27877720274390244,67.03303370786517,99.6,661,97,45,203.95,656.0,0.38455935906773486,0.7911275415896488,0.19653179190751446,0.14674735249621784,0.0680786686838124,0.1892156862745098,0.0196078431372549,0.3108993902439024,-1.264397845270014,-1.5365048175687246,-1.5367474556574747,-1.3396649341436337,-0.28861543269579626,-0.6983836554316705,0.9246370558831899,1.7820446095579403,-1.2406130752458144,-1.1440298770161743,-0.9932705809973996,-1.2758042691267015,-0.06888794970965037,-0.47708436845771757,-0.5312766760115879,-0.43127125445314585,-0.7435951126604464,-1.3689759855931287,-0.9653252854562261,-1.2438667323727717,0.1945911864161405,-0.17095696163658441
681351,Logan O'Hoppe,897,0.027947058703099,0.0296071301773514,0.0413384668563059,0.0728215466026235,231.97407117103663,1758,917,276,855,903,286,631,566,164,38,899,84.45106007067139,0.3007894648854151,69.72124582869856,103.45,454,139,24,125.6,450.0,0.3167220376522702,0.7380116959064328,0.3009814612868048,0.30616740088105726,0.05286343612334802,0.28975265017667845,0.06713780918727916,0.2791111111111111,988,506,137,447,541,188,318,327,85,17,497,82.59694189602446,0.2670711538461539,68.93903420523138,102.44000000000001,274,68,16,70.55,273.0,0.34750462107208874,0.7114093959731543,0.2707509881422925,0.24817518248175183,0.058394160583941604,0.2599388379204893,0.05198776758409786,0.2584249084249084,0.5895100417496997,-0.04095069039720269,0.20884059203656413,-0.19739072781849623,0.6167654814030343,-0.4312395673753082,0.5984269254622316,1.1355178562008774,1.6024413420877544,0.6033577238141297,0.8114175117295782,0.1461215007507809,-1.017111458302087,-0.820812057467016,1.3813833911558553,0.8567536062077441,-0.6974225211446093,-1.7261059180711458,0.3058222211548534,-0.44991308058227436,-1.149840779251982,-0.8541103109224418
592450,Aaron Judge,1126,0.0279267490314888,0.0268810793662138,0.0325592669329125,0.048254361403463,295.41205763070104,2631,1149,372,1247,1384,312,837,709,258,96,1127,87.7314527503526,0.4574569339372516,74.74782608695652,109.52000000000001,642,160,87,298.9,641.0,0.2254335260115607,0.6712109061748196,0.3237597911227154,0.24922118380062305,0.13551401869158877,0.3638928067700987,0.13540197461212977,0.4663026521060842,1217,527,162,547,670,177,350,327,99,32,516,85.78960244648319,0.39627205035971225,74.20019379844962,106.64,280,85,38,106.7,280.0,0.26417910447761195,0.6398537477148081,0.30740037950664134,0.30357142857142855,0.1357142857142857,0.30275229357798167,0.09785932721712538,0.38107142857142856,2.1573222022918412,0.864408287770984,2.650250603442744,1.4918880280144386,2.470945078631829,1.373351111723848,-0.9943643946869267,-0.3183360537082158,0.62137812053669,1.5577182140607524,3.809156933145632,2.1605163414105477,1.9163667781230134,1.9234747613253103,1.776686178054519,1.4927794539688404,4.082212617296103,2.215574819044245,3.03397748696163,1.6211477175928124,0.1281667185546828,-0.20217171324901667
672695,Geraldo Perdomo,1130,0.0278208463941525,0.0292409378249543,0.0385583782855051,0.0705491536480653,236.628926234106,3007,1195,127,1633,1374,263,932,984,213,33,1157,81.77266260162602,0.3561775392515033,65.24693171996543,100.17,722,83,93,274.65,709.0,0.19141193595342068,0.5707287201469687,0.10627615062761506,0.1149584487534626,0.12880886426592797,0.21646341463414634,0.03353658536585366,0.38737658674188996,2768,1079,113,1388,1379,293,785,878,180,12,1054,81.57756264236903,0.327100117370892,63.473055028463,98.76000000000002,651,82,90,222.05,639.0,0.2124728063814358,0.5655619596541787,0.10472659870250231,0.1259600614439324,0.1382488479262673,0.20501138952164008,0.01366742596810934,0.34749608763693274,-0.9603080325571001,-1.202479415235495,-1.1104056744234463,-1.6775206853102116,-0.8971477678046098,-1.0074243106450969,-1.5879691360541082,-1.2205015214592267,-1.6916856461675103,-1.502151061752108,-0.6641401638154137,-1.5366706053189803,1.6783838871578436,2.0134327852941634,-1.9975979688473926,-2.024489413428881,0.9923653339405444,0.10526689418818924,-0.527927260932005,-1.0637656244643188,1.7389091595567137,1.6901436954835947
666397,Edouard Julien,348,0.0274931590959866,0.0294910535962287,0.0388549015914338,0.0821093244812532,83.6377573093109,876,353,87,435,441,88,265,237,58,15,349,81.75864978902953,0.3290830596567958,68.45644699140401,101.74,209,61,22,59.8,207.0,0.19954648526077098,0.6091954022988506,0.24645892351274787,0.291866028708134,0.10526315789473684,0.24472573839662448,0.06329113924050633,0.28888888888888886,1138,465,102,573,565,105,360,326,87,12,453,83.68067484662578,0.3383323007246377,69.39867549668874,100.9,276,71,39,81.95,276.0,0.18584070796460178,0.6282722513089005,0.21935483870967742,0.2572463768115942,0.14130434782608695,0.2668711656441718,0.03680981595092025,0.29692028985507246,-0.36265600542441456,0.10564446404326464,-0.47893718712399297,-0.8167929382905765,-0.9050682437211481,0.1813198796372358,-1.4460384670443291,-1.6851752732084528,1.3560588609345063,0.7596352711002088,0.6424955880694748,-0.52040014591333,0.8426872101971403,2.1218802054937664,0.4351809572577535,-0.03519243430232776,0.16576280112129863,0.4479400640803309,-0.18768060941575646,-0.12045773528861506,0.12437146476230243,0.7706531604760846
656775,Cedric Mullins,957,0.0273743765755045,0.028677669248209,0.0349013156969863,0.0643301125476408,223.559833902058,2112,1020,210,1066,1037,276,737,715,160,20,980,80.80153846153846,0.28155319234689474,68.31163265306122,101.1,498,120,50,153.15,494.0,0.266152362584378,0.6913696060037523,0.20588235294117646,0.24096385542168675,0.10040160642570281,0.22377622377622378,0.027972027972027972,0.31002024291497976,1883,942,186,863,1009,316,620,655,136,14,927,80.98,0.26316528723404253,67.38338727076591,100.2,485,93,42,139.0,473.0,0.313181367690783,0.7184241019698725,0.19745222929936307,0.19175257731958764,0.0865979381443299,0.20763358778625954,0.021374045801526718,0.2938689217758985,-0.8056669901386619,-1.1470288400611266,-0.7363510927747269,-1.0983393975960676,-1.4460572255289548,-1.3451852337228944,-0.28390687605614673,0.5366497283011511,0.47912176715325094,-0.3686847686750736,-0.908501066177386,-1.1982435852752842,0.6701384514766929,0.18021134838814634,-0.26899847755071804,-0.4152976747928026,-1.2842856696602274,-1.8452666948315903,-1.0361724088559914,-1.3268127502973925,0.1859805094825767,0.10688601588871786
702284,Cole Young,439,0.0273335624273202,0.0294473420087207,0.0390464099638731,0.0667583449639542,95.50446011560564,1034,460,93,537,497,117,343,324,62,10,444,81.425,0.29686225600425215,68.86621621621622,100.50999999999999,256,47,27,72.35,254.0,0.23541247484909456,0.638733705772812,0.20217391304347826,0.18359375,0.10546875,0.19135802469135801,0.030864197530864196,0.2848425196850394,2325,1124,190,1131,1194,368,756,834,200,23,1111,82.25371702637891,0.31370035130718954,69.4070207020702,101.64000000000001,617,104,38,190.05,612.0,0.3082077051926298,0.6684350132625995,0.16903914590747332,0.1685575364667747,0.06158833063209076,0.23980815347721823,0.027577937649880094,0.3105392156862745,-1.4912016461666113,-0.46664620171472004,-0.9736545370464983,-0.5191581098819121,-1.093657443809955,-0.6252408997463286,-0.8202528574631291,0.44986984423875187,-0.5092441565432388,-0.7682864045647335,-0.7814948888369883,-0.9258070727321982,0.849984194049279,-0.7074428829430487,-0.333355989149096,-0.9083878675377941,-0.8172344111177101,-0.30353522097055385,-1.0314485853955528,-0.5680775010091426,0.6282092993011857,0.12984038623018176
682626,Francisco Alvarez,497,0.0270438131542505,0.0298352224821225,0.0360380216235211,0.0734995378053273,141.6501380517674,1123,514,160,523,600,167,347,308,116,21,497,87.27597402597402,0.32647202180430995,72.11871227364185,105.33,277,73,27,98.8,277.0,0.2783333333333333,0.6634799235181644,0.311284046692607,0.26353790613718414,0.09747292418772563,0.37662337662337664,0.06818181818181818,0.35667870036101085,1677,762,243,755,922,293,469,455,131,36,753,84.44153846153847,0.31902294999999997,72.51819389110226,104.5,402,124,37,128.4,402.0,0.31778741865509763,0.6211920529801325,0.3188976377952756,0.30845771144278605,0.09203980099502487,0.2879120879120879,0.07912087912087912,0.3194029850746269,2.426530457894199,0.5505884096241457,0.9649939398855923,0.6311602809947978,2.213494388979445,0.6113835728600733,-0.07137471695722773,0.6170155691311532,0.8680250526361454,1.6418985628346279,0.8572639217715773,1.337639738368873,0.5661921108756761,0.37335682591631236,1.560177918784237,1.6923067360800041,0.08610485845413957,-0.14115256492880734,1.3096775133969907,0.5979238873838164,-0.4476590358968696,-0.8944660105323683
695657,Colson Montgomery,545,0.0270055614393155,0.0301802235907211,0.0398313180299084,0.0885074277060496,121.92149330238952,1082,549,167,551,531,162,387,349,100,25,545,83.17449856733525,0.34103837727722275,75.43724770642203,106.7,283,83,24,103.45,283.0,0.3050847457627119,0.7023593466424682,0.30418943533697634,0.29328621908127206,0.08480565371024736,0.28653295128939826,0.07163323782234957,0.365547703180212,2376,1221,418,1107,1267,410,810,697,191,41,1212,83.39655667144908,0.3027584400656814,74.55057755775577,104.1,612,215,50,192.4,609.0,0.32359905288082086,0.7317073170731707,0.34234234234234234,0.35130718954248363,0.08169934640522876,0.27403156384505023,0.058823529411764705,0.315927750410509,0.5214243605116071,0.25706253340646823,1.5160205816691958,0.4702765899630871,-0.1047866390960302,0.02072748261185584,0.3953808117882217,0.7184162863106165,1.380525745902803,2.3801047015653896,1.0088288995586503,0.44630582994713835,0.11659864031650478,0.006347936791254157,1.437055650336692,2.09917401354213,0.530497461964677,-0.6373527248092589,0.69439693292162,0.11140394222385812,-0.774090891927803,-1.2978367661567205
682622,Noelvi Marte,645,0.027000319847958,0.0313338134448204,0.0400460767025346,0.1121845870203997,149.98328470837455,1267,656,160,632,635,210,446,430,108,23,646,82.95581395348837,0.3043151826760522,71.24148606811146,103.31,361,85,16,121.55,356.0,0.33070866141732286,0.7056962025316456,0.24390243902439024,0.23545706371191136,0.0443213296398892,0.25116279069767444,0.053488372093023255,0.3414325842696629,761,396,102,339,422,174,222,244,48,7,393,81.98770491803279,0.236889898989899,69.70916030534352,102.43000000000002,201,52,10,49.35,198.0,0.41232227488151657,0.6548672566371682,0.25757575757575757,0.25870646766169153,0.04975124378109453,0.19672131147540983,0.028688524590163935,0.24924242424242424,-0.22653424173599596,-1.377786371275519,0.15253130017546593,-0.20141282009428527,-0.22839395956540093,-0.7755991867179722,0.842463908109599,2.2664487315603354,0.38425135973756414,0.7847895571369875,0.21201875832895317,-0.8770369715952591,-1.3202924242893856,-1.1275710366847516,0.3908148667589777,0.6281062295781878,-0.5898593828470288,-2.6468802632892996,-0.13604750512880132,-1.1757431225944672,-0.7344556397238816,-1.2017288887400657
691176,Jasson Domínguez,845,0.0267758739600741,0.0284046032462453,0.034402271723305,0.0633287356636479,194.4714479420402,1692,853,213,787,905,279,574,581,166,19,845,82.45456110154905,0.30635275442055493,72.71810650887575,104.4,429,115,40,139.9,428.0,0.3082872928176796,0.7293519695044473,0.24970691676436108,0.2680652680652681,0.09324009324009325,0.2857142857142857,0.03270223752151463,0.3268691588785047,829,420,93,373,456,157,263,298,78,9,414,82.06006711409397,0.2888475909090909,73.39903381642512,103.38000000000001,224,48,10,63.1,221.0,0.3442982456140351,0.7050938337801609,0.22142857142857142,0.21428571428571427,0.044642857142857144,0.26174496644295303,0.030201342281879196,0.2855203619909502,0.5041123678877256,-0.002757214808131823,0.590939358236873,0.18068594610601788,-0.5117176045898026,-0.7346978311033313,0.4512584798522834,1.079573390605607,0.9460219505164744,0.01951365919266579,-0.7007795544617703,-0.8106033866587682,0.4159582337811722,-1.308880599919124,0.4915477231023059,0.0007958198395267921,-0.5276968320248347,-1.0617470412348933,-0.1290284529903618,-0.48582390553982135,-0.36821747992247283,-0.6021908673892309
663538,Nico Hoerner,1095,0.0267126901358161,0.0280434698379992,0.0314155844957725,0.0569035162542766,248.72569941233837,2305,1124,114,1211,1094,356,768,961,191,13,1100,81.96618106139438,0.3220427247168734,66.65781818181819,98.8,650,49,38,218.65,645.0,0.32541133455210236,0.634186622625929,0.10142348754448399,0.07538461538461538,0.05846153846153846,0.1987513007284079,0.013527575442247659,0.3389922480620155,2356,1120,123,1178,1178,393,727,942,173,8,1102,81.22133757961784,0.32236,66.77186932849365,98.1,667,56,42,208.55,662.0,0.333616298811545,0.6171477079796265,0.10982142857142857,0.08395802098950525,0.06296851574212893,0.18365180467091294,0.008492569002123142,0.31503021148036253,-1.3348590025882143,-1.6541619906682217,-1.6614323162070497,-1.9429787755125407,-0.7877651374835055,-1.2087737550167983,0.750036765862781,0.8931960267565288,-2.3734593344728867,-2.2257576370885475,-1.5428119743941333,-1.7639182780998601,-0.8184206461616728,-0.6584566222691798,-2.081812713934531,-1.9360720246005754,-0.049024815407510795,-0.03934533248123212,-1.0751786492160826,-1.3218356263557305,0.721703659095741,0.6525442531658535
605137,Josh Bell,978,0.026629529588905,0.0270748515316023,0.0305286550837012,0.0481350046712888,211.75344692583303,2102,987,212,1006,1096,293,694,700,219,46,979,84.99985714285714,0.3591893103980398,71.55444330949949,105.52000000000001,535,88,56,175.8,528.0,0.26733576642335766,0.6898608349900597,0.21479229989868287,0.16448598130841122,0.10467289719626169,0.31285714285714283,0.06571428571428571,0.3329545454545455,2423,1188,243,1110,1312,393,794,866,217,42,1164,83.06939953810624,0.3346056157635468,70.2553264604811,101.85,611,122,49,200.8,610.0,0.2995426829268293,0.7153153153153153,0.20454545454545456,0.19967266775777415,0.08019639934533551,0.25057736720554274,0.04849884526558892,0.3291803278688525,1.0780914833325153,-0.23891395756347206,1.0414136931256588,-0.4346941720902734,0.9269625930380356,-0.16419186728472365,-0.26325898368633194,0.2986835448258964,-0.838430713092637,-0.23223831378083418,0.7489051759272558,-0.007090362418722324,0.8217373649693189,-0.046995456004020345,-0.11437226532207471,-0.29219946135577557,1.084248909312307,0.334245788569726,0.9759243709471545,-0.1021289141574931,0.5094498317675906,0.04468969357667325
686681,Michael Massey,534,0.0266072077390319,0.0299672256959793,0.036051708093333,0.0812978286144226,99.9361268303006,1013,547,89,521,492,185,362,428,91,9,536,81.50934579439253,0.2653198196338679,68.68134328358208,99.93,277,43,9,72.15,276.0,0.37601626016260165,0.6948176583493282,0.16270566727605118,0.1552346570397112,0.032490974729241874,0.21261682242990654,0.02102803738317757,0.2614130434782609,1564,830,149,753,811,315,515,606,154,20,815,83.67310231023103,0.30702604215456675,69.89104294478527,101.7,430,72,21,138.6,427.0,0.3884093711467324,0.6839309428950863,0.17951807228915662,0.16744186046511628,0.04883720930232558,0.25412541254125415,0.033003300330033,0.3245901639344262,-1.0416503753784931,-0.1638848656505905,-1.2069358890424693,-0.49502555622716066,-1.0459825870638757,0.1770396474048627,1.632985614743484,1.8492191719610596,-0.9978115193338085,-0.7875071491288232,-1.213438132361177,-0.6875587402351425,-1.7401816444399536,-1.160012432346991,-1.0183011830354585,-0.7265330593834746,-1.7795358904250473,-0.5071560667259504,-1.2575085748542125,-0.3353171162867962,-0.33926363920354263,-0.37379784894893814
663647,Ke'Bryan Hayes,922,0.026484112484647,0.0274910070023904,0.0306095390866815,0.0492843734683056,199.38730612864157,2154,950,170,1087,1062,287,660,711,194,19,927,83.88931082981716,0.2823192567710428,69.40485436893204,101.9,569,111,35,158.4,561.0,0.2702448210922787,0.6071757129714811,0.17894736842105263,0.19507908611599298,0.061511423550087874,0.27285513361462727,0.026722925457102673,0.2823529411764706,837,384,86,408,429,132,252,268,74,12,381,84.38022388059701,0.29322447826086956,69.28215223097114,102.83,235,48,13,49.8,230.0,0.3076923076923077,0.6176470588235294,0.22395833333333334,0.20425531914893616,0.05531914893617021,0.27611940298507465,0.04477611940298507,0.21652173913043476,0.23218503508391672,0.3012132304563397,-0.41458371071130523,-0.0405291290625859,0.29924740266744515,0.5767266716608761,-0.21250213659550318,0.44087724867349004,-0.3113760376717518,-0.1532888950563448,-0.9633539135985364,-0.17056942942259543,-0.7101725098164727,-0.9299519989555504,-0.7364372460020951,0.04469815764683611,-1.2609144588905177,-0.9282162916149054,-0.4214839290897995,-0.05227498959657417,0.1375357276132194,-0.3155596275548829
669477,Casey Schmitt,663,0.0264692433144104,0.0297162473785932,0.0287885607770361,0.0787576038052595,145.80800442715383,1330,686,166,656,674,213,473,478,124,21,666,83.60209205020921,0.32796138132408054,69.58858858858859,103.03,347,83,26,107.85,346.0,0.31602373887240354,0.7210365853658537,0.24198250728862974,0.23919308357348704,0.07492795389048991,0.2594142259414226,0.043933054393305436,0.3117052023121387,1449,780,156,722,723,264,516,584,168,38,771,83.75445205479451,0.3546256633906634,70.47691309987029,103.5,408,81,10,137.05,407.0,0.3651452282157676,0.7146814404432132,0.2,0.19852941176470587,0.024509803921568627,0.2876712328767123,0.06506849315068493,0.33673218673218674,-0.05204444954391317,0.545495144776319,0.039912716453269506,0.22895105341552655,0.1369024479342282,0.2230210439442676,0.5862430896711531,1.4433091153157092,0.4486151027408816,-0.2519342034311142,-0.2075916239898951,0.7205459655873216,-0.23398591150168058,-2.0234535844310617,0.3574957265380472,-0.3710828062929725,0.13154246676905615,0.9450204675183134,0.009744311524549113,0.5326067350483497,-0.40658495761294067,-0.710936422505671
521692,Salvador Perez,1277,0.0263969954360529,0.0277296176990163,0.0288766531449751,0.0584149046582775,264.3482085905689,2267,1301,322,1048,1219,515,786,894,260,70,1278,84.00604026845637,0.3572396433617029,71.30946791862284,105.3,636,125,23,201.45,636.0,0.4224774405250205,0.75,0.24750192159877019,0.19654088050314467,0.036163522012578615,0.29082774049217003,0.07829977628635347,0.3167452830188679,2238,1260,300,934,1304,585,675,890,220,45,1246,82.63842696629213,0.3099293071786311,70.15152487961477,102.3,604,116,20,173.85,601.0,0.4486196319018405,0.7226980728051392,0.23809523809523808,0.19205298013245034,0.033112582781456956,0.24719101123595505,0.05056179775280899,0.28926788685524124,0.6122445455295092,-0.3105238692899768,0.9529276630582137,-0.25370001967960015,0.36522649866452245,-0.40779092009708373,2.443634879093459,2.8997607898603994,-0.28619240328426176,-0.363509461754619,1.3015819865341463,0.08350173604113273,-1.6098336518046275,-1.7181192023361247,0.45328149637123116,0.2900347512759153,1.0247681687888726,-0.41858281275557724,0.851349772515053,-0.26141917715622104,-1.055139405996264,-1.136101320429455
547180,Bryce Harper,1147,0.0260737227514537,0.0260626894038798,0.0272647634356286,0.0490770469667577,306.0254539769398,2172,1178,341,933,1239,441,737,759,214,47,1151,84.14242424242424,0.36761485377763153,72.31094700260643,104.92000000000002,574,121,64,209.6,574.0,0.3559322033898305,0.789924973204716,0.2894736842105263,0.21080139372822299,0.11149825783972125,0.28194993412384717,0.061923583662714096,0.3651567944250871,2629,1307,374,1119,1510,493,814,840,212,44,1289,83.57083333333334,0.3809086671686747,72.38463925523662,103.0,664,144,101,254.1,664.0,0.3264900662251656,0.7274352100089365,0.2861514919663351,0.21686746987951808,0.15210843373493976,0.2523809523809524,0.05238095238095238,0.38268072289156624,0.4245091343470853,-0.20077426511464744,0.8000881565780982,0.027846439625890906,0.4423149470952683,0.11923405249310111,1.2825613310509543,0.7688583504712309,-0.04051383563145466,0.06399186318885171,0.5824410156446751,0.16338774224215047,1.063986678660602,2.5053445428675407,1.181673562470798,1.1240191223866303,1.3412966770542414,1.74686637184953,0.7181299861438737,0.37131206821920504,-0.33993359480742386,0.13711880170520696
592663,J.T. Realmuto,1036,0.0256678524593418,0.0282012436986265,0.0283438604138045,0.0556531916547322,223.8282876600219,2196,1068,228,1075,1121,362,706,753,206,33,1036,83.55909694555113,0.316175888977057,70.37905405405405,103.18,549,129,34,171.7,549.0,0.32292595896520965,0.6567441860465116,0.21348314606741572,0.23497267759562843,0.061930783242258654,0.2735723771580345,0.043824701195219126,0.3127504553734062,1768,824,182,848,920,276,548,566,142,17,783,83.96501766784452,0.3196161036036036,71.38659003831417,102.0,447,96,35,128.2,444.0,0.3,0.6462264150943396,0.220873786407767,0.21476510067114093,0.07829977628635347,0.2508833922261484,0.030035335689045935,0.28873873873873873,0.2473522966745674,-0.23244256917179565,0.10024410059016249,-0.3743627879533804,0.1126002824247419,0.34203925356703735,0.7066722220558472,0.3066627598619479,0.37590640851729396,0.027772475594642215,-0.21234982547552536,-0.8178933682245586,-0.695288373589106,-0.11431140579338968,-0.13709176063656853,-0.00883210575613624,-0.2280111386256908,-0.1230565439524387,0.003967143117651123,-0.24114320314702722,-0.4101938108814197,-0.1099786338734609
676609,José Caballero,630,0.0255933793932317,0.0297164820309991,0.0283146131131401,0.0746349356516669,158.96205291681957,1501,675,163,723,778,221,454,464,76,13,649,79.36573275862068,0.29557760992608456,65.2748844375963,98.67,368,98,44,118.0,363.0,0.28406169665809766,0.627939142461964,0.2414814814814815,0.266304347826087,0.11956521739130435,0.16379310344827586,0.028017241379310345,0.325068870523416,1774,899,221,817,950,350,546,584,87,13,877,77.91198630136986,0.2816916244239631,64.81128848346636,98.57000000000001,440,104,26,131.15,434.0,0.3684210526315789,0.6682986536107711,0.24582869855394884,0.23636363636363636,0.05909090909090909,0.14897260273972604,0.02226027397260274,0.3021889400921659,-2.0741059818869645,-2.3875091672027335,-1.713719515792353,-1.753940438550278,-2.257619102381333,-3.079321649541038,0.02857309923957605,1.5004653182382919,0.9156850085505951,0.3998696945782292,-0.9065155733123759,-1.1593259319461935,1.3503034781719925,-0.79608269055949,0.3488007563931503,0.42424382163889923,-0.8564265904056658,-1.2800623626530503,-1.5616773527557384,-1.9320319099786585,0.014311153497167772,-0.7801653812537275
592518,Manny Machado,1311,0.0251719632405747,0.0261446003570152,0.0234654070166622,0.0474520145747539,317.3107095307088,2647,1324,321,1327,1320,394,930,910,277,63,1313,85.41373626373627,0.35432208912107976,72.82063975628333,104.91000000000001,674,131,50,234.05,673.0,0.29848484848484846,0.7008289374529013,0.24244712990936557,0.1943620178041543,0.07418397626112759,0.30439560439560437,0.06923076923076923,0.34777117384843986,2581,1229,282,1208,1373,416,813,847,220,42,1178,83.57142857142857,0.3299157264296754,72.73081494057725,103.67999999999999,651,138,72,208.4,647.0,0.3029861616897305,0.6730132450331126,0.22945484133441824,0.2119815668202765,0.11059907834101383,0.2597402597402597,0.049586776859504134,0.32210200927357036,0.8991587226472972,-0.04514994354269524,0.7960660643023034,0.30134871437979244,1.1608998976803717,0.11957049951010122,0.28022657267179557,0.35876496127240104,-0.3237296123980763,-0.020181942223284666,0.9033273562398114,0.040684856198341446,-0.26039155942702413,1.0320725238157769,0.36555894355861535,0.1400864036987574,0.9357589772114235,0.19116592654582887,0.9390422036162415,0.12152401061827374,-0.1456118658148397,0.13835077526697576
673962,Josh Jung,971,0.0251612599932759,0.0278548683560231,0.0244693163113232,0.0580937195910434,212.1140554827725,1931,987,226,951,980,325,662,681,182,29,971,83.04478707782673,0.30394314164558,69.10154479917611,102.0,511,129,27,158.55,508.0,0.33163265306122447,0.6961093585699264,0.22897669706180346,0.25244618395303325,0.05283757338551859,0.26725403817914833,0.042584434654919234,0.31210629921259847,1577,746,130,756,821,240,506,564,164,22,722,83.83900709219857,0.3465288283062645,69.02313019390581,101.67,431,78,34,154.65,431.0,0.292326431181486,0.6693121693121693,0.1742627345844504,0.18097447795823665,0.07888631090487239,0.2907801418439716,0.03900709219858156,0.3588167053364269,0.11374091600472556,0.6112379960035877,-0.3743627879533804,-0.5070918330545392,-0.17810359253961383,0.2708141713246026,0.8585856067094098,0.17277522473813248,0.6769380716842316,-0.5543686898161239,-0.26681465160766765,-0.4239093796912381,-1.0180293922863317,-0.09349380856817313,0.13178852738974575,-0.8177359551062698,-0.6012096675803458,0.6980009827856665,-0.2613499567352564,0.1298103874736159,-0.6713353995174297,0.27645890290402203
671289,Tyler Freeman,712,0.0251382645470042,0.0281521431215094,0.0244211246392295,0.0584664268327782,172.4135558867713,1646,759,87,848,798,206,553,614,153,7,730,82.8827361563518,0.32525217165695497,68.27698630136986,101.37,428,51,34,139.7,425.0,0.2581453634085213,0.652122641509434,0.11462450592885376,0.1191588785046729,0.0794392523364486,0.249185667752443,0.011400651465798045,0.3287058823529411,1024,518,57,500,524,158,360,412,91,3,494,80.30631067961164,0.3090944464285714,66.08582995951417,99.9,288,34,11,86.0,280.0,0.3015267175572519,0.72,0.11003861003861004,0.11805555555555555,0.03819444444444445,0.220873786407767,0.007281553398058253,0.30714285714285716,-0.26834366781287383,-0.8670436692632149,-0.6277546013283195,-1.2190021658698478,-0.2696997950833101,-1.7259753142739904,-0.42361206522541284,0.3333007500077503,-1.6193211001995012,-1.6383290277207165,-1.636213304519191,-1.8170985842482117,-0.07386851852006855,-1.5377510775671501,-1.852717806852497,-1.9323029844708541,0.04888948334649136,-0.4440528723719096,-0.5506243770794407,-1.2146345212054348,0.9554456134393357,0.4248950461541676
702332,Caleb Durbin,777,0.0248166809399191,0.0299740263263897,0.0204668553932319,0.0783679737243808,157.8785662841387,1838,817,96,993,845,207,610,656,127,16,796,80.04466463414634,0.31196772662158007,64.64949748743719,99.2,507,50,30,167.25,503.0,0.24497041420118343,0.6143001007049346,0.1175030599755202,0.09861932938856016,0.05917159763313609,0.19359756097560976,0.024390243902439025,0.33250497017892644,2072,954,141,1034,1038,289,665,745,125,12,940,78.64241610738254,0.2946458363309352,66.25872340425532,98.36,568,77,48,186.55,557.0,0.27842003853564545,0.6431334622823984,0.14779874213836477,0.13556338028169015,0.08450704225352113,0.16778523489932887,0.016107382550335572,0.33491921005386,-1.4438430704398255,-1.9896859789758954,-1.5005486251753388,-1.8384043763419282,-1.8738657672073564,-2.666460088208658,-0.6534870447129267,-0.0698618946844966,-1.973174213859325,-1.336706131437506,-1.0657908424103795,-1.4295228215943663,-0.7932188500976717,0.1060001643925106,-1.8027624130601154,-1.2770009689050579,-0.3563944002193665,-0.8848532819415679,-1.2480885410904534,-1.7617853094124833,0.9090512053836739,0.6973922898548928
810938,Ben Williamson,568,0.0247214262010833,0.0299362098081505,0.0270915940197108,0.0837958297450806,141.72705401294292,1216,585,117,652,564,189,396,423,104,7,571,82.94420803782506,0.26882469901878053,67.69877408056043,101.86000000000001,295,64,15,82.95,291.0,0.3351063829787234,0.6073619631901841,0.2,0.21694915254237288,0.05084745762711865,0.2458628841607565,0.016548463356973995,0.28505154639175256,1057,455,72,506,547,172,282,352,82,3,429,82.48380681818182,0.2879244237918216,67.11025641025641,101.4,274,51,20,79.6,269.0,0.31444241316270566,0.5573122529644269,0.15824175824175823,0.18613138686131386,0.072992700729927,0.23295454545454544,0.008522727272727272,0.29591078066914495,-0.3386092399570568,-0.6115767022053163,-0.43067207981447286,-0.6156883245009409,-0.23495398274901522,-0.4951870192660692,0.9191948417784522,0.5586523028408388,0.06539908320229017,-0.46552602526208847,-1.4101532839480648,-1.7625939136092217,-1.0886636344637868,-0.30267294130932804,-0.3710828062929725,-1.0957693597819465,-1.672608493400576,-1.0899111650256048,-0.8173994159738373,-0.9149914249214305,-0.42554368828788913,0.17499253522346703
571448,Nolan Arenado,771,0.0246589673143901,0.0296289899612111,0.0150621261037817,0.0812469774771468,182.84483362147253,1586,778,129,773,813,276,502,606,163,14,771,83.2049504950495,0.28927285141546044,69.38469520103762,101.7,433,49,24,129.1,429.0,0.33948339483394835,0.6494178525226391,0.16580976863753213,0.11316397228637413,0.05542725173210162,0.26897689768976896,0.0231023102310231,0.3009324009324009,2295,1066,234,1055,1237,396,669,767,180,25,1031,82.3586701434159,0.29296767605633806,69.09127061105723,101.4,570,115,48,195.35,569.0,0.32012934518997577,0.6341232227488152,0.21951219512195122,0.20175438596491227,0.08421052631578947,0.23468057366362452,0.03259452411994785,0.34332161687170476,0.15017353519205018,-0.5750770758223703,-0.49502555622716066,-0.6156883245009409,-0.08757426589028904,-0.5659181456501694,0.9955644349056916,0.6578772305838242,-1.722600691170636,-0.1963746993853113,-1.1223489137636862,-0.705509660046186,-0.9261151572865922,0.09547606373815874,-0.9644315653835591,-0.03246161826988357,-1.0487731285806816,-0.9360508525983454,-0.5207096658539534,-0.6796488117236025,0.19133816609047782,-0.08339121229761765
647304,Josh Naylor,1031,0.0246227166920569,0.0284878614790579,0.0241795823896107,0.0596763628382625,248.23482951026904,2013,1085,224,955,1058,392,693,790,226,31,1038,83.5507594936709,0.33151698607592583,68.60992292870907,102.9,601,83,44,217.75,599.0,0.3705103969754253,0.7256544502617801,0.2064516129032258,0.13810316139767054,0.07321131447587355,0.28607594936708863,0.039240506329113925,0.36352253756260433,2054,1065,170,919,1134,434,631,839,219,23,1039,82.36543504171634,0.31232942463533225,67.92906641000963,101.5,623,77,39,193.3,618.0,0.38271604938271603,0.6866158868335147,0.1596244131455399,0.12359550561797752,0.06260032102728733,0.26102502979737785,0.027413587604290822,0.31278317152103563,0.5117603241228337,-0.017981426350367192,-0.012374483132033936,-0.575467401743016,0.10788769625633382,-0.5620944154962516,1.5369199550361736,1.7498827568354387,-1.2929510591706534,-1.5428873718194132,-0.4136592764891019,-0.9330243090011577,-0.29491378649165845,-0.6715247840315341,-0.25911934896275773,-1.071774302167041,0.24001740105617092,-0.3453596618241087,0.08672633236284052,-0.4867854428829802,-0.06994083334860524,0.04831353327987031
677951,Bobby Witt Jr.,1229,0.0245679430255495,0.027318783786636,0.0250066402107942,0.0536261995206585,282.8271577072013,2511,1283,279,1254,1257,385,898,923,266,63,1229,85.65362946912244,0.3651820712705632,72.68421480878763,105.8,679,125,41,251.25,676.0,0.30628480509148764,0.7161084529505582,0.21745908028059235,0.18409425625920472,0.060382916053019146,0.28819068255687974,0.06825568797399784,0.3716715976331361,2242,1081,241,997,1245,418,663,760,233,49,1047,84.78197368421053,0.3758657372881356,72.2228271251194,105.1,595,105,54,210.2,590.0,0.3357429718875502,0.6649949849548646,0.22294172062904719,0.17647058823529413,0.0907563025210084,0.30657894736842106,0.06447368421052632,0.35627118644067796,0.5564797388583403,0.9453290009512418,1.1540322768478495,0.8724858175423583,1.2964949713116403,0.803808110314507,0.4163193072043926,0.9303019709260191,-0.5006214892575734,-0.6319612111044058,0.8605078256073687,0.6944256402742248,-0.750226095398406,0.3278022185195228,-0.0680920628397333,0.02705551931049298,1.2670769757637297,1.5930158947620225,1.0269183576777858,0.981812892768871,-0.14945796262637295,0.0006014848468541417
694497,Evan Carter,351,0.0244304681594747,0.0321608709280289,0.0165953409718308,0.1268732044487545,73.87701948090611,822,364,86,435,387,78,286,255,63,9,351,81.39647058823529,0.3080596816651003,67.96581196581197,101.28,219,41,18,72.55,219.0,0.20155038759689922,0.6574712643678161,0.23626373626373626,0.1872146118721461,0.0821917808219178,0.24705882352941178,0.03529411764705882,0.33127853881278535,1790,745,197,903,887,189,556,488,108,14,682,79.59323770491804,0.2778205427251732,66.95703812316715,101.26,442,112,46,123.15,433.0,0.21307779030439683,0.6157253599114064,0.2644295302013423,0.25339366515837103,0.10407239819004525,0.22131147540983606,0.028688524590163935,0.28441108545034643,-0.3133191897116646,-0.857788035454096,-0.6639534318104553,-0.6719976163620391,-1.1097831514249965,-2.1290262566814735,-1.4110746124470073,-1.209945832424503,-0.4468643428312655,0.6932611746280992,-0.5869602294971655,-0.8770369715952591,0.02382567983113299,0.800424136302402,0.25825025331587276,0.7470489018101139,-0.4756216342434028,-1.3981619159508005,-0.629927527337537,-1.1868021592087337,0.40587859544838323,0.14251497307217295
670764,Taylor Walls,546,0.0240270208504169,0.0291624865680966,0.0135550633108868,0.0742641677360132,117.00000686701748,1278,586,100,722,552,117,466,413,69,7,569,80.1041162227603,0.2609051837033747,64.90070298769771,98.5,318,70,26,89.4,313.0,0.21195652173913043,0.6454293628808865,0.17064846416382254,0.22012578616352202,0.08176100628930817,0.16707021791767554,0.01694915254237288,0.2856230031948882,1648,713,148,791,850,216,493,501,74,5,691,78.67864271457086,0.24956794334975368,62.943125904486244,97.0,421,101,44,118.6,406.0,0.2541176470588235,0.6232616940581542,0.20757363253856942,0.23990498812351543,0.10451306413301663,0.14770459081836326,0.00998003992015968,0.2921182266009852,-2.0048061563580095,-2.4143233068184218,-1.7820950844808299,-2.385408925849737,-1.840261887003129,-2.645983687215129,-1.2295095957745015,-0.4938871910492478,0.12012578102051581,0.46087971674151357,-1.3925574961825549,-1.6985977665041112,0.008536402043245678,0.8160644852639227,-0.8804592179693429,-0.23964744334011176,-1.91421827946541,-2.2600965443985452,-1.7867877806979862,-2.280882046157189,0.4995948586916435,0.27217985072794215
620443,Luis Torrens,522,0.0239906015841356,0.0296647560577413,0.0210932641444839,0.0694078059086046,108.40979223789404,1069,527,101,587,482,125,402,386,114,22,523,84.03341968911917,0.3381978021637383,69.15181644359465,102.6,283,56,19,81.8,282.0,0.25933609958506226,0.6848381601362862,0.19165085388994307,0.1978798586572438,0.06713780918727916,0.29533678756476683,0.05699481865284974,0.2900709219858156,1050,506,96,494,556,183,323,371,87,11,501,83.588948787062,0.29444067924528305,68.39381237524951,100.6,270,56,17,84.1,265.0,0.329136690647482,0.6538461538461539,0.18972332015810275,0.2074074074074074,0.06296296296296296,0.23450134770889489,0.029649595687331536,0.3173584905660377,0.7075955558010683,-0.5788670952156506,-0.1330372514058199,-0.9374557065643625,0.3807021956721855,0.12947346831251383,-0.40283623908371147,0.8150363451804855,-0.26312463357461513,-0.09898506207124598,0.36600017765872106,-0.8348326804150713,-0.5104778518531354,-0.6586537044472952,-0.5159766922497214,-0.5494277600640268,0.44383676138682865,-0.8911122457291217,0.3530194878225967,-0.6225588519223384,0.16786492826372812,-0.206319306873127
663886,Tyler Stephenson,589,0.023916284659514,0.030616867977606,0.0153725642456622,0.0973789566570086,140.26095442996154,1389,605,164,691,691,174,429,385,105,27,590,83.95038961038962,0.3109522470899016,67.95237288135594,102.16,340,116,35,111.3,338.0,0.25180897250361794,0.6208393632416788,0.27107438016528923,0.3411764705882353,0.10294117647058823,0.2727272727272727,0.07012987012987013,0.32928994082840235,1846,825,203,930,916,204,621,554,133,34,799,83.60541516245488,0.3275450890868597,68.7538172715895,101.3,455,123,47,148.85,449.0,0.22270742358078602,0.667741935483871,0.24606060606060606,0.2703296703296703,0.10329670329670329,0.24007220216606498,0.061371841155234655,0.3315144766146993,0.22948121217251521,-0.46106246997782385,-0.3100093115406984,-0.6559092472588715,0.33377102219096894,0.13878077395397034,-0.5341686758329344,-1.0419291124321888,2.205573779522841,0.985032825940634,0.9428103000697258,0.558211901367099,0.7602742161023998,0.7728927624509717,0.862365859997742,0.4282684224039559,-0.3873748052859205,0.1188421594434653,0.16173568352131823,-0.060227376494432126,-0.44337418689631225,0.10038015663464264
680779,Henry Davis,573,0.0238816557187595,0.0289977524234301,0.0165295520583257,0.0720422890188083,134.5801059031378,1069,591,154,537,532,184,407,384,96,21,579,82.59713541666666,0.29346848419802013,71.35181347150258,104.25,283,76,18,68.55,280.0,0.3458646616541353,0.7579143389199255,0.26057529610829105,0.26855123674911663,0.0636042402826855,0.25,0.0546875,0.24482142857142855,1093,579,132,525,568,182,397,374,115,17,570,84.47727272727273,0.2920670383275261,70.10912280701754,104.64,292,60,28,80.1,288.0,0.3204225352112676,0.7561904761904762,0.22797927461139897,0.2054794520547945,0.0958904109589041,0.3074866310160428,0.045454545454545456,0.27812499999999996,-0.2511233103291025,0.9645234230573435,0.5306079740999801,0.687469572855896,-0.43113018351140964,0.631581687206817,1.1069040352570796,0.6629927759320272,0.954394166038288,-0.13219966676692632,0.2646770304354443,-0.14077715837348878,-0.6358931502870638,0.5100247134859499,0.6801612287753234,0.11447892316500621,-0.9207721211163883,-0.9635276463557697,-0.1615481220842952,0.2358539756781596,-0.8443381450894387,-0.0338118297110393
669364,Xavier Edwards,1036,0.0236886975832569,0.0286693508638371,0.0194058612789409,0.0675229136087905,232.9642732554554,2250,1102,117,1176,1074,289,813,897,147,4,1068,79.15295429208473,0.29463179880154633,63.611048689138585,97.88,618,88,47,196.1,611.0,0.26908752327746743,0.6913265306122449,0.10617059891107078,0.1423948220064725,0.07605177993527508,0.16387959866220736,0.004459308807134894,0.320949263502455,2301,1007,163,1084,1217,297,710,762,132,14,978,80.62165354330708,0.3107782935153584,65.69672801635991,98.5,590,82,64,195.35,586.0,0.24404272801972063,0.6549815498154982,0.1618669314796425,0.13898305084745763,0.10847457627118644,0.1732283464566929,0.01837270341207349,0.3333617747440273,-2.0722769022833947,-1.874582681614096,-2.0314648055799798,-1.7820950844808299,-2.3778880853675197,-1.547733755689426,-0.2326945340957924,-0.6696732051738596,-1.2190147979308938,-1.2777924196248933,-1.9410340900063954,-1.3300439572865075,-0.19409848250282205,0.956668571521392,-1.999429748789665,-1.0328568857661,-0.8852815410379207,-0.39268180757794663,-1.861589084855042,-1.3854274573297611,0.8142601495783823,0.9842477705215612
605170,Victor Caratini,652,0.0236331172599444,0.0298901182264716,0.0149066065208582,0.0785059070402965,147.0361201255721,1417,661,124,735,682,160,501,492,135,22,654,83.73739837398375,0.32914351899497196,70.60168195718654,102.89000000000001,386,65,23,125.2,385.0,0.23460410557184752,0.6816326530612244,0.1875945537065053,0.16839378238341968,0.05958549222797927,0.27439024390243905,0.044715447154471545,0.3251948051948052,1431,598,126,697,734,190,408,429,113,16,593,84.45734265734265,0.30901875668449197,69.19426644182124,100.92,375,77,33,108.75,374.0,0.25885558583106266,0.5853658536585366,0.21070234113712374,0.20533333333333334,0.088,0.2634032634032634,0.037296037296037296,0.2907754010695187,0.26464739674580523,0.032310126018006015,-0.01639657540782299,-0.8087487537389927,0.21338177508087083,0.6203165940779982,-0.8343571904742957,-0.41122018710550773,-0.7711075420659571,-0.13471698417544073,-0.17323377886601132,-0.49904831534864086,-0.7785286839981892,0.22997407010077534,-0.5863710880882876,-0.18535078343081013,0.1676073038693328,-0.44636202667567926,0.09120122428443492,-0.22030647513346172,0.3533267841575878,0.24031550620313347
606192,Teoscar Hernández,1046,0.0235471598021024,0.0286348402604402,0.0159440678348521,0.0630529446724191,220.19923661852923,2139,1078,318,1131,1008,303,775,698,190,44,1046,83.35859598853868,0.3238014264580975,71.02265774378584,103.9,545,133,26,175.45,545.0,0.3005952380952381,0.6852343059239611,0.2949907235621521,0.24403669724770644,0.047706422018348627,0.2722063037249284,0.06303724928366762,0.3219266055045871,1863,884,264,871,992,301,583,562,149,31,869,84.02651245551601,0.3330337017167382,70.78757192174913,103.89000000000001,467,127,40,157.45,466.0,0.3034274193548387,0.669345579793341,0.2986425339366516,0.27194860813704497,0.08565310492505353,0.26512455516014233,0.05516014234875445,0.3378755364806867,0.21846448959368223,0.06870959254563938,0.38983474444723737,0.38581265217144833,-0.0007290717163186909,0.3767980131943995,0.31704840482950764,0.36646397362676775,0.5320603512367846,1.0129237100453747,0.6313463133719779,0.2854325555674649,-1.2001469333329196,0.14667682752121516,1.2774181164762028,1.3407928603079156,0.004629926647525222,0.28628959410124233,0.24870928046882082,0.2806084815160389,-0.8316684514688537,-0.6433759291147106
686217,Sal Frelick,973,0.0233779491487627,0.0303861265974321,0.0026146710819738,0.0896574582010258,209.1362097654219,2311,1019,108,1220,1091,287,732,824,154,14,987,80.22087378640776,0.2991080062503997,65.48135764944276,99.1,594,80,47,203.9,588.0,0.26306141154903756,0.6,0.10598626104023552,0.13468013468013468,0.07912457912457913,0.18689320388349515,0.01699029126213592,0.3467687074829932,1412,606,52,724,678,165,434,505,96,7,568,80.33742574257425,0.2793446814404432,65.75598591549296,99.18,371,38,28,109.55,367.0,0.24336283185840707,0.5994475138121547,0.0858085808580858,0.10242587601078167,0.07547169811320754,0.1900990099009901,0.013861386138613862,0.29850136239782016,-1.585617421353013,-1.51782552706109,-1.5407695479332695,-1.5085928097269228,-1.7742668938798314,-1.7083881164762644,-0.33783742976561104,-0.6815359542194914,-1.3519225904001602,-1.9075954435099938,-1.390750938360999,-1.5281530757236603,-0.08503706676161202,-0.2146870536599092,-2.002628810116684,-2.3527990494016944,-0.748720718686149,-1.351663258613379,-1.4080251040426526,-1.5229245575202632,0.9018379408802109,1.1818108483678176
701538,Jackson Merrill,947,0.0233654281804097,0.0294727088419197,0.0106663746029948,0.0774663212208089,207.01669144040693,1703,995,243,843,860,324,671,681,165,44,952,82.98472834067547,0.34690799636398173,70.09747899159665,102.6,484,108,32,162.15,481.0,0.3767441860465116,0.7959667852906287,0.2442211055276382,0.2231404958677686,0.06611570247933884,0.2422907488986784,0.06461086637298091,0.33711018711018714,2484,1392,347,1142,1342,501,891,946,249,56,1266,83.83942917547569,0.34846710361067507,71.53886255924171,101.9,644,155,37,212.75,637.0,0.37332339791356184,0.7802101576182137,0.2492816091954023,0.2406832298136646,0.05745341614906832,0.2632135306553911,0.05919661733615222,0.33398744113029827,-0.4141477518825149,0.028297923683465828,-0.1330372514058199,-0.41458371071130523,-0.2120506519117863,0.2710527458725847,1.6456863807957005,1.586000867818163,0.1720628712456995,0.4742871797623614,0.7004498313523088,0.46268954124910927,-0.5467550042927015,-0.8542014570330783,0.39634511229201846,0.4841667926956591,0.709568699957633,0.7571341826069212,0.13015657522196414,0.22091813654015519,-0.6902123421565299,-0.8496640743273154
682657,Angel Martínez,904,0.0232491859215788,0.0283407071129778,0.0176113322048933,0.0619098409459271,191.35141199304888,1797,977,193,892,905,360,617,705,139,12,935,80.90553191489361,0.2547482679405707,67.11208556149732,100.36,484,110,23,136.95,479.0,0.39779005524861877,0.6917040358744395,0.19754350051177072,0.22727272727272727,0.047520661157024795,0.1971631205673759,0.01702127659574468,0.2859081419624217,1432,775,145,680,746,317,454,563,131,22,748,80.88206039076377,0.3044069559585492,68.91991978609626,101.98,393,88,12,128.5,386.0,0.4249329758713137,0.6676470588235294,0.1870967741935484,0.22391857506361323,0.030534351145038167,0.23268206039076378,0.03907637655417407,0.3329015544041451,-1.3684436115775451,-0.6173388345798911,-1.0339859211833855,-0.3824069725049642,-1.3872769030843755,-1.4005437358714956,2.0128922557478997,2.486478773857442,0.24325250353711483,0.1854675348323782,-1.3893902543847632,-0.4208668398351592,-1.2067400561753765,-1.8096271646381765,-0.41371372351594105,-0.5950097209534025,-2.1020544084487702,-0.5870595494901257,-1.4562302197357682,-0.6816431864563272,-0.7622927729861125,-0.9716409380936486
671056,Iván Herrera,782,0.0232357101776444,0.0306597412140848,0.0058074655536069,0.0859074476413543,184.43289054439063,1809,815,174,919,890,223,592,584,176,34,783,85.63116438356164,0.3708814266047606,72.36168582375478,106.27000000000001,451,84,42,170.25,448.0,0.250561797752809,0.6441784548422198,0.2134969325153374,0.18625277161862527,0.09312638580931264,0.3013698630136986,0.05821917808219178,0.38002232142857145,2772,1224,232,1323,1444,407,815,913,251,26,1186,83.74764512595839,0.33541516886930983,71.24190556492411,103.8,686,126,69,237.5,681.0,0.28185595567867033,0.6160241874527589,0.1895424836601307,0.1836734693877551,0.10058309037900874,0.27491785323110624,0.028477546549835708,0.3487518355359765,0.8351745829964724,0.27580453964255097,1.3430706138101123,0.3496138216893068,1.2837970087918373,0.2191735568291086,-0.5559292356459371,-0.009912412501010002,-0.46343482189230323,-0.5078707596192493,0.4197664619819592,-0.8863018206505263,0.41192246944473415,0.6765797760353405,-0.1368525059886582,-0.5525660573903147,1.4409537811187474,0.35894375869815465,1.0645524897398257,0.06344677124171894,0.3920347582429082,0.43673225138647864
643289,Mauricio Dubón,693,0.0232043502766896,0.0290114646719192,0.0164875557572971,0.0641352516031124,145.02454625034875,1346,729,105,684,662,233,496,572,92,4,709,78.94020979020979,0.27802073005956307,65.22031029619181,97.77999999999999,398,42,24,113.25,394.0,0.35196374622356497,0.7251461988304093,0.1440329218106996,0.10552763819095477,0.06030150753768844,0.16083916083916083,0.006993006993006993,0.28743654822335024,2203,1180,165,1014,1189,447,733,945,162,19,1157,80.52243386243386,0.3055152364864865,67.27605877268797,98.52000000000001,598,72,34,195.1,595.0,0.375946173254836,0.722879684418146,0.13983050847457626,0.12040133779264214,0.056856187290969896,0.17142857142857143,0.020105820105820106,0.3278991596638655,-2.1365718216816045,-1.9126418024061251,-2.0716857283379104,-1.7740508999292404,-2.4981378704747845,-1.6038157939948376,1.2133201525586466,1.6317627465387243,-1.8541586227170035,-1.5979161469963856,-1.8297697555420627,-1.2539362043765576,-0.7531154895268156,-0.8753986198715885,-1.3423542797583763,-1.4152843723260369,-1.392054570095842,-0.5532479574178372,-1.985643949226441,-1.4195385316249196,0.30751931509747943,0.12650978822802741
666023,Freddy Fermin,692,0.0226157681913229,0.0287288604400071,0.0105601017292601,0.0646566176015308,176.48888371684674,1372,732,162,722,650,204,528,511,110,11,709,81.51526418786693,0.2701726066116445,66.38265162200283,100.6,348,66,18,102.45,340.0,0.31384615384615383,0.7313019390581718,0.22131147540983606,0.1896551724137931,0.05172413793103448,0.21526418786692758,0.021526418786692758,0.3013235294117647,998,516,125,468,530,182,334,342,64,7,489,81.68830409356725,0.2717827075098814,66.20020449897751,99.26,259,54,21,70.95,255.0,0.3433962264150943,0.7136752136752137,0.24224806201550386,0.2084942084942085,0.08108108108108109,0.1871345029239766,0.02046783625730994,0.2782352941176471,-0.9856676001016346,-1.5805147673072628,-0.9374557065643625,-1.4764160715205816,-1.0426373276696022,-0.9448298107088248,0.5482488397227228,1.0638350646666828,-0.4048186318054271,-0.08026177139337208,-1.1915523073324823,-1.238038696778591,-1.0575480329528562,-0.015595863438176165,-0.0012363038005414179,0.36210425246438427,-1.6314863221341722,-1.5823651173542448,-1.1577598527604507,-1.3644328927339011,-0.2999354842674026,-0.3403183522939678
672386,Alejandro Kirk,929,0.0224955684770717,0.0272042215868096,0.0159697351692684,0.0508866112052621,210.25014209004843,1977,934,153,975,1002,292,642,729,227,40,930,84.80192043895748,0.35888336419322214,70.7952688172043,104.5,504,59,46,170.9,503.0,0.29141716566866266,0.6584615384615384,0.16381156316916487,0.11706349206349206,0.09126984126984126,0.3113854595336077,0.05486968449931413,0.3397614314115308,1128,490,67,556,572,167,323,391,103,9,485,83.33682864450128,0.30899055555555555,69.81422680412372,102.2,289,36,24,98.65,288.0,0.291958041958042,0.5809352517985612,0.13673469387755102,0.1245674740484429,0.08304498269896193,0.26342710997442453,0.023017902813299233,0.34253472222222225,1.0469703862493422,0.03281439989563826,0.6311602809947978,-0.293920942437525,0.8150826342188594,-0.01303264910508702,0.15691046595845126,0.16634761246806404,-1.6554201894414728,-1.5261424056297992,0.27267744547261535,-1.126055564859411,0.34602900768968226,0.05410797258472021,-0.9991090942512129,-1.469010178684162,1.074915055642052,-0.44722239103609174,0.7681611605155332,-0.3694834295084953,0.7109119563559791,0.7207282361076542
662139,Daulton Varsho,499,0.0224466809807544,0.030870412660655,-0.0066564337031869,0.1035080590265795,110.41527652275238,986,540,152,508,478,147,393,347,96,28,504,83.17896253602305,0.3266168902772073,73.46865079365078,106.44000000000001,270,77,16,94.75,270.0,0.3075313807531381,0.7736220472440944,0.2814814814814815,0.2851851851851852,0.05925925925925926,0.276657060518732,0.08069164265129683,0.3509259259259259,1998,1061,205,924,1074,392,669,763,167,26,1007,80.51913499344691,0.2827498282442748,71.00794438927507,100.58,525,107,37,153.25,524.0,0.3649906890130354,0.724025974025974,0.19321394910461828,0.2038095238095238,0.07047619047619047,0.21887287024901703,0.03407601572739188,0.2924618320610687,0.3125828587145827,-0.9093562408850542,1.4114461824985889,-0.9454998911159463,-0.10226346566168577,-1.6056804169734866,0.4380694141795244,1.4406127333032228,1.2409620168360656,-0.160969008578523,1.406617945713098,-0.6404517227449373,-0.790107517250264,-0.3919902556184152,1.0429741918404831,-0.48885021287216207,0.0905245280109595,-1.247778518445926,0.6237816098551087,-1.0697533580330703,-0.8780282850265843,-0.29569594186773823
680776,Jarren Duran,1196,0.0223832259559727,0.0263761967906574,0.0156382907201825,0.0495436392451498,265.0989554916238,2624,1238,324,1274,1350,420,818,812,236,44,1205,84.35615763546798,0.3257216119054771,73.02207468879668,106.1,696,169,59,241.25,693.0,0.3111111111111111,0.6420722135007849,0.2617124394184168,0.24281609195402298,0.08477011494252873,0.29064039408866993,0.054187192118226604,0.3481240981240981,2178,1111,341,1040,1138,394,717,677,174,36,1093,82.65391432791728,0.2984477015437393,72.80265324794145,104.4,594,163,35,163.15,583.0,0.3462214411247803,0.6894230769230769,0.3069306930693069,0.27441077441077444,0.058922558922558925,0.2570162481536189,0.053175775480059084,0.27984562607204116,0.6082828062624606,-0.1027535242096962,1.2746950451216297,0.590939358236873,0.563123684135462,-0.3990369833753849,0.5005281325897306,1.1131290819123187,0.5110318962654569,1.055341642268819,0.24270660641131508,0.19829145083384536,0.115337279556393,-0.8020578638687157,0.6998955957299723,1.4846283577741541,0.06321123834013556,-0.7688653957983297,0.5504038760542005,-0.09628501886253847,-0.39902958625719176,-1.1137892364560018
694374,Tim Tawa,401,0.0223682801971486,0.0310480337555229,0.0028785559959084,0.0895308965832052,92.48025847904692,876,424,128,426,450,130,294,260,72,13,407,82.94076923076922,0.28954118602548656,69.97076167076166,103.1,225,64,20,63.4,222.0,0.28888888888888886,0.6901408450704225,0.3018867924528302,0.28444444444444444,0.08888888888888889,0.27692307692307694,0.05,0.28558558558558556,1305,638,165,608,697,224,414,412,109,22,610,82.1864077669903,0.30620820189274445,69.83852459016393,102.58,326,81,25,101.0,317.0,0.321377331420373,0.680921052631579,0.25862068965517243,0.24846625766871167,0.07668711656441718,0.2645631067961165,0.05339805825242718,0.3186119873817035,0.3182082009420455,0.05683686913795365,0.06806736238381575,-0.14108143595740372,-0.2368977030606857,-0.6632861789703592,0.11279738713416526,0.6796519489981832,1.228200616084567,0.6083723354121054,0.05883105765552454,0.20805273371604877,0.2615229851734882,-0.171548778478011,1.3970948122992897,0.6462403318626013,-1.0405867352042986,-0.5321068626805595,-0.1664755634567197,-0.21431697495086405,-0.6191424575861334,-0.5264533486877252
668904,Royce Lewis,756,0.0222447224039678,0.0295142660427233,0.0069185128380403,0.0741102841847747,160.4131697582274,1517,774,184,780,737,231,543,533,146,26,757,83.94465290806754,0.29687480806842714,71.59709379128137,103.2,406,80,25,123.6,403.0,0.31343283582089554,0.6961538461538461,0.23772609819121446,0.19704433497536947,0.06157635467980296,0.27392120075046905,0.04878048780487805,0.30669975186104215,1923,970,294,893,1030,341,629,615,163,35,955,83.77252032520325,0.3060788241308794,72.78324607329843,103.5,489,123,37,148.8,489.0,0.33106796116504855,0.7043673012318029,0.3030927835051546,0.25153374233128833,0.07566462167689161,0.26504065040650404,0.056910569105691054,0.3042944785276074,0.25472872930205676,0.06693529236708982,0.10828828514174631,0.22895105341552655,0.3305284602663358,0.23323379028911725,0.5410373149507599,0.8487329282658446,-0.2775189445059989,0.661218626867696,0.005277633842862392,0.3623004592606095,-0.7078679397823967,-0.20783970839294122,0.2836285733924959,1.4180239860970596,-0.816851470821592,-0.5360539392529042,-0.02360567245371816,0.0710733312158878,-0.3137537209049134,-0.7839538124058852
689414,Liam Hicks,561,0.0221563696466174,0.0300381346156328,0.0035942436412941,0.0897333002513187,134.52404871852286,1537,575,76,808,729,128,447,455,92,10,565,80.22945054945055,0.31543107625428046,64.99008849557522,99.1,392,56,43,127.15,385.0,0.1755829903978052,0.5532178217821783,0.13217391304347825,0.14285714285714285,0.1096938775510204,0.2021978021978022,0.02197802197802198,0.33025974025974025,1946,809,85,909,1037,277,532,677,138,16,794,80.28478581979321,0.31971235238095236,66.2352644836272,100.64,529,52,50,191.6,525.0,0.26711668273866923,0.5852585258525853,0.10506798516687268,0.09829867674858223,0.0945179584120983,0.2038404726735598,0.023633677991137372,0.3649523809523809,-1.261977218096242,-1.2272403242725665,-1.5407695479332695,-0.9213673374611892,-1.7694190416264424,-1.7381418320679565,-1.8641507347565536,-0.26708153030349474,-1.2110499847018035,-1.9786983825943836,-1.1717206917101506,-1.0990145322203029,0.9999446581126149,0.4613129010403824,-1.5481595011819282,-2.018564878059201,-0.25073399923539785,-0.12012017151320636,-1.1989240997203003,-1.0211768395070442,1.4058262196882252,1.1814144229993653
677649,Ezequiel Duran,415,0.0219872823777851,0.0316237437867846,-0.0449794995823271,0.131077913082909,109.13774977647876,807,438,97,408,399,150,288,297,54,4,433,79.11885521885522,0.24659641898097437,67.16628175519631,100.48000000000003,219,55,8,54.9,218.0,0.37593984962406013,0.7058823529411765,0.22146118721461186,0.2511415525114155,0.0365296803652968,0.18181818181818182,0.013468013468013467,0.2518348623853211,2246,1166,281,1049,1197,431,735,788,173,23,1147,81.64048223350254,0.3028839561403509,69.77480383609415,101.63000000000001,575,135,44,195.05,570.0,0.36006683375104426,0.7006673021925643,0.24099485420240138,0.23478260869565218,0.07652173913043478,0.21954314720812182,0.02918781725888325,0.3421929824561404,-1.6929368778339569,-0.8951821628185808,-0.9857208138738598,-0.5231802021577069,-2.3971619382383036,-0.9718602079483841,1.6316524125653626,1.354701880097102,0.6544620233939217,0.3726319222232529,-1.5454275674665452,-0.855111129441785,-1.5968377656849233,-0.1774184419251216,0.0013618451456644907,0.34035566314061455,-2.350752264910959,-0.633523461181269,-1.7943998924647246,-0.7757714327095452,-0.9710785116974681,-0.5612769768465228
680574,Matt McLain,978,0.0219682807341415,0.0284081873469087,0.0071031638591188,0.0618078715470204,235.148965410456,2365,1022,266,1188,1176,309,712,674,149,27,988,82.0940652818991,0.29098490869306265,67.11113360323887,100.54,576,166,55,168.9,569.0,0.2627551020408163,0.5993265993265994,0.2602739726027397,0.2881944444444444,0.0954861111111111,0.22106824925816024,0.040059347181008904,0.2968365553602812,1922,841,211,918,1004,267,574,549,114,27,822,80.97140255009109,0.2978317659574468,69.11350364963504,100.66,477,133,46,131.6,470.0,0.26593625498007967,0.6252723311546841,0.25089179548156954,0.27882599580712786,0.09643605870020965,0.20765027322404372,0.04918032786885246,0.27999999999999997,-0.8629314413474829,-1.1466759997993308,-0.961588260219114,-0.9133231529096053,-0.7154810131053188,-1.3500447788340801,-0.3431818823939349,-0.2876774963692415,1.2928052073890264,1.131406595290184,-0.3777008569242463,0.02283613345357116,0.49567508922877646,0.5293911320172741,0.6749319594495832,0.5121105063451314,-0.9965414229651198,-0.7876564529914827,-0.7828485989122564,-0.8349728502161856,-0.28222004880397455,-0.20661211831219997
665019,Kody Clemens,724,0.0219143882577951,0.0277776269102065,0.0109785887641335,0.052673027002519,159.69605956795033,1529,740,163,791,738,205,535,516,149,31,726,84.43895348837209,0.3308261421504296,70.62837465564738,103.94999999999999,386,93,28,118.9,382.0,0.2777777777777778,0.6763590391908976,0.22027027027027027,0.24093264248704663,0.07253886010362694,0.28875968992248063,0.060077519379844964,0.3112565445026178,2166,1080,239,1052,1114,360,720,754,212,44,1058,84.61233421750663,0.33329694594594594,70.27627599243857,103.27000000000001,560,124,38,187.4,555.0,0.3231597845601436,0.6844106463878327,0.2212962962962963,0.22142857142857142,0.06785714285714285,0.28116710875331563,0.058355437665782495,0.33765765765765765,0.5685123094410993,0.407955040157201,0.4099452058261941,0.13644293107229827,0.6099224659218184,0.7079226268492441,-0.08106798559361643,0.7107519838062122,0.47858403411702755,0.14257002358211276,0.5013733040454299,0.425750139109387,-0.3187808931069764,-0.484946880386229,-0.019305727518986567,-0.0014997272353650124,0.21894102877886312,0.2943206893600599,0.46173886280268095,0.3944782853096381,-0.17424780352785024,-0.33419229013479723
665862,Jazz Chisholm Jr.,974,0.021672600868946,0.0281749712663149,0.0076899141248747,0.0594047070703008,235.25423102759368,2138,1006,309,1046,1092,291,715,617,179,48,984,83.70858995137763,0.34505135150607635,71.8719512195122,104.1,529,148,56,188.95,528.0,0.2664835164835165,0.6835564053537285,0.3071570576540755,0.27977315689981097,0.10586011342155009,0.2901134521880065,0.07779578606158834,0.3578598484848485,2122,968,275,997,1119,323,641,610,177,26,946,84.37885245901639,0.295609640077821,70.74365750528541,102.63,519,153,51,162.2,514.0,0.28865058087578194,0.6429287863590772,0.2840909090909091,0.2947976878612717,0.09826589595375723,0.2901639344262295,0.04262295081967213,0.31556420233463034,0.5971397771980649,0.5982073048458882,0.4702765899630871,-0.1209709745784413,0.19709836189211777,0.5759515016851132,-0.27812894138834054,0.10863941667351605,1.1477241833681249,1.4065651653164901,1.2794498568086317,-0.2651232601620546,0.8638746718169604,0.5943366846399648,1.488556764810965,1.0882590750451704,0.6529258942995316,-0.8554494096312811,0.6393780960322866,-0.01347696756815513,-0.37356933374344725,-0.5022817430988029
664728,Kyle Isbel,610,0.0214733070566358,0.0315272834124037,-0.0098704589771954,0.0901960075923787,107.28050491640414,1470,683,112,789,681,195,488,514,130,5,650,80.35856031128405,0.25092227416398954,65.61846153846155,102.8,409,74,23,123.9,396.0,0.28634361233480177,0.6185044359949303,0.16398243045387995,0.18092909535452323,0.05623471882640587,0.2529182879377432,0.009727626459143969,0.31287878787878787,1097,530,80,535,562,198,332,397,85,6,511,80.54005037783375,0.25542235,66.44050880626223,101.18,309,69,15,82.05,300.0,0.35231316725978645,0.6205607476635514,0.1509433962264151,0.22330097087378642,0.04854368932038835,0.2141057934508816,0.015113350125944584,0.27349999999999997,-0.1894114455720856,-1.0101637022900967,-0.052595405889964496,-0.7041743545683801,-1.6964422033114586,-1.593858393580225,0.06838769822736104,1.219416810106987,-0.555150536366854,0.17482751715992934,-1.7096822026482235,-1.473174570154056,-0.8974561076566006,-1.170430198952058,-0.9961438060003074,-1.2224275856151732,-2.218778412510853,-2.081489409748403,-1.173381933986517,-1.3725720860682322,0.14636263412079997,-0.33556173515095034
687462,Spencer Horwitz,755,0.0214446023933608,0.0297490247063637,-0.0006363224421583,0.070967914846775,194.5084680196759,1698,786,128,890,808,188,598,613,127,24,757,81.93621533442088,0.326055516931405,66.42959048877147,99.88000000000001,410,73,43,143.4,408.0,0.23267326732673269,0.6719101123595506,0.1628498727735369,0.17804878048780487,0.1048780487804878,0.20717781402936378,0.03915171288743882,0.35147058823529415,1737,712,109,832,905,226,486,570,113,18,679,81.77947368421053,0.3126077713625866,67.02724594992637,99.54,433,69,51,141.1,433.0,0.24972375690607734,0.5841346153846154,0.15308988764044945,0.15935334872979215,0.11778290993071594,0.19824561403508772,0.031578947368421054,0.3258660508083141,-1.1566669049283995,-1.3455525563064714,-1.2270463504214317,-1.3637974877983854,-0.8047026949639086,-0.8932979328621488,-0.8680462313202577,-0.5705512747460838,-0.604772286978187,-0.9268551477746741,-0.41755853459642744,-0.750107502041003,0.8290187136155737,1.287044878125981,-1.0157985923954571,-1.1851766526392125,0.07339806400653393,-0.336867817242036,-0.7065152841807266,-0.9379246592500088,0.8294089560773689,0.9924069883214879
687401,Joey Ortiz,842,0.0213698520065755,0.0284541694268822,0.0041828745377385,0.0661756533014633,182.89956379498497,1873,877,130,1031,842,281,596,685,158,12,858,80.4251094890511,0.2745639782952172,69.84673659673659,102.4,508,74,27,140.2,497.0,0.333729216152019,0.5780795344325897,0.14823261117445838,0.14566929133858267,0.0531496062992126,0.23065693430656933,0.017518248175182483,0.28209255533199196,1557,699,127,762,795,260,439,528,130,12,666,82.93977272727273,0.2956077192982456,71.26696696696698,102.6,403,78,34,131.1,399.0,0.3270440251572327,0.5761154855643045,0.18168812589413447,0.1935483870967742,0.08436724565756824,0.24621212121212122,0.022727272727272728,0.32857142857142857,-0.6601633637866843,-0.3312240640793721,-0.21347909692166958,-0.1330372514058199,-1.6588265457737772,-0.2374609577171214,0.8951661953633873,0.7785237614069276,-1.1626025971469032,-0.33774675355088973,-1.367566340099249,-1.1388182385185552,-1.0069545549055554,0.10103842959269235,-1.2694714599220749,-0.688873220231666,-1.4975136823016293,-0.8555080090687222,-1.079509805776602,-0.5392097041579181,0.13248832670000882,0.08728366049208011
664034,Ty France,949,0.0211480845122313,0.0281616702156043,0.00823308333998,0.0594861647854232,249.4237470971766,1873,971,192,909,964,302,669,716,190,28,950,83.26215083798883,0.3277433182650607,69.22252631578947,102.95,491,83,21,152.95,488.0,0.3132780082987552,0.735973597359736,0.19773429454170957,0.1690427698574338,0.04276985743380855,0.26536312849162014,0.03910614525139665,0.31342213114754097,1889,1027,248,885,1003,342,685,688,185,31,983,83.88343023255814,0.3341486518046709,70.20356052899288,102.5,476,100,33,183.5,472.0,0.34097706879361916,0.7740112994350282,0.24148003894839337,0.21008403361344538,0.06932773109243698,0.2688953488372093,0.04505813953488372,0.388771186440678,0.07375460711612594,0.14844905430887026,0.007735978246928486,-0.17325817416374475,-0.055242859504242264,0.29592350686535535,0.5383359023748167,1.0216258842089745,-0.7599268565938514,-0.052872437507008624,-0.4195595829950157,-0.15818485163183318,-1.3753580972651118,-0.4327519841262263,-0.41040261983530374,0.3487757221894121,0.12488976556953513,0.320304662131272,-0.05368441831333368,0.08664683950198393,-0.18584113080269332,-0.43757028825440103
686948,Drake Baldwin,858,0.0210975390884075,0.0274374675816541,0.0042857222791902,0.0559673119840643,197.32223962085516,1750,867,147,878,872,251,616,647,197,37,859,85.07697063369397,0.35326216499148066,73.63480791618161,103.94,446,68,38,159.9,446.0,0.28784403669724773,0.7015945330296127,0.1695501730103806,0.15246636771300448,0.08520179372197309,0.3044822256568779,0.0571870170015456,0.3585201793721973,2307,1176,272,1069,1238,424,752,820,238,51,1155,84.22256097560975,0.36751613559322033,73.41333333333333,103.61,590,129,52,212.0,590.0,0.34248788368336025,0.7034611786716558,0.23129251700680273,0.21864406779661016,0.08813559322033898,0.29024390243902437,0.06219512195121951,0.3593220338983051,0.9009904677234625,0.5998983563444941,0.405923113550405,0.27319406844924615,0.970549527695702,0.48761071201435824,0.0945669277721499,1.047986406463985,-1.045503306150978,0.094598898481142,0.3744403389502394,0.5943652957821454,0.13065865135169816,0.2347866164677994,-0.8995193315469978,0.17197804456718566,0.9034226495451048,1.3382849675661743,0.7110652194929827,0.6586706800312836,0.495278590319381,-0.2699441832611283
545341,Randal Grichuk,513,0.0210391195839307,0.031852754020073,-0.0684336124093199,0.1492119663400611,120.8449417056093,1077,525,94,551,524,165,360,400,130,25,513,85.66875,0.32640476893016523,72.44678362573099,107.21000000000001,292,61,16,87.3,292.0,0.3148854961832061,0.6533575317604355,0.17904761904761904,0.2089041095890411,0.0547945205479452,0.325,0.0625,0.29897260273972603,952,503,112,466,486,175,328,357,115,20,497,85.13753501400559,0.33090428846153846,72.5195171026157,105.14000000000003,261,59,9,94.65,260.0,0.360082304526749,0.703862660944206,0.22266401590457258,0.2260536398467433,0.034482758620689655,0.32212885154061627,0.056022408963585436,0.36403846153846153,1.3348716139262375,1.2741565888146889,1.7211472877346263,0.8885741866455431,1.3050415639272468,1.0047823922512713,0.566383163783519,1.354971812389957,-0.07320004000486248,0.222250198225088,0.6077536517353109,0.3232979657275785,-0.9485723874785008,-1.6694881960011603,-0.7346974629558614,0.022236138244780622,0.08405309747039078,0.22132512840577326,1.0105734429587625,0.742427252368971,-0.176764512075324,-0.8172365862152464
656811,Ryan O'Hearn,996,0.0205118047000407,0.0279380047920167,0.0079122275015862,0.0553892744047789,236.0644031147694,2173,1016,210,1075,1089,293,718,721,189,28,999,83.23328710124827,0.34003306311968823,69.87487487487488,101.6,543,109,54,193.45,538.0,0.26905417814508725,0.6679069767441861,0.20669291338582677,0.2007366482504604,0.09944751381215469,0.2621359223300971,0.038834951456310676,0.3595724907063197,1643,774,156,779,864,275,499,575,145,20,763,83.49060869565217,0.3161041355140187,68.95045871559633,100.46000000000001,429,93,33,145.95,428.0,0.31828703703703703,0.6405648267008985,0.20155038759689922,0.21678321678321677,0.07692307692307693,0.25217391304347825,0.034782608695652174,0.3410046728971962,0.0055101725601109566,-0.20515244295938276,-0.5352464789850911,-0.993764998425455,-0.07155753795588812,0.073888601229031,-0.2332763360823711,0.6257328524764232,-0.2139081738112575,0.06254036002813672,-0.43146873511477046,-0.6094225351372591,0.6362752912858195,-0.16317394849764244,-0.25493173933820257,-0.34417685918261104,0.49982718368926754,-0.23020020426464044,-0.10658707916127423,-0.39293031591154126,0.3345978851294127,-0.12681757545489783
668804,Bryan Reynolds,1269,0.0204281106683758,0.0272328167531261,0.0061847482455421,0.0519569308213894,316.34902357260677,2631,1305,345,1308,1323,343,962,839,227,42,1272,84.94457687723481,0.33751069598664885,69.90943396226416,104.1,653,173,56,209.4,652.0,0.25925925925925924,0.735474006116208,0.26436781609195403,0.2649310872894334,0.08575803981623277,0.27056019070321813,0.050059594755661505,0.3211656441717792,2646,1243,322,1280,1366,339,904,820,235,49,1228,84.84987804878048,0.35365587149187594,70.51351791530945,103.31,678,158,82,240.15,677.0,0.24816983894582723,0.70625,0.2590506838294449,0.23303834808259588,0.12094395280235988,0.2865853658536585,0.05975609756097561,0.3547267355982275,0.1836547976312412,0.522532750283258,0.4702765899630871,0.15253130017546593,0.8957164738520021,0.8421897614284926,-0.40417694013992084,-0.5976638543557894,0.8920266256905821,0.34258199048059473,0.06144809028522554,0.48725844815682107,0.1504012322374407,1.3992382853620162,0.7459778944268732,0.6537025951920279,0.42287442091032695,0.9154339077527621,0.40679407452837657,0.5839892335593599,-0.27085658693502346,0.25015438851129573
805779,Jacob Wilson,813,0.0203675830409581,0.0284330246681217,0.0001639417417767,0.0632048432503373,210.54850174956331,1735,865,72,892,843,271,594,739,132,10,817,81.2765899864682,0.3042099207458508,61.929375764993885,98.3,523,39,26,189.1,517.0,0.32147093712930014,0.6659192825112108,0.08323699421965318,0.0745697896749522,0.0497131931166348,0.17861975642760486,0.013531799729364006,0.36576402321083173,1136,635,82,548,588,249,386,507,96,7,601,80.22958579881657,0.28239503003003,62.61730449251248,97.9,337,39,12,107.5,333.0,0.42346938775510207,0.7043795620437956,0.12913385826771653,0.11572700296735905,0.03560830860534125,0.1893491124260355,0.013806706114398421,0.3228228228228228,-1.7605726969681497,-1.533683308247622,-1.8625369299966854,-2.0234206210283903,-1.1775433824719868,-1.769342594493581,0.6812851705067379,2.460942258847204,-2.387497062994795,-1.6784450779317504,-1.54262646986277,-1.530554283782595,-1.1289215510139394,-1.629539580015811,-2.397427227685476,-1.600917632872893,-0.5930707299337948,-1.2586027567011522,-1.3872700418466775,-1.6231207128506682,0.7436793922898983,-0.2027797820145929
624585,Jorge Soler,571,0.0202080691707764,0.029094151405663,-0.0022559771629664,0.0652646451607877,145.17710697865078,1290,574,161,626,664,163,411,365,93,24,571,82.7931506849315,0.2944011924775061,72.41190893169878,104.7,315,94,28,98.1,315.0,0.24548192771084337,0.6565495207667732,0.2804878048780488,0.2984126984126984,0.08888888888888889,0.2547945205479452,0.06575342465753424,0.3114285714285714,1456,688,236,693,763,209,479,390,106,22,685,82.98717948717949,0.2942576454293629,73.17810218978101,104.83,362,118,35,109.4,361.0,0.27391874180865006,0.6911976911976911,0.3430232558139535,0.3259668508287293,0.09668508287292818,0.2717948717948718,0.05641025641025641,0.3030470914127424,-0.14973550695204865,0.20976410355706418,0.7116021265106532,0.7638893260959567,-0.3203362796555693,-0.21066518795019593,-0.6445622165644299,-0.14839999578085444,1.4688441731128188,1.9435441079337425,0.7506239159478577,0.34032982385028676,0.2615229851734882,0.5382296298029423,1.0257295943022704,2.1109908146378973,-0.8923169140876029,-0.8966962694156565,0.019967468352658013,0.041324359227491024,-0.39712214141929275,-0.8419763242469607
686668,Brenton Doyle,960,0.0201234485728977,0.0264779261019657,0.0094924149416253,0.0483003787484294,226.688047392483,1957,986,273,967,990,299,687,645,177,40,970,83.11720930232558,0.2999595723895992,68.44597938144331,103.0,538,138,30,158.75,534.0,0.302020202020202,0.7104446742502585,0.2768762677484787,0.25650557620817843,0.055762081784386616,0.2744186046511628,0.06201550387596899,0.29728464419475653,728,392,114,365,363,124,268,243,47,8,389,82.11028806584362,0.2406390291262136,69.90179948586118,101.08,210,70,12,58.25,206.0,0.3415977961432507,0.7342465753424657,0.29081632653061223,0.3333333333333333,0.05714285714285714,0.1934156378600823,0.03292181069958848,0.2827669902912621,0.26524713012612466,-1.447690125610909,0.027846439625890906,-0.7443952773263107,-0.1371683069918048,-0.7063113928990296,0.34191100944881764,1.0324562627188525,0.7468728390410697,2.070453065683448,0.5864775821973346,-0.6911372601818792,-0.9142311917928445,-0.8652239817091035,0.963053765890288,1.2049742282685734,-0.7227410084996163,-2.5325012269356377,0.0039323672915858145,-1.2244070565907532,-0.741517201543255,-1.2932768845949942
686780,Pedro Pagés,756,0.0199872494815112,0.0295729481346103,-0.0112063639777893,0.0724385431186592,147.48326921201215,1486,769,190,754,732,263,506,531,112,19,760,81.15141242937854,0.2588126333268704,70.56973684210526,101.3,388,107,18,112.15,382.0,0.3592896174863388,0.6710875331564987,0.247074122236671,0.2757731958762887,0.04639175257731959,0.21092278719397364,0.035781544256120526,0.293586387434555,858,424,110,406,447,158,262,285,62,6,412,81.20491228070176,0.26740955,70.04781553398058,101.62,208,55,12,53.1,200.0,0.3534675615212528,0.645320197044335,0.25943396226415094,0.2644230769230769,0.057692307692307696,0.21754385964912282,0.021052631578947368,0.2655,-1.0774734591878168,-0.937460295094571,-0.6559092472588715,-0.5272022944335016,-1.2482976168123523,-1.2180578429606634,1.3411411012208525,1.239558546746646,1.0788132907925447,0.8832746784647455,-0.5655554712035925,-1.212358107581876,-1.2468078771945996,-0.8457225918976738,0.44585732254946686,0.6603541378858471,-1.978058126812328,-1.715782076386431,-1.1050587842549924,-1.1221721232914086,-1.0281548979393658,-0.907227488748728
545361,Mike Trout,952,0.019975015518367,0.0291607190634921,-0.0063708496470508,0.0720881662251746,210.5677870407227,2482,962,260,1269,1213,252,710,613,156,45,952,82.98123980424144,0.3584694811893598,71.94789915966386,104.56000000000002,548,178,77,188.4,545.0,0.20774938169826876,0.5594956658786446,0.2702702702702703,0.3248175182481752,0.14051094890510948,0.2544861337683524,0.0734094616639478,0.3456880733944954,2607,1041,236,1211,1389,285,753,708,163,53,1026,82.0574858757062,0.3781374537815126,72.52173489278752,103.56000000000002,600,159,90,215.75,596.0,0.20518358531317496,0.6218001651527663,0.22670509125840538,0.265,0.15,0.23022598870056496,0.0748587570621469,0.36199664429530204,-0.15625683851393765,-0.669276397703392,0.6552928346495608,0.2530836070702895,-0.21402248080905226,-0.7361568270289769,-1.3029152852670678,-1.3476830017956503,1.9237435314965163,0.8932138463577395,1.0868296514623674,1.1504737306277553,2.0937204709199793,2.4305108964224766,0.8484110667901796,0.09236631727657216,1.06228824957672,1.662321769440622,0.48682628327313165,0.3320891764812596,0.15612028947508777,0.6981534336459538
669394,Jake Burger,718,0.0198574853811094,0.0279398574550727,0.002114128378465,0.058106587057398,175.8992277001665,1324,729,206,642,682,271,458,487,152,37,718,84.58850102669405,0.3244804635861221,73.13300835654596,105.74000000000001,377,93,12,115.35,376.0,0.3973607038123167,0.7133956386292835,0.2825788751714678,0.246684350132626,0.03183023872679045,0.31211498973305957,0.07597535934291581,0.306781914893617,2246,1115,366,1010,1236,435,680,691,206,47,1108,84.04558610709117,0.31968878787878785,73.74684115523466,105.5,596,160,55,193.15,594.0,0.35194174757281554,0.6732673267326733,0.32825112107623317,0.2684563758389262,0.09228187919463088,0.2981186685962373,0.06801736613603473,0.32516835016835016,1.0623974688282978,0.7664228784116601,1.1298997231930978,1.033369508574069,0.6944513688455091,0.38757903212983397,2.005400981887208,1.2129363226622125,0.577673826582465,0.9527599126159885,1.1995079882689617,0.8500422062857232,-1.7636328364701301,0.38194879354667804,1.0620187305358832,1.8546302266435422,0.02534609533943352,-0.12083908095399193,0.8223205288950599,0.5833149088894588,-1.3521815938689217,-0.9095944170937663
672515,Gabriel Moreno,573,0.0198439804129471,0.0275508876164415,0.0004478400879835,0.0581181844988942,134.52273619159075,1314,578,93,682,632,164,414,447,112,16,574,83.58210290827739,0.3456345700346143,69.10766550522649,100.9,306,53,26,106.6,305.0,0.25949367088607594,0.6070381231671554,0.16089965397923875,0.17320261437908496,0.08496732026143791,0.2505592841163311,0.035794183445190156,0.34950819672131145,2314,954,133,1077,1230,354,597,755,191,30,943,83.23364238410596,0.36332874760994266,69.94019088016968,101.6,526,78,58,201.2,523.0,0.28780487804878047,0.5543175487465181,0.13941299790356393,0.1482889733840304,0.11026615969581749,0.25298013245033113,0.039735099337748346,0.3847036328871893,-0.2392963533995323,-0.18810364446465183,-0.8167929382905765,-0.5352464789850911,0.12560396547947336,-0.07135672107501055,-0.40008695337351174,0.0938836922338939,-0.6882615085374865,-1.117471000375228,-0.5650004362874992,-0.39193981430403524,0.12233659514681514,1.020256398994427,-1.0496433444032547,-1.422529991011417,0.6707188144843038,1.2105354937010144,-0.16495338960276615,0.004777766974445097,0.5650821003652671,0.8665934245367946
669707,Jared Triolo,651,0.0197556499553837,0.0312957017578864,-0.0411810333853921,0.1102668046623519,144.30733960860675,1454,687,148,749,705,171,516,483,109,16,666,81.24265010351967,0.31048929834063793,67.82432432432432,101.64,377,76,38,118.7,372.0,0.2425531914893617,0.6889185580774366,0.21542940320232898,0.20159151193633953,0.10079575596816977,0.22567287784679088,0.033126293995859216,0.31908602150537635,1306,592,111,657,649,167,425,421,99,6,587,81.43847980997624,0.2845253151862464,66.92504258943782,100.5,354,69,28,106.2,351.0,0.2573189522342065,0.6468797564687976,0.1875,0.19491525423728814,0.07909604519774012,0.23515439429928742,0.014251781472684086,0.3025641025641026,-0.7655592070854931,-0.5650573808467865,-0.5191581098819178,-0.9776766293222874,-1.1967272560628808,-1.086038237491367,-0.6956624650923312,-0.4380311911555579,-0.1991806753986586,-0.3141985154227832,-0.6821576200670858,-1.5110093301641025,0.6841278157230863,-0.08604980800046365,-0.10331576059640311,-0.5880120048702642,-0.4014985166260564,-1.1936116909159407,-0.7130201419446867,-1.066678653748097,0.42057167920261984,0.31354797586203537
802415,Chandler Simpson,687,0.019411997114186,0.0305348585475179,-0.020883971099081,0.0873661076751958,148.82618440614402,1517,738,75,869,647,193,544,614,67,0,711,78.78241042345277,0.2967417972350231,60.838115330520395,95.07000000000001,441,43,20,135.85,436.0,0.2982998454404946,0.6260069044879172,0.1016260162601626,0.09750566893424037,0.045351473922902494,0.10912052117263844,0.0,0.3115825688073394,1908,917,81,975,926,283,632,775,73,0,891,77.26154838709677,0.265895008605852,60.85723905723906,94.46000000000001,599,46,25,192.0,581.0,0.30561555075593955,0.6482051282051282,0.08833151581243184,0.07679465776293823,0.041736227045075125,0.09419354838709677,0.0,0.3304647160068847,-3.2302451550215436,-3.545899862653099,-3.1616727350777274,-3.4070203639010828,-2.5873309625423233,-3.4469693148279976,0.2769986610983462,0.4046422354954281,-1.9923602347935299,-2.3491672780532826,-2.1368593186636216,-2.1368593186636216,-1.2837299979797803,-1.4120442542846785,-2.078297962576047,-2.309015188784981,-0.8209093856968298,-1.7619879371812939,-2.387403511400409,-2.859747359445419,0.6274823845728627,0.7103739942645393
694671,Wyatt Langford,993,0.0192605003053588,0.0278817627366356,-0.0022604272331117,0.0570062739881707,236.92228037212084,2335,1004,243,1129,1206,282,722,685,212,48,993,85.86978102189781,0.34610490066888744,71.46545820745216,104.62,571,151,71,197.35,570.0,0.23383084577114427,0.6395039858281665,0.24203187250996017,0.26444833625218916,0.1243432574430823,0.3094890510948905,0.07007299270072993,0.3462280701754386,1789,835,183,857,932,244,591,588,144,23,822,83.88571428571429,0.32510470852017936,70.98503649635036,103.45000000000003,446,98,53,155.2,446.0,0.26180257510729615,0.6896149358226371,0.21916167664670658,0.21973094170403587,0.11883408071748879,0.24489795918367346,0.0391156462585034,0.34798206278026905,1.006867797474403,-0.35901412150293527,0.6794253883043122,0.20884059203657557,1.4186705271674611,0.29721452448874636,-0.8478489374273829,-0.35980146140394725,0.8837098434337911,0.11332344370480037,0.9403125955938679,-0.4191423575976229,1.5198882054554994,1.3243535882396456,0.35835242717011107,-0.038544633623591944,0.6850677335027968,0.044390655386717735,0.9460688084085682,-0.0455421414377037,0.28141871806974506,0.4023440598905961
673357,Luis Robert Jr.,804,0.0191547372561346,0.0292873722218687,-0.0121083713780579,0.070638194594261,196.2733808971488,1524,813,240,723,801,261,552,508,141,28,805,83.33090551181103,0.3214145408042361,73.30944099378881,104.4,428,112,37,131.1,425.0,0.3258426966292135,0.7634854771784232,0.2952029520295203,0.2616822429906542,0.08644859813084112,0.27755905511811024,0.05511811023622047,0.3084705882352941,884,445,115,401,483,158,287,297,78,15,441,83.87171717171718,0.32117947826086957,75.01904761904763,104.68,230,55,24,73.85,230.0,0.32712215320910976,0.71571072319202,0.25842696629213485,0.2391304347826087,0.10434782608695652,0.26262626262626265,0.050505050505050504,0.32108695652173913,0.33165697679884404,0.015879202171797013,0.590939358236873,0.7035579419590694,-0.01638058725102243,0.28930292190705703,0.7575631211501613,0.7798869305577154,0.8360558901880611,0.44753579619943806,0.28358676546772044,0.08100974832541473,0.17491089356031675,0.8101997690467498,1.2811012005835203,0.6428783915514462,-0.06818954641654365,-0.07536087048787435,0.22432259336717428,0.20287778877509277,-0.6749523295903566,-0.2650253373154625
607208,Trea Turner,1182,0.0190917756764446,0.0284050474494657,0.0003045217133311,0.0566563233117457,297.3255067150959,2407,1238,285,1172,1235,385,853,877,227,28,1182,83.18722919042189,0.3208806902351847,69.44991539763113,102.24,641,107,42,235.95,638.0,0.3117408906882591,0.7278156996587031,0.23021001615508885,0.1669266770670827,0.0655226209048362,0.2588369441277081,0.03192702394526796,0.36982758620689654,2545,1280,330,1180,1365,472,808,862,230,30,1237,83.3314385150812,0.2951925297619048,69.97712206952303,101.78999999999999,672,142,47,206.6,672.0,0.3457875457875458,0.6847457627118644,0.2578125,0.2113095238095238,0.06994047619047619,0.2668213457076566,0.03480278422273782,0.3074404761904762,-0.06425199656279522,0.10459094182406678,-0.27783257333435735,-0.4588267257450306,-0.09759089642367709,-0.016079317285709636,0.5115164533111433,1.105558526597315,-0.7963826725626372,-0.03175982596960359,-0.7348221342409057,-0.6085365509240769,-0.5678049695460231,-0.4110041106845587,0.15319196118946346,0.6322147371270004,-0.0844763413329183,-0.8681746750269929,-0.25179478837893077,-0.3694052654315486,-0.10903267787099816,-0.5292543871098175
669242,Tommy Edman,628,0.0184038435284674,0.0288317486483914,-0.0135711985858873,0.0664195081923831,138.2132722242463,1338,642,104,714,624,177,465,479,135,13,629,83.50292275574112,0.32130931553379044,68.86391096979332,101.98,377,61,19,114.65,374.0,0.28365384615384615,0.6512605042016807,0.16199376947040497,0.16180371352785147,0.050397877984084884,0.2818371607515658,0.027139874739039668,0.30655080213903746,1159,537,113,541,618,189,348,387,82,11,528,82.30568475452196,0.3038641368078176,69.36534090909092,101.68,311,63,20,103.95,307.0,0.3058252427184466,0.6432532347504621,0.21042830540037244,0.20257234726688103,0.06430868167202572,0.21188630490956073,0.028423772609819122,0.338599348534202,0.42212436106669293,-1.0570983364364672,-0.3824069725049642,-0.5030697407787444,0.0808488895864014,-0.5958671293943753,0.021456971137421964,0.40830091643767824,-0.8846405300878856,-0.18228295122089647,-0.9450440830832917,-0.8886632391023499,-1.104620353187341,-0.610890743525316,-1.0306556966712797,-0.19010649165121,-0.07139977508186765,-0.6036199592698801,-0.17917551600340584,-0.7296636809963635,0.19730472560860052,-0.16170055427272195
805300,Jakob Marsee,374,0.0183941886060607,0.0307572786886908,-0.0369112010990722,0.0853639633940639,93.90498717903446,881,380,64,474,407,81,299,294,75,13,377,83.1108843537415,0.34693860222921924,68.54429708222811,103.3,234,48,22,86.5,233.0,0.19901719901719903,0.630801687763713,0.16842105263157894,0.20512820512820512,0.09401709401709402,0.25510204081632654,0.04421768707482993,0.37124463519313305,2302,934,152,1131,1171,258,676,715,164,14,908,80.42643356643357,0.31267960884353746,66.46123348017622,99.86,600,122,76,194.05,588.0,0.22032450896669514,0.5977011494252874,0.16274089935760172,0.20333333333333334,0.12666666666666668,0.22937062937062938,0.019580419580419582,0.3300170068027211,-0.14323249915526973,-0.6873643384459557,0.14850920789967115,-1.2350905349730212,-0.14074336393262868,-1.6580781362059385,-1.455273391784408,-1.0835059291177174,-0.1382509105373943,-0.1691727662044859,-0.1950923191977101,-1.2770085419232566,0.4435359567468298,1.6023518757637725,-0.9191144658566565,-1.017689753658261,0.7105024283813889,-0.33467618837174284,0.07598869079909029,-1.038443547983983,0.7390436812313221,0.9681800811860592
543760,Marcus Semien,966,0.0181739675104357,0.0302034694012728,-0.020113625486247,0.0786682475759395,232.49921194023472,2075,1016,210,1022,1053,247,769,741,154,26,967,81.93819163292846,0.31786074646091,66.42512926577042,100.8,535,93,50,162.1,533.0,0.2345679012345679,0.7524461839530333,0.20669291338582677,0.17383177570093458,0.09345794392523364,0.2078272604588394,0.03508771929824561,0.30412757973733584,1985,978,207,991,994,270,708,686,142,22,969,81.49125364431487,0.30225181297709924,66.40526315789474,98.75,529,100,44,154.2,524.0,0.2716297786720322,0.7144298688193743,0.2116564417177914,0.1890359168241966,0.0831758034026465,0.20699708454810495,0.03206997084548105,0.2942748091603053,-1.142933321718745,-1.1604887187942636,-0.8570138610485071,-1.6815427775860121,-0.8035856298047596,-1.0562088309376014,-0.8349888795349928,-0.18833755802850624,-0.6774223858541082,-0.4154870996131294,-0.5960239668607121,-0.728544791578455,0.4236903056407021,0.05875113026380442,-0.25493173933820257,-0.16879300148470092,-0.17660924848330206,-0.6528089816143784,-0.7152332055832051,-1.055918820102142,0.5477583275920014,0.20784219734753523
672580,Maikel Garcia,987,0.0180683825731047,0.0295870920002468,-0.0165417969432166,0.0706878373705132,209.70033474205093,2519,1010,136,1305,1214,253,757,818,257,29,994,85.53630806845966,0.3343911648480795,69.8827967806841,104.33000000000001,668,84,61,233.55,661.0,0.20840197693574958,0.5800766283524904,0.13465346534653466,0.12574850299401197,0.09131736526946108,0.3141809290953545,0.035452322738386305,0.3533282904689864,1234,490,67,623,611,144,346,400,107,11,486,84.236,0.3102944785276074,69.77818930041151,102.53,326,50,25,98.85,326.0,0.23567921440261866,0.5553772070626003,0.13673469387755102,0.15337423312883436,0.07668711656441718,0.2675,0.0275,0.3032208588957055,1.106085060060552,0.1189421719971438,0.5627847123063268,-0.16119189733636616,1.2301812800347893,0.49520686505585515,-1.2915288795611541,-0.8155988167962618,-1.5057957676705387,-1.0298626997112066,-0.5800128415669167,-0.9292296116880913,0.34771575464609344,-0.171548778478011,-1.505128517667328,-1.469010178684162,0.32770328719888236,-0.4074421093173837,0.5293482996067268,-0.17674291625776842,1.1625422298862784,0.7857307291784049
678554,Curtis Mead,477,0.0180155479292014,0.0314429313250799,-0.0605386463780642,0.1028940270999671,114.93253200638551,1019,489,91,512,499,138,346,352,76,8,478,81.8065340909091,0.2909476601090115,71.10962343096234,100.99000000000001,266,63,15,75.8,260.0,0.27655310621242485,0.67578125,0.18609406952965235,0.23684210526315788,0.05639097744360902,0.2159090909090909,0.022727272727272728,0.2915384615384615,1403,569,93,663,740,186,383,437,120,24,558,82.52791762013729,0.3583750153374233,70.43422939068101,103.16000000000001,331,63,39,122.75,326.0,0.25135135135135134,0.5776772247360482,0.1634446397188049,0.1903323262839879,0.11782477341389729,0.2745995423340961,0.05491990846681922,0.37653374233128833,-0.9720300940815296,0.26907334674930805,-0.7805941078084407,0.09219991603857866,-0.8780025524328545,-0.47025422707023395,-0.10243591244738025,-0.5421531964056399,0.4081127046330245,-0.3931526987296486,-1.1388182385185552,0.2748829711148453,-0.8919100940826387,1.2885307190359592,-0.612410994485297,-1.005476807053277,-0.9976778084717309,1.0594062708990082,-0.9534245602626223,0.24506165554630127,-0.14629397294574648,0.8073283553061311
650490,Yandy Díaz,1090,0.0178236203592287,0.0267814224111748,-0.002159556241648,0.0497616671925091,274.3512841440138,2525,1120,174,1289,1231,295,822,866,288,41,1090,85.99988452655889,0.35353892748823346,72.07522935779816,107.15,647,92,53,242.55,642.0,0.239642567018684,0.6377036462373933,0.15535714285714286,0.14219474497681608,0.08191653786707882,0.3325635103926097,0.04734411085450346,0.37780373831775704,2460,1174,147,1192,1259,369,802,958,275,36,1156,84.58674321503132,0.3465572894333844,72.11072664359861,104.5,658,96,49,236.95,653.0,0.2930897537728356,0.6728187919463087,0.1252129471890971,0.1458966565349544,0.07446808510638298,0.2870563674321503,0.037578288100208766,0.3628637059724349,1.49481413515599,0.5324928317873142,1.6970147340798691,0.6311602809947978,1.4922090597232578,0.6934577992216684,-0.7464467019013993,0.18609358841964974,-1.2224617031923237,-1.1586855743233155,-0.05779914709122012,-0.4866536078600881,0.014056611148733349,-0.2503078178678595,-1.1458299440690136,-1.668962440711112,0.9118661621804213,0.698869279210476,1.1076209888096638,0.41386531667083365,0.7821987400778676,0.5978116521867296
656555,Rhys Hoskins,562,0.0178204520238302,0.0301672780252168,-0.0534005414172277,0.0983811966680658,118.60038292059444,1429,577,142,727,702,140,437,393,121,20,565,84.84758269720102,0.31374679123883614,68.04672566371681,102.46000000000001,326,91,36,108.0,326.0,0.19943019943019943,0.6011004126547456,0.24610051993067592,0.2791411042944785,0.11042944785276074,0.30788804071246817,0.05089058524173028,0.3312883435582822,1336,564,168,638,698,155,409,367,98,21,548,84.67711171662125,0.29670266561514197,69.71076642335767,102.1,319,100,47,97.05,317.0,0.22206303724928367,0.6410658307210031,0.2978723404255319,0.31347962382445144,0.14733542319749215,0.2670299727520436,0.05722070844686648,0.3061514195583596,0.9730118729383773,0.10900269427020268,-0.1893465432669124,-0.3341418651954555,0.8408923575861209,0.7445368767107938,-1.4480674086741332,-1.053172290102554,1.1368352499680123,1.7284155220304405,0.09794004654670499,0.3759198585953465,1.0260519087146822,2.3359383257695567,0.4289611011116656,1.3274266634185858,-0.30211842442390485,-0.8221032191489168,0.2840758618760772,0.014642869046394136,0.22708074157728436,0.08331710760577105
683737,Michael Busch,1054,0.0178030083410449,0.028822104891348,-0.0126143654789852,0.0613933672997113,263.36290529017185,2324,1087,257,1207,1117,257,830,747,206,66,1060,85.09357429718875,0.3778139989089185,67.4204716981132,103.5,591,139,54,222.25,589.0,0.23008057296329454,0.6876553438276719,0.23643054277828887,0.23519458544839256,0.09137055837563451,0.2757697456492637,0.08835341365461848,0.37733446519524616,2718,1181,282,1283,1433,357,824,808,189,39,1162,82.53725247524753,0.3327193768328446,66.19449225473322,101.1,685,158,88,231.35,682.0,0.24912770411723656,0.642244738893219,0.23878069432684165,0.23065693430656933,0.12846715328467154,0.23391089108910892,0.04826732673267327,0.33922287390029326,0.2938191669920091,-0.5913532445752973,0.22895105341552655,-0.7363510927747269,0.9799344328267123,-0.4649778776881304,-0.9132832606426019,-0.5809511343927486,0.37972941281998107,0.3015552534867267,1.7430754828641866,-0.017257222711970686,0.349603712533853,1.666255700089887,0.26114506959742234,0.3019303889544412,1.652453758652504,0.27670012240659797,0.9796467789501877,-0.3066478630687055,0.15550312268976285,0.41093029801036696
572233,Christian Walker,1285,0.0175584756266914,0.0280869898474613,-0.0053291758789692,0.0573099509981495,292.363164787547,2513,1313,377,1269,1244,350,963,854,231,53,1286,83.57927400468384,0.3141845137698998,71.61127527216175,104.6,639,177,39,202.5,639.0,0.28135048231511256,0.7588652482269503,0.2871287128712871,0.27699530516431925,0.06103286384976526,0.27049180327868855,0.06206088992974239,0.31690140845070425,2376,1200,318,1084,1292,409,791,795,203,37,1185,83.37018867924529,0.29847437293729373,72.05409282700423,103.86,606,142,46,192.25,606.0,0.31656346749226005,0.7297047970479705,0.265,0.23432343234323433,0.07590759075907591,0.25534591194968553,0.04654088050314465,0.31724422442244227,0.1822086361887504,-0.13807545409287286,0.6713812037527227,0.373746375344064,0.12400498150472472,0.005823476311944539,-0.01873185288371843,0.5956602117765832,1.099867656414571,0.3647212820673522,0.5884706566271216,-0.09307205014013992,-0.7271578040770112,-0.19921612108642303,1.1409781422061673,0.7569490263089431,-0.2887643184118464,-0.7680517008392197,0.2554602319322946,-0.12392587068324479,-0.7373179374535078,-0.4791366603098254
808982,Jung Hoo Lee,1014,0.0172628474466687,0.0303150571270703,-0.0296358281633782,0.0786437013430019,211.2854088766119,2351,1051,127,1242,1109,250,801,869,190,18,1018,81.81070195627157,0.31993888465810877,66.76944990176817,100.0,616,71,46,204.85,615.0,0.2254283137962128,0.644927536231884,0.120837297811608,0.11525974025974026,0.07467532467532467,0.2186421173762946,0.020713463751438434,0.3330894308943089,2125,1013,112,1071,1054,328,685,829,169,11,994,82.11580217129071,0.3150946360485269,66.70623742454728,99.2,579,57,28,186.85,577.0,0.3111954459203036,0.6395891690009337,0.11056268509378085,0.09844559585492228,0.04835924006908463,0.20386007237635706,0.013268998793727383,0.3238301559792028,-0.9142358793503222,-1.2268258572171884,-1.178781243111923,-1.5005486251753388,-0.8756467457738023,-0.7031946496260999,-0.9944553368133306,0.5019995965193534,-1.6864950289337575,-1.976167276242406,-1.2272522582782446,-1.5541670595680699,-0.24295236136258141,-1.1769767694372402,-1.7448989297282267,-1.9232080099338498,-0.11320909010976885,-0.2609981685561644,-0.8618250433248124,-1.0491468720285722,1.0457242335281833,0.5550997300549156
641487,J.P. Crawford,1181,0.0172598611750927,0.027945286670221,-0.0099837730123269,0.0594177042019013,272.9533819627254,2731,1231,222,1462,1269,278,953,921,191,22,1190,80.8744842562432,0.32835643239420487,68.98302521008404,100.7,654,122,72,215.3,642.0,0.219070133963751,0.6518467852257182,0.1803411860276198,0.18654434250764526,0.11009174311926606,0.20738327904451684,0.023887079261672096,0.33535825545171344,1987,761,112,1003,984,191,570,593,129,19,746,81.44671163575042,0.3220583153347732,68.85254691689008,100.28,466,93,61,146.4,463.0,0.19410569105691056,0.5682951146560319,0.1471747700394218,0.19957081545064378,0.13090128755364808,0.2175379426644182,0.03204047217537943,0.31619870410367173,-1.1523220186464689,-0.93758541919735,-0.897234783806432,-1.0661626593897267,-1.40482600187608,-1.0813853544713072,-1.1053921180914736,-1.5409688107083195,-0.4584116703932594,-0.23399301422765376,-1.0878867175991,-0.7298401904995819,1.0140659135134211,1.7526492823333473,-0.7122484670936523,-1.287829590293721,0.14359474531591968,-0.04854917444902173,-0.8797349553224324,-0.7727045596013975,0.8225295422729517,1.2038601743907602
668901,Mark Vientos,886,0.0170759192379175,0.0296262266642332,-0.0293108412073793,0.0749520123737978,187.7827182848289,1764,915,278,883,881,290,625,572,184,36,886,85.13741258741258,0.3199655606936721,69.16094808126411,104.4,463,115,30,144.65,463.0,0.32917139614074914,0.7078142695356738,0.3038251366120219,0.24838012958963282,0.06479481641468683,0.32167832167832167,0.06293706293706294,0.3124190064794817,1019,547,162,481,538,188,359,353,99,20,543,83.76232294617563,0.3119669217081851,71.9939226519337,103.28,281,67,15,81.7,281.0,0.34944237918215615,0.7463617463617463,0.2961608775137112,0.23843416370106763,0.05338078291814947,0.2804532577903683,0.056657223796033995,0.2907473309608541,1.264629414483693,0.39285952010507724,0.590939358236873,0.14046502334808733,1.0047131929470776,0.22746991566053096,0.8156418825853993,1.1693276340446825,0.6068885302524449,0.43554051389008464,0.6269467494304086,0.35117510209461755,-0.5936365918514419,-0.9987495119482148,1.430733487900924,1.2977253611901036,-0.11239525353154076,-0.35641895664048817,0.6749666923133023,0.151110120913565,-0.8617251231475525,-0.9753357552682713
683011,Anthony Volpe,1081,0.016860710401037,0.02665330572966,-0.0036082367930846,0.0498535069657425,246.67037942164197,2397,1101,244,1263,1134,272,829,764,209,42,1085,83.9791884816754,0.300665230531178,70.41520737327188,102.0,597,150,43,173.7,593.0,0.23985890652557318,0.6563737133808393,0.22161671207992734,0.25125628140703515,0.07202680067001675,0.27356020942408377,0.0549738219895288,0.2929173693086003,915,420,91,453,462,115,305,299,64,7,414,82.69464882943144,0.2958142608695652,68.48913043478261,100.67999999999999,231,49,24,70.35,230.0,0.24891774891774893,0.673289183222958,0.21666666666666667,0.21212121212121213,0.1038961038961039,0.2140468227424749,0.023411371237458192,0.3058695652173913,0.2470949904840932,-1.0114107322129333,-0.3743627879533804,-0.9052789683580215,0.3500490366774806,-0.3760125808156915,-0.7426720353789059,-0.5846144082631811,0.6564385603038734,-0.017776148198075405,0.27725051917418303,-1.1087768682131853,-0.336955177638019,0.7941670058816225,0.004060875897002686,-0.08184387485658395,-0.7012126818493604,-0.8492068071804009,-0.040236184693396806,-0.8501371913560465,-0.06369564461499728,0.36960035929986573
641933,Tyler O'Neill,382,0.0167177638004371,0.030467539281968,-0.0376386528643501,0.0839582335116003,80.36665419683965,821,389,112,394,427,121,268,248,60,22,382,83.17943548387096,0.36033162394102064,72.62015706806284,103.83,208,51,21,62.8,208.0,0.28337236533957844,0.6802030456852792,0.2879177377892031,0.24519230769230768,0.10096153846153846,0.24193548387096775,0.08870967741935484,0.3019230769230769,1049,495,138,486,563,157,338,312,82,14,485,83.87083333333334,0.30698349999999996,70.78701030927834,102.69000000000001,260,72,27,80.0,260.0,0.27886323268206037,0.6954732510288066,0.2787878787878788,0.27692307692307694,0.10384615384615385,0.26282051282051283,0.04487179487179487,0.3076923076923077,-0.42166039895870877,0.01998693313334897,0.3616800985166854,-0.09683842092367839,-0.10199614088206994,0.2888033490636231,0.016545726669786338,-0.06212909482980169,0.5519690820316189,1.098623316146278,1.758720381257444,-0.16636795530028542,0.6900118557523968,0.7923941522624016,1.1546711456542498,0.9962285059517738,1.1190987858194805,-0.508453949292529,0.5431685451505663,-0.09257400866390414,-0.25829352465081457,-0.31008214375146215
571970,Max Muncy,672,0.0164052213016774,0.0288809306933559,-0.0292104181378906,0.0674848115109907,167.28525229852414,1650,699,155,812,838,167,532,483,144,32,673,84.45734989648034,0.37412571841812703,68.97147102526003,104.0,386,83,62,141.8,386.0,0.19928400954653938,0.6551724137931034,0.2217453505007153,0.21502590673575128,0.16062176165803108,0.2981366459627329,0.06625258799171843,0.3673575129533679,2206,992,263,1053,1153,300,692,664,187,44,951,83.47138554216868,0.34956757884972167,69.59526813880127,103.4,539,136,59,200.4,539.0,0.26019080659150046,0.6571699905033238,0.2651209677419355,0.2523191094619666,0.10946196660482375,0.2816265060240964,0.06626506024096386,0.3717996289424861,0.7668030385718404,0.4176697300195349,0.4300556672051622,0.18873013065760172,0.6203206858629497,0.06302307918215305,-1.4506181127397642,-0.3879234107698546,0.03226561405167581,0.6747488462014096,0.7725440785294498,0.7730917824822348,2.807504084953271,0.9917135520233756,0.006293310259225378,0.7590483411338848,1.5399311326031908,0.7907076497304041,0.8259309205545187,0.4466444744143857,1.0548908183455334,-0.013540056135516038
573262,Mike Yastrzemski,936,0.0163060078115355,0.0273249432908038,-0.0105431619213935,0.0565499303230759,203.65760021695337,2305,964,166,1163,1142,252,712,741,203,32,941,84.49919028340081,0.32934652351941496,69.44729011689692,101.9,554,108,68,183.0,550.0,0.22066549912434325,0.6122098022355976,0.17219917012448133,0.19494584837545126,0.12274368231046931,0.2739541160593792,0.043184885290148446,0.3327272727272727,1652,706,145,812,840,224,482,507,131,17,696,84.28067061143985,0.3098946153846154,69.33132183908046,101.5,390,94,38,124.3,390.0,0.26666666666666666,0.5935960591133005,0.20538243626062322,0.24102564102564103,0.09743589743589744,0.2583826429980276,0.03353057199211045,0.31871794871794873,0.2554247761402138,-0.07385892037288463,-0.41458371071130523,-0.575467401743016,0.6439701691240916,0.5204560789199518,-1.0775563725569115,-0.2749333583213991,-0.3136714429448258,0.4801862028044418,-0.2404465779831177,-0.6644042339525573,1.4631152379428654,0.5648779377957243,-0.8535477458673637,-0.27767419954014483,0.17380059698986666,-0.4196411953202321,0.08363305071194982,-0.24258313449374763,0.9269726998279917,0.1593248232132066
650859,Luis Rengifo,1007,0.0161528893569854,0.0295319557593575,-0.0243053655476268,0.0671941265831041,205.57738213740816,2008,1036,206,1030,978,299,737,757,158,20,1011,82.16287978863937,0.3019702712455211,67.85410484668645,100.1,543,104,33,155.5,538.0,0.3057259713701431,0.7155339805825243,0.19884169884169883,0.19152854511970535,0.06077348066298342,0.20871862615587847,0.026420079260237782,0.28903345724907065,1366,668,118,627,739,226,442,496,113,11,636,81.97358870967743,0.3040993266475645,69.45518867924528,99.85,353,49,33,106.4,349.0,0.30581867388362655,0.7049441786283892,0.17664670658682635,0.1388101983002833,0.09348441926345609,0.22782258064516128,0.02217741935483871,0.3048710601719198,-1.1240839687699544,-0.7201003040605204,-1.1385603203539982,-1.239112627248816,-0.6765849214326699,-0.7835781051215106,0.40656884151307476,0.4081863041727087,-0.37254437099838944,-1.2807703044691954,-0.9766530431977584,-1.1629643936833551,-0.7363639694744647,0.4246299823624411,-0.39118435365148635,-0.7763637042337806,-0.661398299877655,-0.5964447516210821,-0.9154561107264072,-0.9004400363470568,-0.09480102158441592,0.5183944217231771
664770,Nathan Lukes,773,0.0161506384354728,0.0293171688733681,-0.0256177047753891,0.0688082216111307,185.03253320127752,1662,813,100,879,783,247,566,666,145,16,778,81.61546546546546,0.3146484156252603,66.17107969151671,100.0,438,60,36,140.85,426.0,0.31545338441890164,0.6439135381114903,0.12300123001230012,0.136986301369863,0.0821917808219178,0.21771771771771772,0.024024024024024024,0.3306338028169014,1681,843,117,839,842,289,554,666,106,9,813,80.1918918918919,0.287335,64.95953259532595,98.2,429,63,23,138.0,422.0,0.34323040380047504,0.6603098927294399,0.1387900355871886,0.14685314685314685,0.053613053613053616,0.15915915915915915,0.013513513513513514,0.32701421800947866,-0.9337837882368062,-2.172098143511246,-1.178781243111923,-1.9027578527546103,-0.9860004604767676,-1.7906483587676196,0.5762916115867944,1.060941810997595,-1.3121922020081982,-1.14220726336505,-1.0818729516634313,-1.5434294872260144,0.02382567983113299,-0.9905056374673775,-1.7073453234824876,-1.4333410882942292,-0.2746115295649466,-1.1078933963329307,-0.8910099946107749,-1.7033654477184843,0.6167678984337561,0.13102522579857667
671218,Heliot Ramos,1246,0.0161450312117027,0.0286939807285269,-0.0176727615351431,0.059327102053023,269.1172559756717,2653,1267,277,1306,1347,403,864,885,248,41,1246,84.69525423728814,0.320335443038219,72.1448635634029,104.4,693,158,50,224.9,689.0,0.2991833704528582,0.6615620214395099,0.21862667719021311,0.227994227994228,0.07215007215007214,0.280225988700565,0.04632768361581921,0.3264150943396226,1643,831,216,785,858,284,547,551,145,37,821,83.99364791288566,0.3289595509708738,71.12923264311814,104.6,415,113,28,132.55,412.0,0.331002331002331,0.6968152866242038,0.259927797833935,0.27228915662650605,0.06746987951807229,0.2631578947368421,0.06715063520871144,0.3217233009708738,0.38805355180016826,0.02712141322446559,0.590939358236873,0.6713812037527227,0.75479159160246,0.35822195527459827,0.29241430262360324,0.8475878208296767,0.2556824393340289,1.0187906423069704,-0.10243433721537329,0.8119807511660846,-0.3325799610009695,-0.4986918358557303,-0.04782919389050501,0.6689243262364242,-0.10111082631902128,0.16199477921663624,0.3060478676210213,0.4061400205269015,-0.20821187726702417,-0.7584986563072004
683002,Gunnar Henderson,1161,0.0160692261375425,0.0272170672713133,-0.0054315461021035,0.0501405662192913,253.5605141450654,2506,1192,276,1245,1258,349,841,837,254,38,1166,84.48888888888888,0.34076161710212916,73.5056603773585,104.84,645,137,56,224.9,641.0,0.2774244833068362,0.6755020080321286,0.23154362416107382,0.2124031007751938,0.08682170542635659,0.3034647550776583,0.04540023894862605,0.35085803432137286,2715,1287,269,1297,1418,430,857,912,227,34,1274,82.3327850877193,0.3192503513909224,72.32496075353218,102.69,684,151,62,218.25,683.0,0.3032440056417489,0.6607555898226677,0.20901320901320902,0.22076023391812866,0.09064327485380116,0.24890350877192982,0.03728070175438596,0.31954612005856514,0.8794744254005105,-0.2743103706252333,0.7679114183717515,-0.09683842092368411,0.6381475017204817,-0.5805491812707101,-0.08723222637987407,0.3632637925201295,-0.012919801189048518,0.13105597779128753,-0.14316196382186402,-0.4997217573730303,0.1881534152369472,0.3237905807117364,0.1763358424658299,-0.21466454966536844,0.5220540201588949,-0.1342149684694972,0.5328850803659548,-0.317126939732431,0.027992400085009975,0.011033840016421936
660688,Keibert Ruiz,458,0.0160123757540533,0.0298137403320435,-0.0360136461690688,0.0751295124394312,100.32694213224288,888,469,57,464,424,150,319,392,90,5,460,82.67755102040816,0.2871405865941092,64.6554347826087,98.88000000000001,267,26,8,74.4,266.0,0.35377358490566035,0.6875,0.12153518123667377,0.09737827715355805,0.0299625468164794,0.22959183673469388,0.012755102040816327,0.2796992481203008,1086,571,73,543,543,207,364,470,128,14,564,83.02702127659573,0.28899913235294117,66.03475177304965,100.81,342,36,15,115.7,340.0,0.3812154696132597,0.6703499079189686,0.12784588441331,0.10526315789473684,0.043859649122807015,0.2723404255319149,0.029787234042553193,0.34029411764705886,-0.682686555024433,0.2213007096618499,-1.629255578000703,-0.8529917687727123,-0.38567679231227603,-0.18814537393211814,1.2448980071199889,1.7237008157672307,-1.9945549265072708,-1.8587150604357348,-1.5767342226638394,-0.8287884561756196,-1.829921946613075,-1.3366786336415564,-1.7327876263602353,-1.6232695637548862,-1.1138245902930006,-1.0571237916583196,-1.0776355476588504,-0.541149736175384,0.16313064978361064,0.10540129369545848
665489,Vladimir Guerrero Jr.,1021,0.015936649485904,0.0273383430215233,-0.0096394678881654,0.0523756706704757,221.3277178031059,2502,1056,210,1266,1236,266,790,780,283,61,1021,86.08974358974359,0.3843275365453752,75.21655239960823,108.22000000000001,672,94,73,255.4,669.0,0.215210355987055,0.6240126382306477,0.19886363636363635,0.13988095238095238,0.10863095238095238,0.3628205128205128,0.0782051282051282,0.38176382660687597,2138,1011,183,969,1169,354,657,776,236,32,998,84.4423969072165,0.3345412774957699,74.875250501002,106.25,592,78,51,186.2,591.0,0.3028229255774166,0.6780185758513931,0.18100890207715134,0.13175675675675674,0.08614864864864864,0.30412371134020616,0.041237113402061855,0.31505922165820643,2.134646832140468,0.8934091092366061,2.1273786075896925,1.3350264292585226,1.5430001868389795,0.6118687929593007,-1.1727370747403523,0.3559168365943271,-1.2623234698640728,-1.4022862266583767,1.2974256289124786,-0.3259806577818517,0.9622187552035998,0.16426492772804796,-0.3908036425272721,-0.7006606984934867,1.851169762371591,0.33228294684339943,1.7907242035706417,0.5693213241031955,0.9470207355838242,0.47782375407139605
609280,Miguel Andujar,640,0.0158746877755804,0.0291201654107446,-0.0318191003584715,0.0689299413979137,146.22484311011732,1214,650,105,590,624,223,427,513,127,13,641,82.7766081871345,0.29792946107497853,70.44368174726989,102.6,340,49,16,123.15,338.0,0.3573717948717949,0.7237288135593221,0.16153846153846155,0.14411764705882352,0.047058823529411764,0.2475633528265107,0.025341130604288498,0.3643491124260355,930,504,85,447,483,197,307,379,85,9,481,82.19656992084433,0.29760722222222225,69.37754677754677,103.72,252,38,9,79.7,252.0,0.4078674948240166,0.6868008948545862,0.16865079365079366,0.15079365079365079,0.03571428571428571,0.22427440633245382,0.023746701846965697,0.31626984126984126,-0.30265011098717104,-0.7951321233982165,-0.1330372514058199,0.3174370834829658,-0.3296866120387611,-0.6575422147014639,1.307679155581363,2.188722247896258,-1.1893341556919013,-1.0743206909357514,-1.0240337868059648,-1.0940512243695681,-1.2231318417776915,-1.6257781843548529,-1.0385572634538693,-0.9151274630423701,-0.7846759553844511,-0.7945068676531313,-0.5148167433244336,-0.6047590693278828,-0.07572989455332096,-0.4562630695682473
671732,Lawrence Butler,1151,0.0157280542860493,0.0271100209697973,-0.0077136958697267,0.0491516479739993,271.32829058038857,2517,1183,358,1254,1263,330,853,743,191,36,1159,83.32341857335128,0.3052991886821715,71.53761863675582,103.8,630,177,59,200.0,626.0,0.26128266033254155,0.6802232854864434,0.3026204564666103,0.28095238095238095,0.09365079365079365,0.2570659488559892,0.04845222072678331,0.3194888178913738,2143,988,235,1036,1104,274,712,667,161,26,940,82.29265367316341,0.3238774606299213,71.58244680851064,103.4,514,136,59,163.65,508.0,0.24818840579710144,0.6872586872586872,0.23785425101214575,0.26459143968871596,0.11478599221789883,0.2413793103448276,0.038980509745127435,0.3221456692913386,-0.10170252338714628,-0.43342157748488847,0.3496138216893068,0.18873013065760172,-0.020612436877977293,-0.6032327003927829,-0.36887287384745066,-0.5973399020969503,1.1680397268275042,0.8861752138420783,-0.009137823441838094,-0.42507671643580164,0.43053503020587686,1.180676687924209,1.4098270640220352,0.28585258049169937,-0.5598391769182,0.006949588805665624,-0.06833562778717096,-0.2532102549700411,-0.44461472169905303,0.1514971989218454
650402,Gleyber Torres,1055,0.0156825795049956,0.0249860292883814,-0.0010175017657085,0.0404387234017478,267.3832589415315,2652,1081,182,1313,1339,229,852,830,183,36,1055,84.35951807228915,0.3634899048419165,68.5714691943128,102.31,629,101,85,213.6,627.0,0.17102315160567588,0.6488956587966489,0.1683626271970398,0.16057233704292528,0.13513513513513514,0.22048192771084338,0.043373493975903614,0.3406698564593301,1723,729,149,845,878,165,564,536,99,17,724,81.72574626865672,0.3238170220588235,66.75842541436464,98.15,408,79,52,136.45,408.0,0.18792710706150342,0.6674556213017752,0.20438957475994513,0.19362745098039216,0.12745098039215685,0.18470149253731344,0.03171641791044776,0.3344362745098039,-0.8753301479878306,-1.6319646622927066,-0.24967792740380537,-1.9228683141335725,0.5650231071619127,-0.9236663330688539,-1.943710270987881,-1.6487720247362758,-0.9058545499680398,-0.3363846495807344,-0.23216405245906122,-0.7440706471178945,1.9029192423348853,1.6301891537691064,-0.9201284004719452,-0.2949046515113725,1.215452103214258,0.0051057196228393,0.08466061650509474,-1.0434928473980378,1.418153115940688,0.9775626198993723
693307,Dillon Dingler,862,0.0156262448200192,0.029172897981325,-0.0233210769042001,0.0624946702620593,193.80948666235315,1793,870,200,963,830,251,619,602,163,30,862,82.6325581395349,0.3485412336863389,70.22633410672853,102.58999999999999,468,110,21,156.35,467.0,0.3024096385542169,0.6427829698857737,0.22988505747126436,0.23504273504273504,0.04487179487179487,0.2707641196013289,0.04983388704318937,0.33479657387580297,2274,1096,224,1061,1213,410,686,777,213,40,1083,83.0894465894466,0.3396835580204778,70.3448753462604,102.94,589,135,32,196.0,588.0,0.33800494641385,0.646559849198869,0.20437956204379562,0.22920203735144312,0.05432937181663837,0.27413127413127414,0.05148005148005148,0.3333333333333333,0.1879672002620768,0.2591710668444304,-0.13705934368161468,0.0037138859711337148,-0.41110816284681323,-0.1528606526377326,0.34870585274267213,0.9697686390437862,0.37711335058080236,0.2764904473064516,0.05153640524250401,0.12382575347964313,-1.3007550208310283,-0.9650816925262025,0.14755251904124134,-0.295078415550564,0.7593957543078135,0.489164428598115,0.09014637065679328,0.14460289645111793,-0.5435316857989361,-0.47906559083146905
672724,Oswald Peraza,522,0.0156032066007205,0.0301660792728604,-0.0301678298674639,0.0705825543012722,129.83340898858438,1005,532,165,527,478,145,387,320,77,11,526,80.6825,0.2482656300374293,71.58269961977186,102.03,265,80,17,59.4,264.0,0.303347280334728,0.7343453510436433,0.3101503759398496,0.3018867924528302,0.06415094339622641,0.240625,0.034375,0.225,1391,768,208,655,736,283,485,490,104,14,751,80.06224489795919,0.2744740055248619,70.04340878828229,102.21000000000001,365,108,17,106.2,362.0,0.3845108695652174,0.7404580152671756,0.2708333333333333,0.2958904109589041,0.04657534246575343,0.21224489795918366,0.02857142857142857,0.29337016574585634,-0.44937267586101987,-1.0495153130154642,-0.3622965111260018,-0.2898988501617302,-1.5133414528219968,-1.863928857313128,0.36506571733642623,1.7811985703648365,1.5286954866104112,1.425390479751553,-0.6273221849442085,-0.8821791036241096,-0.6164892739255879,-1.2402918076713907,1.540503815756543,0.8581826523116787,-2.299827718371779,-1.500258585358376,-1.0504321086250012,-1.1171561418945615,-1.012688573407242,-1.3262658775248646
680777,Ryan Jeffers,711,0.0151377970623038,0.0293089970461011,-0.0421566965013863,0.0716661161930278,167.00683588343787,1879,730,141,919,960,234,496,542,153,20,711,83.70977859778597,0.32330442657939673,70.34852320675105,104.09,463,91,47,154.9,460.0,0.24375,0.5397170837867247,0.19315068493150686,0.19654427645788336,0.10151187904967603,0.2822878228782288,0.03690036900369004,0.3367391304347826,1452,587,89,686,766,200,387,464,121,26,579,83.0959051724138,0.3485238319088319,71.26493955094992,104.24,351,60,43,129.1,351.0,0.26109660574412535,0.5641399416909622,0.151618398637138,0.17094017094017094,0.1225071225071225,0.2607758620689655,0.05603448275862069,0.3678062678062678,0.43165433233924816,-0.023250476384369598,0.466254497687298,0.5265858818241853,0.19777022167656066,-0.14921006140243195,-0.6747806895724503,-0.37211913263924246,-0.28613389814613327,-0.7272386375296188,-0.516423616583071,0.32382817203886965,0.7095448352881427,1.4547191321542838,-0.48994812058189935,-1.2107133670555044,-0.01053262176418768,0.7588648582146612,0.11374456267116964,0.2873636748581829,0.5401018858971564,0.9411975673446623
596115,Trevor Story,1293,0.0150850505202558,0.0250569889247134,-0.0027319897977932,0.0395772823127317,282.23684846940955,2472,1344,365,1272,1200,423,921,889,241,43,1299,83.87075365579304,0.311497441745981,69.80777521170131,104.4,654,176,32,215.45,647.0,0.3525,0.7240566037735849,0.27157738095238093,0.2691131498470948,0.04892966360856269,0.27109111361079863,0.048368953880764905,0.3329984544049459,934,521,145,432,502,219,302,328,68,9,514,81.5170731707317,0.253865,69.18229571984435,101.09,251,79,9,75.0,251.0,0.4362549800796813,0.6990740740740741,0.2783109404990403,0.3147410358565737,0.035856573705179286,0.2073170731707317,0.027439024390243903,0.29880478087649404,0.19488201145248868,-1.1537220477101904,0.590939358236873,-0.7403731850505159,0.28875831284875325,-1.0416148344966432,1.2226766460007195,2.6840237847867057,0.9640747436498883,1.7501469910442504,-0.012794387691219366,-0.9319072828787244,-1.156730995159462,-1.6207280236467136,0.8710951046079459,0.9879515586902892,-0.3707419232252233,-2.12900128204646,0.13820867432433442,-1.1993237264365066,-1.053644372354504,-1.7607125895419897
665926,Andrés Giménez,713,0.0149697334651611,0.0298088492888723,-0.0584691070590763,0.0845579894366907,170.02997474673722,1452,753,149,764,688,240,513,538,85,8,719,80.14330855018586,0.30762017161716937,67.58011126564674,99.03,370,66,25,101.55,366.0,0.3488372093023256,0.6714659685863874,0.19787516600265603,0.1783783783783784,0.06756756756756757,0.1579925650557621,0.01486988847583643,0.2774590163934426,1827,1058,236,873,954,418,640,728,103,12,1007,79.59436813186812,0.2734991905737705,64.69443892750745,96.7,492,92,14,138.35,488.0,0.4381551362683438,0.7331042382588774,0.22306238185255198,0.18699186991869918,0.028455284552845527,0.14148351648351648,0.016483516483516484,0.2835040983606557,-2.1967676411999655,-2.545877871064851,-1.5689241938638157,-2.5060716941235173,-1.8181091690280786,-2.128387304338973,1.1587687004561544,2.7171774886847513,-0.5990940104407698,-0.4507017169296111,-1.483865898196961,-1.4130053484485183,-0.4952246398814415,-1.8834184969042258,-0.40795788918526144,0.02914951471163298,-0.48903027409379385,-1.5299983891728637,-1.5113394352765228,-2.0246681214297446,-0.16173536017789117,-1.0447609458427498
681481,Kerry Carpenter,910,0.0149076416721339,0.0285940920302422,-0.0270298982790947,0.0645190732003371,214.18385241780123,1736,919,219,873,863,294,625,629,177,41,910,84.91923688394276,0.3352828469428682,70.18527472527472,102.9,464,106,18,161.3,460.0,0.3406720741599073,0.715922107674685,0.2383025027203482,0.22844827586206898,0.03879310344827586,0.28139904610492844,0.06518282988871224,0.3506521739130435,1017,511,134,461,556,202,309,339,90,15,507,83.84070796460178,0.2951142549019608,70.07731755424062,100.83999999999999,259,75,18,79.95,257.0,0.36330935251798563,0.6702819956616052,0.2622309197651663,0.28957528957528955,0.0694980694980695,0.26548672566371684,0.04424778761061947,0.31108949416342413,0.4128597263225763,0.0763682669507617,-0.012374483132033936,-0.8409254919453395,0.8813935243932197,0.2717755571144951,1.0163043733579673,1.4112769699367946,0.26350472651656964,1.3165942568111604,0.7255669270942475,-0.19377049006260744,-1.5165031552390842,-0.4267062432466895,0.2936316911974002,0.708893477817848,0.35490686110202796,-0.8705626964414517,0.4724705111560075,-0.31142297087682835,-0.7724859865777554,-0.9658677369531232
666971,Lourdes Gurriel Jr.,1026,0.014715788235886,0.0298716577486967,-0.0389506689982772,0.0703967421633114,216.6653926965477,1994,1042,197,1007,987,341,701,781,201,31,1027,82.61536491677336,0.3143736845471583,68.73086660175268,101.6,546,76,30,172.9,544.0,0.3454913880445795,0.6961271102284012,0.1890595009596929,0.1391941391941392,0.054945054945054944,0.2573623559539053,0.03969270166453265,0.3178308823529412,727,384,83,325,402,163,221,272,60,7,363,82.56470588235294,0.27334064676616915,68.87272727272727,98.78999999999999,201,38,10,50.65,201.0,0.4054726368159204,0.68,0.21614583333333334,0.1890547263681592,0.04975124378109453,0.22058823529411764,0.025735294117647058,0.2519900497512438,-0.09543452134970454,-0.8730821041547261,-0.5352464789850911,-1.6654544084828444,-0.4208263051449922,-0.4494603612503673,1.1003912007869412,2.1469370442629865,-1.2741558125938275,-0.4151630508397088,-0.3938016575651959,-1.0067245661464141,-0.9432295409548214,-1.1275710366847516,-0.5609479014009283,-0.09088259146397107,-0.282993067368966,-1.5348352679351214,-0.34566040608279,-1.1059113415938946,-0.05212925693675169,-0.6921156096610145
518692,Freddie Freeman,1211,0.0146515644296296,0.0265583937888591,-0.0134574655946592,0.0503539305012953,268.12470100596056,2382,1236,320,1171,1211,344,892,850,225,45,1211,84.36729411764705,0.3499275554102995,68.25895953757225,102.3,621,128,53,234.65,619.0,0.28406275805119735,0.7617421007685738,0.2588996763754045,0.20611916264090177,0.0853462157809984,0.2647058823529412,0.052941176470588235,0.37907915993537966,2636,1315,278,1240,1396,405,910,952,228,37,1302,83.06775210084034,0.36566056259904917,68.64792626728111,101.8,633,110,62,224.0,631.0,0.29011461318051573,0.7338709677419355,0.21140684410646388,0.17377567140600317,0.09794628751974724,0.23949579831932774,0.038865546218487396,0.3549920760697306,0.059856086583709306,-0.4732514509811107,-0.25370001967960015,-0.4548046334692358,0.5694183689667115,-0.16512304987913382,0.02859161830277541,0.13418368183336193,-0.12117880250863407,-0.6783889445326332,0.18798931508606237,-0.43012520261722653,0.13578455553586571,0.5829929728812229,0.6510819611132935,-0.17312460226806797,0.8016898697685897,1.2816748624910252,0.2730507241450945,-0.0483258948911363,-0.10567755534289229,0.3250807094621405
668930,Brice Turang,1192,0.014420533840795,0.0286910100778061,-0.0249350113147673,0.0604121282112833,274.77548186095106,2772,1229,236,1457,1315,312,917,914,220,35,1211,83.28938730853392,0.3352391067596056,67.58819157720892,101.3,658,150,65,235.6,655.0,0.23726235741444868,0.6293754289636239,0.1920260374288039,0.22796352583586627,0.09878419452887538,0.24070021881838075,0.038293216630196934,0.3596946564885496,2780,1197,247,1353,1418,353,842,853,178,30,1146,83.19437280187573,0.34380179626749613,67.20968586387434,100.98,657,164,86,237.7,643.0,0.24894217207334274,0.6223207686622321,0.20634920634920634,0.2496194824961948,0.1308980213089802,0.20867526377491208,0.035169988276670575,0.3696734059097978,-0.44778205367221535,-1.1250009356515054,-0.6559092472588715,-0.7846162000842355,-0.03984796233292596,-0.09355310585967365,-0.7879763218899788,-0.5841882758885666,0.25515350589586233,0.6282399670552268,-0.4552583739990678,-0.5924112227767662,0.6127324120847639,1.7525333550482596,-0.5094656310973639,-0.2608965466981582,0.35357242889252744,0.6148042717196417,-0.24904504167411062,-0.39615543853050783,0.4137552147940611,0.49234455264493937
694192,Jackson Chourio,1101,0.0143264888122798,0.0280365124443339,-0.0229795030551483,0.0588556780052736,275.4886111666492,2108,1125,267,1031,1077,398,727,787,206,42,1108,83.48005082592123,0.3066600120445865,71.40703971119133,103.0,589,121,29,200.95,587.0,0.3695450324976787,0.7051406401551892,0.23733333333333334,0.20543293718166383,0.04923599320882852,0.2617534942820839,0.053367217280813214,0.34233390119250423,2115,1007,237,996,1118,380,626,704,197,46,956,84.77727272727272,0.34043470695970696,72.48441422594144,103.67,549,130,39,196.85,546.0,0.33989266547406083,0.6285140562248996,0.23535253227408143,0.23679417122040072,0.07103825136612021,0.27982954545454547,0.06534090909090909,0.3605311355311355,-0.0025768800137797674,0.37967012545427165,0.027846439625890906,0.29732662210400335,0.0679209660838322,0.8011509837773308,1.5200763880494883,1.0027053413729665,-0.13300101993177596,0.40728690216851876,0.20669838922466638,0.7325087867534441,-1.1458585827985368,-0.37204129292606763,0.27681240012453795,0.24243691321857253,-0.5183229693763668,0.5120805954697093,-0.043686810891151416,0.5445474227117518,-0.7024365877601968,-0.5061176124215313
666018,Jonathan Aranda,815,0.0141284703542443,0.0290680761481796,-0.0339771922681857,0.0654409166596959,190.53372174192157,1717,835,191,876,838,234,599,588,167,34,815,84.55765306122449,0.38190051503733113,68.72269938650307,104.0,419,107,38,163.3,416.0,0.27923627684964203,0.6837899543378996,0.22874251497005987,0.2553699284009546,0.09069212410501193,0.28401360544217685,0.05782312925170068,0.39254807692307697,2574,1206,233,1224,1338,385,815,885,212,41,1172,83.805197740113,0.34468852574102965,68.69146757679181,101.7,646,154,63,228.2,641.0,0.28774289985052315,0.6658496732026143,0.1932006633499171,0.23839009287925697,0.09752321981424149,0.23954802259887006,0.04632768361581921,0.35600624024961,0.46814876416311474,-0.4721470850840838,0.4300556672051622,-0.49502555622716066,0.6770151428278245,0.25170407782241877,-0.05562026363650875,0.09280230384834029,0.7273080223873365,0.43478126657501026,0.40237444986872417,-0.10243433721537329,0.32552436419927716,0.5679772298813385,0.12772445271109859,-0.489080778321748,1.7771258185215715,0.6418567502950729,0.7509439685172794,-0.035209230081825194,-0.11847196181566229,0.13236860944493398
656941,Kyle Schwarber,1260,0.0137395461976885,0.0290549884779157,-0.0331062887525522,0.0633189951760384,320.4618369849027,3059,1279,395,1458,1601,344,935,789,301,85,1264,87.37186311787072,0.40062043153882115,74.19050632911393,108.72000000000001,719,197,101,281.75,717.0,0.21486570893191756,0.6412894375857339,0.308835027365129,0.27399165507649514,0.1404728789986092,0.38149556400506973,0.10773130544993663,0.39295676429567644,2886,1276,383,1305,1581,410,866,782,243,56,1253,85.643094629156,0.36503928571428573,74.31923383878691,106.3,668,216,94,247.4,666.0,0.2593295382669197,0.6636015325670498,0.3001567398119122,0.32335329341317365,0.1407185628742515,0.31074168797953966,0.07161125319693094,0.37147147147147147,2.5295606506593478,1.0333568073542507,2.328483221379328,1.355136890637485,2.2676938751851408,1.2905403533029995,-1.1787504364226904,-0.40295072019856826,1.0481211000557762,1.8985180256183527,2.5940324934308627,1.0078634709494774,2.0923692736421002,2.1010892158353958,1.5176768147834292,1.3670708976680208,2.348235897982889,1.262720852146135,2.4136012277275136,1.1899236748780695,0.1763304488063963,-0.19038724681310237
668227,Randy Arozarena,1214,0.0129196433308826,0.0287419275831113,-0.0272160236276994,0.0601714886103156,292.4426537463245,2873,1264,350,1444,1429,361,903,840,258,49,1215,84.59392857142856,0.3269619095263341,70.07613168724279,104.52000000000001,710,191,62,239.8,706.0,0.25262421273617913,0.6253462603878116,0.27689873417721517,0.26901408450704223,0.08732394366197183,0.30714285714285716,0.058333333333333334,0.3396600566572238,2635,1207,290,1236,1397,426,780,831,206,33,1162,83.65246690734055,0.34832125,68.73468158347676,102.6,643,137,63,246.65,640.0,0.3049391553328561,0.6310679611650486,0.24026512013256007,0.2130637636080871,0.09797822706065319,0.24789410348977137,0.039711191335740074,0.385390625,0.9572537748178235,-0.29565585934549776,0.6392044655463874,-0.1330372514058199,0.697519185321299,0.16537587822957095,-0.5199444591936001,0.39284056692275854,0.9623680567681463,-0.0015379739066172064,0.42477945370871545,-0.39298970570256686,0.2059791206088531,0.5841265879776641,0.963443655840744,0.32769161298499694,0.10105042810078062,0.7526844583159121,0.5639614614990012,0.019275504018319723,-0.2999720332016093,-0.033716904505868533
682663,Agustín Ramírez,1044,0.0126446812101279,0.028202376514365,-0.0292661084945487,0.0591765293679725,230.2161781356197,2122,1059,247,996,1126,361,698,745,230,47,1044,84.55557046979865,0.33177238691655553,73.35287356321838,107.7,584,113,34,181.75,581.0,0.3206039076376554,0.7008032128514057,0.2332389046270066,0.1934931506849315,0.05821917808219178,0.3087248322147651,0.06308724832214765,0.31282271944922546,924,449,127,442,482,141,308,301,73,7,446,82.20531561461794,0.2851235930735931,74.23721973094172,106.0,232,57,24,73.8,231.0,0.2925311203319502,0.6968325791855203,0.2828507795100223,0.24568965517241378,0.10344827586206896,0.2425249169435216,0.023255813953488372,0.3194805194805195,0.9907071672757497,-0.4091958941419269,1.918229809248467,1.2344741223637048,0.6758379976174171,-0.6525988775640845,0.666157340906006,0.17634661719845982,-0.3386983604341488,0.5605373302152343,0.6335419615242943,-1.1156079808407628,-0.8270226290647965,0.7782724561920559,0.20575630909291281,1.0667374497560687,0.2478092090150847,-1.1753593375063882,0.8932252289362026,-0.4236575935378915,-0.34005947965739164,-0.25633723524442675
682177,Daniel Schneemann,728,0.0123645700598255,0.0303274870118987,-0.0834617840749796,0.085222942406732,159.30498263790415,1668,758,209,840,828,215,543,500,119,30,742,81.9662,0.2966185897133883,68.01522911051214,102.0,421,117,37,121.3,418.0,0.25966183574879226,0.6464285714285715,0.2757255936675462,0.27790973871733965,0.08788598574821853,0.238,0.06,0.2901913875598086,1126,559,165,548,573,191,366,353,79,13,553,82.47932011331444,0.28689423487544485,69.52748643761302,101.4,282,84,24,75.85,281.0,0.3333333333333333,0.6678832116788321,0.295169946332737,0.2978723404255319,0.0851063829787234,0.2237960339943343,0.036827195467422094,0.26992882562277576,-0.5048824982099571,-0.8052480714003731,-0.3743627879533804,-0.6156883245009409,-0.7877544327967285,-0.49772304389367034,-0.39715283243239247,0.8882588780452949,1.115621418006029,1.4595349446010875,0.4979691329193535,-0.5196369451707662,0.22592741591092644,0.12727228273641328,0.9430845813942601,1.2805284086353859,-0.8246682196352977,-1.1213403262531807,-0.39873976113520204,-0.7119273422437862,-0.3589064377642426,-0.8752624871363388
608324,Alex Bregman,781,0.0119551602669472,0.0289048531706893,-0.0429201597145249,0.0645174968363292,171.24770678474542,1947,791,107,1019,928,184,607,641,200,24,785,85.42917316692667,0.337121101222391,69.36420382165605,101.8,493,70,48,178.4,492.0,0.19827586206896552,0.5956820412168793,0.13527180783817952,0.14198782961460446,0.0973630831643002,0.31201248049922,0.0374414976599064,0.36260162601626017,2740,1140,162,1358,1382,323,817,918,230,31,1126,83.12995642701526,0.3233756231884058,68.1880106571936,100.5,692,101,73,249.2,690.0,0.2337192474674385,0.601620029455081,0.14210526315789473,0.14595375722543352,0.10549132947976879,0.25054466230936817,0.03376906318082789,0.36115942028985504,1.0602297471675126,-0.23960555488788768,-0.4548046334692358,-0.9776766293222874,1.1696253137311194,-0.12996323710205115,-1.4682081525251627,-0.8497960916343166,-1.2260264185017362,-1.157701849850887,-0.4926605969269755,-0.6539311777944814,0.5622935751161838,0.850785596900092,-1.4943975943746235,-1.3758075154930596,0.4109886041784352,-0.008360544713240114,0.3386756869361712,-0.4019074287639895,1.1877314351294266,1.0585227634695888
669016,Brandon Marsh,760,0.0118787254188763,0.0290772151708902,-0.0417221954611584,0.0629486564574012,184.29779685680063,1657,781,168,805,852,248,533,553,148,23,766,83.21699819168174,0.3296586469055865,69.40522193211488,102.28,426,110,37,146.65,420.0,0.29107981220657275,0.662111801242236,0.21510883482714468,0.25821596244131456,0.08685446009389672,0.26763110307414106,0.04159132007233273,0.3491666666666667,2047,1069,242,977,1070,389,680,755,172,30,1047,81.61496688741722,0.2996992817679558,69.73218720152818,101.3,546,138,27,169.85,543.0,0.36355140186915885,0.6960081883316275,0.22637979420018708,0.25274725274725274,0.04945054945054945,0.22781456953642384,0.039735099337748346,0.3127992633517495,0.12171455613237012,-0.7202697117644569,-0.261744204231184,-0.6559092472588715,-0.0807645344128773,-0.9862822722398512,0.1510243620382352,1.415500218828329,0.7763391866582787,0.6821248520589186,-0.31042609423901546,-0.39193981430403524,0.189315961239463,-1.138243439069116,-0.10887901185383937,0.08672100286546457,0.18332290505486115,-0.7306819946465346,-0.06957947433916908,-0.6970166080427498,-0.15729214390080287,-0.8306473782054571
682998,Corbin Carroll,1200,0.0118030359576083,0.0277120912855643,-0.0242911608745485,0.0514999710493809,282.15266545146216,2497,1220,277,1220,1277,404,816,854,260,60,1200,84.5088992974239,0.3719789450773552,73.03258333333333,106.3,641,153,63,240.8,636.0,0.3163664839467502,0.6688524590163935,0.22704918032786886,0.23868954758190328,0.09828393135725429,0.3044496487119438,0.0702576112412178,0.3786163522012579,2536,1153,290,1157,1378,408,745,776,237,51,1120,85.40940721649484,0.343362131661442,74.091875,104.3,642,147,68,224.55,638.0,0.2960812772133527,0.6439066551426103,0.2515177797051171,0.22897196261682243,0.1059190031152648,0.30541237113402064,0.06572164948453608,0.35195924764890285,0.9003015761326197,0.9206598811310289,1.355136890637485,0.5507184354789425,0.6494580047183859,1.1584529860285406,0.5922232658141477,0.23828934103342717,0.4399402395559871,0.27252674485321104,0.9484198986466535,0.7492285471166993,0.5949768067298493,0.8659648160058315,0.09833775456280569,0.5229740468200271,1.4744370427585027,0.6013909165863588,1.0655506825787293,0.796090153268314,-0.1338811133007728,-0.04195632917520847
642201,Eli White,508,0.0115305182018162,0.0301026263719766,-0.0706952388606049,0.0779083140568325,140.27328543314428,1001,530,129,549,452,134,396,349,83,17,515,81.38051575931232,0.3102963480650449,69.28932038834951,101.3,271,70,10,82.1,267.0,0.29646017699115046,0.7213114754098361,0.24339622641509434,0.25830258302583026,0.03690036900369004,0.23782234957020057,0.04871060171919771,0.3074906367041198,802,420,102,392,410,134,286,289,53,9,414,80.59619377162629,0.2694066748768473,70.69202898550725,100.24,204,45,11,67.45,203.0,0.32682926829268294,0.7295918367346939,0.24285714285714285,0.22058823529411764,0.05392156862745098,0.18339100346020762,0.031141868512110725,0.33226600985221677,-0.5086392006093392,-1.659677049287132,-0.6559092472588715,-1.0822510284929,-1.1188013151495677,-1.562124407605283,0.24490034023185844,0.7747767086436668,0.7778314766479294,0.1280928042421779,0.0022086697275235066,-0.7693012988108663,-1.5836810882674497,-0.9795556592310134,0.38202988310743546,0.3726744459720266,-0.4073850731829321,-1.654853484796846,-0.5377052332946375,-1.3456414537986052,-0.7471106970636683,-0.5637749045222211
691594,Javier Sanoja,525,0.0112099112267272,0.0312463712738335,-0.1265817987214513,0.1047151607873069,125.98353837546996,1218,571,64,655,563,173,398,471,113,5,531,81.86963906581741,0.2815050869326184,66.05103578154426,100.4,342,41,19,106.4,337.0,0.30728241563055064,0.6076335877862595,0.11208406304728546,0.11988304093567251,0.05555555555555555,0.23991507430997877,0.010615711252653927,0.31572700296735906,1584,825,93,748,836,331,494,692,165,11,797,81.7670520231214,0.2933413043478261,67.47590966122961,100.19,465,37,25,165.25,460.0,0.39593301435406697,0.660427807486631,0.11272727272727273,0.07956989247311828,0.053763440860215055,0.2384393063583815,0.015895953757225433,0.3592391304347826,-0.4643851897406485,-0.4955926628154746,-1.0178975520802123,-1.1023614898718623,-0.8423336650818438,-0.9003190406392225,0.4337254997137277,1.9804908224805282,-1.6068453087614283,-2.301355836926581,-1.6706830179589196,-1.4388074649205405,-0.9215613300532332,-0.9851680136675729,-1.8968055059188966,-1.885643029087153,-1.2857532770060027,-0.9246521434628766,-1.0562105403735254,-0.9723465603419953,0.537090996228341,0.30533500746640824
805367,Chase Meidroth,768,0.0110288452904078,0.0307820580140303,-0.0799682324167131,0.0824239899984242,173.51770605104312,2057,793,91,1089,968,217,576,642,145,6,778,83.07414330218069,0.2996354412849565,64.91002570694087,99.47999999999999,505,72,45,154.15,500.0,0.22417355371900827,0.5289256198347108,0.11475409836065574,0.14257425742574256,0.0891089108910891,0.22585669781931464,0.009345794392523364,0.3083,2601,1090,191,1277,1321,383,706,803,173,19,1066,81.94595267745953,0.2962132633279483,64.14502814258913,98.8,630,139,60,212.25,620.0,0.28993186979560936,0.552858261550509,0.17522935779816515,0.22063492063492063,0.09523809523809523,0.21544209215442092,0.023661270236612703,0.34233870967741936,-0.7616720398401673,-0.9819055294753986,-1.3879300414531481,-1.6614323162070497,-0.1615105448273883,-0.7991988469321419,-1.0163482445179386,0.13099519653480501,-1.2159235040835639,0.1288970942055076,-1.7264499025292017,-1.0978028516632785,0.2693321225677237,0.4868723785500062,-1.850468816262698,-0.8009608511800822,-0.732629649878633,-0.8370339790754096,-0.9540384357057077,-1.0754747046706554,1.088018171857981,0.25698523474744395
690993,Colt Keith,806,0.0110097317135016,0.0289056554936028,-0.0448096887594735,0.0621931932122496,191.36678529825184,1826,819,168,929,897,227,592,590,167,29,807,83.5135593220339,0.34134304824486034,68.99405204460966,103.12,467,102,47,155.8,467.0,0.2530657748049052,0.6372443487621098,0.20512820512820512,0.21841541755888652,0.1006423982869379,0.2830508474576271,0.04915254237288136,0.33361884368308353,1608,704,137,807,801,197,507,521,140,23,697,83.8641074856046,0.33313321090047393,70.37302725968436,102.6,423,84,32,137.25,422.0,0.2459425717852684,0.6282527881040892,0.19460227272727273,0.19858156028368795,0.07565011820330969,0.2687140115163148,0.044145873320537425,0.32523696682464454,0.4477897071393519,0.1446143867019808,0.0761115469354053,-0.1330372514058199,0.08686100646703969,0.28500169150295185,-0.5122401356403571,-0.636524952397937,0.0906597371051944,-0.2510357944295222,0.02161596653147119,-0.19824593458145826,0.6786847637045373,-0.20835447335627358,-0.28208621200485323,-0.4647567784058939,0.5397924105037482,0.2893254355178389,0.23443412751540324,0.07753166554709867,0.3455878435611383,0.28599076296926984
677594,Julio Rodríguez,1338,0.0109301853054779,0.0269758133081904,-0.0218203334810541,0.0476438861444056,315.0544784459553,2496,1382,368,1233,1263,453,929,924,276,49,1339,85.11504329004329,0.3440038365710654,74.89021657953697,106.3,704,152,38,249.25,702.0,0.3586698337292161,0.7534468775344688,0.2662807525325615,0.2159090909090909,0.05397727272727273,0.2987012987012987,0.05303030303030303,0.35505698005698005,2336,1211,306,1030,1306,501,710,829,232,38,1186,83.60651387213511,0.33338400318979267,74.95809443507589,105.02000000000001,629,141,43,196.65,627.0,0.3836140888208269,0.6893203883495146,0.2526837324525186,0.22416534181240064,0.06836248012718601,0.2798552472858866,0.045838359469240045,0.31363636363636366,0.7787435236029361,0.38021363177495343,1.355136890637485,0.8403090793360231,0.9920693728814504,0.1394017987126794,1.3303271864031834,1.7655516443708643,0.04748101473572216,0.18971880548649564,0.19190320167486666,-0.12392242360626231,-0.9775785798272255,-0.46701118244360235,0.7791756359460952,0.543208382425851,0.6209681482420965,0.2969766450875882,0.7877642274077669,0.3065957462609964,-0.7836406042280566,-0.7413725036817034
682928,CJ Abrams,1149,0.0104483253975481,0.02890253766026,-0.046576092648099,0.0619212790868073,255.10582958456553,2320,1173,264,1195,1125,366,807,819,214,35,1150,83.51184371184371,0.30867957496706094,70.26052173913044,102.5,638,125,36,209.35,633.0,0.3253333333333333,0.6753138075313807,0.22506393861892582,0.19592476489028213,0.05642633228840126,0.2612942612942613,0.042735042735042736,0.33072669826224327,2431,1244,338,1103,1328,488,756,815,210,41,1233,83.6925153374233,0.3285409265175719,70.85085158150852,102.7,629,152,50,226.0,626.0,0.3674698795180723,0.6854034451495921,0.2717041800643087,0.24165341812400637,0.0794912559618442,0.25766871165644173,0.05030674846625767,0.3610223642172524,-0.012288095850276065,-0.08895614015984461,-0.17325817416374475,-0.09281632864788934,0.08589129042324115,0.1880124919558559,0.7486758096812914,1.4838693605222173,-0.2968067759150033,0.4910014782364931,-0.26020087736520614,0.07230155076177688,-0.8906552612124096,-0.07202277831385456,0.06388520313054756,0.87329561898641,-0.45670983445454627,0.14922332028567967,-0.16331313828210642,0.0455529788391157,-0.35160237452731136,-0.7300473090147437
701762,Nick Kurtz,804,0.010276627045802,0.0282426869742642,-0.0357691810652961,0.057386878902576,187.91416671035887,1954,842,278,975,979,219,623,510,169,50,804,85.9986274509804,0.3723257497169319,75.27499999999999,105.72000000000001,487,151,60,205.8,485.0,0.2236976506639428,0.638974358974359,0.33016627078384797,0.31006160164271046,0.12320328542094455,0.33137254901960783,0.09803921568627451,0.4243298969072165,1851,797,266,847,998,233,562,463,143,38,736,85.09632829373649,0.3740785495283019,76.38654891304348,106.88000000000001,427,141,70,164.75,424.0,0.23346693386773548,0.6635182998819362,0.3337515683814304,0.33021077283372363,0.16393442622950818,0.30885529157667385,0.08207343412526998,0.388561320754717,1.4696293525884556,0.9934659390865347,1.121855538641514,1.5884182426334674,1.4914985216513208,0.9814910770179046,-1.0246517456016688,-0.8541984299388808,1.6695302083981864,2.016657933709919,2.1684159290209783,1.4672976705427518,1.4794277148798456,2.9250789298369253,1.8878663779418152,1.9500868367021866,1.485017411813591,1.5384920968887954,1.547283350743172,1.313833005233891,-0.2633292814646218,-0.046866852659074865
656716,Zach McKinstry,931,0.010062572182631,0.0284502337795655,-0.0316966850326804,0.0540033479726387,213.8970791941403,2035,950,196,1054,981,260,690,687,122,21,933,80.2311499272198,0.3050536582253358,66.17674169346195,99.5,511,111,45,173.55,509.0,0.2650356778797146,0.6546489563567363,0.2063157894736842,0.2172211350293542,0.08806262230919765,0.17758369723435224,0.03056768558951965,0.34096267190569746,1583,771,109,824,759,216,555,603,74,6,739,79.82636815920398,0.2827480609756097,65.93991880920163,96.48,416,68,40,120.35,410.0,0.2845849802371542,0.6735436893203883,0.14137483787289234,0.16346153846153846,0.09615384615384616,0.12271973466003316,0.009950248756218905,0.29353658536585364,-1.7824818252578394,-2.9426680408232393,-1.3798858569015586,-2.5945577241909565,-1.7684585006499747,-1.997253699540028,-0.3033906607401556,0.037703290188226705,0.07008476784586316,-0.856079702809168,-0.7945158571584668,-1.6999060099433934,0.23219669425462594,0.5193746949023891,-0.2614764743802361,-1.3884835612287523,-0.5673298576967405,-1.247832434549006,-1.2585343795329158,-2.0964435818093246,0.18174476538228862,0.6815586671880207
500743,Miguel Rojas,488,0.0100374565427869,0.0298570975391655,-0.0711391686594459,0.0754974650794391,105.04163800498772,1166,524,86,582,584,157,367,407,90,10,497,81.5909090909091,0.2916568158392689,65.07766599597585,100.82000000000001,315,46,22,99.3,310.0,0.2688356164383562,0.6305841924398625,0.16412213740458015,0.14603174603174604,0.06984126984126984,0.22113022113022113,0.02457002457002457,0.3203225806451613,853,418,65,391,462,151,267,328,88,10,404,82.43475609756098,0.30875248962655605,66.29059405940595,101.53,243,26,14,78.8,241.0,0.3268398268398268,0.6828644501278772,0.15550239234449761,0.10699588477366255,0.05761316872427984,0.2682926829268293,0.03048780487804878,0.3269709543568465,-0.8616209470203472,0.1357047199770783,-0.8489696764969176,-0.5634011249156374,-0.99988048434292,-0.5229120065725799,-0.2370897752889206,0.7749609329446429,-1.1563582671953825,-1.8288638306076688,-1.0578959887770634,-0.7980237233470692,-0.41452519495606677,-0.8485314340515836,-0.9937192846522216,-1.1433092356781633,-0.9760427768504361,-0.4544853428562622,-0.9488819746975368,-0.4406234955428941,0.49316053304511454,0.3371701748224014
664983,Jake McCarthy,383,0.0095370532216631,0.0307619545145812,-0.0998992925303675,0.0849504706001452,72.20994142084874,846,418,82,419,427,147,271,305,54,9,401,79.05508196721311,0.2864847739005749,65.56483790523691,98.92,223,40,10,60.55,219.0,0.3442622950819672,0.6467780429594272,0.19617224880382775,0.17937219730941703,0.04484304932735426,0.17704918032786884,0.029508196721311476,0.27648401826484015,1879,1077,203,886,993,373,704,778,143,25,1050,78.99344473007713,0.32517063829787235,67.59238095238095,100.2,571,90,28,205.9,565.0,0.3756294058408862,0.7945823927765236,0.18848653667595172,0.15761821366024517,0.04903677758318739,0.18380462724935734,0.032133676092544985,0.36442477876106194,-1.7937850399326574,-1.650930312885229,-1.6131672088975353,-1.0983393975960676,-2.433208556308192,-2.4680478327871893,1.0789461299086875,1.6262358255891196,-0.5819726062086668,-0.9567478656483056,-0.8410420473933058,-0.7257472516204687,-1.3017752729138385,-1.1529292492598597,-0.43751088624008594,-0.5708913160317592,-1.1338322243808068,0.04640205114129341,-1.5630070153824995,-1.179332548749532,-0.3403094775934433,-0.3128814732922286
673548,Seiya Suzuki,1100,0.0088025062472183,0.029352526335726,-0.065762349675502,0.0667879154072085,246.10189998798555,2727,1108,243,1421,1306,267,841,800,226,69,1101,83.90287500000001,0.3523519980677622,71.1063578564941,104.61,649,163,70,226.55,649.0,0.20444104134762633,0.5918367346938775,0.21931407942238268,0.25115562403698,0.10785824345146379,0.2825,0.08625,0.34907550077041605,2628,1053,224,1244,1381,310,741,746,183,40,1046,82.9470509383378,0.33919712046204625,71.09493307839388,103.2,607,149,74,226.3,606.0,0.22447501810282405,0.5956591639871383,0.2127255460588794,0.24546952224052718,0.12191103789126853,0.2453083109919571,0.05361930294906166,0.37343234323432345,0.43614115684821086,-0.3503365763683106,0.6754032960285175,0.10828828514174631,0.30691429198900544,-0.23334708728180195,-1.3606388224339567,-1.0110883290560047,0.6547044461027547,0.5567449040559845,1.650706580486905,0.21776843074028837,0.9347933607621922,1.4335625813673403,-0.035899784664522205,-0.15023940565208344,0.8756551376501372,0.4743241170707272,0.7889640926005551,0.043339433860529866,0.4191568804394791,0.509536353004861
663968,Jake Mangum,848,0.008731685659747,0.0304379305590508,-0.0862856964126933,0.0778600260056484,225.05516880557465,1442,895,151,750,685,300,590,675,128,9,852,81.45377777777779,0.2761210143380573,65.56455399061034,98.3,429,64,19,135.9,419.0,0.43795620437956206,0.7866666666666666,0.16871508379888267,0.14918414918414918,0.04428904428904429,0.18962962962962962,0.013333333333333334,0.3243436754176611,1678,977,179,780,898,409,568,707,104,8,963,79.33861386138614,0.28896225165562917,64.77860851505712,97.28,462,87,24,150.75,453.0,0.455456570155902,0.7282051282051282,0.18321392016376664,0.18831168831168832,0.05194805194805195,0.1471004243281471,0.011315417256011316,0.33278145695364236,-1.527751323433401,-2.427099373310262,-1.8625369299966854,-2.2727903421275406,-1.0773913520278124,-2.2729475434740998,2.713706548255801,3.0190508923250414,-1.1020490092519437,-0.42796402949623186,-1.5513418849785159,-1.6399562632024285,-1.3214383130552716,-1.0496007581080729,-0.9140117502182611,-0.6623940739832554,-1.4500113882566878,-1.058248953619954,-1.4938065757386205,-1.9342084951468568,-0.5047710254602169,-0.7445733867384068
592626,Joc Pederson,532,0.0079205498776161,0.0304782051039233,-0.0936208789633765,0.0788619670905088,129.83574913992467,1237,548,123,587,650,174,374,385,115,19,535,85.6948051948052,0.314893978301928,71.58635514018691,105.96000000000001,306,65,34,86.2,304.0,0.2676923076923077,0.637137989778535,0.22445255474452555,0.21241830065359477,0.1111111111111111,0.2987012987012987,0.04935064935064935,0.2835526315789474,1727,811,224,839,888,267,544,528,165,31,787,85.67878787878789,0.34286017482517483,70.19402795425667,104.09,431,102,47,152.3,430.0,0.30067567567567566,0.6483909415971395,0.2762022194821208,0.23665893271461716,0.10904872389791183,0.3125,0.058712121212121215,0.35418604651162794,0.7787435236029361,1.0705391265503474,1.218385753260537,0.466254497687298,1.31976876744433,1.3107152840776521,-0.2570380931465271,0.3184518703656643,-0.01265793934052284,0.4049570279299126,0.030315598222808344,0.4414134717111333,1.050245861991302,0.9770465230754956,0.053275042018809206,0.951356105872414,-0.2671198658188364,0.5860771405540838,0.6160187553423551,0.774999904116103,0.3166667131148857,-0.17442962027312384
575929,Willson Contreras,1028,0.0076867735634414,0.0286195802956655,-0.0435458488693911,0.0554594786841295,244.1736174199846,2160,1048,278,1096,1064,320,728,693,203,49,1031,83.57604617604618,0.35825864246293787,74.12386032977692,105.48,562,142,43,197.45,559.0,0.3007518796992481,0.6642335766423357,0.2652671755725191,0.2526690391459075,0.07651245551601424,0.29292929292929293,0.0707070707070707,0.3532200357781753,2062,1006,293,906,1156,394,612,634,183,42,991,83.21750788643533,0.37674674242424244,74.5640766902119,104.94000000000001,532,134,57,213.05,528.0,0.3408304498269896,0.6754966887417219,0.2912524850894632,0.2518796992481203,0.10714285714285714,0.2886435331230284,0.06624605678233439,0.4035037878787879,0.656685232173954,0.5660559881831122,1.0253253240224853,0.808132341129682,0.1221805127329294,-0.08047643914343808,0.3197814692946549,1.0190676935536604,0.6807773966590894,0.6671787349265975,0.9681573751210292,0.7722572682576445,-0.17774794088340826,0.909402491130978,0.7615856809350229,1.212543470398507,1.0558559494224562,1.6198937343745954,0.765640878694571,0.7371725785603193,-0.48497312194304387,-0.4973468519369467
621438,Tyrone Taylor,590,0.0075971780182375,0.0305752137057809,-0.1180116736812093,0.0850052227719749,128.9988764876154,1246,612,125,667,579,176,436,446,103,9,596,80.62309417040359,0.2980539933029271,68.36057046979866,101.1,340,76,15,92.6,337.0,0.30397236614853196,0.6536731634182908,0.2042483660130719,0.2235294117647059,0.04411764705882353,0.23094170403587444,0.020179372197309416,0.2747774480712166,867,422,83,418,449,154,268,315,72,16,412,81.15873015873017,0.3075406521739131,69.31990291262136,100.92,235,40,14,82.45,230.0,0.3429844097995546,0.6411483253588517,0.1966824644549763,0.1702127659574468,0.059574468085106386,0.22857142857142856,0.050793650793650794,0.35847826086956525,-0.6541414525165581,-0.7042647172591998,-0.7363510927747269,-0.8087487537389927,-1.5469194686115049,-1.2441614094168563,0.3759721418216217,1.0566497363166432,0.17876307193195046,-0.7397702912954109,-1.250706251987733,0.0936832858510664,-1.327521634297696,-0.778919958713841,-0.29735523553467763,-0.4286564324556661,-0.780876707102893,-0.491456265446544,-0.993798994598683,-0.6309895720021053,-0.39622540312914767,-0.16678574281985178
608369,Corey Seager,817,0.007580382770982,0.0280232970287901,-0.0471123242776458,0.0571804402158016,216.49225274596236,1668,833,210,815,853,196,637,560,171,45,817,85.32249999999999,0.3998089650229946,70.97552019583843,105.92000000000002,435,87,48,163.15,435.0,0.22977725674091443,0.7815950920245399,0.25210084033613445,0.2,0.1103448275862069,0.3053571428571429,0.08035714285714286,0.37505747126436784,1517,787,232,668,849,238,549,493,140,38,777,85.14787018255578,0.35235886977886977,69.8915057915058,104.4,408,94,41,134.3,407.0,0.28032979976442873,0.8218562874251497,0.2947903430749682,0.23039215686274508,0.10049019607843138,0.2839756592292089,0.07707910750507099,0.32997542997543,0.9194919909069822,0.46734633081429006,1.2022973841573694,0.590939358236873,1.1093303341354273,1.0106241497879134,-0.9185754867681512,-0.036540603164974164,-0.2265990695862277,0.29699369654141866,1.391928786135006,1.2479777726194432,1.0230485214113776,0.6732827223357294,0.5330926768527127,1.2739406461965763,2.3234795532472163,0.8758647808649653,1.3893056097164003,0.8385504784646971,0.40878260022826096,-0.21527775430932283
691026,Masyn Winn,990,0.0070921751246552,0.0278496878723576,-0.0417976046214448,0.0514294149629479,215.27028573228264,2256,1021,163,1200,1056,274,747,768,163,19,1003,81.1796875,0.28628964282025077,68.71665004985046,101.73,538,102,34,161.65,535.0,0.25946969696969696,0.6225,0.15964740450538686,0.1895910780669145,0.06319702602230483,0.21223958333333334,0.024739583333333332,0.3021495327102804,2062,855,180,1033,1029,250,605,620,134,12,840,82.24483870967742,0.2971804748062015,69.55869047619048,101.61,517,109,44,151.3,516.0,0.24295432458697766,0.5856727976766699,0.21052631578947367,0.21083172147001933,0.0851063829787234,0.2161290322580645,0.01935483870967742,0.2932170542635659,-1.0496276992771032,-0.9673790825734496,-0.48295927939978206,-0.5312243867092964,-1.232315670693142,-0.6302591994723317,-0.40050524747462185,-0.6886635415188819,-0.40592284222809855,-0.03999135260107067,-1.0504500178807108,-1.2869146568626617,-0.6503462144188548,0.12727228273641328,-1.0713753023857766,-0.18840558643841168,-1.1397853132623958,-0.8075261431746918,-0.9910275961026267,-0.8446606937584862,0.30686429441741053,0.26108319082369436
702616,Jackson Holliday,1105,0.0068799885256034,0.0294480356936677,-0.0712264331882681,0.0662075467434154,262.54397400820153,2450,1153,252,1307,1132,252,895,806,196,35,1113,83.23200992555832,0.31325850615630163,68.54779874213837,101.65,649,140,55,202.25,645.0,0.2226148409893993,0.6847742922723795,0.21856027753686036,0.21571648690292758,0.0847457627118644,0.24317617866004962,0.043424317617866005,0.31356589147286823,1340,603,142,650,690,185,418,418,86,15,595,81.66818181818182,0.2926382905982906,68.37495798319327,99.1,353,84,32,100.9,351.0,0.26811594202898553,0.6430769230769231,0.23548922056384744,0.23796033994334279,0.0906515580736544,0.20574162679425836,0.03588516746411483,0.28746438746438746,-0.3954239237849235,-1.1870373804638328,-0.515136017606123,-1.5407695479332695,-0.07227943723369393,-0.9562035443171786,-1.043544482705045,-0.24964657057429654,0.04416285390857983,0.4273775298319096,-0.22993219282813496,-0.5610049815924641,0.11447295729220058,0.32408457313637434,-0.04898151577751486,0.24480904771087988,-0.31701510049956283,-0.9460997945957046,-0.30595733439048767,-1.0382230497804898,0.29070902546654515,-0.024613858458029644
686555,Isaac Collins,755,0.0068183886037177,0.029740714929681,-0.0851023913194527,0.071389179566006,180.13449958260975,1792,773,161,955,837,154,619,545,123,14,765,81.53247706422017,0.3219453264125098,69.96588235294118,102.32000000000001,442,93,57,157.1,437.0,0.18399044205495818,0.6481675392670158,0.20827943078913325,0.21040723981900453,0.12895927601809956,0.22568807339449543,0.025688073394495414,0.3594965675057208,2000,804,154,994,1006,219,585,584,150,16,788,81.99400684931507,0.2939782135728543,70.07017766497462,103.07000000000001,506,114,62,152.2,501.0,0.21769383697813122,0.5885311871227364,0.19154228855721392,0.22529644268774704,0.1225296442687747,0.2568493150684932,0.0273972602739726,0.30379241516966066,-0.7652378729317506,-0.10628359121902523,-0.24565583512801062,0.05600108555644287,-1.0329080765523537,-0.7720371398693987,-1.7174584973281237,-1.1294055876205908,-0.047304276222418284,0.20920528809339453,-1.008798207894152,-0.9337413042421717,1.6837223807024428,1.4555184864431434,-0.22739878343194653,-0.5178607714994985,-0.05199625779295492,-0.9052212192871978,-0.6209192500598444,-0.5322564338122702,0.9189709844212328,0.7233948893674595
665966,Carlos Narváez,879,0.0065812891338843,0.0278333323568241,-0.0526578859132879,0.0561702417831364,208.13879979290877,1829,895,227,935,894,265,630,615,151,27,886,83.00650406504064,0.29341426560087525,70.38905191873589,103.16,446,111,38,143.45,444.0,0.29642058165548096,0.6737967914438503,0.2536312849162011,0.24887892376681614,0.08520179372197309,0.24552845528455283,0.04390243902439024,0.32308558558558553,1116,574,182,557,559,182,392,354,72,10,568,81.36214689265537,0.2607949253731343,69.02816901408451,99.87,276,90,18,65.65,268.0,0.32558139534883723,0.703770197486535,0.3170731707317073,0.32608695652173914,0.06521739130434782,0.2033898305084746,0.02824858757062147,0.2449626865671642,-0.34568127329283577,-1.2367698734256412,0.09219991603857294,-1.2310684426972265,-0.19974233770206776,-1.1291839678089526,0.2442094854261521,0.753003966839866,0.6154817019756377,1.94561327572314,-0.20893606140778617,-0.8963562811951775,0.13065865135169816,-0.5786383401324444,0.5596525261503785,1.660644321845562,-0.9224262303813111,-1.9175820574897315,-0.3169171973490855,-1.2821921245233459,-0.32217126555011755,-1.2344749761352531
624413,Pete Alonso,1250,0.0065251442302006,0.0260718196045467,-0.0292469629674778,0.0433737914647168,327.76473315022724,2807,1300,299,1385,1422,390,910,888,300,89,1250,86.76114864864864,0.3856686700639719,73.61648000000001,107.5,704,162,56,261.35,703.0,0.2742616033755274,0.6570397111913358,0.23,0.23011363636363635,0.07954545454545454,0.33783783783783783,0.10022522522522523,0.3717638691322902,2781,1254,308,1283,1497,402,851,869,284,61,1216,86.60195627157653,0.39457011177347245,72.95074013157895,105.0,673,162,73,249.4,671.0,0.2685370741482966,0.6632891660171473,0.24561403508771928,0.24071322436849926,0.10846953937592868,0.32681242807825084,0.07019562715765247,0.3716840536512668,1.6063482225825567,1.3731983036953532,1.8377879637326118,0.8322648947844336,1.9224991320137148,1.8325186673486868,-0.14241778708975064,-0.24229870639928752,0.292195375737463,0.47480392268408195,2.2644119311652973,0.9456979415312667,-0.07009913348854743,0.9564897993680852,0.14954727029252698,0.4205184797434591,1.8920852691428423,2.16365181601438,1.9046265037274046,1.429466324674824,-0.09235599810719669,0.07586652583495793
621020,Dansby Swanson,1253,0.0065187082016342,0.0276234625070615,-0.0419221429454084,0.0513957854454131,311.67124089030096,2521,1268,363,1300,1220,307,960,811,231,50,1258,84.2940813810111,0.34524331528317237,69.01780604133545,103.0,644,168,46,208.2,642.0,0.25163934426229506,0.7384615384615385,0.2862776025236593,0.2608695652173913,0.07142857142857142,0.2848335388409371,0.06165228113440197,0.32429906542056075,1805,854,246,853,952,250,604,551,138,23,845,83.57586206896552,0.3078892424242424,69.67869822485207,102.2,467,107,48,153.8,462.0,0.26260504201680673,0.7080890973036342,0.28805620608899296,0.2291220556745182,0.10278372591006424,0.25045372050816694,0.041742286751361164,0.3329004329004329,0.48548756694526374,-0.24152866468932482,0.027846439625890906,-0.293920942437525,0.5280362614621735,0.12207644970572759,-0.537128329633564,-0.345800112217689,0.8220551660803633,0.27511253169323047,0.5705270886349554,-0.30379657255326364,-0.3581878466119374,0.754685897445012,1.1262076873572282,1.1570741710383918,0.658782354609185,-0.48082142070515915,0.4541359422554937,-0.23959823013590903,-0.4423305926039912,-0.08292517326723034
646240,Rafael Devers,1408,0.0064633161746166,0.0258409027399047,-0.0257242829503995,0.0420293240177101,387.09089763286,3060,1445,419,1487,1573,403,1042,915,275,67,1415,85.37726775956284,0.366878621842998,70.14643109540636,105.06,721,192,101,266.25,717.0,0.256198347107438,0.7007397444519166,0.28996539792387543,0.26629680998613037,0.14008321775312066,0.3005464480874317,0.073224043715847,0.3713389121338912,2590,1225,326,1230,1360,408,817,791,241,50,1200,85.55461441213653,0.3420142788461539,70.5885,104.7,625,160,62,230.2,624.0,0.3,0.6642276422764227,0.26612244897959186,0.256,0.0992,0.30467762326169406,0.0632111251580278,0.3689102564102564,0.8177621577482669,0.9051224625161306,0.8563974484391907,0.7116021265106532,1.1402867690148142,1.2405285927683392,-0.45758337890790507,0.3066627598619479,0.9155551474653377,0.7381628272270362,1.078687243377532,0.6389818650521126,2.078539210408424,0.6274904000169537,1.1902069274121008,0.7764283829158839,1.318835600443294,0.5602704164826267,1.0423938438046196,0.8113010926659724,0.10759012860972272,-0.2984408924969786
664040,Brandon Lowe,1163,0.0061558891386837,0.0266412239394964,-0.0378845779561607,0.0473801284153601,272.7210871435269,2146,1190,367,1096,1041,333,852,735,201,47,1167,84.93414965986395,0.33514220798535294,71.73941730934018,104.16,555,149,37,189.35,549.0,0.31988472622478387,0.7773722627737226,0.30840336134453783,0.26846846846846845,0.06666666666666667,0.27346938775510204,0.06394557823129252,0.3448998178506375,2545,1289,423,1154,1391,471,818,765,208,47,1272,83.83176470588236,0.327867906793049,70.83639937106918,103.36,634,183,59,227.35,633.0,0.3386053199137311,0.708838821490468,0.3281613653995345,0.2886435331230284,0.09305993690851735,0.2718954248366013,0.06143790849673202,0.35916271721958926,0.24517442107052775,0.21189045840775006,0.49440914361784427,0.17264176155442834,0.8898226874694527,0.2667205501474985,0.6536091473661351,0.9802438859535165,0.9529682431198216,1.3005420581995266,0.6712344959486195,0.5611131698853943,-0.527199891644326,0.4095640298758855,1.5101855376714375,1.8530725764824219,0.35061622624820776,0.12869073146132762,0.5302513948709304,0.2682113342912798,-0.91099070495043,-0.931073622689895
624424,Michael Conforto,914,0.0045650711319806,0.0291710622482024,-0.0779847663142422,0.0632327325967854,210.92446746816915,2049,924,212,1041,1008,235,689,656,156,29,914,83.01463414634146,0.32958127136839394,72.52407002188184,102.0,488,121,56,141.1,485.0,0.23313492063492064,0.6618635926993276,0.22943722943722944,0.24795081967213115,0.11475409836065574,0.23780487804878048,0.04420731707317073,0.2909278350515464,1188,531,131,562,626,170,361,366,97,21,499,83.1827868852459,0.33479676975945016,70.62244488977956,103.1,294,79,31,104.75,291.0,0.2715654952076677,0.6423487544483986,0.24670433145009416,0.2687074829931973,0.1054421768707483,0.2650273224043716,0.05737704918032787,0.3599656357388316,-0.5090086638665564,0.06665345045065629,-0.3743627879533804,0.06806736238381575,-0.1951469638112638,-0.10010182496982166,-0.8599913581605994,-0.18945916842863916,0.5994924257822725,0.9570859593027383,-0.19554770545462064,0.3827853754731034,1.1795446942565178,0.8490410464765539,0.1397807609193501,0.43943984903159644,0.18096232031662862,0.34007754395074097,-0.21862076015383852,0.15149638145769895,0.3250657164288736,-0.08950639835728541
621566,Matt Olson,1385,0.00371336394056,0.0285270387871521,-0.0649379693179875,0.0563076537417089,359.39100329887026,3166,1434,345,1544,1618,403,1028,987,296,65,1387,85.36494427558257,0.3601102730677116,72.21643835616437,105.2,722,176,89,266.65,721.0,0.24907292954264523,0.6658031088082902,0.2405857740585774,0.24376731301939059,0.12326869806094183,0.2998986828774063,0.06585612968591692,0.36983356449375865,2837,1326,295,1385,1452,403,923,932,284,64,1294,85.09184549356223,0.3514628774289985,72.8950540958269,105.4,670,169,58,239.55,669.0,0.2775482093663912,0.6664259927797834,0.222473604826546,0.25223880597014925,0.08656716417910448,0.30472103004291845,0.06866952789699571,0.3580717488789238,0.8040641266121402,0.9060403683121325,0.9127067403002889,0.9931485858161443,1.1333211539820403,0.9789572594438537,-0.5819068347914723,-0.08507346850121544,0.5274194291103279,0.6733653863962944,0.7551340847962464,0.8786811123326304,1.481749374931796,0.17911910252088084,0.3332563489203249,0.018931680440256976,1.1123457794781169,0.848529709039673,0.9435143770337666,0.9210714069888868,0.3007451079231539,-0.10702612395361377
608348,Carson Kelly,732,0.002796451177037,0.0248392153465536,-0.0328151256788602,0.039818736826053,155.98401679976175,1667,748,141,839,828,182,566,565,134,28,734,82.57734513274336,0.3212771523110426,69.4050408719346,102.26,422,80,45,143.05,421.0,0.21980676328502416,0.6746126340882003,0.18850267379679145,0.1895734597156398,0.1066350710900474,0.23716814159292035,0.049557522123893805,0.33978622327790975,1603,720,129,769,834,206,514,548,125,16,707,81.44653284671533,0.31534618644067797,69.36336633663366,100.83,413,66,40,138.65,413.0,0.24700239808153476,0.6684005201560468,0.17916666666666667,0.15980629539951574,0.09685230024213075,0.2281021897810219,0.029197080291970802,0.33571428571428574,-0.5224734743609897,-0.7141875217905156,-0.2697883887827678,-0.8449475842211285,-0.4423162652574258,-1.0814864115743563,-1.0925394954776986,-0.6180332266022226,-0.40622636926371464,-0.9190518319132852,0.039400169369514244,-0.8547043543896677,0.8913798796938753,0.5441645972050534,-0.5706112670164707,-0.7326314705884585,-0.07238101560704811,-0.2533238306691074,-0.2535117949277434,-0.749729940528955,0.7401892528629398,0.7034702815772549
696100,Hunter Goodman,1147,0.0017425550209373,0.0282156469908496,-0.0726429122630113,0.0566753870923398,266.5728239018348,2149,1181,354,1014,1135,417,764,748,218,50,1148,84.90120320855615,0.32158802416792936,72.63510452961673,105.83000000000001,579,152,33,214.6,576.0,0.3674008810572687,0.7534516765285996,0.29974597798475866,0.26252158894645944,0.05699481865284974,0.2914438502673797,0.06684491978609626,0.37256944444444445,2057,1113,358,872,1185,475,638,676,187,48,1058,84.14038461538462,0.3202733241252302,73.61389413988658,104.7,546,172,42,196.35,543.0,0.4008438818565401,0.731651376146789,0.3216531895777179,0.315018315018315,0.07692307692307693,0.27662721893491127,0.07100591715976332,0.3616022099447514,0.6252731718797305,0.3119518107082968,1.1660985536752337,0.7116021265106532,0.8712003322269274,0.44116208668735196,1.4826654834132973,2.0661750667710614,0.8505160508381544,1.7549239262233278,0.7985556229395149,0.9812808607245148,-0.8704782421764315,-0.16317394849764244,1.3599423989503756,1.740127507264279,-0.06289688938913676,-0.10300595962959229,0.6796461582664539,0.46859818500024497,-1.1409005438445647,-1.4311001121890778
687263,Zach Neto,1026,0.0013429161786105,0.0295662619331393,-0.1160536994327691,0.0703618988086157,259.3727162512516,2171,1056,294,1023,1148,345,711,683,204,50,1036,84.8086383601757,0.34415480948289795,68.85666023166023,103.96000000000001,549,149,27,186.45,546.0,0.30052264808362367,0.6950146627565983,0.2784090909090909,0.27140255009107467,0.04918032786885246,0.2986822840409956,0.07320644216691069,0.34148351648351644,2698,1376,429,1155,1539,577,796,847,210,44,1338,83.10413223140496,0.31082141158989596,68.95127055306428,102.0,674,209,61,223.45,673.0,0.37491877842755034,0.6891774891774892,0.3117732558139535,0.31008902077151335,0.09050445103857567,0.24793388429752067,0.05194805194805195,0.33202080237741455,0.7783414282065746,-0.2948146305565222,0.41396729810199456,-0.3743627879533804,0.8188798114701616,-0.14455987271584383,0.3157818627602928,1.613836881236995,1.0035162815417953,1.6700025821609157,1.077914292345377,0.1443774359536731,-1.14783428651736,0.31886337236053997,0.9896548938736733,1.5686678181946685,0.6255740529568059,-0.3913663547567014,0.7429353766161828,-0.21214524200575494,-0.8641968311732804,-1.1334109773080099
641680,Jonah Heim,821,0.0007860492666039,0.0295547136165895,-0.0954363857759162,0.063337254364775,196.34043767402176,1704,847,186,883,821,246,601,599,129,19,823,82.39131886477463,0.2762692629626035,67.28347509113001,100.42000000000002,435,88,32,121.1,432.0,0.29963459196102316,0.6806342015855039,0.21959858323494688,0.20229885057471264,0.0735632183908046,0.21535893155258765,0.03171953255425709,0.28032407407407406,1394,699,140,683,711,244,455,514,112,17,657,82.45544747081712,0.28412169354838707,68.4117199391172,100.47,373,69,25,106.1,372.0,0.3431786216596343,0.6661786237188873,0.20028612303290416,0.18498659517426275,0.06702412868632708,0.2178988326848249,0.033073929961089495,0.28521505376344086,-0.9836640933741398,-0.9299538226562907,-1.0098533675286228,-0.989742906149666,-0.5474640766010823,-0.5112166012121728,0.30028716295129043,1.0600383222344694,-0.18699472242640594,-0.48524837168093654,-0.7439338712491383,-0.6844571242112681,-0.2824238264250044,-0.514512660381841,-0.030962409940383306,-0.3661173310751804,-1.4454885965157163,-1.205925441655791,-0.9460808010537398,-0.8642591791770377,-0.0911884642523764,-0.18079631996504836
676391,Ernie Clement,956,0.0007241221757461,0.029671744993815,-0.0935850995211793,0.0633297123700208,190.62050857774105,1871,1006,137,914,957,348,658,819,147,12,969,80.92612942612942,0.28932904828906986,64.79545923632611,98.82000000000001,587,61,26,186.15,579.0,0.36363636363636365,0.7199124726477024,0.13618290258449303,0.10391822827938671,0.044293015332197615,0.1794871794871795,0.014652014652014652,0.3215025906735751,1859,1071,150,870,989,443,628,873,123,11,1041,79.67514318442153,0.26017018333333336,64.91248799231508,96.96000000000001,602,56,22,180.8,600.0,0.44792719919110213,0.7218390804597701,0.1400560224089636,0.09302325581395349,0.036544850498338874,0.140893470790378,0.012600229095074456,0.30133333333333334,-1.7422296493725844,-2.5583553307234688,-1.6533881316554602,-2.4014972949529048,-1.3756345514465118,-2.0827307415325462,1.4169826218483381,2.8876793045603413,-1.8818853612711905,-2.0695827595118983,-1.4934335673613077,-1.5835352833941916,-1.321297370689178,-1.5962993392910638,-1.478586150122962,-1.4113707277616645,-1.0470586657544187,-1.9366417833151723,-1.4623489131180565,-2.1125520867836567,0.15554787971415912,-0.2507562891444606
678882,Ceddanne Rafaela,1224,0.0001322797319213,0.0272888577847642,-0.0540637026116977,0.0466448589906903,276.3354205973545,2128,1254,306,1074,1054,445,809,851,197,40,1243,82.54982373678025,0.3050188385653766,68.49798873692679,102.1,589,117,28,184.1,584.0,0.4222011385199241,0.7532588454376163,0.24401913875598086,0.19864176570458403,0.04753820033955857,0.23149236192714454,0.04700352526439483,0.31523972602739725,2073,1198,273,985,1087,493,705,836,157,22,1184,80.57081339712919,0.28189943060498224,67.04746621621621,99.0,568,115,20,192.2,562.0,0.45354185832566696,0.7157360406091371,0.2278797996661102,0.20246478873239437,0.035211267605633804,0.18779904306220097,0.02631578947368421,0.34199288256227756,-0.6424969109091512,-1.5664620034914256,-0.3341418651954555,-1.5809904706911944,-0.4578722111044349,-1.5764701817725173,2.438813993885148,2.985643223287908,-0.24999858199984112,-0.18413595793071438,-0.07275555714151018,-0.9812328048114395,-1.2061175462226483,-1.6436315693934853,0.39284011309882877,0.11275260155220501,-0.5683921412151814,-1.2737225798583494,-0.41513173711314666,-1.395775608124985,-0.946943267801696,-1.139472859075721
691406,Junior Caminero,1205,-0.005373052771803,0.0309456271712775,-0.1457117649093646,0.0675845778295445,269.8308044486563,2494,1258,292,1221,1273,409,849,877,286,68,1205,85.6036488027366,0.34550212424391324,76.76232365145229,106.6,652,125,40,242.4,651.0,0.32128829536527886,0.6953316953316954,0.23211446740858505,0.19171779141104295,0.06134969325153374,0.3261117445838084,0.07753705815279362,0.3723502304147466,2609,1150,244,1110,1488,452,695,812,280,61,1116,86.29839901477833,0.3629554848484849,77.97625448028674,108.78999999999999,668,125,65,253.7,660.0,0.30376344086021506,0.6261261261261262,0.21217391304347827,0.18712574850299402,0.09730538922155689,0.3448275862068966,0.07512315270935961,0.3843939393939394,1.3583812308194179,1.7541576283845461,1.4757996589112654,2.3566378673098685,1.2682443498410665,1.660938699001525,0.6780984582775499,0.3723268377213584,-0.36928405651632273,-0.44839527127020107,1.268088129220117,1.162084350190268,-0.7159127272019625,0.5602458711538879,0.18624244792149933,-0.1598126302872626,0.6666781380183822,1.1991479362116886,1.2074383013620498,1.626593296219579,-0.3027423942211723,0.1990317337474983
624641,Edmundo Sosa,523,-0.0058398799518101,0.02987531953113,-0.1198294579173547,0.0615497488268055,114.0654925740473,942,538,131,450,492,224,314,374,89,12,527,81.62647058823529,0.2900530101949093,70.47931688804553,102.1,261,56,10,88.8,257.0,0.45528455284552843,0.6977777777777778,0.24349442379182157,0.21455938697318008,0.038314176245210725,0.23796791443850268,0.03208556149732621,0.34552529182879377,877,533,132,398,479,251,282,353,91,13,527,81.68895184135978,0.33113326359832634,71.23851992409867,101.38000000000001,242,51,7,77.5,241.0,0.524008350730689,0.7085427135678392,0.24765478424015008,0.21074380165289255,0.028925619834710745,0.2577903682719547,0.036827195467422094,0.3215767634854772,-0.505560998712312,-0.0863835164971031,-0.3341418651954555,-0.6237325090525248,-0.9797800240542595,-0.9444636835837116,3.016049554325833,4.215134376630622,0.024228462425978245,-0.04150602562854751,-0.7278601466941159,-0.5196369451707662,-1.5335014931015372,-1.8667251080580516,0.3837340333663018,0.4559343259941871,-1.0249719250609959,0.2283107369449557,-0.7144629919434278,-0.38918118347182995,-1.2393783858049126,-1.6240719462635784
641355,Cody Bellinger,1233,-0.0070697569174463,0.0258235180637611,-0.0562098447355785,0.0386238857431861,306.0216079737812,2594,1253,197,1278,1316,397,856,966,229,38,1236,82.96252587991718,0.3234525652276973,68.71796116504854,101.1,657,90,56,231.45,653.0,0.30167173252279633,0.6697965571205008,0.15722266560255388,0.136986301369863,0.0852359208523592,0.2370600414078675,0.039337474120082816,0.35444104134762633,2042,961,173,989,1052,317,643,709,172,26,952,83.88631875881524,0.3382758011049724,68.34369747899159,101.1,547,86,58,189.65,543.0,0.30133079847908745,0.6501516683518705,0.18002081165452655,0.15722120658135283,0.10603290676416818,0.24259520451339917,0.036671368124118475,0.3492633517495396,-0.524759425625055,-0.4077095510877395,-0.7363510927747269,-0.7363510927747269,-0.22460017075484806,0.2975561914171591,0.3358309542389241,0.32988237674759496,-1.3121922020081982,-0.9635874603354568,-0.4094010515802355,-0.526479917131949,0.1318699095322034,0.8700075446197723,-1.113455035741836,-0.7178083515736381,-0.006013185195361004,0.44621636503103124,-0.3802249851860453,-0.18535360090924496,0.5554215482608283,0.555380244945318
666176,Jo Adell,1145,-0.0078451932603384,0.0304203467478044,-0.157425321609866,0.0679649785431413,265.28060870428067,2220,1167,309,1059,1160,380,786,769,237,65,1146,84.46853055916776,0.3654328375218592,75.30811518324607,106.8,573,151,33,195.1,572.0,0.3275862068965517,0.7422096317280453,0.2647814910025707,0.26352530541012215,0.05759162303664921,0.3081924577373212,0.08452535760728218,0.3410839160839161,2479,1325,342,1148,1328,472,851,872,242,38,1304,83.29105504587156,0.3245352312599681,75.29946319018404,104.99,634,154,28,196.35,627.0,0.35542168674698793,0.7412891986062717,0.2581132075471698,0.24290220820189273,0.04416403785488959,0.2775229357798165,0.04357798165137615,0.3131578947368421,0.9794492576886944,0.3308931756361599,1.5562415044271207,0.8282428025086387,0.6266403428866116,-0.03890530550889867,0.7879836852550628,1.2736538961185973,0.8678079686836175,0.5125154975983365,1.5749709664012543,-0.22318422003684285,-0.8492961450044805,-1.325875107601797,0.7531569477734017,0.6374333169040958,1.2747273909614938,0.0270169559204412,1.202405892473035,0.18481268170389964,-0.8145611866791407,-0.9373694545557065
650333,Luis Arraez,1149,-0.0084543146559042,0.0299909760144384,-0.1413325123170756,0.0634770368162495,258.3278259616661,2467,1219,54,1320,1147,393,826,1105,121,7,1169,81.2649773755656,0.3026015405136364,60.367151411462785,95.5,677,21,34,215.1,659.0,0.34263295553618134,0.6257575757575757,0.044298605414273995,0.0310192023633678,0.050221565731166914,0.10950226244343891,0.006334841628959276,0.32640364188163884,2408,1174,73,1237,1171,390,784,1035,125,7,1133,81.33062801932367,0.3079302444794953,61.42859664607238,95.56,641,28,30,216.85,634.0,0.3330486763450043,0.6337914308811641,0.062180579216354344,0.0436817472698908,0.046801872074883,0.12077294685990338,0.00676328502415459,0.3420347003154574,-3.2221726254499656,-2.9838359817513473,-2.988722767218644,-2.964590213563887,-1.184107190012317,-1.1469994117407951,1.0505176032577372,0.8832922160625172,-3.1377818348172206,-2.919632891201145,-1.8586723026593859,-1.8398577218668288,-1.110878121017627,-1.2322516988465217,-3.0731771058808266,-2.7628473262115936,-0.6421394403711973,-0.47957052372430564,-1.979162865142302,-1.8829707705294325,1.0123908041056708,0.8917340756259249
657757,Gavin Sheets,1010,-0.0089303008723862,0.0305253924657988,-0.1432809439031478,0.0627928570984121,234.4663764542077,2279,1019,221,1077,1202,378,641,715,241,37,1013,84.74,0.3402852968032429,72.82388943731492,104.4,545,107,43,180.0,542.0,0.3144758735440932,0.5951717734447539,0.2168792934249264,0.1963302752293578,0.07889908256880734,0.33706293706293705,0.05174825174825175,0.33210332103321033,1776,768,145,808,968,300,468,568,148,19,736,82.56302816901409,0.3169452791262136,72.13423913043479,102.03,414,84,49,128.15,412.0,0.30991735537190085,0.5792079207920792,0.18880208333333334,0.2028985507246377,0.11835748792270531,0.2605633802816901,0.03345070422535211,0.31104368932038834,1.5899617066386345,-0.027743743532576057,0.590939358236873,-0.3622965111260018,0.7800832832943295,-0.45040865681942,0.5592361156786761,0.47969962147021705,-0.2898206879881454,-0.17666315360210427,0.1356034484359141,-0.6679115316895451,-0.09304050990974928,1.3074381044318937,-0.07815387867535435,-0.5654152133517961,0.5075223675351063,-0.20453846612810714,0.7208220328281715,-0.34257978185912996,-0.07107551473123142,0.3924542124788942
663757,Trent Grisham,895,-0.0096431404451989,0.03118751714093,-0.1786546372743649,0.0698581509298839,212.2375591266758,2393,930,187,1263,1130,195,735,650,191,51,907,84.74723076923077,0.36994749882858075,68.66008820286659,103.52000000000001,582,137,82,215.75,581.0,0.17256637168141592,0.5819477434679335,0.2010752688172043,0.23539518900343642,0.140893470790378,0.29384615384615387,0.07846153846153846,0.37134251290877796,1966,768,129,984,982,189,579,587,181,32,753,85.31925042589438,0.3373421576763485,68.96772908366533,102.8,485,89,61,152.25,483.0,0.1924643584521385,0.5884146341463414,0.16796875,0.18350515463917524,0.12577319587628866,0.3083475298126065,0.054514480408858604,0.31521739130434784,0.6760737223124813,0.982728504679311,0.2369952379671161,-0.052595405889964496,0.7841703381347495,1.1074935741512872,-1.9167843468212906,-1.5696065908558152,0.3831853890034026,-0.51077046776392,1.3086855795602688,0.2570790814117676,2.107297140200744,1.5706403374174887,-0.3524222300712701,-0.926963877647282,1.4124613694980679,0.4177326283291346,0.8836772494945366,0.5424876765363071,0.9983295820224756,1.1444953184211264
700337,Edgar Quero,725,-0.0121182886530073,0.0308330966869406,-0.1485126510314186,0.0602787462281772,164.33048329700722,1583,734,133,875,708,135,599,541,146,11,726,84.58170055452865,0.2898630378763553,66.08264462809917,101.1,403,71,32,127.55,403.0,0.1906779661016949,0.6845714285714286,0.18119891008174388,0.1761786600496278,0.0794044665012407,0.2698706099815157,0.02033271719038817,0.3165012406947891,836,413,73,400,436,112,301,299,65,4,405,82.59832775919733,0.2818457042253521,67.22987654320987,100.22,217,43,18,56.15,213.0,0.25688073394495414,0.7525,0.17675544794188863,0.19815668202764977,0.08294930875576037,0.21739130434782608,0.013377926421404682,0.2636150234741784,0.16907251063811576,-0.9406863208749026,-0.7363510927747269,-1.0902952130444838,0.6906075312407309,-0.4304562345640858,-1.6007753565529277,-0.44567717283394104,-0.6369905180711328,-0.25835555071898836,-1.2439722894765382,-1.5493836326919437,-0.07510315580086434,0.05071226233739037,-0.6973632357607242,-0.7744765702333111,-1.0307676296484702,-1.2753616724759522,-0.4302821940041778,-1.0572366147302736,0.7150064886459802,0.38230538903090766
666139,Josh Lowe,967,-0.015317556474085,0.0318463073337046,-0.2128401624707492,0.0704070623038152,230.0200657404607,1842,1004,249,907,918,341,651,658,142,17,972,81.15106382978723,0.2941071946098761,70.32880658436214,100.0,435,109,32,125.65,430.0,0.37145969498910675,0.7177508269018743,0.24800796812749004,0.25057471264367814,0.0735632183908046,0.21580547112462006,0.025835866261398176,0.2922093023255814,1400,781,225,663,737,263,518,481,85,19,772,81.32557172557172,0.28797092307692307,70.65919689119171,99.8,327,98,24,92.0,325.0,0.3568521031207598,0.7812971342383107,0.2880921895006402,0.2996941896024465,0.07339449541284404,0.17671517671517672,0.0395010395010395,0.28307692307692306,-0.9742213001111724,-1.8008480803914926,-1.178781243111923,-1.2592230886277784,-1.2484946561039603,-1.1498573856567014,1.553483196228862,1.298611634429746,0.6446965679298559,1.4909215636658695,-1.0023080603832117,-0.402218272922924,-0.2824238264250044,-0.2884122316903088,0.46206359780467265,1.1576986392504487,-0.9012862460571269,-1.088492557714665,-1.061018301153479,-1.1401278770627123,-0.7356667970970987,-1.0589110172590932
