season,tracked_swings,player_id,player_name,eligible,model
2025,239,455117,Martín Maldonado,True,pooled_geometry
2025,343,456781,Donovan Solano,True,pooled_geometry
2025,978,457705,Andrew McCutchen,True,pooled_geometry
2025,369,457759,Justin Turner,True,pooled_geometry
2025,842,467793,Carlos Santana,True,pooled_geometry
2025,69,493329,Yuli Gurriel,True,pooled_geometry
2025,488,500743,Miguel Rojas,True,pooled_geometry
2025,715,502054,Tommy Pham,True,pooled_geometry
2025,988,502671,Paul Goldschmidt,True,pooled_geometry
2025,21,506702,Sandy León,False,pooled_geometry
2025,1070,514888,Jose Altuve,True,pooled_geometry
2025,605,516782,Starling Marte,True,pooled_geometry
2025,459,518595,Travis d'Arnaud,True,pooled_geometry
2025,1211,518692,Freddie Freeman,True,pooled_geometry
2025,157,518792,Jason Heyward,True,pooled_geometry
2025,213,518934,DJ LeMahieu,True,pooled_geometry
2025,495,519317,Giancarlo Stanton,True,pooled_geometry
2025,1277,521692,Salvador Perez,True,pooled_geometry
2025,862,527038,Wilmer Flores,True,pooled_geometry
2025,1011,542303,Marcell Ozuna,True,pooled_geometry
2025,179,542932,Jon Berti,True,pooled_geometry
2025,14,542963,Rob Brantly,False,pooled_geometry
2025,568,543309,Kyle Higashioka,True,pooled_geometry
2025,241,543510,James McCann,True,pooled_geometry
2025,70,543592,Austin Nola,True,pooled_geometry
2025,966,543760,Marcus Semien,True,pooled_geometry
2025,1025,543807,George Springer,True,pooled_geometry
2025,349,543877,Christian Vázquez,True,pooled_geometry
2025,209,545121,Ildemaro Vargas,True,pooled_geometry
2025,513,545341,Randal Grichuk,True,pooled_geometry
2025,952,545361,Mike Trout,True,pooled_geometry
2025,1147,547180,Bryce Harper,True,pooled_geometry
2025,531,553869,Elias Díaz,True,pooled_geometry
2025,19,553882,Omar Narváez,False,pooled_geometry
2025,1281,553993,Eugenio Suárez,True,pooled_geometry
2025,390,570482,Gio Urshela,True,pooled_geometry
2025,771,571448,Nolan Arenado,True,pooled_geometry
2025,24,571466,Tucker Barnhart,False,pooled_geometry
2025,525,571657,Kyle Farmer,True,pooled_geometry
2025,517,571771,Enrique Hernández,True,pooled_geometry
2025,91,571912,Luke Maile,True,pooled_geometry
2025,672,571970,Max Muncy,True,pooled_geometry
2025,13,572138,Jon Singleton,False,pooled_geometry
2025,608,572191,Michael A. Taylor,True,pooled_geometry
2025,1285,572233,Christian Walker,True,pooled_geometry
2025,936,573262,Mike Yastrzemski,True,pooled_geometry
2025,1028,575929,Willson Contreras,True,pooled_geometry
2025,594,578428,Jose Iglesias,True,pooled_geometry
2025,81,592178,Kris Bryant,True,pooled_geometry
2025,228,592192,Mark Canha,True,pooled_geometry
2025,1242,592206,Nick Castellanos,True,pooled_geometry
2025,1126,592450,Aaron Judge,True,pooled_geometry
2025,1311,592518,Manny Machado,True,pooled_geometry
2025,532,592626,Joc Pederson,True,pooled_geometry
2025,1036,592663,J.T. Realmuto,True,pooled_geometry
2025,168,592669,Hunter Renfroe,True,pooled_geometry
2025,15,592696,Eddie Rosario,False,pooled_geometry
2025,1170,592885,Christian Yelich,True,pooled_geometry
2025,825,593428,Xander Bogaerts,True,pooled_geometry
2025,892,593871,Jorge Polanco,True,pooled_geometry
2025,95,595751,Jorge Alfaro,True,pooled_geometry
2025,662,595777,Jurickson Profar,True,pooled_geometry
2025,822,595879,Javier Báez,True,pooled_geometry
2025,337,595978,Austin Hedges,True,pooled_geometry
2025,1308,596019,Francisco Lindor,True,pooled_geometry
2025,315,596103,Austin Slater,True,pooled_geometry
2025,1293,596115,Trevor Story,True,pooled_geometry
2025,3,596117,Garrett Stubbs,False,pooled_geometry
2025,162,596142,Gary Sánchez,True,pooled_geometry
2025,870,596146,Max Kepler,True,pooled_geometry
2025,180,600869,Jeimer Candelario,True,pooled_geometry
2025,709,602104,Ramón Urías,True,pooled_geometry
2025,18,605113,Nick Ahmed,False,pooled_geometry
2025,69,605131,Austin Barnes,True,pooled_geometry
2025,978,605137,Josh Bell,True,pooled_geometry
2025,962,605141,Mookie Betts,True,pooled_geometry
2025,652,605170,Victor Caratini,True,pooled_geometry
2025,20,605204,J.D. Davis,False,pooled_geometry
2025,6,605244,Aramis Garcia,False,pooled_geometry
2025,23,605353,Vimael Machín,False,pooled_geometry
2025,192,605361,Nick Martini,True,pooled_geometry
2025,405,606115,Orlando Arcia,True,pooled_geometry
2025,1046,606192,Teoscar Hernández,True,pooled_geometry
2025,936,606466,Ketel Marte,True,pooled_geometry
2025,157,606992,Eric Haase,True,pooled_geometry
2025,1182,607043,Brandon Nimmo,True,pooled_geometry
2025,3,607067,Colin Rea,False,pooled_geometry
2025,1182,607208,Trea Turner,True,pooled_geometry
2025,88,607680,Kevin Pillar,True,pooled_geometry
2025,262,607732,Jacob Stallings,True,pooled_geometry
2025,1191,608070,José Ramírez,True,pooled_geometry
2025,781,608324,Alex Bregman,True,pooled_geometry
2025,732,608348,Carson Kelly,True,pooled_geometry
2025,817,608369,Corey Seager,True,pooled_geometry
2025,131,608385,Jesse Winker,True,pooled_geometry
2025,80,608671,Travis Jankowski,True,pooled_geometry
2025,359,608701,Rob Refsnyder,True,pooled_geometry
2025,640,609280,Miguel Andujar,True,pooled_geometry
2025,522,620443,Luis Torrens,True,pooled_geometry
2025,1253,621020,Dansby Swanson,True,pooled_geometry
2025,211,621028,Kevin Newman,True,pooled_geometry
2025,239,621035,Chris Taylor,True,pooled_geometry
2025,1024,621043,Carlos Correa,True,pooled_geometry
2025,590,621438,Tyrone Taylor,True,pooled_geometry
2025,1031,621439,Byron Buxton,True,pooled_geometry
2025,993,621493,Taylor Ward,True,pooled_geometry
2025,68,621512,Tomás Nido,True,pooled_geometry
2025,1385,621566,Matt Olson,True,pooled_geometry
2025,14,622268,Donovan Walton,False,pooled_geometry
2025,37,622534,Manuel Margot,False,pooled_geometry
2025,56,622569,Pablo Reyes,True,pooled_geometry
2025,163,622761,Jorge Mateo,True,pooled_geometry
2025,305,623168,Tyler Heineman,True,pooled_geometry
2025,446,623993,Anthony Santander,True,pooled_geometry
2025,1250,624413,Pete Alonso,True,pooled_geometry
2025,123,624415,Cavan Biggio,True,pooled_geometry
2025,914,624424,Michael Conforto,True,pooled_geometry
2025,902,624428,Adam Frazier,True,pooled_geometry
2025,478,624431,Jose Trevino,True,pooled_geometry
2025,261,624512,Reese McGuire,True,pooled_geometry
2025,9,624513,Dom Nuñez,False,pooled_geometry
2025,571,624585,Jorge Soler,True,pooled_geometry
2025,523,624641,Edmundo Sosa,True,pooled_geometry
2025,362,628451,Andy Ibáñez,True,pooled_geometry
2025,893,630105,Jake Cronenworth,True,pooled_geometry
2025,22,640459,Brian Navarreto,False,pooled_geometry
2025,31,640492,José Azócar,False,pooled_geometry
2025,135,640902,Jhonny Pereda,True,pooled_geometry
2025,1,641302,Tyler Alexander,False,pooled_geometry
2025,183,641313,Tim Anderson,True,pooled_geometry
2025,381,641343,Jake Bauers,True,pooled_geometry
2025,1233,641355,Cody Bellinger,True,pooled_geometry
2025,1181,641487,J.P. Crawford,True,pooled_geometry
2025,162,641555,J.C. Escarra,True,pooled_geometry
2025,378,641584,Jake Fraley,True,pooled_geometry
2025,464,641598,Mitch Garver,True,pooled_geometry
2025,36,641645,Luis Guillorme,False,pooled_geometry
2025,138,641658,Garrett Hampson,True,pooled_geometry
2025,821,641680,Jonah Heim,True,pooled_geometry
2025,41,641856,Billy McKinney,False,pooled_geometry
2025,1109,641857,Ryan McMahon,True,pooled_geometry
2025,382,641933,Tyler O'Neill,True,pooled_geometry
2025,281,641943,Joshua Palacios,True,pooled_geometry
2025,1,642020,Chuckie Robinson,False,pooled_geometry
2025,413,642086,Dominic Smith,True,pooled_geometry
2025,562,642133,Rowdy Tellez,True,pooled_geometry
2025,366,642136,Matt Thaiss,True,pooled_geometry
2025,194,642180,Tyler Wade,True,pooled_geometry
2025,508,642201,Eli White,True,pooled_geometry
2025,225,642215,Weston Wilson,True,pooled_geometry
2025,80,642350,Jose Siri,True,pooled_geometry
2025,346,642708,Amed Rosario,True,pooled_geometry
2025,1271,642715,Willy Adames,True,pooled_geometry
2025,7,642727,Sergio Alcántara,False,pooled_geometry
2025,297,642731,Thairo Estrada,True,pooled_geometry
2025,219,642851,Austin Wynns,True,pooled_geometry
2025,851,643217,Andrew Benintendi,True,pooled_geometry
2025,693,643289,Mauricio Dubón,True,pooled_geometry
2025,565,643376,Danny Jansen,True,pooled_geometry
2025,761,643396,Isiah Kiner-Falefa,True,pooled_geometry
2025,876,643446,Jeff McNeil,True,pooled_geometry
2025,733,643565,Mike Tauchman,True,pooled_geometry
2025,30,644433,Chadwick Tromp,False,pooled_geometry
2025,1243,645277,Ozzie Albies,True,pooled_geometry
2025,207,645302,Victor Robles,True,pooled_geometry
2025,46,645305,Ali Sánchez,True,pooled_geometry
2025,306,645444,Jose Herrera,True,pooled_geometry
2025,1408,646240,Rafael Devers,True,pooled_geometry
2025,1031,647304,Josh Naylor,True,pooled_geometry
2025,534,647351,Abraham Toro,True,pooled_geometry
2025,542,649966,Luis Urías,True,pooled_geometry
2025,1149,650333,Luis Arraez,True,pooled_geometry
2025,1055,650402,Gleyber Torres,True,pooled_geometry
2025,897,650489,Willi Castro,True,pooled_geometry
2025,1090,650490,Yandy Díaz,True,pooled_geometry
2025,96,650559,Bryan De La Cruz,True,pooled_geometry
2025,1007,650859,Luis Rengifo,True,pooled_geometry
2025,356,650968,Yohel Pozo,True,pooled_geometry
2025,257,655316,Andruw Monasterio,True,pooled_geometry
2025,553,656180,Riley Adams,True,pooled_geometry
2025,27,656185,Greg Allen,False,pooled_geometry
2025,111,656248,Sean Bouchard,True,pooled_geometry
2025,911,656305,Matt Chapman,True,pooled_geometry
2025,91,656413,Stuart Fairchild,True,pooled_geometry
2025,158,656484,Tristan Gray,True,pooled_geometry
2025,296,656537,Derek Hill,True,pooled_geometry
2025,113,656541,Sam Hilliard,True,pooled_geometry
2025,562,656555,Rhys Hoskins,True,pooled_geometry
2025,189,656577,Alex Jackson,True,pooled_geometry
2025,134,656582,Connor Joe,True,pooled_geometry
2025,931,656716,Zach McKinstry,True,pooled_geometry
2025,957,656775,Cedric Mullins,True,pooled_geometry
2025,996,656811,Ryan O'Hearn,True,pooled_geometry
2025,247,656896,Emmanuel Rivera,True,pooled_geometry
2025,1260,656941,Kyle Schwarber,True,pooled_geometry
2025,497,656976,Pavin Smith,True,pooled_geometry
2025,235,657041,Lane Thomas,True,pooled_geometry
2025,316,657077,Alex Verdugo,True,pooled_geometry
2025,349,657136,Connor Wong,True,pooled_geometry
2025,459,657557,Paul DeJong,True,pooled_geometry
2025,922,657656,Ramón Laureano,True,pooled_geometry
2025,1010,657757,Gavin Sheets,True,pooled_geometry
2025,495,660162,Yoán Moncada,True,pooled_geometry
2025,1276,660271,Shohei Ohtani,True,pooled_geometry
2025,173,660644,Vidal Bruján,True,pooled_geometry
2025,786,660670,Ronald Acuña Jr.,True,pooled_geometry
2025,458,660688,Keibert Ruiz,True,pooled_geometry
2025,141,660757,Oscar Gonzalez,True,pooled_geometry
2025,914,660821,Jesús Sánchez,True,pooled_geometry
2025,166,660844,Leo Rivas,True,pooled_geometry
2025,1172,661388,William Contreras,True,pooled_geometry
2025,499,662139,Daulton Varsho,True,pooled_geometry
2025,259,663330,Jahmai Jones,True,pooled_geometry
2025,263,663368,Blake Perkins,True,pooled_geometry
2025,897,663457,Lars Nootbaar,True,pooled_geometry
2025,50,663536,Tristin English,False,pooled_geometry
2025,1095,663538,Nico Hoerner,True,pooled_geometry
2025,131,663584,Hayden Senger,True,pooled_geometry
2025,890,663586,Austin Riley,True,pooled_geometry
2025,285,663604,Brandon Lockridge,True,pooled_geometry
2025,73,663609,Luken Baker,True,pooled_geometry
2025,955,663616,Trevor Larnach,True,pooled_geometry
2025,760,663624,Ryan Mountcastle,True,pooled_geometry
2025,922,663647,Ke'Bryan Hayes,True,pooled_geometry
2025,1026,663656,Kyle Tucker,True,pooled_geometry
2025,84,663662,Daz Cameron,True,pooled_geometry
2025,920,663697,Jonathan India,True,pooled_geometry
2025,521,663698,Joey Bart,True,pooled_geometry
2025,1423,663728,Cal Raleigh,True,pooled_geometry
2025,29,663731,Connor Kaiser,False,pooled_geometry
2025,413,663743,Nick Fortes,True,pooled_geometry
2025,895,663757,Trent Grisham,True,pooled_geometry
2025,11,663796,Coco Montes,False,pooled_geometry
2025,192,663837,Matt Vierling,True,pooled_geometry
2025,653,663853,Romy Gonzalez,True,pooled_geometry
2025,589,663886,Tyler Stephenson,True,pooled_geometry
2025,53,663897,Luke Williams,True,pooled_geometry
2025,226,663898,Brendan Rodgers,True,pooled_geometry
2025,24,663967,César Salazar,False,pooled_geometry
2025,848,663968,Jake Mangum,True,pooled_geometry
2025,1146,663993,Nathaniel Lowe,True,pooled_geometry
2025,1154,664023,Ian Happ,True,pooled_geometry
2025,949,664034,Ty France,True,pooled_geometry
2025,1163,664040,Brandon Lowe,True,pooled_geometry
2025,922,664056,Harrison Bader,True,pooled_geometry
2025,312,664059,Sam Haggerty,True,pooled_geometry
2025,58,664068,Scott Kingery,True,pooled_geometry
2025,480,664238,Dylan Moore,True,pooled_geometry
2025,476,664702,Myles Straw,True,pooled_geometry
2025,610,664728,Kyle Isbel,True,pooled_geometry
2025,853,664761,Alec Bohm,True,pooled_geometry
2025,773,664770,Nathan Lukes,True,pooled_geometry
2025,412,664774,LaMonte Wade Jr.,True,pooled_geometry
2025,142,664913,Seth Brown,True,pooled_geometry
2025,18,664954,Brett Sullivan,False,pooled_geometry
2025,383,664983,Jake McCarthy,True,pooled_geometry
2025,724,665019,Kody Clemens,True,pooled_geometry
2025,153,665052,Griffin Conine,True,pooled_geometry
2025,114,665155,Nick Maton,True,pooled_geometry
2025,897,665161,Jeremy Peña,True,pooled_geometry
2025,1152,665487,Fernando Tatis Jr.,True,pooled_geometry
2025,1021,665489,Vladimir Guerrero Jr.,True,pooled_geometry
2025,200,665561,Rafael Marchán,True,pooled_geometry
2025,1022,665742,Juan Soto,True,pooled_geometry
2025,336,665750,Leody Taveras,True,pooled_geometry
2025,204,665804,Miguel Amaya,True,pooled_geometry
2025,208,665828,Oswaldo Cabrera,True,pooled_geometry
2025,904,665833,Oneil Cruz,True,pooled_geometry
2025,160,665839,Enmanuel Valdez,True,pooled_geometry
2025,78,665861,Sebastián Rivero,True,pooled_geometry
2025,974,665862,Jazz Chisholm Jr.,True,pooled_geometry
2025,96,665877,José Fermín,True,pooled_geometry
2025,45,665923,Esteury Ruiz,True,pooled_geometry
2025,713,665926,Andrés Giménez,True,pooled_geometry
2025,141,665953,Andrés Chaparro,True,pooled_geometry
2025,879,665966,Carlos Narváez,True,pooled_geometry
2025,815,666018,Jonathan Aranda,True,pooled_geometry
2025,692,666023,Freddy Fermin,True,pooled_geometry
2025,175,666126,Carlos Cortes,True,pooled_geometry
2025,762,666134,Nolan Jones,True,pooled_geometry
2025,967,666139,Josh Lowe,True,pooled_geometry
2025,459,666149,Tyler Fitzgerald,True,pooled_geometry
2025,67,666150,Dominic Fletcher,True,pooled_geometry
2025,310,666152,David Hamilton,True,pooled_geometry
2025,864,666158,Gavin Lux,True,pooled_geometry
2025,889,666160,Mickey Moniak,True,pooled_geometry
2025,225,666163,Ben Rortvedt,True,pooled_geometry
2025,44,666165,Blake Sabol,False,pooled_geometry
2025,1145,666176,Jo Adell,True,pooled_geometry
2025,470,666181,Will Benson,True,pooled_geometry
2025,1177,666182,Bo Bichette,True,pooled_geometry
2025,444,666185,Dylan Carlson,True,pooled_geometry
2025,20,666198,Carter Kieboom,False,pooled_geometry
2025,242,666211,Taylor Trammell,True,pooled_geometry
2025,774,666310,Bo Naylor,True,pooled_geometry
2025,348,666397,Edouard Julien,True,pooled_geometry
2025,93,666464,Jerar Encarnacion,True,pooled_geometry
2025,614,666624,Christopher Morel,True,pooled_geometry
2025,36,666915,Bobby Dalbec,False,pooled_geometry
2025,1108,666969,Adolis García,True,pooled_geometry
2025,1026,666971,Lourdes Gurriel Jr.,True,pooled_geometry
2025,25,667452,Corey Julks,False,pooled_geometry
2025,516,667472,Dane Myers,True,pooled_geometry
2025,1251,667670,Brent Rooker,True,pooled_geometry
2025,6,667690,C.J. Stubbs,False,pooled_geometry
2025,1214,668227,Randy Arozarena,True,pooled_geometry
2025,247,668670,Jake Rogers,True,pooled_geometry
2025,576,668709,JJ Bleday,True,pooled_geometry
2025,1091,668715,Spencer Steer,True,pooled_geometry
2025,33,668723,Ryan Vilade,False,pooled_geometry
2025,36,668731,Akil Baddoo,False,pooled_geometry
2025,150,668800,Andrew Knizner,True,pooled_geometry
2025,1269,668804,Bryan Reynolds,True,pooled_geometry
2025,69,668845,Aaron Schunk,True,pooled_geometry
2025,271,668885,Austin Martin,True,pooled_geometry
2025,886,668901,Mark Vientos,True,pooled_geometry
2025,756,668904,Royce Lewis,True,pooled_geometry
2025,1192,668930,Brice Turang,True,pooled_geometry
2025,586,668939,Adley Rutschman,True,pooled_geometry
2025,353,668942,Josh Rojas,True,pooled_geometry
2025,88,668952,Ryan Kreidler,True,pooled_geometry
2025,88,668974,Maverick Handley,True,pooled_geometry
2025,131,669003,Garrett Mitchell,True,pooled_geometry
2025,117,669004,MJ Melendez,True,pooled_geometry
2025,760,669016,Brandon Marsh,True,pooled_geometry
2025,903,669065,Kyle Stowers,True,pooled_geometry
2025,105,669087,Sam Huff,True,pooled_geometry
2025,988,669127,Shea Langeliers,True,pooled_geometry
2025,43,669134,Luis Campusano,True,pooled_geometry
2025,1,669194,Ryne Nelson,False,pooled_geometry
2025,34,669200,Mason McCoy,False,pooled_geometry
2025,65,669208,Ryan Bliss,True,pooled_geometry
2025,640,669221,Sean Murphy,True,pooled_geometry
2025,894,669224,Austin Wells,True,pooled_geometry
2025,220,669234,Justyn-Henry Malloy,True,pooled_geometry
2025,355,669236,Jeremiah Jackson,True,pooled_geometry
2025,628,669242,Tommy Edman,True,pooled_geometry
2025,19,669256,Nick Solak,False,pooled_geometry
2025,729,669257,Will Smith,True,pooled_geometry
2025,301,669261,Jack Suwinski,True,pooled_geometry
2025,104,669288,Daniel Johnson,True,pooled_geometry
2025,551,669289,Santiago Espinal,True,pooled_geometry
2025,63,669304,Jose F Miranda,True,pooled_geometry
2025,311,669326,Bryce Teodosio,True,pooled_geometry
2025,760,669357,Nolan Gorman,True,pooled_geometry
2025,1036,669364,Xavier Edwards,True,pooled_geometry
2025,120,669369,Bryce Johnson,True,pooled_geometry
2025,39,669374,Keston Hiura,False,pooled_geometry
2025,12,669392,Samad Taylor,False,pooled_geometry
2025,718,669394,Jake Burger,True,pooled_geometry
2025,714,669397,Nick Allen,True,pooled_geometry
2025,28,669398,Gage Workman,False,pooled_geometry
2025,1,669432,Trevor Rogers,False,pooled_geometry
2025,185,669450,Cooper Hummel,True,pooled_geometry
2025,663,669477,Casey Schmitt,True,pooled_geometry
2025,1009,669701,Josh Smith,True,pooled_geometry
2025,651,669707,Jared Triolo,True,pooled_geometry
2025,191,669717,Will Wilson,True,pooled_geometry
2025,795,669720,Austin Hays,True,pooled_geometry
2025,88,669722,Logan Davidson,True,pooled_geometry
2025,480,669743,Alex Call,True,pooled_geometry
2025,656,669911,Michael Toglia,True,pooled_geometry
2025,45,670032,Nicky Lopez,True,pooled_geometry
2025,438,670042,Luke Raley,True,pooled_geometry
2025,90,670092,Trenton Brooks,True,pooled_geometry
2025,95,670097,Zack Short,True,pooled_geometry
2025,244,670156,Miles Mastrobuoni,True,pooled_geometry
2025,289,670223,Matt Mervis,True,pooled_geometry
2025,417,670224,Kameron Misner,True,pooled_geometry
2025,299,670231,John Rave,True,pooled_geometry
2025,768,670242,Matt Wallner,True,pooled_geometry
2025,11,670276,Cal Stevenson,False,pooled_geometry
2025,350,670541,Yordan Alvarez,True,pooled_geometry
2025,726,670623,Isaac Paredes,True,pooled_geometry
2025,546,670764,Taylor Walls,True,pooled_geometry
2025,984,670770,TJ Friedl,True,pooled_geometry
2025,782,671056,Iván Herrera,True,pooled_geometry
2025,54,671083,Buddy Kennedy,True,pooled_geometry
2025,210,671213,Triston Casas,True,pooled_geometry
2025,1246,671218,Heliot Ramos,True,pooled_geometry
2025,438,671221,Drew Waters,True,pooled_geometry
2025,970,671277,Luis García Jr.,True,pooled_geometry
2025,142,671284,Tim Elko,True,pooled_geometry
2025,135,671286,Johnathan Rodríguez,True,pooled_geometry
2025,712,671289,Tyler Freeman,True,pooled_geometry
2025,84,671655,George Valera,True,pooled_geometry
2025,1151,671732,Lawrence Butler,True,pooled_geometry
2025,1188,671739,Michael Harris II,True,pooled_geometry
2025,23,671976,Tristan Peters,False,pooled_geometry
2025,20,672012,Tyler Black,False,pooled_geometry
2025,285,672016,Denzel Clarke,True,pooled_geometry
2025,831,672275,Patrick Bailey,True,pooled_geometry
2025,31,672279,Michael Siani,False,pooled_geometry
2025,128,672284,Jarred Kelenic,True,pooled_geometry
2025,1004,672356,Gabriel Arias,True,pooled_geometry
2025,26,672359,Tirso Ornelas,False,pooled_geometry
2025,929,672386,Alejandro Kirk,True,pooled_geometry
2025,573,672515,Gabriel Moreno,True,pooled_geometry
2025,123,672569,Gustavo Campero,True,pooled_geometry
2025,987,672580,Maikel Garcia,True,pooled_geometry
2025,969,672640,Otto Lopez,True,pooled_geometry
2025,9,672642,Steward Berroa,False,pooled_geometry
2025,1130,672695,Geraldo Perdomo,True,pooled_geometry
2025,522,672724,Oswald Peraza,True,pooled_geometry
2025,474,672744,Alexander Canario,True,pooled_geometry
2025,739,672761,Wenceel Pérez,True,pooled_geometry
2025,1030,672820,Lenyn Sosa,True,pooled_geometry
2025,1086,673237,Yainer Diaz,True,pooled_geometry
2025,804,673357,Luis Robert Jr.,True,pooled_geometry
2025,305,673490,Ha-Seong Kim,True,pooled_geometry
2025,1100,673548,Seiya Suzuki,True,pooled_geometry
2025,971,673962,Josh Jung,True,pooled_geometry
2025,26,674441,Jacob Hurtubise,False,pooled_geometry
2025,6,675659,Greg Jones,False,pooled_geometry
2025,4,675915,David Bañuelos,False,pooled_geometry
2025,149,676044,Bob Seymour,True,pooled_geometry
2025,628,676059,Jordan Westburg,True,pooled_geometry
2025,100,676070,Jacob Amaya,True,pooled_geometry
2025,99,676116,Ryan Noda,True,pooled_geometry
2025,110,676356,Jonny DeLuca,True,pooled_geometry
2025,956,676391,Ernie Clement,True,pooled_geometry
2025,200,676439,Hunter Feduccia,True,pooled_geometry
2025,37,676466,Jack Winkler,False,pooled_geometry
2025,935,676475,Alec Burleson,True,pooled_geometry
2025,68,676480,José Barrero,True,pooled_geometry
2025,9,676551,Brewer Hicklen,False,pooled_geometry
2025,862,676572,Eric Wagaman,True,pooled_geometry
2025,630,676609,José Caballero,True,pooled_geometry
2025,100,676679,Luis Vázquez,True,pooled_geometry
2025,585,676694,Jake Meyers,True,pooled_geometry
2025,78,676701,Alan Trejo,True,pooled_geometry
2025,89,676724,Jared Young,True,pooled_geometry
2025,219,676801,Chas McCormick,True,pooled_geometry
2025,57,676812,Carson McCusker,True,pooled_geometry
2025,408,676914,Davis Schneider,True,pooled_geometry
2025,343,677008,Heston Kjerstad,True,pooled_geometry
2025,28,677060,Chad Stevens,False,pooled_geometry
2025,244,677347,Kyren Paris,True,pooled_geometry
2025,688,677587,Brayan Rocchio,True,pooled_geometry
2025,295,677588,José Tena,True,pooled_geometry
2025,138,677592,Everson Pereira,True,pooled_geometry
2025,1338,677594,Julio Rodríguez,True,pooled_geometry
2025,359,677595,Ronny Mauricio,True,pooled_geometry
2025,415,677649,Ezequiel Duran,True,pooled_geometry
2025,823,677800,Wilyer Abreu,True,pooled_geometry
2025,58,677870,Leo Jiménez,True,pooled_geometry
2025,9,677941,Jordyn Adams,False,pooled_geometry
2025,464,677942,Blaze Alexander,True,pooled_geometry
2025,25,677943,Will Banfield,False,pooled_geometry
2025,854,677950,Alek Thomas,True,pooled_geometry
2025,1229,677951,Bobby Witt Jr.,True,pooled_geometry
2025,91,677956,Rece Hinds,True,pooled_geometry
2025,367,678009,Parker Meadows,True,pooled_geometry
2025,109,678011,Anthony Seigler,True,pooled_geometry
2025,45,678225,Jihwan Bae,True,pooled_geometry
2025,1043,678246,Miguel Vargas,True,pooled_geometry
2025,122,678391,Jorbit Vivas,True,pooled_geometry
2025,150,678489,Jorge Barrosa,True,pooled_geometry
2025,477,678554,Curtis Mead,True,pooled_geometry
2025,859,678662,Ezequiel Tovar,True,pooled_geometry
2025,337,678877,Jhonkensy Noel,True,pooled_geometry
2025,1224,678882,Ceddanne Rafaela,True,pooled_geometry
2025,137,678894,Liover Peguero,True,pooled_geometry
2025,293,679032,Johan Rojas,True,pooled_geometry
2025,1153,679529,Spencer Torkelson,True,pooled_geometry
2025,3,679631,Terrin Vavra,False,pooled_geometry
2025,20,679822,Justin Foscue,False,pooled_geometry
2025,306,679845,Nick Loftin,True,pooled_geometry
2025,12,680118,Dairon Blanco,False,pooled_geometry
2025,358,680474,Max Schuemann,True,pooled_geometry
2025,978,680574,Matt McLain,True,pooled_geometry
2025,173,680577,DaShawn Keirsey Jr.,True,pooled_geometry
2025,71,680700,Richie Palacios,True,pooled_geometry
2025,19,680716,Jonathan Ornelas,False,pooled_geometry
2025,943,680718,Addison Barger,True,pooled_geometry
2025,247,680728,Adrian Del Castillo,True,pooled_geometry
2025,211,680737,Michael Helman,True,pooled_geometry
2025,1071,680757,Steven Kwan,True,pooled_geometry
2025,35,680769,CJ Alexander,False,pooled_geometry
2025,1196,680776,Jarren Duran,True,pooled_geometry
2025,711,680777,Ryan Jeffers,True,pooled_geometry
2025,573,680779,Henry Davis,True,pooled_geometry
2025,77,680837,Ryan Fitzgerald,True,pooled_geometry
2025,207,680862,Willie MacIver,True,pooled_geometry
2025,207,680869,Zack Gelof,True,pooled_geometry
2025,31,680911,Owen Miller,False,pooled_geometry
2025,810,680977,Brendan Donovan,True,pooled_geometry
2025,973,681082,Bryson Stott,True,pooled_geometry
2025,170,681146,Jonah Bride,True,pooled_geometry
2025,610,681297,Colton Cowser,True,pooled_geometry
2025,897,681351,Logan O'Hoppe,True,pooled_geometry
2025,651,681393,Connor Norby,True,pooled_geometry
2025,638,681460,Brooks Baldwin,True,pooled_geometry
2025,910,681481,Kerry Carpenter,True,pooled_geometry
2025,171,681508,Mickey Gasper,True,pooled_geometry
2025,275,681546,James Outman,True,pooled_geometry
2025,37,681584,David Villar,False,pooled_geometry
2025,1236,681624,Andy Pages,True,pooled_geometry
2025,509,681715,Heriberto Hernández,True,pooled_geometry
2025,321,681807,David Fry,True,pooled_geometry
2025,5,681909,Justin Dean,False,pooled_geometry
2025,157,681962,Vinny Capra,True,pooled_geometry
2025,152,681987,Nate Eaton,True,pooled_geometry
2025,728,682177,Daniel Schneemann,True,pooled_geometry
2025,46,682183,Drew Avans,False,pooled_geometry
2025,13,682515,Logan Porter,False,pooled_geometry
2025,645,682622,Noelvi Marte,True,pooled_geometry
2025,497,682626,Francisco Alvarez,True,pooled_geometry
2025,21,682634,Kevin Alcántara,False,pooled_geometry
2025,348,682641,Luis Matos,True,pooled_geometry
2025,281,682653,Warming Bernabel,True,pooled_geometry
2025,904,682657,Angel Martínez,True,pooled_geometry
2025,1044,682663,Agustín Ramírez,True,pooled_geometry
2025,319,682668,Luisangel Acuña,True,pooled_geometry
2025,187,682729,Jonatan Clase,True,pooled_geometry
2025,1200,682829,Elly De La Cruz,True,pooled_geometry
2025,92,682848,Endy Rodríguez,True,pooled_geometry
2025,22,682868,Bryan Ramos,False,pooled_geometry
2025,147,682927,Ronny Simon,True,pooled_geometry
2025,1149,682928,CJ Abrams,True,pooled_geometry
2025,1384,682985,Riley Greene,True,pooled_geometry
2025,232,682988,Tyler Locklear,True,pooled_geometry
2025,10,682997,Tyler Callihan,False,pooled_geometry
2025,1200,682998,Corbin Carroll,True,pooled_geometry
2025,1161,683002,Gunnar Henderson,True,pooled_geometry
2025,1,683004,Jack Leiter,False,pooled_geometry
2025,1081,683011,Anthony Volpe,True,pooled_geometry
2025,32,683021,Michael Stefanic,False,pooled_geometry
2025,176,683083,Nasim Nuñez,True,pooled_geometry
2025,121,683090,Matthew Lugo,True,pooled_geometry
2025,794,683146,Brett Baty,True,pooled_geometry
2025,222,683227,Cody Freeman,True,pooled_geometry
2025,61,683357,Owen Caissie,True,pooled_geometry
2025,799,683734,Andrew Vaughn,True,pooled_geometry
2025,1054,683737,Michael Busch,True,pooled_geometry
2025,73,683748,Victor Mesa Jr.,True,pooled_geometry
2025,334,683766,Christian Koss,True,pooled_geometry
2025,139,683770,Will Robertson,True,pooled_geometry
2025,89,685301,Matt Gorski,True,pooled_geometry
2025,7,685744,Kenedy Corona,False,pooled_geometry
2025,973,686217,Sal Frelick,True,pooled_geometry
2025,93,686452,Drew Millas,True,pooled_geometry
2025,1204,686469,Vinnie Pasquantino,True,pooled_geometry
2025,100,686475,Tyler Tolbert,True,pooled_geometry
2025,513,686527,Dominic Canzone,True,pooled_geometry
2025,61,686554,Oliver Dunn,True,pooled_geometry
2025,755,686555,Isaac Collins,True,pooled_geometry
2025,531,686611,Dylan Crews,True,pooled_geometry
2025,960,686668,Brenton Doyle,True,pooled_geometry
2025,70,686676,Korey Lee,True,pooled_geometry
2025,534,686681,Michael Massey,True,pooled_geometry
2025,165,686765,Nick Sogard,True,pooled_geometry
2025,756,686780,Pedro Pagés,True,pooled_geometry
2025,949,686797,Brooks Lee,True,pooled_geometry
2025,20,686823,Will Brennan,False,pooled_geometry
2025,122,686894,Joey Wiemer,True,pooled_geometry
2025,858,686948,Drake Baldwin,True,pooled_geometry
2025,263,687221,Dalton Rushing,True,pooled_geometry
2025,342,687231,Darell Hernaiz,True,pooled_geometry
2025,1026,687263,Zach Neto,True,pooled_geometry
2025,732,687363,Victor Scott II,True,pooled_geometry
2025,842,687401,Joey Ortiz,True,pooled_geometry
2025,755,687462,Spencer Horwitz,True,pooled_geometry
2025,78,687478,Cam Devanney,True,pooled_geometry
2025,268,687515,Colby Thomas,True,pooled_geometry
2025,46,687529,Grant McCray,True,pooled_geometry
2025,186,687551,Drew Gilbert,True,pooled_geometry
2025,1043,687597,Jordan Beck,True,pooled_geometry
2025,215,687637,Dylan Beavers,True,pooled_geometry
2025,230,687859,Troy Johnston,True,pooled_geometry
2025,262,687952,Christian Encarnacion-Strand,True,pooled_geometry
2025,90,687957,Dustin Harris,True,pooled_geometry
2025,315,688363,Graham Pauley,True,pooled_geometry
2025,130,688760,Blaine Crim,True,pooled_geometry
2025,20,689041,Rhylan Thomas,False,pooled_geometry
2025,123,689172,Brett Wisely,True,pooled_geometry
2025,149,689200,Jacob Melton,True,pooled_geometry
2025,561,689414,Liam Hicks,True,pooled_geometry
2025,384,690022,Ryan Ritter,True,pooled_geometry
2025,102,690291,Jace Jung,True,pooled_geometry
2025,215,690924,Braxton Fulford,True,pooled_geometry
2025,154,690976,Alex Freeland,True,pooled_geometry
2025,15,690984,Petey Halpin,False,pooled_geometry
2025,369,690987,Robert Hassell III,True,pooled_geometry
2025,806,690993,Colt Keith,True,pooled_geometry
2025,7,691011,Drew Romo,False,pooled_geometry
2025,1056,691016,Tyler Soderstrom,True,pooled_geometry
2025,535,691019,Kyle Teel,True,pooled_geometry
2025,758,691023,Jordan Walker,True,pooled_geometry
2025,990,691026,Masyn Winn,True,pooled_geometry
2025,845,691176,Jasson Domínguez,True,pooled_geometry
2025,205,691182,Adael Amador,True,pooled_geometry
2025,93,691185,Maximo Acosta,True,pooled_geometry
2025,16,691373,Jhostynxon Garcia,False,pooled_geometry
2025,1205,691406,Junior Caminero,True,pooled_geometry
2025,525,691594,Javier Sanoja,True,pooled_geometry
2025,1352,691718,Pete Crow-Armstrong,True,pooled_geometry
2025,273,691720,Kyle Karros,True,pooled_geometry
2025,496,691723,Coby Mayo,True,pooled_geometry
2025,79,691728,Zac Veen,True,pooled_geometry
2025,405,691777,Max Muncy,True,pooled_geometry
2025,548,691781,Brady House,True,pooled_geometry
2025,117,691783,Jordan Lawlar,True,pooled_geometry
2025,255,691785,Marcelo Mayer,True,pooled_geometry
2025,14,691907,Tsung-Che Cheng,False,pooled_geometry
2025,251,692216,CJ Kayfus,True,pooled_geometry
2025,440,692225,Kristian Campbell,True,pooled_geometry
2025,315,692585,Yanquiel Fernández,True,pooled_geometry
2025,770,693304,Nick Gonzales,True,pooled_geometry
2025,862,693307,Dillon Dingler,True,pooled_geometry
2025,16,693409,César Prieto,False,pooled_geometry
2025,1101,694192,Jackson Chourio,True,pooled_geometry
2025,91,694203,Denzer Guzman,True,pooled_geometry
2025,109,694208,Moisés Ballesteros,True,pooled_geometry
2025,237,694212,Samuel Basallo,True,pooled_geometry
2025,38,694359,Niko Kavadas,False,pooled_geometry
2025,124,694362,Blake Dunn,True,pooled_geometry
2025,401,694374,Tim Tawa,True,pooled_geometry
2025,69,694376,Shay Whitcomb,True,pooled_geometry
2025,135,694377,Nick Yorke,True,pooled_geometry
2025,907,694384,Nolan Schanuel,True,pooled_geometry
2025,196,694388,Joey Loperfido,True,pooled_geometry
2025,351,694497,Evan Carter,True,pooled_geometry
2025,993,694671,Wyatt Langford,True,pooled_geometry
2025,87,694728,Brice Matthews,True,pooled_geometry
2025,304,695238,Will Wagner,True,pooled_geometry
2025,12,695257,Billy Cook,False,pooled_geometry
2025,575,695336,Thomas Saggese,True,pooled_geometry
2025,140,695391,Brett Harris,True,pooled_geometry
2025,430,695506,Jac Caglianone,True,pooled_geometry
2025,1145,695578,James Wood,True,pooled_geometry
2025,137,695600,Carter Jensen,True,pooled_geometry
2025,545,695657,Colson Montgomery,True,pooled_geometry
2025,16,695670,Harry Ford,False,pooled_geometry
2025,362,695681,Christian Moore,True,pooled_geometry
2025,664,695734,Daylen Lile,True,pooled_geometry
2025,319,696030,Alejandro Osuna,True,pooled_geometry
2025,1147,696100,Hunter Goodman,True,pooled_geometry
2025,550,696285,Jacob Young,True,pooled_geometry
2025,99,699625,Jimmy Crooks,True,pooled_geometry
2025,593,700242,Trey Sweeney,True,pooled_geometry
2025,196,700246,Carson Williams,True,pooled_geometry
2025,869,700250,Ben Rice,True,pooled_geometry
2025,725,700337,Edgar Quero,True,pooled_geometry
2025,949,700932,Kyle Manzardo,True,pooled_geometry
2025,211,701305,Zach Dezenzo,True,pooled_geometry
2025,463,701350,Roman Anthony,True,pooled_geometry
2025,977,701358,Cam Smith,True,pooled_geometry
2025,106,701398,Sal Stewart,True,pooled_geometry
2025,947,701538,Jackson Merrill,True,pooled_geometry
2025,127,701675,Nathan Church,True,pooled_geometry
2025,804,701762,Nick Kurtz,True,pooled_geometry
2025,252,702176,Alan Roden,True,pooled_geometry
2025,439,702284,Cole Young,True,pooled_geometry
2025,777,702332,Caleb Durbin,True,pooled_geometry
2025,5,702358,Trey Lipscomb,False,pooled_geometry
2025,1105,702616,Jackson Holliday,True,pooled_geometry
2025,687,802415,Chandler Simpson,True,pooled_geometry
2025,38,804668,Rafael Flores Jr.,False,pooled_geometry
2025,407,805249,Otto Kemp,True,pooled_geometry
2025,374,805300,Jakob Marsee,True,pooled_geometry
2025,768,805367,Chase Meidroth,True,pooled_geometry
2025,326,805373,Nacho Alvarez Jr.,True,pooled_geometry
2025,813,805779,Jacob Wilson,True,pooled_geometry
2025,64,805811,Bryce Eldridge,True,pooled_geometry
2025,87,805904,Zach Cole,True,pooled_geometry
2025,302,807712,Luke Keaschall,True,pooled_geometry
2025,792,807713,Matt Shaw,True,pooled_geometry
2025,317,807799,Masataka Yoshida,True,pooled_geometry
2025,326,808975,Hyeseong Kim,True,pooled_geometry
2025,1014,808982,Jung Hoo Lee,True,pooled_geometry
2025,568,810938,Ben Williamson,True,pooled_geometry
2026,157,457705,Andrew McCutchen,True,pooled_geometry
2026,54,467793,Carlos Santana,True,pooled_geometry
2026,397,500743,Miguel Rojas,True,pooled_geometry
2026,45,502054,Tommy Pham,True,pooled_geometry
2026,694,502671,Paul Goldschmidt,True,pooled_geometry
2026,98,506702,Sandy León,True,pooled_geometry
2026,888,514888,Jose Altuve,True,pooled_geometry
2026,336,516782,Starling Marte,True,pooled_geometry
2026,151,518595,Travis d'Arnaud,True,pooled_geometry
2026,1302,518692,Freddie Freeman,True,pooled_geometry
2026,172,519317,Giancarlo Stanton,True,pooled_geometry
2026,1245,521692,Salvador Perez,True,pooled_geometry
2026,522,542303,Marcell Ozuna,True,pooled_geometry
2026,326,543309,Kyle Higashioka,True,pooled_geometry
2026,273,543510,James McCann,True,pooled_geometry
2026,965,543760,Marcus Semien,True,pooled_geometry
2026,933,543807,George Springer,True,pooled_geometry
2026,468,543877,Christian Vázquez,True,pooled_geometry
2026,796,545121,Ildemaro Vargas,True,pooled_geometry
2026,497,545341,Randal Grichuk,True,pooled_geometry
2026,1026,545361,Mike Trout,True,pooled_geometry
2026,1285,547180,Bryce Harper,True,pooled_geometry
2026,476,553869,Elias Díaz,True,pooled_geometry
2026,889,553993,Eugenio Suárez,True,pooled_geometry
2026,1030,571448,Nolan Arenado,True,pooled_geometry
2026,32,571657,Kyle Farmer,False,pooled_geometry
2026,164,571771,Enrique Hernández,True,pooled_geometry
2026,70,571912,Luke Maile,True,pooled_geometry
2026,951,571970,Max Muncy,True,pooled_geometry
2026,1183,572233,Christian Walker,True,pooled_geometry
2026,691,573262,Mike Yastrzemski,True,pooled_geometry
2026,987,575929,Willson Contreras,True,pooled_geometry
2026,263,592206,Nick Castellanos,True,pooled_geometry
2026,516,592450,Aaron Judge,True,pooled_geometry
2026,1177,592518,Manny Machado,True,pooled_geometry
2026,783,592626,Joc Pederson,True,pooled_geometry
2026,780,592663,J.T. Realmuto,True,pooled_geometry
2026,848,592885,Christian Yelich,True,pooled_geometry
2026,828,593428,Xander Bogaerts,True,pooled_geometry
2026,251,593871,Jorge Polanco,True,pooled_geometry
2026,354,595879,Javier Báez,True,pooled_geometry
2026,381,595978,Austin Hedges,True,pooled_geometry
2026,840,596019,Francisco Lindor,True,pooled_geometry
2026,131,596103,Austin Slater,True,pooled_geometry
2026,511,596115,Trevor Story,True,pooled_geometry
2026,113,596117,Garrett Stubbs,True,pooled_geometry
2026,379,596142,Gary Sánchez,True,pooled_geometry
2026,275,596146,Max Kepler,True,pooled_geometry
2026,45,600869,Jeimer Candelario,False,pooled_geometry
2026,171,602104,Ramón Urías,True,pooled_geometry
2026,1164,605137,Josh Bell,True,pooled_geometry
2026,718,605141,Mookie Betts,True,pooled_geometry
2026,593,605170,Victor Caratini,True,pooled_geometry
2026,34,605244,Aramis Garcia,False,pooled_geometry
2026,9,605353,Vimael Machín,False,pooled_geometry
2026,83,606115,Orlando Arcia,True,pooled_geometry
2026,869,606192,Teoscar Hernández,True,pooled_geometry
2026,1019,606466,Ketel Marte,True,pooled_geometry
2026,149,606992,Eric Haase,True,pooled_geometry
2026,1193,607043,Brandon Nimmo,True,pooled_geometry
2026,1236,607208,Trea Turner,True,pooled_geometry
2026,918,608070,José Ramírez,True,pooled_geometry
2026,1125,608324,Alex Bregman,True,pooled_geometry
2026,707,608348,Carson Kelly,True,pooled_geometry
2026,777,608369,Corey Seager,True,pooled_geometry
2026,227,608701,Rob Refsnyder,True,pooled_geometry
2026,32,608841,Joey Meneses,False,pooled_geometry
2026,480,609280,Miguel Andujar,True,pooled_geometry
2026,498,620443,Luis Torrens,True,pooled_geometry
2026,842,621020,Dansby Swanson,True,pooled_geometry
2026,254,621043,Carlos Correa,True,pooled_geometry
2026,407,621438,Tyrone Taylor,True,pooled_geometry
2026,762,621439,Byron Buxton,True,pooled_geometry
2026,835,621493,Taylor Ward,True,pooled_geometry
2026,104,621550,Patrick Wisdom,True,pooled_geometry
2026,1293,621566,Matt Olson,True,pooled_geometry
2026,473,622268,Donovan Walton,True,pooled_geometry
2026,418,622761,Jorge Mateo,True,pooled_geometry
2026,343,623168,Tyler Heineman,True,pooled_geometry
2026,22,623205,Andrew Velazquez,False,pooled_geometry
2026,1215,624413,Pete Alonso,True,pooled_geometry
2026,498,624424,Michael Conforto,True,pooled_geometry
2026,285,624428,Adam Frazier,True,pooled_geometry
2026,255,624431,Jose Trevino,True,pooled_geometry
2026,53,624512,Reese McGuire,True,pooled_geometry
2026,685,624585,Jorge Soler,True,pooled_geometry
2026,526,624641,Edmundo Sosa,True,pooled_geometry
2026,51,628451,Andy Ibáñez,True,pooled_geometry
2026,695,630105,Jake Cronenworth,True,pooled_geometry
2026,113,640459,Brian Navarreto,True,pooled_geometry
2026,36,640492,José Azócar,False,pooled_geometry
2026,181,640902,Jhonny Pereda,True,pooled_geometry
2026,887,641343,Jake Bauers,True,pooled_geometry
2026,950,641355,Cody Bellinger,True,pooled_geometry
2026,735,641487,J.P. Crawford,True,pooled_geometry
2026,154,641555,J.C. Escarra,True,pooled_geometry
2026,171,641584,Jake Fraley,True,pooled_geometry
2026,258,641598,Mitch Garver,True,pooled_geometry
2026,653,641680,Jonah Heim,True,pooled_geometry
2026,32,641820,Trey Mancini,False,pooled_geometry
2026,638,641857,Ryan McMahon,True,pooled_geometry
2026,484,641933,Tyler O'Neill,True,pooled_geometry
2026,45,642020,Chuckie Robinson,True,pooled_geometry
2026,540,642086,Dominic Smith,True,pooled_geometry
2026,23,642133,Rowdy Tellez,False,pooled_geometry
2026,409,642201,Eli White,True,pooled_geometry
2026,329,642215,Weston Wilson,True,pooled_geometry
2026,461,642350,Jose Siri,True,pooled_geometry
2026,453,642708,Amed Rosario,True,pooled_geometry
2026,939,642715,Willy Adames,True,pooled_geometry
2026,173,642851,Austin Wynns,True,pooled_geometry
2026,872,643217,Andrew Benintendi,True,pooled_geometry
2026,1153,643289,Mauricio Dubón,True,pooled_geometry
2026,351,643376,Danny Jansen,True,pooled_geometry
2026,278,643396,Isiah Kiner-Falefa,True,pooled_geometry
2026,983,643446,Jeff McNeil,True,pooled_geometry
2026,93,644433,Chadwick Tromp,True,pooled_geometry
2026,1333,645277,Ozzie Albies,True,pooled_geometry
2026,265,645302,Victor Robles,True,pooled_geometry
2026,135,645305,Ali Sánchez,True,pooled_geometry
2026,1200,646240,Rafael Devers,True,pooled_geometry
2026,1034,647304,Josh Naylor,True,pooled_geometry
2026,115,649966,Luis Urías,True,pooled_geometry
2026,1119,650333,Luis Arraez,True,pooled_geometry
2026,66,650391,Eloy Jiménez,True,pooled_geometry
2026,724,650402,Gleyber Torres,True,pooled_geometry
2026,974,650489,Willi Castro,True,pooled_geometry
2026,1154,650490,Yandy Díaz,True,pooled_geometry
2026,148,650559,Bryan De La Cruz,True,pooled_geometry
2026,630,650859,Luis Rengifo,True,pooled_geometry
2026,116,650968,Yohel Pozo,True,pooled_geometry
2026,652,655316,Andruw Monasterio,True,pooled_geometry
2026,607,656305,Matt Chapman,True,pooled_geometry
2026,40,656413,Stuart Fairchild,True,pooled_geometry
2026,390,656484,Tristan Gray,True,pooled_geometry
2026,393,656537,Derek Hill,True,pooled_geometry
2026,548,656555,Rhys Hoskins,True,pooled_geometry
2026,142,656577,Alex Jackson,True,pooled_geometry
2026,83,656582,Connor Joe,True,pooled_geometry
2026,732,656716,Zach McKinstry,True,pooled_geometry
2026,892,656775,Cedric Mullins,True,pooled_geometry
2026,762,656811,Ryan O'Hearn,True,pooled_geometry
2026,1250,656941,Kyle Schwarber,True,pooled_geometry
2026,186,656976,Pavin Smith,True,pooled_geometry
2026,623,657041,Lane Thomas,True,pooled_geometry
2026,402,657136,Connor Wong,True,pooled_geometry
2026,397,657656,Ramón Laureano,True,pooled_geometry
2026,3,657675,Rudy Martin Jr.,False,pooled_geometry
2026,733,657757,Gavin Sheets,True,pooled_geometry
2026,210,660162,Yoán Moncada,True,pooled_geometry
2026,1049,660271,Shohei Ohtani,True,pooled_geometry
2026,20,660644,Vidal Bruján,False,pooled_geometry
2026,870,660670,Ronald Acuña Jr.,True,pooled_geometry
2026,561,660688,Keibert Ruiz,True,pooled_geometry
2026,153,660710,Rodolfo Durán,True,pooled_geometry
2026,579,660821,Jesús Sánchez,True,pooled_geometry
2026,207,660844,Leo Rivas,True,pooled_geometry
2026,998,661388,William Contreras,True,pooled_geometry
2026,147,661531,Brian Serven,True,pooled_geometry
2026,996,662139,Daulton Varsho,True,pooled_geometry
2026,296,663330,Jahmai Jones,True,pooled_geometry
2026,166,663368,Blake Perkins,True,pooled_geometry
2026,475,663457,Lars Nootbaar,True,pooled_geometry
2026,302,663494,Bryan Torres,True,pooled_geometry
2026,1096,663538,Nico Hoerner,True,pooled_geometry
2026,31,663584,Hayden Senger,False,pooled_geometry
2026,1162,663586,Austin Riley,True,pooled_geometry
2026,201,663604,Brandon Lockridge,True,pooled_geometry
2026,8,663609,Luken Baker,False,pooled_geometry
2026,110,663611,Nick Madrigal,True,pooled_geometry
2026,722,663616,Trevor Larnach,True,pooled_geometry
2026,34,663624,Ryan Mountcastle,False,pooled_geometry
2026,379,663647,Ke'Bryan Hayes,True,pooled_geometry
2026,1130,663656,Kyle Tucker,True,pooled_geometry
2026,49,663662,Daz Cameron,True,pooled_geometry
2026,91,663697,Jonathan India,True,pooled_geometry
2026,224,663698,Joey Bart,True,pooled_geometry
2026,1083,663728,Cal Raleigh,True,pooled_geometry
2026,525,663743,Nick Fortes,True,pooled_geometry
2026,748,663757,Trent Grisham,True,pooled_geometry
2026,522,663837,Matt Vierling,True,pooled_geometry
2026,148,663853,Romy Gonzalez,True,pooled_geometry
2026,799,663886,Tyler Stephenson,True,pooled_geometry
2026,41,663967,César Salazar,False,pooled_geometry
2026,934,663968,Jake Mangum,True,pooled_geometry
2026,775,663993,Nathaniel Lowe,True,pooled_geometry
2026,1128,664023,Ian Happ,True,pooled_geometry
2026,983,664034,Ty France,True,pooled_geometry
2026,1268,664040,Brandon Lowe,True,pooled_geometry
2026,222,664056,Harrison Bader,True,pooled_geometry
2026,83,664059,Sam Haggerty,True,pooled_geometry
2026,8,664068,Scott Kingery,False,pooled_geometry
2026,33,664238,Dylan Moore,False,pooled_geometry
2026,455,664702,Myles Straw,True,pooled_geometry
2026,481,664728,Kyle Isbel,True,pooled_geometry
2026,47,664731,P.J. Higgins,True,pooled_geometry
2026,996,664761,Alec Bohm,True,pooled_geometry
2026,803,664770,Nathan Lukes,True,pooled_geometry
2026,254,664774,LaMonte Wade Jr.,True,pooled_geometry
2026,389,664954,Brett Sullivan,True,pooled_geometry
2026,1015,664983,Jake McCarthy,True,pooled_geometry
2026,1054,665019,Kody Clemens,True,pooled_geometry
2026,545,665052,Griffin Conine,True,pooled_geometry
2026,914,665161,Jeremy Peña,True,pooled_geometry
2026,1063,665487,Fernando Tatis Jr.,True,pooled_geometry
2026,998,665489,Vladimir Guerrero Jr.,True,pooled_geometry
2026,20,665506,Cristian Pache,False,pooled_geometry
2026,181,665561,Rafael Marchán,True,pooled_geometry
2026,693,665742,Juan Soto,True,pooled_geometry
2026,832,665750,Leody Taveras,True,pooled_geometry
2026,432,665804,Miguel Amaya,True,pooled_geometry
2026,29,665828,Oswaldo Cabrera,False,pooled_geometry
2026,699,665833,Oneil Cruz,True,pooled_geometry
2026,4,665856,Jair Camargo,False,pooled_geometry
2026,133,665861,Sebastián Rivero,True,pooled_geometry
2026,934,665862,Jazz Chisholm Jr.,True,pooled_geometry
2026,572,665877,José Fermín,True,pooled_geometry
2026,420,665923,Esteury Ruiz,True,pooled_geometry
2026,976,665926,Andrés Giménez,True,pooled_geometry
2026,397,665953,Andrés Chaparro,True,pooled_geometry
2026,558,665966,Carlos Narváez,True,pooled_geometry
2026,1168,666018,Jonathan Aranda,True,pooled_geometry
2026,476,666023,Freddy Fermin,True,pooled_geometry
2026,638,666126,Carlos Cortes,True,pooled_geometry
2026,753,666139,Josh Lowe,True,pooled_geometry
2026,580,666152,David Hamilton,True,pooled_geometry
2026,858,666160,Mickey Moniak,True,pooled_geometry
2026,43,666163,Ben Rortvedt,True,pooled_geometry
2026,1302,666176,Jo Adell,True,pooled_geometry
2026,201,666181,Will Benson,True,pooled_geometry
2026,1295,666182,Bo Bichette,True,pooled_geometry
2026,6,666185,Dylan Carlson,False,pooled_geometry
2026,490,666211,Taylor Trammell,True,pooled_geometry
2026,187,666310,Bo Naylor,True,pooled_geometry
2026,450,666397,Edouard Julien,True,pooled_geometry
2026,83,666464,Jerar Encarnacion,True,pooled_geometry
2026,180,666624,Christopher Morel,True,pooled_geometry
2026,13,666931,Jared Oliva,False,pooled_geometry
2026,488,666969,Adolis García,True,pooled_geometry
2026,363,666971,Lourdes Gurriel Jr.,True,pooled_geometry
2026,11,667452,Corey Julks,False,pooled_geometry
2026,524,667472,Dane Myers,True,pooled_geometry
2026,344,667670,Brent Rooker,True,pooled_geometry
2026,1161,668227,Randy Arozarena,True,pooled_geometry
2026,282,668670,Jake Rogers,True,pooled_geometry
2026,936,668709,JJ Bleday,True,pooled_geometry
2026,676,668715,Spencer Steer,True,pooled_geometry
2026,486,668723,Ryan Vilade,True,pooled_geometry
2026,119,668800,Andrew Knizner,True,pooled_geometry
2026,1228,668804,Bryan Reynolds,True,pooled_geometry
2026,524,668885,Austin Martin,True,pooled_geometry
2026,543,668901,Mark Vientos,True,pooled_geometry
2026,950,668904,Royce Lewis,True,pooled_geometry
2026,1125,668930,Brice Turang,True,pooled_geometry
2026,642,668939,Adley Rutschman,True,pooled_geometry
2026,194,668942,Josh Rojas,True,pooled_geometry
2026,487,668952,Ryan Kreidler,True,pooled_geometry
2026,3,668974,Maverick Handley,False,pooled_geometry
2026,867,669003,Garrett Mitchell,True,pooled_geometry
2026,284,669004,MJ Melendez,True,pooled_geometry
2026,1039,669016,Brandon Marsh,True,pooled_geometry
2026,984,669065,Kyle Stowers,True,pooled_geometry
2026,73,669087,Sam Huff,True,pooled_geometry
2026,776,669127,Shea Langeliers,True,pooled_geometry
2026,411,669134,Luis Campusano,True,pooled_geometry
2026,21,669208,Ryan Bliss,False,pooled_geometry
2026,186,669221,Sean Murphy,True,pooled_geometry
2026,699,669224,Austin Wells,True,pooled_geometry
2026,554,669236,Jeremiah Jackson,True,pooled_geometry
2026,524,669242,Tommy Edman,True,pooled_geometry
2026,11,669256,Nick Solak,False,pooled_geometry
2026,446,669257,Will Smith,True,pooled_geometry
2026,22,669288,Daniel Johnson,False,pooled_geometry
2026,105,669289,Santiago Espinal,True,pooled_geometry
2026,92,669326,Bryce Teodosio,True,pooled_geometry
2026,587,669357,Nolan Gorman,True,pooled_geometry
2026,9,669360,Trei Cruz,False,pooled_geometry
2026,958,669364,Xavier Edwards,True,pooled_geometry
2026,81,669369,Bryce Johnson,True,pooled_geometry
2026,65,669384,Raynel Delgado,True,pooled_geometry
2026,232,669392,Samad Taylor,True,pooled_geometry
2026,1108,669394,Jake Burger,True,pooled_geometry
2026,243,669397,Nick Allen,True,pooled_geometry
2026,90,669398,Gage Workman,True,pooled_geometry
2026,765,669477,Casey Schmitt,True,pooled_geometry
2026,177,669699,Braden Shewmake,True,pooled_geometry
2026,410,669701,Josh Smith,True,pooled_geometry
2026,570,669707,Jared Triolo,True,pooled_geometry
2026,13,669717,Will Wilson,False,pooled_geometry
2026,186,669720,Austin Hays,True,pooled_geometry
2026,344,669743,Alex Call,True,pooled_geometry
2026,132,669899,Ryan Ward,True,pooled_geometry
2026,46,669911,Michael Toglia,True,pooled_geometry
2026,461,670032,Nicky Lopez,True,pooled_geometry
2026,580,670042,Luke Raley,True,pooled_geometry
2026,117,670097,Zack Short,True,pooled_geometry
2026,42,670156,Miles Mastrobuoni,True,pooled_geometry
2026,92,670224,Kameron Misner,True,pooled_geometry
2026,227,670231,John Rave,True,pooled_geometry
2026,291,670242,Matt Wallner,True,pooled_geometry
2026,1080,670541,Yordan Alvarez,True,pooled_geometry
2026,1127,670623,Isaac Paredes,True,pooled_geometry
2026,646,670764,Taylor Walls,True,pooled_geometry
2026,396,670770,TJ Friedl,True,pooled_geometry
2026,1182,671056,Iván Herrera,True,pooled_geometry
2026,99,671083,Buddy Kennedy,True,pooled_geometry
2026,32,671155,Ivan Johnson,False,pooled_geometry
2026,821,671218,Heliot Ramos,True,pooled_geometry
2026,1003,671277,Luis García Jr.,True,pooled_geometry
2026,36,671286,Johnathan Rodríguez,False,pooled_geometry
2026,472,671289,Tyler Freeman,True,pooled_geometry
2026,67,671655,George Valera,True,pooled_geometry
2026,938,671732,Lawrence Butler,True,pooled_geometry
2026,1157,671739,Michael Harris II,True,pooled_geometry
2026,860,671976,Tristan Peters,True,pooled_geometry
2026,51,672012,Tyler Black,True,pooled_geometry
2026,127,672016,Denzel Clarke,True,pooled_geometry
2026,623,672275,Patrick Bailey,True,pooled_geometry
2026,1,672279,Michael Siani,False,pooled_geometry
2026,147,672284,Jarred Kelenic,True,pooled_geometry
2026,287,672356,Gabriel Arias,True,pooled_geometry
2026,485,672386,Alejandro Kirk,True,pooled_geometry
2026,940,672515,Gabriel Moreno,True,pooled_geometry
2026,29,672569,Gustavo Campero,False,pooled_geometry
2026,485,672580,Maikel Garcia,True,pooled_geometry
2026,49,672613,Eliezer Alfonzo,True,pooled_geometry
2026,1070,672640,Otto Lopez,True,pooled_geometry
2026,12,672642,Steward Berroa,False,pooled_geometry
2026,1018,672695,Geraldo Perdomo,True,pooled_geometry
2026,743,672724,Oswald Peraza,True,pooled_geometry
2026,305,672761,Wenceel Pérez,True,pooled_geometry
2026,239,672820,Lenyn Sosa,True,pooled_geometry
2026,1200,672960,Kazuma Okamoto,True,pooled_geometry
2026,608,673237,Yainer Diaz,True,pooled_geometry
2026,440,673357,Luis Robert Jr.,True,pooled_geometry
2026,237,673490,Ha-Seong Kim,True,pooled_geometry
2026,1043,673548,Seiya Suzuki,True,pooled_geometry
2026,722,673962,Josh Jung,True,pooled_geometry
2026,14,673995,Davis Wendzel,False,pooled_geometry
2026,7,675448,Blake Hunt,False,pooled_geometry
2026,35,675659,Greg Jones,False,pooled_geometry
2026,369,675961,Alika Williams,True,pooled_geometry
2026,627,676356,Jonny DeLuca,True,pooled_geometry
2026,208,676369,Nelson Velázquez,True,pooled_geometry
2026,1038,676391,Ernie Clement,True,pooled_geometry
2026,392,676439,Hunter Feduccia,True,pooled_geometry
2026,1248,676475,Alec Burleson,True,pooled_geometry
2026,73,676551,Brewer Hicklen,True,pooled_geometry
2026,10,676566,Shawn Ross,False,pooled_geometry
2026,96,676572,Eric Wagaman,True,pooled_geometry
2026,845,676609,José Caballero,True,pooled_geometry
2026,267,676694,Jake Meyers,True,pooled_geometry
2026,614,676724,Jared Young,True,pooled_geometry
2026,238,676914,Davis Schneider,True,pooled_geometry
2026,36,677008,Heston Kjerstad,False,pooled_geometry
2026,64,677060,Chad Stevens,True,pooled_geometry
2026,36,677347,Kyren Paris,False,pooled_geometry
2026,1053,677587,Brayan Rocchio,True,pooled_geometry
2026,548,677588,José Tena,True,pooled_geometry
2026,211,677592,Everson Pereira,True,pooled_geometry
2026,1186,677594,Julio Rodríguez,True,pooled_geometry
2026,118,677595,Ronny Mauricio,True,pooled_geometry
2026,1128,677649,Ezequiel Duran,True,pooled_geometry
2026,1255,677800,Wilyer Abreu,True,pooled_geometry
2026,320,677870,Leo Jiménez,True,pooled_geometry
2026,594,677942,Blaze Alexander,True,pooled_geometry
2026,28,677943,Will Banfield,False,pooled_geometry
2026,208,677950,Alek Thomas,True,pooled_geometry
2026,1046,677951,Bobby Witt Jr.,True,pooled_geometry
2026,128,677956,Rece Hinds,True,pooled_geometry
2026,73,678009,Parker Meadows,True,pooled_geometry
2026,293,678011,Anthony Seigler,True,pooled_geometry
2026,520,678218,Brandon Valenzuela,True,pooled_geometry
2026,3,678225,Jihwan Bae,False,pooled_geometry
2026,1177,678246,Miguel Vargas,True,pooled_geometry
2026,617,678391,Jorbit Vivas,True,pooled_geometry
2026,280,678489,Jorge Barrosa,True,pooled_geometry
2026,230,678545,Osleivis Basabe,True,pooled_geometry
2026,557,678554,Curtis Mead,True,pooled_geometry
2026,69,678577,Junior Perez,True,pooled_geometry
2026,1037,678662,Ezequiel Tovar,True,pooled_geometry
2026,22,678760,Eddys Leonard,False,pooled_geometry
2026,1167,678882,Ceddanne Rafaela,True,pooled_geometry
2026,1056,679529,Spencer Torkelson,True,pooled_geometry
2026,429,679822,Justin Foscue,True,pooled_geometry
2026,609,679845,Nick Loftin,True,pooled_geometry
2026,138,680474,Max Schuemann,True,pooled_geometry
2026,814,680574,Matt McLain,True,pooled_geometry
2026,1,680577,DaShawn Keirsey Jr.,False,pooled_geometry
2026,234,680664,Eduardo Valencia,True,pooled_geometry
2026,665,680700,Richie Palacios,True,pooled_geometry
2026,51,680716,Jonathan Ornelas,True,pooled_geometry
2026,51,680718,Addison Barger,True,pooled_geometry
2026,358,680728,Adrian Del Castillo,True,pooled_geometry
2026,58,680737,Michael Helman,True,pooled_geometry
2026,862,680757,Steven Kwan,True,pooled_geometry
2026,1086,680776,Jarren Duran,True,pooled_geometry
2026,579,680777,Ryan Jeffers,True,pooled_geometry
2026,550,680779,Henry Davis,True,pooled_geometry
2026,673,680869,Zack Gelof,True,pooled_geometry
2026,261,680977,Brendan Donovan,True,pooled_geometry
2026,73,681047,Christian Franklin,True,pooled_geometry
2026,985,681082,Bryson Stott,True,pooled_geometry
2026,4,681146,Jonah Bride,False,pooled_geometry
2026,1,681190,Randy Vásquez,False,pooled_geometry
2026,1073,681198,TJ Rumfield,True,pooled_geometry
2026,24,681230,BJ Murray Jr.,False,pooled_geometry
2026,698,681297,Colton Cowser,True,pooled_geometry
2026,494,681351,Logan O'Hoppe,True,pooled_geometry
2026,704,681393,Connor Norby,True,pooled_geometry
2026,507,681481,Kerry Carpenter,True,pooled_geometry
2026,312,681508,Mickey Gasper,True,pooled_geometry
2026,345,681546,James Outman,True,pooled_geometry
2026,1051,681624,Andy Pages,True,pooled_geometry
2026,852,681715,Heriberto Hernández,True,pooled_geometry
2026,362,681807,David Fry,True,pooled_geometry
2026,21,681909,Justin Dean,False,pooled_geometry
2026,108,681987,Nate Eaton,True,pooled_geometry
2026,551,682177,Daniel Schneemann,True,pooled_geometry
2026,9,682515,Logan Porter,False,pooled_geometry
2026,391,682622,Noelvi Marte,True,pooled_geometry
2026,753,682626,Francisco Alvarez,True,pooled_geometry
2026,48,682634,Kevin Alcántara,True,pooled_geometry
2026,43,682641,Luis Matos,True,pooled_geometry
2026,730,682657,Angel Martínez,True,pooled_geometry
2026,446,682663,Agustín Ramírez,True,pooled_geometry
2026,366,682668,Luisangel Acuña,True,pooled_geometry
2026,204,682674,Victor Bericoto,True,pooled_geometry
2026,45,682729,Jonatan Clase,True,pooled_geometry
2026,350,682818,Yohendrick Piñango,True,pooled_geometry
2026,1001,682829,Elly De La Cruz,True,pooled_geometry
2026,270,682848,Endy Rodríguez,True,pooled_geometry
2026,209,682877,Juan Brito,True,pooled_geometry
2026,95,682927,Ronny Simon,True,pooled_geometry
2026,1232,682928,CJ Abrams,True,pooled_geometry
2026,1075,682985,Riley Greene,True,pooled_geometry
2026,595,682987,Spencer Jones,True,pooled_geometry
2026,84,682988,Tyler Locklear,True,pooled_geometry
2026,2,682989,Victor Mederos,False,pooled_geometry
2026,223,682997,Tyler Callihan,True,pooled_geometry
2026,1118,682998,Corbin Carroll,True,pooled_geometry
2026,1272,683002,Gunnar Henderson,True,pooled_geometry
2026,409,683011,Anthony Volpe,True,pooled_geometry
2026,48,683021,Michael Stefanic,True,pooled_geometry
2026,5,683079,Omar Martinez,False,pooled_geometry
2026,862,683083,Nasim Nuñez,True,pooled_geometry
2026,30,683090,Matthew Lugo,False,pooled_geometry
2026,885,683146,Brett Baty,True,pooled_geometry
2026,156,683227,Cody Freeman,True,pooled_geometry
2026,622,683357,Owen Caissie,True,pooled_geometry
2026,106,683679,Jesus Rodriguez,True,pooled_geometry
2026,495,683734,Andrew Vaughn,True,pooled_geometry
2026,1157,683737,Michael Busch,True,pooled_geometry
2026,448,683748,Victor Mesa Jr.,True,pooled_geometry
2026,344,683766,Christian Koss,True,pooled_geometry
2026,835,683953,Travis Bazzana,True,pooled_geometry
2026,482,685133,Wade Meckler,True,pooled_geometry
2026,560,686217,Sal Frelick,True,pooled_geometry
2026,249,686452,Drew Millas,True,pooled_geometry
2026,825,686469,Vinnie Pasquantino,True,pooled_geometry
2026,222,686475,Tyler Tolbert,True,pooled_geometry
2026,900,686527,Dominic Canzone,True,pooled_geometry
2026,18,686554,Oliver Dunn,False,pooled_geometry
2026,775,686555,Isaac Collins,True,pooled_geometry
2026,778,686611,Dylan Crews,True,pooled_geometry
2026,382,686668,Brenton Doyle,True,pooled_geometry
2026,806,686681,Michael Massey,True,pooled_geometry
2026,386,686765,Nick Sogard,True,pooled_geometry
2026,402,686780,Pedro Pagés,True,pooled_geometry
2026,1153,686797,Brooks Lee,True,pooled_geometry
2026,47,686823,Will Brennan,True,pooled_geometry
2026,129,686894,Joey Wiemer,True,pooled_geometry
2026,1155,686948,Drake Baldwin,True,pooled_geometry
2026,797,687093,Vaughn Grissom,True,pooled_geometry
2026,456,687221,Dalton Rushing,True,pooled_geometry
2026,302,687231,Darell Hernaiz,True,pooled_geometry
2026,1333,687263,Zach Neto,True,pooled_geometry
2026,197,687282,Gabriel Rincones Jr.,True,pooled_geometry
2026,289,687363,Victor Scott II,True,pooled_geometry
2026,3,687394,Jack Brannigan,False,pooled_geometry
2026,658,687401,Joey Ortiz,True,pooled_geometry
2026,679,687462,Spencer Horwitz,True,pooled_geometry
2026,231,687515,Colby Thomas,True,pooled_geometry
2026,150,687529,Grant McCray,True,pooled_geometry
2026,614,687551,Drew Gilbert,True,pooled_geometry
2026,322,687597,Jordan Beck,True,pooled_geometry
2026,42,687605,Andrew Pinckney,True,pooled_geometry
2026,577,687637,Dylan Beavers,True,pooled_geometry
2026,153,687749,Jase Bowen,True,pooled_geometry
2026,802,687859,Troy Johnston,True,pooled_geometry
2026,418,687952,Christian Encarnacion-Strand,True,pooled_geometry
2026,205,687957,Dustin Harris,True,pooled_geometry
2026,278,688363,Graham Pauley,True,pooled_geometry
2026,789,689414,Liam Hicks,True,pooled_geometry
2026,37,690022,Ryan Ritter,False,pooled_geometry
2026,15,690291,Jace Jung,False,pooled_geometry
2026,140,690924,Braxton Fulford,True,pooled_geometry
2026,431,690976,Alex Freeland,True,pooled_geometry
2026,354,690984,Petey Halpin,True,pooled_geometry
2026,697,690993,Colt Keith,True,pooled_geometry
2026,65,691002,Yohandy Morales,True,pooled_geometry
2026,365,691011,Drew Romo,True,pooled_geometry
2026,740,691016,Tyler Soderstrom,True,pooled_geometry
2026,239,691019,Kyle Teel,True,pooled_geometry
2026,1168,691023,Jordan Walker,True,pooled_geometry
2026,837,691026,Masyn Winn,True,pooled_geometry
2026,414,691176,Jasson Domínguez,True,pooled_geometry
2026,57,691181,Emmanuel Rodriguez,True,pooled_geometry
2026,141,691182,Adael Amador,True,pooled_geometry
2026,52,691277,Deyvison De Los Santos,True,pooled_geometry
2026,109,691373,Jhostynxon Garcia,True,pooled_geometry
2026,1116,691406,Junior Caminero,True,pooled_geometry
2026,382,691458,Blaze Jordan,True,pooled_geometry
2026,792,691594,Javier Sanoja,True,pooled_geometry
2026,2,691620,Jeferson Quero,False,pooled_geometry
2026,1355,691718,Pete Crow-Armstrong,True,pooled_geometry
2026,760,691720,Kyle Karros,True,pooled_geometry
2026,769,691723,Coby Mayo,True,pooled_geometry
2026,136,691728,Zac Veen,True,pooled_geometry
2026,307,691740,Daniel Susac,True,pooled_geometry
2026,513,691777,Max Muncy,True,pooled_geometry
2026,614,691781,Brady House,True,pooled_geometry
2026,208,691783,Jordan Lawlar,True,pooled_geometry
2026,413,691785,Marcelo Mayer,True,pooled_geometry
2026,575,691788,Joe Mack,True,pooled_geometry
2026,33,691858,Jared Serna,False,pooled_geometry
2026,74,691907,Tsung-Che Cheng,True,pooled_geometry
2026,55,692216,CJ Kayfus,True,pooled_geometry
2026,1100,693304,Nick Gonzales,True,pooled_geometry
2026,1082,693307,Dillon Dingler,True,pooled_geometry
2026,49,693409,César Prieto,True,pooled_geometry
2026,42,693459,Kyler Fedko,False,pooled_geometry
2026,69,694025,Felix Reyes,True,pooled_geometry
2026,955,694192,Jackson Chourio,True,pooled_geometry
2026,217,694197,Angel Genao,True,pooled_geometry
2026,544,694203,Denzer Guzman,True,pooled_geometry
2026,626,694208,Moisés Ballesteros,True,pooled_geometry
2026,753,694212,Samuel Basallo,True,pooled_geometry
2026,23,694224,Gabriel Gonzalez,False,pooled_geometry
2026,641,694249,Cole Carrigg,True,pooled_geometry
2026,239,694362,Blake Dunn,True,pooled_geometry
2026,239,694371,Tommy Troy,True,pooled_geometry
2026,590,694374,Tim Tawa,True,pooled_geometry
2026,182,694376,Shay Whitcomb,True,pooled_geometry
2026,223,694377,Nick Yorke,True,pooled_geometry
2026,466,694378,Jacob Gonzalez,True,pooled_geometry
2026,710,694384,Nolan Schanuel,True,pooled_geometry
2026,226,694388,Joey Loperfido,True,pooled_geometry
2026,86,694410,LuJames Groover,True,pooled_geometry
2026,656,694497,Evan Carter,True,pooled_geometry
2026,132,694514,Sterlin Thompson,True,pooled_geometry
2026,820,694671,Wyatt Langford,True,pooled_geometry
2026,275,694673,Abimelec Ortiz,True,pooled_geometry
2026,412,694728,Brice Matthews,True,pooled_geometry
2026,44,694876,Cooper Ingle,False,pooled_geometry
2026,47,695020,Tanner Murray,True,pooled_geometry
2026,69,695238,Will Wagner,True,pooled_geometry
2026,104,695257,Billy Cook,True,pooled_geometry
2026,324,695336,Thomas Saggese,True,pooled_geometry
2026,46,695391,Brett Harris,True,pooled_geometry
2026,311,695490,Edwin Arroyo,True,pooled_geometry
2026,206,695491,Joshua Báez,True,pooled_geometry
2026,1026,695506,Jac Caglianone,True,pooled_geometry
2026,99,695508,Cam Cauley,True,pooled_geometry
2026,936,695578,James Wood,True,pooled_geometry
2026,1045,695600,Carter Jensen,True,pooled_geometry
2026,1211,695657,Colson Montgomery,True,pooled_geometry
2026,208,695670,Harry Ford,True,pooled_geometry
2026,237,695681,Christian Moore,True,pooled_geometry
2026,349,695720,Tommy White,True,pooled_geometry
2026,654,695731,Braden Montgomery,True,pooled_geometry
2026,1250,695734,Daylen Lile,True,pooled_geometry
2026,368,696030,Alejandro Osuna,True,pooled_geometry
2026,1058,696100,Hunter Goodman,True,pooled_geometry
2026,180,696135,Kahlil Watson,True,pooled_geometry
2026,708,696285,Jacob Young,True,pooled_geometry
2026,512,699013,Esmerlyn Valdez,True,pooled_geometry
2026,133,699024,Leo Bernal,True,pooled_geometry
2026,56,699115,Carlos Jorge,True,pooled_geometry
2026,265,699302,Héctor Rodríguez,True,pooled_geometry
2026,444,699393,Pedro Ramírez,True,pooled_geometry
2026,275,699625,Jimmy Crooks,True,pooled_geometry
2026,357,699912,Jose Fernandez,True,pooled_geometry
2026,79,700246,Carson Williams,True,pooled_geometry
2026,1104,700250,Ben Rice,True,pooled_geometry
2026,402,700337,Edgar Quero,True,pooled_geometry
2026,25,700652,Kenny Piper,False,pooled_geometry
2026,661,700932,Kyle Manzardo,True,pooled_geometry
2026,211,701162,Ben Malgeri,True,pooled_geometry
2026,153,701305,Zach Dezenzo,True,pooled_geometry
2026,336,701350,Roman Anthony,True,pooled_geometry
2026,1076,701358,Cam Smith,True,pooled_geometry
2026,1254,701398,Sal Stewart,True,pooled_geometry
2026,1258,701538,Jackson Merrill,True,pooled_geometry
2026,10,701649,James Triantos,False,pooled_geometry
2026,922,701675,Nathan Church,True,pooled_geometry
2026,580,701678,Hao-Yu Lee,True,pooled_geometry
2026,736,701762,Nick Kurtz,True,pooled_geometry
2026,234,701785,Kaelen Culpepper,True,pooled_geometry
2026,1141,701807,Carson Benge,True,pooled_geometry
2026,276,701852,Drew Cavanaugh,True,pooled_geometry
2026,128,702176,Alan Roden,True,pooled_geometry
2026,827,702222,Justin Crawford,True,pooled_geometry
2026,1105,702284,Cole Young,True,pooled_geometry
2026,922,702332,Caleb Durbin,True,pooled_geometry
2026,590,702616,Jackson Holliday,True,pooled_geometry
2026,91,703155,Lazaro Montes,True,pooled_geometry
2026,41,703197,Michael Arroyo,True,pooled_geometry
2026,58,703492,Nick Morabito,True,pooled_geometry
2026,273,703520,Brett Bateman,True,pooled_geometry
2026,304,703601,Max Clark,True,pooled_geometry
2026,783,703607,Henry Bolte,True,pooled_geometry
2026,859,800050,Chase DeLauter,True,pooled_geometry
2026,326,800325,Luis Lara,True,pooled_geometry
2026,56,800543,Josue De Paula,True,pooled_geometry
2026,127,801126,Brock Rodden,True,pooled_geometry
2026,65,801501,Nate Furman,True,pooled_geometry
2026,978,802139,JJ Wetherholt,True,pooled_geometry
2026,845,802415,Chandler Simpson,True,pooled_geometry
2026,867,803011,Sam Antonacci,True,pooled_geometry
2026,621,804606,Konnor Griffin,True,pooled_geometry
2026,263,804668,Rafael Flores Jr.,True,pooled_geometry
2026,57,805249,Otto Kemp,True,pooled_geometry
2026,882,805300,Jakob Marsee,True,pooled_geometry
2026,41,805346,Ben Ross,True,pooled_geometry
2026,192,805347,Jim Jarvis,True,pooled_geometry
2026,1041,805367,Chase Meidroth,True,pooled_geometry
2026,26,805672,Collin Price,False,pooled_geometry
2026,596,805779,Jacob Wilson,True,pooled_geometry
2026,126,805805,Walker Jenkins,True,pooled_geometry
2026,1146,805808,Kevin McGonigle,True,pooled_geometry
2026,799,805811,Bryce Eldridge,True,pooled_geometry
2026,94,805904,Zach Cole,True,pooled_geometry
2026,824,805999,A.J. Ewing,True,pooled_geometry
2026,507,806068,Colt Emerson,True,pooled_geometry
2026,248,806146,George Lombard Jr.,True,pooled_geometry
2026,433,806198,Cooper Pratt,True,pooled_geometry
2026,164,806367,Turner Hill,True,pooled_geometry
2026,54,806956,Ethan Salas,True,pooled_geometry
2026,868,807712,Luke Keaschall,True,pooled_geometry
2026,326,807713,Matt Shaw,True,pooled_geometry
2026,116,807726,John Peck,True,pooled_geometry
2026,170,807727,Charles McAdoo,True,pooled_geometry
2026,39,807747,Rikuu Nishida,False,pooled_geometry
2026,455,807799,Masataka Yoshida,True,pooled_geometry
2026,932,808959,Munetaka Murakami,True,pooled_geometry
2026,239,808975,Hyeseong Kim,True,pooled_geometry
2026,986,808982,Jung Hoo Lee,True,pooled_geometry
2026,426,810938,Ben Williamson,True,pooled_geometry
2026,118,811965,Joshua Kuroda-Grauer,True,pooled_geometry
2026,250,813841,Jonah Cox,True,pooled_geometry
2026,35,814154,Scott Bandura,False,pooled_geometry
2026,145,814430,Brett Callahan,True,pooled_geometry
2026,464,814439,Ryan Waldschmidt,True,pooled_geometry
2026,119,815873,Sean Keys,True,pooled_geometry
2026,232,823550,Sung-Mun Song,True,pooled_geometry
2026,76,828599,Lucas Spence,True,pooled_geometry
2025,239,455117,Martín Maldonado,True,selected_component
2025,343,456781,Donovan Solano,True,selected_component
2025,978,457705,Andrew McCutchen,True,selected_component
2025,369,457759,Justin Turner,True,selected_component
2025,842,467793,Carlos Santana,True,selected_component
2025,69,493329,Yuli Gurriel,False,selected_component
2025,488,500743,Miguel Rojas,True,selected_component
2025,715,502054,Tommy Pham,True,selected_component
2025,988,502671,Paul Goldschmidt,True,selected_component
2025,21,506702,Sandy León,False,selected_component
2025,1070,514888,Jose Altuve,True,selected_component
2025,605,516782,Starling Marte,True,selected_component
2025,459,518595,Travis d'Arnaud,True,selected_component
2025,1211,518692,Freddie Freeman,True,selected_component
2025,157,518792,Jason Heyward,True,selected_component
2025,213,518934,DJ LeMahieu,True,selected_component
2025,495,519317,Giancarlo Stanton,True,selected_component
2025,1277,521692,Salvador Perez,True,selected_component
2025,862,527038,Wilmer Flores,True,selected_component
2025,1011,542303,Marcell Ozuna,True,selected_component
2025,179,542932,Jon Berti,True,selected_component
2025,14,542963,Rob Brantly,False,selected_component
2025,568,543309,Kyle Higashioka,True,selected_component
2025,241,543510,James McCann,True,selected_component
2025,70,543592,Austin Nola,False,selected_component
2025,966,543760,Marcus Semien,True,selected_component
2025,1025,543807,George Springer,True,selected_component
2025,349,543877,Christian Vázquez,True,selected_component
2025,209,545121,Ildemaro Vargas,True,selected_component
2025,513,545341,Randal Grichuk,True,selected_component
2025,952,545361,Mike Trout,True,selected_component
2025,1147,547180,Bryce Harper,True,selected_component
2025,531,553869,Elias Díaz,True,selected_component
2025,19,553882,Omar Narváez,False,selected_component
2025,1281,553993,Eugenio Suárez,True,selected_component
2025,390,570482,Gio Urshela,True,selected_component
2025,771,571448,Nolan Arenado,True,selected_component
2025,24,571466,Tucker Barnhart,False,selected_component
2025,525,571657,Kyle Farmer,True,selected_component
2025,517,571771,Enrique Hernández,True,selected_component
2025,91,571912,Luke Maile,False,selected_component
2025,672,571970,Max Muncy,True,selected_component
2025,13,572138,Jon Singleton,False,selected_component
2025,608,572191,Michael A. Taylor,True,selected_component
2025,1285,572233,Christian Walker,True,selected_component
2025,936,573262,Mike Yastrzemski,True,selected_component
2025,1028,575929,Willson Contreras,True,selected_component
2025,594,578428,Jose Iglesias,True,selected_component
2025,81,592178,Kris Bryant,False,selected_component
2025,228,592192,Mark Canha,True,selected_component
2025,1242,592206,Nick Castellanos,True,selected_component
2025,1126,592450,Aaron Judge,True,selected_component
2025,1311,592518,Manny Machado,True,selected_component
2025,532,592626,Joc Pederson,True,selected_component
2025,1036,592663,J.T. Realmuto,True,selected_component
2025,168,592669,Hunter Renfroe,True,selected_component
2025,15,592696,Eddie Rosario,False,selected_component
2025,1170,592885,Christian Yelich,True,selected_component
2025,825,593428,Xander Bogaerts,True,selected_component
2025,892,593871,Jorge Polanco,True,selected_component
2025,95,595751,Jorge Alfaro,False,selected_component
2025,662,595777,Jurickson Profar,True,selected_component
2025,822,595879,Javier Báez,True,selected_component
2025,337,595978,Austin Hedges,True,selected_component
2025,1308,596019,Francisco Lindor,True,selected_component
2025,315,596103,Austin Slater,True,selected_component
2025,1293,596115,Trevor Story,True,selected_component
2025,3,596117,Garrett Stubbs,False,selected_component
2025,162,596142,Gary Sánchez,True,selected_component
2025,870,596146,Max Kepler,True,selected_component
2025,180,600869,Jeimer Candelario,True,selected_component
2025,709,602104,Ramón Urías,True,selected_component
2025,18,605113,Nick Ahmed,False,selected_component
2025,69,605131,Austin Barnes,False,selected_component
2025,978,605137,Josh Bell,True,selected_component
2025,962,605141,Mookie Betts,True,selected_component
2025,652,605170,Victor Caratini,True,selected_component
2025,20,605204,J.D. Davis,False,selected_component
2025,6,605244,Aramis Garcia,False,selected_component
2025,23,605353,Vimael Machín,False,selected_component
2025,192,605361,Nick Martini,True,selected_component
2025,405,606115,Orlando Arcia,True,selected_component
2025,1046,606192,Teoscar Hernández,True,selected_component
2025,936,606466,Ketel Marte,True,selected_component
2025,157,606992,Eric Haase,True,selected_component
2025,1182,607043,Brandon Nimmo,True,selected_component
2025,3,607067,Colin Rea,False,selected_component
2025,1182,607208,Trea Turner,True,selected_component
2025,88,607680,Kevin Pillar,False,selected_component
2025,262,607732,Jacob Stallings,True,selected_component
2025,1191,608070,José Ramírez,True,selected_component
2025,781,608324,Alex Bregman,True,selected_component
2025,732,608348,Carson Kelly,True,selected_component
2025,817,608369,Corey Seager,True,selected_component
2025,131,608385,Jesse Winker,True,selected_component
2025,80,608671,Travis Jankowski,False,selected_component
2025,359,608701,Rob Refsnyder,True,selected_component
2025,640,609280,Miguel Andujar,True,selected_component
2025,522,620443,Luis Torrens,True,selected_component
2025,1253,621020,Dansby Swanson,True,selected_component
2025,211,621028,Kevin Newman,True,selected_component
2025,239,621035,Chris Taylor,True,selected_component
2025,1024,621043,Carlos Correa,True,selected_component
2025,590,621438,Tyrone Taylor,True,selected_component
2025,1031,621439,Byron Buxton,True,selected_component
2025,993,621493,Taylor Ward,True,selected_component
2025,68,621512,Tomás Nido,False,selected_component
2025,1385,621566,Matt Olson,True,selected_component
2025,14,622268,Donovan Walton,False,selected_component
2025,37,622534,Manuel Margot,False,selected_component
2025,56,622569,Pablo Reyes,False,selected_component
2025,163,622761,Jorge Mateo,True,selected_component
2025,305,623168,Tyler Heineman,True,selected_component
2025,446,623993,Anthony Santander,True,selected_component
2025,1250,624413,Pete Alonso,True,selected_component
2025,123,624415,Cavan Biggio,False,selected_component
2025,914,624424,Michael Conforto,True,selected_component
2025,902,624428,Adam Frazier,True,selected_component
2025,478,624431,Jose Trevino,True,selected_component
2025,261,624512,Reese McGuire,True,selected_component
2025,9,624513,Dom Nuñez,False,selected_component
2025,571,624585,Jorge Soler,True,selected_component
2025,523,624641,Edmundo Sosa,True,selected_component
2025,362,628451,Andy Ibáñez,True,selected_component
2025,893,630105,Jake Cronenworth,True,selected_component
2025,22,640459,Brian Navarreto,False,selected_component
2025,31,640492,José Azócar,False,selected_component
2025,135,640902,Jhonny Pereda,True,selected_component
2025,1,641302,Tyler Alexander,False,selected_component
2025,183,641313,Tim Anderson,True,selected_component
2025,381,641343,Jake Bauers,True,selected_component
2025,1233,641355,Cody Bellinger,True,selected_component
2025,1181,641487,J.P. Crawford,True,selected_component
2025,162,641555,J.C. Escarra,True,selected_component
2025,378,641584,Jake Fraley,True,selected_component
2025,464,641598,Mitch Garver,True,selected_component
2025,36,641645,Luis Guillorme,False,selected_component
2025,138,641658,Garrett Hampson,True,selected_component
2025,821,641680,Jonah Heim,True,selected_component
2025,41,641856,Billy McKinney,False,selected_component
2025,1109,641857,Ryan McMahon,True,selected_component
2025,382,641933,Tyler O'Neill,True,selected_component
2025,281,641943,Joshua Palacios,True,selected_component
2025,1,642020,Chuckie Robinson,False,selected_component
2025,413,642086,Dominic Smith,True,selected_component
2025,562,642133,Rowdy Tellez,True,selected_component
2025,366,642136,Matt Thaiss,True,selected_component
2025,194,642180,Tyler Wade,True,selected_component
2025,508,642201,Eli White,True,selected_component
2025,225,642215,Weston Wilson,True,selected_component
2025,80,642350,Jose Siri,False,selected_component
2025,346,642708,Amed Rosario,True,selected_component
2025,1271,642715,Willy Adames,True,selected_component
2025,7,642727,Sergio Alcántara,False,selected_component
2025,297,642731,Thairo Estrada,True,selected_component
2025,219,642851,Austin Wynns,True,selected_component
2025,851,643217,Andrew Benintendi,True,selected_component
2025,693,643289,Mauricio Dubón,True,selected_component
2025,565,643376,Danny Jansen,True,selected_component
2025,761,643396,Isiah Kiner-Falefa,True,selected_component
2025,876,643446,Jeff McNeil,True,selected_component
2025,733,643565,Mike Tauchman,True,selected_component
2025,30,644433,Chadwick Tromp,False,selected_component
2025,1243,645277,Ozzie Albies,True,selected_component
2025,207,645302,Victor Robles,True,selected_component
2025,46,645305,Ali Sánchez,False,selected_component
2025,306,645444,Jose Herrera,True,selected_component
2025,1408,646240,Rafael Devers,True,selected_component
2025,1031,647304,Josh Naylor,True,selected_component
2025,534,647351,Abraham Toro,True,selected_component
2025,542,649966,Luis Urías,True,selected_component
2025,1149,650333,Luis Arraez,True,selected_component
2025,1055,650402,Gleyber Torres,True,selected_component
2025,897,650489,Willi Castro,True,selected_component
2025,1090,650490,Yandy Díaz,True,selected_component
2025,96,650559,Bryan De La Cruz,False,selected_component
2025,1007,650859,Luis Rengifo,True,selected_component
2025,356,650968,Yohel Pozo,True,selected_component
2025,257,655316,Andruw Monasterio,True,selected_component
2025,553,656180,Riley Adams,True,selected_component
2025,27,656185,Greg Allen,False,selected_component
2025,111,656248,Sean Bouchard,True,selected_component
2025,911,656305,Matt Chapman,True,selected_component
2025,91,656413,Stuart Fairchild,False,selected_component
2025,158,656484,Tristan Gray,True,selected_component
2025,296,656537,Derek Hill,True,selected_component
2025,113,656541,Sam Hilliard,False,selected_component
2025,562,656555,Rhys Hoskins,True,selected_component
2025,189,656577,Alex Jackson,True,selected_component
2025,134,656582,Connor Joe,True,selected_component
2025,931,656716,Zach McKinstry,True,selected_component
2025,957,656775,Cedric Mullins,True,selected_component
2025,996,656811,Ryan O'Hearn,True,selected_component
2025,247,656896,Emmanuel Rivera,True,selected_component
2025,1260,656941,Kyle Schwarber,True,selected_component
2025,497,656976,Pavin Smith,True,selected_component
2025,235,657041,Lane Thomas,True,selected_component
2025,316,657077,Alex Verdugo,True,selected_component
2025,349,657136,Connor Wong,True,selected_component
2025,459,657557,Paul DeJong,True,selected_component
2025,922,657656,Ramón Laureano,True,selected_component
2025,1010,657757,Gavin Sheets,True,selected_component
2025,495,660162,Yoán Moncada,True,selected_component
2025,1276,660271,Shohei Ohtani,True,selected_component
2025,173,660644,Vidal Bruján,True,selected_component
2025,786,660670,Ronald Acuña Jr.,True,selected_component
2025,458,660688,Keibert Ruiz,True,selected_component
2025,141,660757,Oscar Gonzalez,True,selected_component
2025,914,660821,Jesús Sánchez,True,selected_component
2025,166,660844,Leo Rivas,True,selected_component
2025,1172,661388,William Contreras,True,selected_component
2025,499,662139,Daulton Varsho,True,selected_component
2025,259,663330,Jahmai Jones,True,selected_component
2025,263,663368,Blake Perkins,True,selected_component
2025,897,663457,Lars Nootbaar,True,selected_component
2025,50,663536,Tristin English,False,selected_component
2025,1095,663538,Nico Hoerner,True,selected_component
2025,131,663584,Hayden Senger,True,selected_component
2025,890,663586,Austin Riley,True,selected_component
2025,285,663604,Brandon Lockridge,True,selected_component
2025,73,663609,Luken Baker,False,selected_component
2025,955,663616,Trevor Larnach,True,selected_component
2025,760,663624,Ryan Mountcastle,True,selected_component
2025,922,663647,Ke'Bryan Hayes,True,selected_component
2025,1026,663656,Kyle Tucker,True,selected_component
2025,84,663662,Daz Cameron,False,selected_component
2025,920,663697,Jonathan India,True,selected_component
2025,521,663698,Joey Bart,True,selected_component
2025,1423,663728,Cal Raleigh,True,selected_component
2025,29,663731,Connor Kaiser,False,selected_component
2025,413,663743,Nick Fortes,True,selected_component
2025,895,663757,Trent Grisham,True,selected_component
2025,11,663796,Coco Montes,False,selected_component
2025,192,663837,Matt Vierling,True,selected_component
2025,653,663853,Romy Gonzalez,True,selected_component
2025,589,663886,Tyler Stephenson,True,selected_component
2025,53,663897,Luke Williams,False,selected_component
2025,226,663898,Brendan Rodgers,True,selected_component
2025,24,663967,César Salazar,False,selected_component
2025,848,663968,Jake Mangum,True,selected_component
2025,1146,663993,Nathaniel Lowe,True,selected_component
2025,1154,664023,Ian Happ,True,selected_component
2025,949,664034,Ty France,True,selected_component
2025,1163,664040,Brandon Lowe,True,selected_component
2025,922,664056,Harrison Bader,True,selected_component
2025,312,664059,Sam Haggerty,True,selected_component
2025,58,664068,Scott Kingery,False,selected_component
2025,480,664238,Dylan Moore,True,selected_component
2025,476,664702,Myles Straw,True,selected_component
2025,610,664728,Kyle Isbel,True,selected_component
2025,853,664761,Alec Bohm,True,selected_component
2025,773,664770,Nathan Lukes,True,selected_component
2025,412,664774,LaMonte Wade Jr.,True,selected_component
2025,142,664913,Seth Brown,True,selected_component
2025,18,664954,Brett Sullivan,False,selected_component
2025,383,664983,Jake McCarthy,True,selected_component
2025,724,665019,Kody Clemens,True,selected_component
2025,153,665052,Griffin Conine,True,selected_component
2025,114,665155,Nick Maton,False,selected_component
2025,897,665161,Jeremy Peña,True,selected_component
2025,1152,665487,Fernando Tatis Jr.,True,selected_component
2025,1021,665489,Vladimir Guerrero Jr.,True,selected_component
2025,200,665561,Rafael Marchán,True,selected_component
2025,1022,665742,Juan Soto,True,selected_component
2025,336,665750,Leody Taveras,True,selected_component
2025,204,665804,Miguel Amaya,True,selected_component
2025,208,665828,Oswaldo Cabrera,True,selected_component
2025,904,665833,Oneil Cruz,True,selected_component
2025,160,665839,Enmanuel Valdez,True,selected_component
2025,78,665861,Sebastián Rivero,False,selected_component
2025,974,665862,Jazz Chisholm Jr.,True,selected_component
2025,96,665877,José Fermín,False,selected_component
2025,45,665923,Esteury Ruiz,False,selected_component
2025,713,665926,Andrés Giménez,True,selected_component
2025,141,665953,Andrés Chaparro,True,selected_component
2025,879,665966,Carlos Narváez,True,selected_component
2025,815,666018,Jonathan Aranda,True,selected_component
2025,692,666023,Freddy Fermin,True,selected_component
2025,175,666126,Carlos Cortes,True,selected_component
2025,762,666134,Nolan Jones,True,selected_component
2025,967,666139,Josh Lowe,True,selected_component
2025,459,666149,Tyler Fitzgerald,True,selected_component
2025,67,666150,Dominic Fletcher,False,selected_component
2025,310,666152,David Hamilton,True,selected_component
2025,864,666158,Gavin Lux,True,selected_component
2025,889,666160,Mickey Moniak,True,selected_component
2025,225,666163,Ben Rortvedt,True,selected_component
2025,44,666165,Blake Sabol,False,selected_component
2025,1145,666176,Jo Adell,True,selected_component
2025,470,666181,Will Benson,True,selected_component
2025,1177,666182,Bo Bichette,True,selected_component
2025,444,666185,Dylan Carlson,True,selected_component
2025,20,666198,Carter Kieboom,False,selected_component
2025,242,666211,Taylor Trammell,True,selected_component
2025,774,666310,Bo Naylor,True,selected_component
2025,348,666397,Edouard Julien,True,selected_component
2025,93,666464,Jerar Encarnacion,True,selected_component
2025,614,666624,Christopher Morel,True,selected_component
2025,36,666915,Bobby Dalbec,False,selected_component
2025,1108,666969,Adolis García,True,selected_component
2025,1026,666971,Lourdes Gurriel Jr.,True,selected_component
2025,25,667452,Corey Julks,False,selected_component
2025,516,667472,Dane Myers,True,selected_component
2025,1251,667670,Brent Rooker,True,selected_component
2025,6,667690,C.J. Stubbs,False,selected_component
2025,1214,668227,Randy Arozarena,True,selected_component
2025,247,668670,Jake Rogers,True,selected_component
2025,576,668709,JJ Bleday,True,selected_component
2025,1091,668715,Spencer Steer,True,selected_component
2025,33,668723,Ryan Vilade,False,selected_component
2025,36,668731,Akil Baddoo,False,selected_component
2025,150,668800,Andrew Knizner,True,selected_component
2025,1269,668804,Bryan Reynolds,True,selected_component
2025,69,668845,Aaron Schunk,False,selected_component
2025,271,668885,Austin Martin,True,selected_component
2025,886,668901,Mark Vientos,True,selected_component
2025,756,668904,Royce Lewis,True,selected_component
2025,1192,668930,Brice Turang,True,selected_component
2025,586,668939,Adley Rutschman,True,selected_component
2025,353,668942,Josh Rojas,True,selected_component
2025,88,668952,Ryan Kreidler,True,selected_component
2025,88,668974,Maverick Handley,True,selected_component
2025,131,669003,Garrett Mitchell,True,selected_component
2025,117,669004,MJ Melendez,True,selected_component
2025,760,669016,Brandon Marsh,True,selected_component
2025,903,669065,Kyle Stowers,True,selected_component
2025,105,669087,Sam Huff,False,selected_component
2025,988,669127,Shea Langeliers,True,selected_component
2025,43,669134,Luis Campusano,False,selected_component
2025,1,669194,Ryne Nelson,False,selected_component
2025,34,669200,Mason McCoy,False,selected_component
2025,65,669208,Ryan Bliss,False,selected_component
2025,640,669221,Sean Murphy,True,selected_component
2025,894,669224,Austin Wells,True,selected_component
2025,220,669234,Justyn-Henry Malloy,True,selected_component
2025,355,669236,Jeremiah Jackson,True,selected_component
2025,628,669242,Tommy Edman,True,selected_component
2025,19,669256,Nick Solak,False,selected_component
2025,729,669257,Will Smith,True,selected_component
2025,301,669261,Jack Suwinski,True,selected_component
2025,104,669288,Daniel Johnson,False,selected_component
2025,551,669289,Santiago Espinal,True,selected_component
2025,63,669304,Jose F Miranda,False,selected_component
2025,311,669326,Bryce Teodosio,True,selected_component
2025,760,669357,Nolan Gorman,True,selected_component
2025,1036,669364,Xavier Edwards,True,selected_component
2025,120,669369,Bryce Johnson,True,selected_component
2025,39,669374,Keston Hiura,False,selected_component
2025,12,669392,Samad Taylor,False,selected_component
2025,718,669394,Jake Burger,True,selected_component
2025,714,669397,Nick Allen,True,selected_component
2025,28,669398,Gage Workman,False,selected_component
2025,1,669432,Trevor Rogers,False,selected_component
2025,185,669450,Cooper Hummel,True,selected_component
2025,663,669477,Casey Schmitt,True,selected_component
2025,1009,669701,Josh Smith,True,selected_component
2025,651,669707,Jared Triolo,True,selected_component
2025,191,669717,Will Wilson,True,selected_component
2025,795,669720,Austin Hays,True,selected_component
2025,88,669722,Logan Davidson,False,selected_component
2025,480,669743,Alex Call,True,selected_component
2025,656,669911,Michael Toglia,True,selected_component
2025,45,670032,Nicky Lopez,False,selected_component
2025,438,670042,Luke Raley,True,selected_component
2025,90,670092,Trenton Brooks,True,selected_component
2025,95,670097,Zack Short,False,selected_component
2025,244,670156,Miles Mastrobuoni,True,selected_component
2025,289,670223,Matt Mervis,True,selected_component
2025,417,670224,Kameron Misner,True,selected_component
2025,299,670231,John Rave,True,selected_component
2025,768,670242,Matt Wallner,True,selected_component
2025,11,670276,Cal Stevenson,False,selected_component
2025,350,670541,Yordan Alvarez,True,selected_component
2025,726,670623,Isaac Paredes,True,selected_component
2025,546,670764,Taylor Walls,True,selected_component
2025,984,670770,TJ Friedl,True,selected_component
2025,782,671056,Iván Herrera,True,selected_component
2025,54,671083,Buddy Kennedy,False,selected_component
2025,210,671213,Triston Casas,True,selected_component
2025,1246,671218,Heliot Ramos,True,selected_component
2025,438,671221,Drew Waters,True,selected_component
2025,970,671277,Luis García Jr.,True,selected_component
2025,142,671284,Tim Elko,True,selected_component
2025,135,671286,Johnathan Rodríguez,True,selected_component
2025,712,671289,Tyler Freeman,True,selected_component
2025,84,671655,George Valera,False,selected_component
2025,1151,671732,Lawrence Butler,True,selected_component
2025,1188,671739,Michael Harris II,True,selected_component
2025,23,671976,Tristan Peters,False,selected_component
2025,20,672012,Tyler Black,False,selected_component
2025,285,672016,Denzel Clarke,True,selected_component
2025,831,672275,Patrick Bailey,True,selected_component
2025,31,672279,Michael Siani,False,selected_component
2025,128,672284,Jarred Kelenic,True,selected_component
2025,1004,672356,Gabriel Arias,True,selected_component
2025,26,672359,Tirso Ornelas,False,selected_component
2025,929,672386,Alejandro Kirk,True,selected_component
2025,573,672515,Gabriel Moreno,True,selected_component
2025,123,672569,Gustavo Campero,False,selected_component
2025,987,672580,Maikel Garcia,True,selected_component
2025,969,672640,Otto Lopez,True,selected_component
2025,9,672642,Steward Berroa,False,selected_component
2025,1130,672695,Geraldo Perdomo,True,selected_component
2025,522,672724,Oswald Peraza,True,selected_component
2025,474,672744,Alexander Canario,True,selected_component
2025,739,672761,Wenceel Pérez,True,selected_component
2025,1030,672820,Lenyn Sosa,True,selected_component
2025,1086,673237,Yainer Diaz,True,selected_component
2025,804,673357,Luis Robert Jr.,True,selected_component
2025,305,673490,Ha-Seong Kim,True,selected_component
2025,1100,673548,Seiya Suzuki,True,selected_component
2025,971,673962,Josh Jung,True,selected_component
2025,26,674441,Jacob Hurtubise,False,selected_component
2025,6,675659,Greg Jones,False,selected_component
2025,4,675915,David Bañuelos,False,selected_component
2025,149,676044,Bob Seymour,True,selected_component
2025,628,676059,Jordan Westburg,True,selected_component
2025,100,676070,Jacob Amaya,False,selected_component
2025,99,676116,Ryan Noda,False,selected_component
2025,110,676356,Jonny DeLuca,True,selected_component
2025,956,676391,Ernie Clement,True,selected_component
2025,200,676439,Hunter Feduccia,True,selected_component
2025,37,676466,Jack Winkler,False,selected_component
2025,935,676475,Alec Burleson,True,selected_component
2025,68,676480,José Barrero,False,selected_component
2025,9,676551,Brewer Hicklen,False,selected_component
2025,862,676572,Eric Wagaman,True,selected_component
2025,630,676609,José Caballero,True,selected_component
2025,100,676679,Luis Vázquez,False,selected_component
2025,585,676694,Jake Meyers,True,selected_component
2025,78,676701,Alan Trejo,False,selected_component
2025,89,676724,Jared Young,False,selected_component
2025,219,676801,Chas McCormick,True,selected_component
2025,57,676812,Carson McCusker,False,selected_component
2025,408,676914,Davis Schneider,True,selected_component
2025,343,677008,Heston Kjerstad,True,selected_component
2025,28,677060,Chad Stevens,False,selected_component
2025,244,677347,Kyren Paris,True,selected_component
2025,688,677587,Brayan Rocchio,True,selected_component
2025,295,677588,José Tena,True,selected_component
2025,138,677592,Everson Pereira,True,selected_component
2025,1338,677594,Julio Rodríguez,True,selected_component
2025,359,677595,Ronny Mauricio,True,selected_component
2025,415,677649,Ezequiel Duran,True,selected_component
2025,823,677800,Wilyer Abreu,True,selected_component
2025,58,677870,Leo Jiménez,False,selected_component
2025,9,677941,Jordyn Adams,False,selected_component
2025,464,677942,Blaze Alexander,True,selected_component
2025,25,677943,Will Banfield,False,selected_component
2025,854,677950,Alek Thomas,True,selected_component
2025,1229,677951,Bobby Witt Jr.,True,selected_component
2025,91,677956,Rece Hinds,False,selected_component
2025,367,678009,Parker Meadows,True,selected_component
2025,109,678011,Anthony Seigler,True,selected_component
2025,45,678225,Jihwan Bae,False,selected_component
2025,1043,678246,Miguel Vargas,True,selected_component
2025,122,678391,Jorbit Vivas,True,selected_component
2025,150,678489,Jorge Barrosa,True,selected_component
2025,477,678554,Curtis Mead,True,selected_component
2025,859,678662,Ezequiel Tovar,True,selected_component
2025,337,678877,Jhonkensy Noel,True,selected_component
2025,1224,678882,Ceddanne Rafaela,True,selected_component
2025,137,678894,Liover Peguero,True,selected_component
2025,293,679032,Johan Rojas,True,selected_component
2025,1153,679529,Spencer Torkelson,True,selected_component
2025,3,679631,Terrin Vavra,False,selected_component
2025,20,679822,Justin Foscue,False,selected_component
2025,306,679845,Nick Loftin,True,selected_component
2025,12,680118,Dairon Blanco,False,selected_component
2025,358,680474,Max Schuemann,True,selected_component
2025,978,680574,Matt McLain,True,selected_component
2025,173,680577,DaShawn Keirsey Jr.,True,selected_component
2025,71,680700,Richie Palacios,False,selected_component
2025,19,680716,Jonathan Ornelas,False,selected_component
2025,943,680718,Addison Barger,True,selected_component
2025,247,680728,Adrian Del Castillo,True,selected_component
2025,211,680737,Michael Helman,True,selected_component
2025,1071,680757,Steven Kwan,True,selected_component
2025,35,680769,CJ Alexander,False,selected_component
2025,1196,680776,Jarren Duran,True,selected_component
2025,711,680777,Ryan Jeffers,True,selected_component
2025,573,680779,Henry Davis,True,selected_component
2025,77,680837,Ryan Fitzgerald,False,selected_component
2025,207,680862,Willie MacIver,True,selected_component
2025,207,680869,Zack Gelof,True,selected_component
2025,31,680911,Owen Miller,False,selected_component
2025,810,680977,Brendan Donovan,True,selected_component
2025,973,681082,Bryson Stott,True,selected_component
2025,170,681146,Jonah Bride,True,selected_component
2025,610,681297,Colton Cowser,True,selected_component
2025,897,681351,Logan O'Hoppe,True,selected_component
2025,651,681393,Connor Norby,True,selected_component
2025,638,681460,Brooks Baldwin,True,selected_component
2025,910,681481,Kerry Carpenter,True,selected_component
2025,171,681508,Mickey Gasper,True,selected_component
2025,275,681546,James Outman,True,selected_component
2025,37,681584,David Villar,False,selected_component
2025,1236,681624,Andy Pages,True,selected_component
2025,509,681715,Heriberto Hernández,True,selected_component
2025,321,681807,David Fry,True,selected_component
2025,5,681909,Justin Dean,False,selected_component
2025,157,681962,Vinny Capra,True,selected_component
2025,152,681987,Nate Eaton,True,selected_component
2025,728,682177,Daniel Schneemann,True,selected_component
2025,46,682183,Drew Avans,False,selected_component
2025,13,682515,Logan Porter,False,selected_component
2025,645,682622,Noelvi Marte,True,selected_component
2025,497,682626,Francisco Alvarez,True,selected_component
2025,21,682634,Kevin Alcántara,False,selected_component
2025,348,682641,Luis Matos,True,selected_component
2025,281,682653,Warming Bernabel,True,selected_component
2025,904,682657,Angel Martínez,True,selected_component
2025,1044,682663,Agustín Ramírez,True,selected_component
2025,319,682668,Luisangel Acuña,True,selected_component
2025,187,682729,Jonatan Clase,True,selected_component
2025,1200,682829,Elly De La Cruz,True,selected_component
2025,92,682848,Endy Rodríguez,True,selected_component
2025,22,682868,Bryan Ramos,False,selected_component
2025,147,682927,Ronny Simon,True,selected_component
2025,1149,682928,CJ Abrams,True,selected_component
2025,1384,682985,Riley Greene,True,selected_component
2025,232,682988,Tyler Locklear,True,selected_component
2025,10,682997,Tyler Callihan,False,selected_component
2025,1200,682998,Corbin Carroll,True,selected_component
2025,1161,683002,Gunnar Henderson,True,selected_component
2025,1,683004,Jack Leiter,False,selected_component
2025,1081,683011,Anthony Volpe,True,selected_component
2025,32,683021,Michael Stefanic,False,selected_component
2025,176,683083,Nasim Nuñez,True,selected_component
2025,121,683090,Matthew Lugo,True,selected_component
2025,794,683146,Brett Baty,True,selected_component
2025,222,683227,Cody Freeman,True,selected_component
2025,61,683357,Owen Caissie,False,selected_component
2025,799,683734,Andrew Vaughn,True,selected_component
2025,1054,683737,Michael Busch,True,selected_component
2025,73,683748,Victor Mesa Jr.,False,selected_component
2025,334,683766,Christian Koss,True,selected_component
2025,139,683770,Will Robertson,True,selected_component
2025,89,685301,Matt Gorski,False,selected_component
2025,7,685744,Kenedy Corona,False,selected_component
2025,973,686217,Sal Frelick,True,selected_component
2025,93,686452,Drew Millas,False,selected_component
2025,1204,686469,Vinnie Pasquantino,True,selected_component
2025,100,686475,Tyler Tolbert,True,selected_component
2025,513,686527,Dominic Canzone,True,selected_component
2025,61,686554,Oliver Dunn,False,selected_component
2025,755,686555,Isaac Collins,True,selected_component
2025,531,686611,Dylan Crews,True,selected_component
2025,960,686668,Brenton Doyle,True,selected_component
2025,70,686676,Korey Lee,False,selected_component
2025,534,686681,Michael Massey,True,selected_component
2025,165,686765,Nick Sogard,True,selected_component
2025,756,686780,Pedro Pagés,True,selected_component
2025,949,686797,Brooks Lee,True,selected_component
2025,20,686823,Will Brennan,False,selected_component
2025,122,686894,Joey Wiemer,True,selected_component
2025,858,686948,Drake Baldwin,True,selected_component
2025,263,687221,Dalton Rushing,True,selected_component
2025,342,687231,Darell Hernaiz,True,selected_component
2025,1026,687263,Zach Neto,True,selected_component
2025,732,687363,Victor Scott II,True,selected_component
2025,842,687401,Joey Ortiz,True,selected_component
2025,755,687462,Spencer Horwitz,True,selected_component
2025,78,687478,Cam Devanney,False,selected_component
2025,268,687515,Colby Thomas,True,selected_component
2025,46,687529,Grant McCray,False,selected_component
2025,186,687551,Drew Gilbert,True,selected_component
2025,1043,687597,Jordan Beck,True,selected_component
2025,215,687637,Dylan Beavers,True,selected_component
2025,230,687859,Troy Johnston,True,selected_component
2025,262,687952,Christian Encarnacion-Strand,True,selected_component
2025,90,687957,Dustin Harris,False,selected_component
2025,315,688363,Graham Pauley,True,selected_component
2025,130,688760,Blaine Crim,True,selected_component
2025,20,689041,Rhylan Thomas,False,selected_component
2025,123,689172,Brett Wisely,True,selected_component
2025,149,689200,Jacob Melton,True,selected_component
2025,561,689414,Liam Hicks,True,selected_component
2025,384,690022,Ryan Ritter,True,selected_component
2025,102,690291,Jace Jung,True,selected_component
2025,215,690924,Braxton Fulford,True,selected_component
2025,154,690976,Alex Freeland,True,selected_component
2025,15,690984,Petey Halpin,False,selected_component
2025,369,690987,Robert Hassell III,True,selected_component
2025,806,690993,Colt Keith,True,selected_component
2025,7,691011,Drew Romo,False,selected_component
2025,1056,691016,Tyler Soderstrom,True,selected_component
2025,535,691019,Kyle Teel,True,selected_component
2025,758,691023,Jordan Walker,True,selected_component
2025,990,691026,Masyn Winn,True,selected_component
2025,845,691176,Jasson Domínguez,True,selected_component
2025,205,691182,Adael Amador,True,selected_component
2025,93,691185,Maximo Acosta,False,selected_component
2025,16,691373,Jhostynxon Garcia,False,selected_component
2025,1205,691406,Junior Caminero,True,selected_component
2025,525,691594,Javier Sanoja,True,selected_component
2025,1352,691718,Pete Crow-Armstrong,True,selected_component
2025,273,691720,Kyle Karros,True,selected_component
2025,496,691723,Coby Mayo,True,selected_component
2025,79,691728,Zac Veen,False,selected_component
2025,405,691777,Max Muncy,True,selected_component
2025,548,691781,Brady House,True,selected_component
2025,117,691783,Jordan Lawlar,True,selected_component
2025,255,691785,Marcelo Mayer,True,selected_component
2025,14,691907,Tsung-Che Cheng,False,selected_component
2025,251,692216,CJ Kayfus,True,selected_component
2025,440,692225,Kristian Campbell,True,selected_component
2025,315,692585,Yanquiel Fernández,True,selected_component
2025,770,693304,Nick Gonzales,True,selected_component
2025,862,693307,Dillon Dingler,True,selected_component
2025,16,693409,César Prieto,False,selected_component
2025,1101,694192,Jackson Chourio,True,selected_component
2025,91,694203,Denzer Guzman,False,selected_component
2025,109,694208,Moisés Ballesteros,False,selected_component
2025,237,694212,Samuel Basallo,True,selected_component
2025,38,694359,Niko Kavadas,False,selected_component
2025,124,694362,Blake Dunn,True,selected_component
2025,401,694374,Tim Tawa,True,selected_component
2025,69,694376,Shay Whitcomb,False,selected_component
2025,135,694377,Nick Yorke,True,selected_component
2025,907,694384,Nolan Schanuel,True,selected_component
2025,196,694388,Joey Loperfido,True,selected_component
2025,351,694497,Evan Carter,True,selected_component
2025,993,694671,Wyatt Langford,True,selected_component
2025,87,694728,Brice Matthews,False,selected_component
2025,304,695238,Will Wagner,True,selected_component
2025,12,695257,Billy Cook,False,selected_component
2025,575,695336,Thomas Saggese,True,selected_component
2025,140,695391,Brett Harris,True,selected_component
2025,430,695506,Jac Caglianone,True,selected_component
2025,1145,695578,James Wood,True,selected_component
2025,137,695600,Carter Jensen,True,selected_component
2025,545,695657,Colson Montgomery,True,selected_component
2025,16,695670,Harry Ford,False,selected_component
2025,362,695681,Christian Moore,True,selected_component
2025,664,695734,Daylen Lile,True,selected_component
2025,319,696030,Alejandro Osuna,True,selected_component
2025,1147,696100,Hunter Goodman,True,selected_component
2025,550,696285,Jacob Young,True,selected_component
2025,99,699625,Jimmy Crooks,False,selected_component
2025,593,700242,Trey Sweeney,True,selected_component
2025,196,700246,Carson Williams,True,selected_component
2025,869,700250,Ben Rice,True,selected_component
2025,725,700337,Edgar Quero,True,selected_component
2025,949,700932,Kyle Manzardo,True,selected_component
2025,211,701305,Zach Dezenzo,True,selected_component
2025,463,701350,Roman Anthony,True,selected_component
2025,977,701358,Cam Smith,True,selected_component
2025,106,701398,Sal Stewart,True,selected_component
2025,947,701538,Jackson Merrill,True,selected_component
2025,127,701675,Nathan Church,True,selected_component
2025,804,701762,Nick Kurtz,True,selected_component
2025,252,702176,Alan Roden,True,selected_component
2025,439,702284,Cole Young,True,selected_component
2025,777,702332,Caleb Durbin,True,selected_component
2025,5,702358,Trey Lipscomb,False,selected_component
2025,1105,702616,Jackson Holliday,True,selected_component
2025,687,802415,Chandler Simpson,True,selected_component
2025,38,804668,Rafael Flores Jr.,False,selected_component
2025,407,805249,Otto Kemp,True,selected_component
2025,374,805300,Jakob Marsee,True,selected_component
2025,768,805367,Chase Meidroth,True,selected_component
2025,326,805373,Nacho Alvarez Jr.,True,selected_component
2025,813,805779,Jacob Wilson,True,selected_component
2025,64,805811,Bryce Eldridge,False,selected_component
2025,87,805904,Zach Cole,False,selected_component
2025,302,807712,Luke Keaschall,True,selected_component
2025,792,807713,Matt Shaw,True,selected_component
2025,317,807799,Masataka Yoshida,True,selected_component
2025,326,808975,Hyeseong Kim,True,selected_component
2025,1014,808982,Jung Hoo Lee,True,selected_component
2025,568,810938,Ben Williamson,True,selected_component
2026,157,457705,Andrew McCutchen,True,selected_component
2026,54,467793,Carlos Santana,False,selected_component
2026,397,500743,Miguel Rojas,True,selected_component
2026,45,502054,Tommy Pham,False,selected_component
2026,694,502671,Paul Goldschmidt,True,selected_component
2026,98,506702,Sandy León,False,selected_component
2026,888,514888,Jose Altuve,True,selected_component
2026,336,516782,Starling Marte,True,selected_component
2026,151,518595,Travis d'Arnaud,True,selected_component
2026,1302,518692,Freddie Freeman,True,selected_component
2026,172,519317,Giancarlo Stanton,True,selected_component
2026,1245,521692,Salvador Perez,True,selected_component
2026,522,542303,Marcell Ozuna,True,selected_component
2026,326,543309,Kyle Higashioka,True,selected_component
2026,273,543510,James McCann,True,selected_component
2026,965,543760,Marcus Semien,True,selected_component
2026,933,543807,George Springer,True,selected_component
2026,468,543877,Christian Vázquez,True,selected_component
2026,796,545121,Ildemaro Vargas,True,selected_component
2026,497,545341,Randal Grichuk,True,selected_component
2026,1026,545361,Mike Trout,True,selected_component
2026,1285,547180,Bryce Harper,True,selected_component
2026,476,553869,Elias Díaz,True,selected_component
2026,889,553993,Eugenio Suárez,True,selected_component
2026,1030,571448,Nolan Arenado,True,selected_component
2026,32,571657,Kyle Farmer,False,selected_component
2026,164,571771,Enrique Hernández,True,selected_component
2026,70,571912,Luke Maile,False,selected_component
2026,951,571970,Max Muncy,True,selected_component
2026,1183,572233,Christian Walker,True,selected_component
2026,691,573262,Mike Yastrzemski,True,selected_component
2026,987,575929,Willson Contreras,True,selected_component
2026,263,592206,Nick Castellanos,True,selected_component
2026,516,592450,Aaron Judge,True,selected_component
2026,1177,592518,Manny Machado,True,selected_component
2026,783,592626,Joc Pederson,True,selected_component
2026,780,592663,J.T. Realmuto,True,selected_component
2026,848,592885,Christian Yelich,True,selected_component
2026,828,593428,Xander Bogaerts,True,selected_component
2026,251,593871,Jorge Polanco,True,selected_component
2026,354,595879,Javier Báez,True,selected_component
2026,381,595978,Austin Hedges,True,selected_component
2026,840,596019,Francisco Lindor,True,selected_component
2026,131,596103,Austin Slater,False,selected_component
2026,511,596115,Trevor Story,True,selected_component
2026,113,596117,Garrett Stubbs,True,selected_component
2026,379,596142,Gary Sánchez,True,selected_component
2026,275,596146,Max Kepler,True,selected_component
2026,45,600869,Jeimer Candelario,False,selected_component
2026,171,602104,Ramón Urías,True,selected_component
2026,1164,605137,Josh Bell,True,selected_component
2026,718,605141,Mookie Betts,True,selected_component
2026,593,605170,Victor Caratini,True,selected_component
2026,34,605244,Aramis Garcia,False,selected_component
2026,9,605353,Vimael Machín,False,selected_component
2026,83,606115,Orlando Arcia,False,selected_component
2026,869,606192,Teoscar Hernández,True,selected_component
2026,1019,606466,Ketel Marte,True,selected_component
2026,149,606992,Eric Haase,True,selected_component
2026,1193,607043,Brandon Nimmo,True,selected_component
2026,1236,607208,Trea Turner,True,selected_component
2026,918,608070,José Ramírez,True,selected_component
2026,1125,608324,Alex Bregman,True,selected_component
2026,707,608348,Carson Kelly,True,selected_component
2026,777,608369,Corey Seager,True,selected_component
2026,227,608701,Rob Refsnyder,True,selected_component
2026,32,608841,Joey Meneses,False,selected_component
2026,480,609280,Miguel Andujar,True,selected_component
2026,498,620443,Luis Torrens,True,selected_component
2026,842,621020,Dansby Swanson,True,selected_component
2026,254,621043,Carlos Correa,True,selected_component
2026,407,621438,Tyrone Taylor,True,selected_component
2026,762,621439,Byron Buxton,True,selected_component
2026,835,621493,Taylor Ward,True,selected_component
2026,104,621550,Patrick Wisdom,True,selected_component
2026,1293,621566,Matt Olson,True,selected_component
2026,473,622268,Donovan Walton,True,selected_component
2026,418,622761,Jorge Mateo,True,selected_component
2026,343,623168,Tyler Heineman,True,selected_component
2026,22,623205,Andrew Velazquez,False,selected_component
2026,1215,624413,Pete Alonso,True,selected_component
2026,498,624424,Michael Conforto,True,selected_component
2026,285,624428,Adam Frazier,True,selected_component
2026,255,624431,Jose Trevino,True,selected_component
2026,53,624512,Reese McGuire,False,selected_component
2026,685,624585,Jorge Soler,True,selected_component
2026,526,624641,Edmundo Sosa,True,selected_component
2026,51,628451,Andy Ibáñez,False,selected_component
2026,695,630105,Jake Cronenworth,True,selected_component
2026,113,640459,Brian Navarreto,True,selected_component
2026,36,640492,José Azócar,False,selected_component
2026,181,640902,Jhonny Pereda,True,selected_component
2026,887,641343,Jake Bauers,True,selected_component
2026,950,641355,Cody Bellinger,True,selected_component
2026,735,641487,J.P. Crawford,True,selected_component
2026,154,641555,J.C. Escarra,True,selected_component
2026,171,641584,Jake Fraley,True,selected_component
2026,258,641598,Mitch Garver,True,selected_component
2026,653,641680,Jonah Heim,True,selected_component
2026,32,641820,Trey Mancini,False,selected_component
2026,638,641857,Ryan McMahon,True,selected_component
2026,484,641933,Tyler O'Neill,True,selected_component
2026,45,642020,Chuckie Robinson,False,selected_component
2026,540,642086,Dominic Smith,True,selected_component
2026,23,642133,Rowdy Tellez,False,selected_component
2026,409,642201,Eli White,True,selected_component
2026,329,642215,Weston Wilson,True,selected_component
2026,461,642350,Jose Siri,True,selected_component
2026,453,642708,Amed Rosario,True,selected_component
2026,939,642715,Willy Adames,True,selected_component
2026,173,642851,Austin Wynns,True,selected_component
2026,872,643217,Andrew Benintendi,True,selected_component
2026,1153,643289,Mauricio Dubón,True,selected_component
2026,351,643376,Danny Jansen,True,selected_component
2026,278,643396,Isiah Kiner-Falefa,True,selected_component
2026,983,643446,Jeff McNeil,True,selected_component
2026,93,644433,Chadwick Tromp,False,selected_component
2026,1333,645277,Ozzie Albies,True,selected_component
2026,265,645302,Victor Robles,True,selected_component
2026,135,645305,Ali Sánchez,True,selected_component
2026,1200,646240,Rafael Devers,True,selected_component
2026,1034,647304,Josh Naylor,True,selected_component
2026,115,649966,Luis Urías,True,selected_component
2026,1119,650333,Luis Arraez,True,selected_component
2026,66,650391,Eloy Jiménez,False,selected_component
2026,724,650402,Gleyber Torres,True,selected_component
2026,974,650489,Willi Castro,True,selected_component
2026,1154,650490,Yandy Díaz,True,selected_component
2026,148,650559,Bryan De La Cruz,True,selected_component
2026,630,650859,Luis Rengifo,True,selected_component
2026,116,650968,Yohel Pozo,True,selected_component
2026,652,655316,Andruw Monasterio,True,selected_component
2026,607,656305,Matt Chapman,True,selected_component
2026,40,656413,Stuart Fairchild,False,selected_component
2026,390,656484,Tristan Gray,True,selected_component
2026,393,656537,Derek Hill,True,selected_component
2026,548,656555,Rhys Hoskins,True,selected_component
2026,142,656577,Alex Jackson,True,selected_component
2026,83,656582,Connor Joe,False,selected_component
2026,732,656716,Zach McKinstry,True,selected_component
2026,892,656775,Cedric Mullins,True,selected_component
2026,762,656811,Ryan O'Hearn,True,selected_component
2026,1250,656941,Kyle Schwarber,True,selected_component
2026,186,656976,Pavin Smith,True,selected_component
2026,623,657041,Lane Thomas,True,selected_component
2026,402,657136,Connor Wong,True,selected_component
2026,397,657656,Ramón Laureano,True,selected_component
2026,3,657675,Rudy Martin Jr.,False,selected_component
2026,733,657757,Gavin Sheets,True,selected_component
2026,210,660162,Yoán Moncada,True,selected_component
2026,1049,660271,Shohei Ohtani,True,selected_component
2026,20,660644,Vidal Bruján,False,selected_component
2026,870,660670,Ronald Acuña Jr.,True,selected_component
2026,561,660688,Keibert Ruiz,True,selected_component
2026,153,660710,Rodolfo Durán,True,selected_component
2026,579,660821,Jesús Sánchez,True,selected_component
2026,207,660844,Leo Rivas,True,selected_component
2026,998,661388,William Contreras,True,selected_component
2026,147,661531,Brian Serven,True,selected_component
2026,996,662139,Daulton Varsho,True,selected_component
2026,296,663330,Jahmai Jones,True,selected_component
2026,166,663368,Blake Perkins,True,selected_component
2026,475,663457,Lars Nootbaar,True,selected_component
2026,302,663494,Bryan Torres,True,selected_component
2026,1096,663538,Nico Hoerner,True,selected_component
2026,31,663584,Hayden Senger,False,selected_component
2026,1162,663586,Austin Riley,True,selected_component
2026,201,663604,Brandon Lockridge,True,selected_component
2026,8,663609,Luken Baker,False,selected_component
2026,110,663611,Nick Madrigal,False,selected_component
2026,722,663616,Trevor Larnach,True,selected_component
2026,34,663624,Ryan Mountcastle,False,selected_component
2026,379,663647,Ke'Bryan Hayes,True,selected_component
2026,1130,663656,Kyle Tucker,True,selected_component
2026,49,663662,Daz Cameron,False,selected_component
2026,91,663697,Jonathan India,False,selected_component
2026,224,663698,Joey Bart,True,selected_component
2026,1083,663728,Cal Raleigh,True,selected_component
2026,525,663743,Nick Fortes,True,selected_component
2026,748,663757,Trent Grisham,True,selected_component
2026,522,663837,Matt Vierling,True,selected_component
2026,148,663853,Romy Gonzalez,True,selected_component
2026,799,663886,Tyler Stephenson,True,selected_component
2026,41,663967,César Salazar,False,selected_component
2026,934,663968,Jake Mangum,True,selected_component
2026,775,663993,Nathaniel Lowe,True,selected_component
2026,1128,664023,Ian Happ,True,selected_component
2026,983,664034,Ty France,True,selected_component
2026,1268,664040,Brandon Lowe,True,selected_component
2026,222,664056,Harrison Bader,True,selected_component
2026,83,664059,Sam Haggerty,False,selected_component
2026,8,664068,Scott Kingery,False,selected_component
2026,33,664238,Dylan Moore,False,selected_component
2026,455,664702,Myles Straw,True,selected_component
2026,481,664728,Kyle Isbel,True,selected_component
2026,47,664731,P.J. Higgins,False,selected_component
2026,996,664761,Alec Bohm,True,selected_component
2026,803,664770,Nathan Lukes,True,selected_component
2026,254,664774,LaMonte Wade Jr.,True,selected_component
2026,389,664954,Brett Sullivan,True,selected_component
2026,1015,664983,Jake McCarthy,True,selected_component
2026,1054,665019,Kody Clemens,True,selected_component
2026,545,665052,Griffin Conine,True,selected_component
2026,914,665161,Jeremy Peña,True,selected_component
2026,1063,665487,Fernando Tatis Jr.,True,selected_component
2026,998,665489,Vladimir Guerrero Jr.,True,selected_component
2026,20,665506,Cristian Pache,False,selected_component
2026,181,665561,Rafael Marchán,True,selected_component
2026,693,665742,Juan Soto,True,selected_component
2026,832,665750,Leody Taveras,True,selected_component
2026,432,665804,Miguel Amaya,True,selected_component
2026,29,665828,Oswaldo Cabrera,False,selected_component
2026,699,665833,Oneil Cruz,True,selected_component
2026,4,665856,Jair Camargo,False,selected_component
2026,133,665861,Sebastián Rivero,True,selected_component
2026,934,665862,Jazz Chisholm Jr.,True,selected_component
2026,572,665877,José Fermín,True,selected_component
2026,420,665923,Esteury Ruiz,True,selected_component
2026,976,665926,Andrés Giménez,True,selected_component
2026,397,665953,Andrés Chaparro,True,selected_component
2026,558,665966,Carlos Narváez,True,selected_component
2026,1168,666018,Jonathan Aranda,True,selected_component
2026,476,666023,Freddy Fermin,True,selected_component
2026,638,666126,Carlos Cortes,True,selected_component
2026,753,666139,Josh Lowe,True,selected_component
2026,580,666152,David Hamilton,True,selected_component
2026,858,666160,Mickey Moniak,True,selected_component
2026,43,666163,Ben Rortvedt,False,selected_component
2026,1302,666176,Jo Adell,True,selected_component
2026,201,666181,Will Benson,True,selected_component
2026,1295,666182,Bo Bichette,True,selected_component
2026,6,666185,Dylan Carlson,False,selected_component
2026,490,666211,Taylor Trammell,True,selected_component
2026,187,666310,Bo Naylor,True,selected_component
2026,450,666397,Edouard Julien,True,selected_component
2026,83,666464,Jerar Encarnacion,False,selected_component
2026,180,666624,Christopher Morel,True,selected_component
2026,13,666931,Jared Oliva,False,selected_component
2026,488,666969,Adolis García,True,selected_component
2026,363,666971,Lourdes Gurriel Jr.,True,selected_component
2026,11,667452,Corey Julks,False,selected_component
2026,524,667472,Dane Myers,True,selected_component
2026,344,667670,Brent Rooker,True,selected_component
2026,1161,668227,Randy Arozarena,True,selected_component
2026,282,668670,Jake Rogers,True,selected_component
2026,936,668709,JJ Bleday,True,selected_component
2026,676,668715,Spencer Steer,True,selected_component
2026,486,668723,Ryan Vilade,True,selected_component
2026,119,668800,Andrew Knizner,False,selected_component
2026,1228,668804,Bryan Reynolds,True,selected_component
2026,524,668885,Austin Martin,True,selected_component
2026,543,668901,Mark Vientos,True,selected_component
2026,950,668904,Royce Lewis,True,selected_component
2026,1125,668930,Brice Turang,True,selected_component
2026,642,668939,Adley Rutschman,True,selected_component
2026,194,668942,Josh Rojas,True,selected_component
2026,487,668952,Ryan Kreidler,True,selected_component
2026,3,668974,Maverick Handley,False,selected_component
2026,867,669003,Garrett Mitchell,True,selected_component
2026,284,669004,MJ Melendez,True,selected_component
2026,1039,669016,Brandon Marsh,True,selected_component
2026,984,669065,Kyle Stowers,True,selected_component
2026,73,669087,Sam Huff,False,selected_component
2026,776,669127,Shea Langeliers,True,selected_component
2026,411,669134,Luis Campusano,True,selected_component
2026,21,669208,Ryan Bliss,False,selected_component
2026,186,669221,Sean Murphy,True,selected_component
2026,699,669224,Austin Wells,True,selected_component
2026,554,669236,Jeremiah Jackson,True,selected_component
2026,524,669242,Tommy Edman,True,selected_component
2026,11,669256,Nick Solak,False,selected_component
2026,446,669257,Will Smith,True,selected_component
2026,22,669288,Daniel Johnson,False,selected_component
2026,105,669289,Santiago Espinal,False,selected_component
2026,92,669326,Bryce Teodosio,False,selected_component
2026,587,669357,Nolan Gorman,True,selected_component
2026,9,669360,Trei Cruz,False,selected_component
2026,958,669364,Xavier Edwards,True,selected_component
2026,81,669369,Bryce Johnson,False,selected_component
2026,65,669384,Raynel Delgado,False,selected_component
2026,232,669392,Samad Taylor,True,selected_component
2026,1108,669394,Jake Burger,True,selected_component
2026,243,669397,Nick Allen,True,selected_component
2026,90,669398,Gage Workman,False,selected_component
2026,765,669477,Casey Schmitt,True,selected_component
2026,177,669699,Braden Shewmake,True,selected_component
2026,410,669701,Josh Smith,True,selected_component
2026,570,669707,Jared Triolo,True,selected_component
2026,13,669717,Will Wilson,False,selected_component
2026,186,669720,Austin Hays,True,selected_component
2026,344,669743,Alex Call,True,selected_component
2026,132,669899,Ryan Ward,True,selected_component
2026,46,669911,Michael Toglia,False,selected_component
2026,461,670032,Nicky Lopez,True,selected_component
2026,580,670042,Luke Raley,True,selected_component
2026,117,670097,Zack Short,True,selected_component
2026,42,670156,Miles Mastrobuoni,False,selected_component
2026,92,670224,Kameron Misner,False,selected_component
2026,227,670231,John Rave,True,selected_component
2026,291,670242,Matt Wallner,True,selected_component
2026,1080,670541,Yordan Alvarez,True,selected_component
2026,1127,670623,Isaac Paredes,True,selected_component
2026,646,670764,Taylor Walls,True,selected_component
2026,396,670770,TJ Friedl,True,selected_component
2026,1182,671056,Iván Herrera,True,selected_component
2026,99,671083,Buddy Kennedy,False,selected_component
2026,32,671155,Ivan Johnson,False,selected_component
2026,821,671218,Heliot Ramos,True,selected_component
2026,1003,671277,Luis García Jr.,True,selected_component
2026,36,671286,Johnathan Rodríguez,False,selected_component
2026,472,671289,Tyler Freeman,True,selected_component
2026,67,671655,George Valera,False,selected_component
2026,938,671732,Lawrence Butler,True,selected_component
2026,1157,671739,Michael Harris II,True,selected_component
2026,860,671976,Tristan Peters,True,selected_component
2026,51,672012,Tyler Black,False,selected_component
2026,127,672016,Denzel Clarke,True,selected_component
2026,623,672275,Patrick Bailey,True,selected_component
2026,1,672279,Michael Siani,False,selected_component
2026,147,672284,Jarred Kelenic,True,selected_component
2026,287,672356,Gabriel Arias,True,selected_component
2026,485,672386,Alejandro Kirk,True,selected_component
2026,940,672515,Gabriel Moreno,True,selected_component
2026,29,672569,Gustavo Campero,False,selected_component
2026,485,672580,Maikel Garcia,True,selected_component
2026,49,672613,Eliezer Alfonzo,False,selected_component
2026,1070,672640,Otto Lopez,True,selected_component
2026,12,672642,Steward Berroa,False,selected_component
2026,1018,672695,Geraldo Perdomo,True,selected_component
2026,743,672724,Oswald Peraza,True,selected_component
2026,305,672761,Wenceel Pérez,True,selected_component
2026,239,672820,Lenyn Sosa,True,selected_component
2026,1200,672960,Kazuma Okamoto,True,selected_component
2026,608,673237,Yainer Diaz,True,selected_component
2026,440,673357,Luis Robert Jr.,True,selected_component
2026,237,673490,Ha-Seong Kim,True,selected_component
2026,1043,673548,Seiya Suzuki,True,selected_component
2026,722,673962,Josh Jung,True,selected_component
2026,14,673995,Davis Wendzel,False,selected_component
2026,7,675448,Blake Hunt,False,selected_component
2026,35,675659,Greg Jones,False,selected_component
2026,369,675961,Alika Williams,True,selected_component
2026,627,676356,Jonny DeLuca,True,selected_component
2026,208,676369,Nelson Velázquez,True,selected_component
2026,1038,676391,Ernie Clement,True,selected_component
2026,392,676439,Hunter Feduccia,True,selected_component
2026,1248,676475,Alec Burleson,True,selected_component
2026,73,676551,Brewer Hicklen,False,selected_component
2026,10,676566,Shawn Ross,False,selected_component
2026,96,676572,Eric Wagaman,False,selected_component
2026,845,676609,José Caballero,True,selected_component
2026,267,676694,Jake Meyers,True,selected_component
2026,614,676724,Jared Young,True,selected_component
2026,238,676914,Davis Schneider,True,selected_component
2026,36,677008,Heston Kjerstad,False,selected_component
2026,64,677060,Chad Stevens,False,selected_component
2026,36,677347,Kyren Paris,False,selected_component
2026,1053,677587,Brayan Rocchio,True,selected_component
2026,548,677588,José Tena,True,selected_component
2026,211,677592,Everson Pereira,True,selected_component
2026,1186,677594,Julio Rodríguez,True,selected_component
2026,118,677595,Ronny Mauricio,True,selected_component
2026,1128,677649,Ezequiel Duran,True,selected_component
2026,1255,677800,Wilyer Abreu,True,selected_component
2026,320,677870,Leo Jiménez,True,selected_component
2026,594,677942,Blaze Alexander,True,selected_component
2026,28,677943,Will Banfield,False,selected_component
2026,208,677950,Alek Thomas,True,selected_component
2026,1046,677951,Bobby Witt Jr.,True,selected_component
2026,128,677956,Rece Hinds,True,selected_component
2026,73,678009,Parker Meadows,False,selected_component
2026,293,678011,Anthony Seigler,True,selected_component
2026,520,678218,Brandon Valenzuela,True,selected_component
2026,3,678225,Jihwan Bae,False,selected_component
2026,1177,678246,Miguel Vargas,True,selected_component
2026,617,678391,Jorbit Vivas,True,selected_component
2026,280,678489,Jorge Barrosa,True,selected_component
2026,230,678545,Osleivis Basabe,True,selected_component
2026,557,678554,Curtis Mead,True,selected_component
2026,69,678577,Junior Perez,False,selected_component
2026,1037,678662,Ezequiel Tovar,True,selected_component
2026,22,678760,Eddys Leonard,False,selected_component
2026,1167,678882,Ceddanne Rafaela,True,selected_component
2026,1056,679529,Spencer Torkelson,True,selected_component
2026,429,679822,Justin Foscue,True,selected_component
2026,609,679845,Nick Loftin,True,selected_component
2026,138,680474,Max Schuemann,True,selected_component
2026,814,680574,Matt McLain,True,selected_component
2026,1,680577,DaShawn Keirsey Jr.,False,selected_component
2026,234,680664,Eduardo Valencia,True,selected_component
2026,665,680700,Richie Palacios,True,selected_component
2026,51,680716,Jonathan Ornelas,False,selected_component
2026,51,680718,Addison Barger,False,selected_component
2026,358,680728,Adrian Del Castillo,True,selected_component
2026,58,680737,Michael Helman,False,selected_component
2026,862,680757,Steven Kwan,True,selected_component
2026,1086,680776,Jarren Duran,True,selected_component
2026,579,680777,Ryan Jeffers,True,selected_component
2026,550,680779,Henry Davis,True,selected_component
2026,673,680869,Zack Gelof,True,selected_component
2026,261,680977,Brendan Donovan,True,selected_component
2026,73,681047,Christian Franklin,False,selected_component
2026,985,681082,Bryson Stott,True,selected_component
2026,4,681146,Jonah Bride,False,selected_component
2026,1,681190,Randy Vásquez,False,selected_component
2026,1073,681198,TJ Rumfield,True,selected_component
2026,24,681230,BJ Murray Jr.,False,selected_component
2026,698,681297,Colton Cowser,True,selected_component
2026,494,681351,Logan O'Hoppe,True,selected_component
2026,704,681393,Connor Norby,True,selected_component
2026,507,681481,Kerry Carpenter,True,selected_component
2026,312,681508,Mickey Gasper,True,selected_component
2026,345,681546,James Outman,True,selected_component
2026,1051,681624,Andy Pages,True,selected_component
2026,852,681715,Heriberto Hernández,True,selected_component
2026,362,681807,David Fry,True,selected_component
2026,21,681909,Justin Dean,False,selected_component
2026,108,681987,Nate Eaton,False,selected_component
2026,551,682177,Daniel Schneemann,True,selected_component
2026,9,682515,Logan Porter,False,selected_component
2026,391,682622,Noelvi Marte,True,selected_component
2026,753,682626,Francisco Alvarez,True,selected_component
2026,48,682634,Kevin Alcántara,False,selected_component
2026,43,682641,Luis Matos,False,selected_component
2026,730,682657,Angel Martínez,True,selected_component
2026,446,682663,Agustín Ramírez,True,selected_component
2026,366,682668,Luisangel Acuña,True,selected_component
2026,204,682674,Victor Bericoto,True,selected_component
2026,45,682729,Jonatan Clase,False,selected_component
2026,350,682818,Yohendrick Piñango,True,selected_component
2026,1001,682829,Elly De La Cruz,True,selected_component
2026,270,682848,Endy Rodríguez,True,selected_component
2026,209,682877,Juan Brito,True,selected_component
2026,95,682927,Ronny Simon,False,selected_component
2026,1232,682928,CJ Abrams,True,selected_component
2026,1075,682985,Riley Greene,True,selected_component
2026,595,682987,Spencer Jones,True,selected_component
2026,84,682988,Tyler Locklear,False,selected_component
2026,2,682989,Victor Mederos,False,selected_component
2026,223,682997,Tyler Callihan,True,selected_component
2026,1118,682998,Corbin Carroll,True,selected_component
2026,1272,683002,Gunnar Henderson,True,selected_component
2026,409,683011,Anthony Volpe,True,selected_component
2026,48,683021,Michael Stefanic,False,selected_component
2026,5,683079,Omar Martinez,False,selected_component
2026,862,683083,Nasim Nuñez,True,selected_component
2026,30,683090,Matthew Lugo,False,selected_component
2026,885,683146,Brett Baty,True,selected_component
2026,156,683227,Cody Freeman,True,selected_component
2026,622,683357,Owen Caissie,True,selected_component
2026,106,683679,Jesus Rodriguez,True,selected_component
2026,495,683734,Andrew Vaughn,True,selected_component
2026,1157,683737,Michael Busch,True,selected_component
2026,448,683748,Victor Mesa Jr.,True,selected_component
2026,344,683766,Christian Koss,True,selected_component
2026,835,683953,Travis Bazzana,True,selected_component
2026,482,685133,Wade Meckler,True,selected_component
2026,560,686217,Sal Frelick,True,selected_component
2026,249,686452,Drew Millas,True,selected_component
2026,825,686469,Vinnie Pasquantino,True,selected_component
2026,222,686475,Tyler Tolbert,True,selected_component
2026,900,686527,Dominic Canzone,True,selected_component
2026,18,686554,Oliver Dunn,False,selected_component
2026,775,686555,Isaac Collins,True,selected_component
2026,778,686611,Dylan Crews,True,selected_component
2026,382,686668,Brenton Doyle,True,selected_component
2026,806,686681,Michael Massey,True,selected_component
2026,386,686765,Nick Sogard,True,selected_component
2026,402,686780,Pedro Pagés,True,selected_component
2026,1153,686797,Brooks Lee,True,selected_component
2026,47,686823,Will Brennan,False,selected_component
2026,129,686894,Joey Wiemer,True,selected_component
2026,1155,686948,Drake Baldwin,True,selected_component
2026,797,687093,Vaughn Grissom,True,selected_component
2026,456,687221,Dalton Rushing,True,selected_component
2026,302,687231,Darell Hernaiz,True,selected_component
2026,1333,687263,Zach Neto,True,selected_component
2026,197,687282,Gabriel Rincones Jr.,True,selected_component
2026,289,687363,Victor Scott II,True,selected_component
2026,3,687394,Jack Brannigan,False,selected_component
2026,658,687401,Joey Ortiz,True,selected_component
2026,679,687462,Spencer Horwitz,True,selected_component
2026,231,687515,Colby Thomas,True,selected_component
2026,150,687529,Grant McCray,True,selected_component
2026,614,687551,Drew Gilbert,True,selected_component
2026,322,687597,Jordan Beck,True,selected_component
2026,42,687605,Andrew Pinckney,False,selected_component
2026,577,687637,Dylan Beavers,True,selected_component
2026,153,687749,Jase Bowen,True,selected_component
2026,802,687859,Troy Johnston,True,selected_component
2026,418,687952,Christian Encarnacion-Strand,True,selected_component
2026,205,687957,Dustin Harris,True,selected_component
2026,278,688363,Graham Pauley,True,selected_component
2026,789,689414,Liam Hicks,True,selected_component
2026,37,690022,Ryan Ritter,False,selected_component
2026,15,690291,Jace Jung,False,selected_component
2026,140,690924,Braxton Fulford,True,selected_component
2026,431,690976,Alex Freeland,True,selected_component
2026,354,690984,Petey Halpin,True,selected_component
2026,697,690993,Colt Keith,True,selected_component
2026,65,691002,Yohandy Morales,False,selected_component
2026,365,691011,Drew Romo,True,selected_component
2026,740,691016,Tyler Soderstrom,True,selected_component
2026,239,691019,Kyle Teel,True,selected_component
2026,1168,691023,Jordan Walker,True,selected_component
2026,837,691026,Masyn Winn,True,selected_component
2026,414,691176,Jasson Domínguez,True,selected_component
2026,57,691181,Emmanuel Rodriguez,False,selected_component
2026,141,691182,Adael Amador,True,selected_component
2026,52,691277,Deyvison De Los Santos,False,selected_component
2026,109,691373,Jhostynxon Garcia,True,selected_component
2026,1116,691406,Junior Caminero,True,selected_component
2026,382,691458,Blaze Jordan,True,selected_component
2026,792,691594,Javier Sanoja,True,selected_component
2026,2,691620,Jeferson Quero,False,selected_component
2026,1355,691718,Pete Crow-Armstrong,True,selected_component
2026,760,691720,Kyle Karros,True,selected_component
2026,769,691723,Coby Mayo,True,selected_component
2026,136,691728,Zac Veen,True,selected_component
2026,307,691740,Daniel Susac,True,selected_component
2026,513,691777,Max Muncy,True,selected_component
2026,614,691781,Brady House,True,selected_component
2026,208,691783,Jordan Lawlar,True,selected_component
2026,413,691785,Marcelo Mayer,True,selected_component
2026,575,691788,Joe Mack,True,selected_component
2026,33,691858,Jared Serna,False,selected_component
2026,74,691907,Tsung-Che Cheng,False,selected_component
2026,55,692216,CJ Kayfus,False,selected_component
2026,1100,693304,Nick Gonzales,True,selected_component
2026,1082,693307,Dillon Dingler,True,selected_component
2026,49,693409,César Prieto,False,selected_component
2026,42,693459,Kyler Fedko,False,selected_component
2026,69,694025,Felix Reyes,False,selected_component
2026,955,694192,Jackson Chourio,True,selected_component
2026,217,694197,Angel Genao,True,selected_component
2026,544,694203,Denzer Guzman,True,selected_component
2026,626,694208,Moisés Ballesteros,True,selected_component
2026,753,694212,Samuel Basallo,True,selected_component
2026,23,694224,Gabriel Gonzalez,False,selected_component
2026,641,694249,Cole Carrigg,True,selected_component
2026,239,694362,Blake Dunn,True,selected_component
2026,239,694371,Tommy Troy,True,selected_component
2026,590,694374,Tim Tawa,True,selected_component
2026,182,694376,Shay Whitcomb,True,selected_component
2026,223,694377,Nick Yorke,True,selected_component
2026,466,694378,Jacob Gonzalez,True,selected_component
2026,710,694384,Nolan Schanuel,True,selected_component
2026,226,694388,Joey Loperfido,True,selected_component
2026,86,694410,LuJames Groover,False,selected_component
2026,656,694497,Evan Carter,True,selected_component
2026,132,694514,Sterlin Thompson,True,selected_component
2026,820,694671,Wyatt Langford,True,selected_component
2026,275,694673,Abimelec Ortiz,True,selected_component
2026,412,694728,Brice Matthews,True,selected_component
2026,44,694876,Cooper Ingle,False,selected_component
2026,47,695020,Tanner Murray,False,selected_component
2026,69,695238,Will Wagner,False,selected_component
2026,104,695257,Billy Cook,True,selected_component
2026,324,695336,Thomas Saggese,True,selected_component
2026,46,695391,Brett Harris,False,selected_component
2026,311,695490,Edwin Arroyo,True,selected_component
2026,206,695491,Joshua Báez,True,selected_component
2026,1026,695506,Jac Caglianone,True,selected_component
2026,99,695508,Cam Cauley,True,selected_component
2026,936,695578,James Wood,True,selected_component
2026,1045,695600,Carter Jensen,True,selected_component
2026,1211,695657,Colson Montgomery,True,selected_component
2026,208,695670,Harry Ford,True,selected_component
2026,237,695681,Christian Moore,True,selected_component
2026,349,695720,Tommy White,True,selected_component
2026,654,695731,Braden Montgomery,True,selected_component
2026,1250,695734,Daylen Lile,True,selected_component
2026,368,696030,Alejandro Osuna,True,selected_component
2026,1058,696100,Hunter Goodman,True,selected_component
2026,180,696135,Kahlil Watson,True,selected_component
2026,708,696285,Jacob Young,True,selected_component
2026,512,699013,Esmerlyn Valdez,True,selected_component
2026,133,699024,Leo Bernal,True,selected_component
2026,56,699115,Carlos Jorge,False,selected_component
2026,265,699302,Héctor Rodríguez,True,selected_component
2026,444,699393,Pedro Ramírez,True,selected_component
2026,275,699625,Jimmy Crooks,True,selected_component
2026,357,699912,Jose Fernandez,True,selected_component
2026,79,700246,Carson Williams,False,selected_component
2026,1104,700250,Ben Rice,True,selected_component
2026,402,700337,Edgar Quero,True,selected_component
2026,25,700652,Kenny Piper,False,selected_component
2026,661,700932,Kyle Manzardo,True,selected_component
2026,211,701162,Ben Malgeri,True,selected_component
2026,153,701305,Zach Dezenzo,True,selected_component
2026,336,701350,Roman Anthony,True,selected_component
2026,1076,701358,Cam Smith,True,selected_component
2026,1254,701398,Sal Stewart,True,selected_component
2026,1258,701538,Jackson Merrill,True,selected_component
2026,10,701649,James Triantos,False,selected_component
2026,922,701675,Nathan Church,True,selected_component
2026,580,701678,Hao-Yu Lee,True,selected_component
2026,736,701762,Nick Kurtz,True,selected_component
2026,234,701785,Kaelen Culpepper,True,selected_component
2026,1141,701807,Carson Benge,True,selected_component
2026,276,701852,Drew Cavanaugh,True,selected_component
2026,128,702176,Alan Roden,True,selected_component
2026,827,702222,Justin Crawford,True,selected_component
2026,1105,702284,Cole Young,True,selected_component
2026,922,702332,Caleb Durbin,True,selected_component
2026,590,702616,Jackson Holliday,True,selected_component
2026,91,703155,Lazaro Montes,False,selected_component
2026,41,703197,Michael Arroyo,False,selected_component
2026,58,703492,Nick Morabito,False,selected_component
2026,273,703520,Brett Bateman,True,selected_component
2026,304,703601,Max Clark,True,selected_component
2026,783,703607,Henry Bolte,True,selected_component
2026,859,800050,Chase DeLauter,True,selected_component
2026,326,800325,Luis Lara,True,selected_component
2026,56,800543,Josue De Paula,False,selected_component
2026,127,801126,Brock Rodden,True,selected_component
2026,65,801501,Nate Furman,False,selected_component
2026,978,802139,JJ Wetherholt,True,selected_component
2026,845,802415,Chandler Simpson,True,selected_component
2026,867,803011,Sam Antonacci,True,selected_component
2026,621,804606,Konnor Griffin,True,selected_component
2026,263,804668,Rafael Flores Jr.,True,selected_component
2026,57,805249,Otto Kemp,False,selected_component
2026,882,805300,Jakob Marsee,True,selected_component
2026,41,805346,Ben Ross,False,selected_component
2026,192,805347,Jim Jarvis,True,selected_component
2026,1041,805367,Chase Meidroth,True,selected_component
2026,26,805672,Collin Price,False,selected_component
2026,596,805779,Jacob Wilson,True,selected_component
2026,126,805805,Walker Jenkins,True,selected_component
2026,1146,805808,Kevin McGonigle,True,selected_component
2026,799,805811,Bryce Eldridge,True,selected_component
2026,94,805904,Zach Cole,False,selected_component
2026,824,805999,A.J. Ewing,True,selected_component
2026,507,806068,Colt Emerson,True,selected_component
2026,248,806146,George Lombard Jr.,True,selected_component
2026,433,806198,Cooper Pratt,True,selected_component
2026,164,806367,Turner Hill,True,selected_component
2026,54,806956,Ethan Salas,False,selected_component
2026,868,807712,Luke Keaschall,True,selected_component
2026,326,807713,Matt Shaw,True,selected_component
2026,116,807726,John Peck,True,selected_component
2026,170,807727,Charles McAdoo,True,selected_component
2026,39,807747,Rikuu Nishida,False,selected_component
2026,455,807799,Masataka Yoshida,True,selected_component
2026,932,808959,Munetaka Murakami,True,selected_component
2026,239,808975,Hyeseong Kim,True,selected_component
2026,986,808982,Jung Hoo Lee,True,selected_component
2026,426,810938,Ben Williamson,True,selected_component
2026,118,811965,Joshua Kuroda-Grauer,False,selected_component
2026,250,813841,Jonah Cox,True,selected_component
2026,35,814154,Scott Bandura,False,selected_component
2026,145,814430,Brett Callahan,True,selected_component
2026,464,814439,Ryan Waldschmidt,True,selected_component
2026,119,815873,Sean Keys,True,selected_component
2026,232,823550,Sung-Mun Song,True,selected_component
2026,76,828599,Lucas Spence,False,selected_component
