player_id,player_name,n_exposures,posterior_mean,posterior_median,posterior_sd,cri90_low,cri50_low,cri50_high,cri90_high,prob_above_league_mean,prob_above_league_median,prob_positive,prob_top_quartile,prob_top_decile,prob_bottom_decile,rank_median,rank_cri50_low,rank_cri50_high,rank_cri90_low,rank_cri90_high,rank_population_size
686527,Dominic Canzone,329,0.05491203128223324,0.05194021413627398,0.03692718092171582,0.0018216074089794294,0.027925921928418553,0.0787182102182027,0.11895566239126906,0.8948,0.8932,0.9566,0.7112,0.467,0.0068,61.0,18.75,148.0,3.0,342.0,515
677800,Wilyer Abreu,386,0.047918194489424214,0.0444111477823953,0.03598704129611794,-0.004341930255328962,0.021868751691928538,0.07104671188767148,0.11194157746737665,0.855,0.8518,0.935,0.6362,0.3822,0.0102,82.0,27.0,182.0,4.0,371.0500000000002,515
805808,Kevin McGonigle,403,0.04728778682831528,0.044262402296278924,0.03541806849753138,-0.004287386233479785,0.02148921488263112,0.06897545976001648,0.11107410418196514,0.8584,0.858,0.9346,0.6332,0.38,0.0098,83.5,29.0,185.0,4.0,370.0,515
703607,Henry Bolte,299,0.042180987130630634,0.039227597399171324,0.0338441091061076,-0.007280317930969696,0.017866367709068614,0.06317960062218415,0.10200777999279793,0.8262,0.8242,0.9174,0.5764,0.3076,0.012,103.0,39.0,212.25,6.0,387.0,515
521692,Salvador Perez,469,0.04113955654711445,0.037130475672961995,0.03515671833562124,-0.010226659120908164,0.016358570094179823,0.06229069758844407,0.10426771595801726,0.8058,0.8078,0.9064,0.554,0.3038,0.0122,111.0,40.0,221.0,5.0,399.0500000000002,515
669065,Kyle Stowers,372,0.040873556327584666,0.03854727486047066,0.03330642366819484,-0.007196903745442848,0.016601686639966445,0.06232667083362643,0.1001485230611386,0.8086,0.8086,0.9128,0.5598,0.2982,0.0126,107.0,42.0,223.0,7.0,389.0,515
663586,Austin Riley,437,0.038272490152061536,0.03508973172465138,0.033981065780218325,-0.012470951818453575,0.0143529914948896,0.0597306924724439,0.09803640725681745,0.7858,0.784,0.8874,0.526,0.2738,0.0176,120.0,46.0,236.0,8.0,411.0,515
677594,Julio Rodríguez,469,0.037388646596473486,0.03466758511156097,0.033703180274333604,-0.012396930643305427,0.01423749300468249,0.0586190796749727,0.09538060423877158,0.7774,0.7764,0.887,0.5178,0.2642,0.0162,122.5,49.0,240.0,9.0,408.0,515
620443,Luis Torrens,184,0.037138288175115115,0.03453313967336828,0.033677969497361314,-0.012766318919384546,0.013602346217633907,0.058376311617651125,0.09638891091685739,0.7762,0.7764,0.8844,0.5144,0.264,0.0166,124.0,49.0,243.0,8.0,407.0500000000002,515
670541,Yordan Alvarez,370,0.03691225098940264,0.03300346674145535,0.034970464182626726,-0.01508938776674832,0.013282106027057984,0.0583466915372394,0.10011821875835608,0.7704,0.77,0.8796,0.499,0.2674,0.0182,130.0,48.0,247.0,7.950000000000017,414.0500000000002,515
671732,Lawrence Butler,339,0.034399614781562636,0.03268339250064495,0.03263818961967139,-0.015205163434559051,0.012162849957662683,0.05485010243601492,0.09043720792614376,0.761,0.761,0.8708,0.4822,0.2334,0.0202,137.0,57.0,251.0,11.0,415.0500000000002,515
666397,Edouard Julien,174,0.03404379329069435,0.030320956887879648,0.03641012502942542,-0.019044603404954893,0.010040789574103131,0.05591770886426113,0.09869597734431211,0.7304,0.7302,0.8526,0.4684,0.237,0.026,144.0,56.0,269.0,8.0,434.0500000000002,515
814439,Ryan Waldschmidt,202,0.033728145673315474,0.03062852482963735,0.034331712327552125,-0.018633304983805075,0.0112937010100383,0.05423947210023118,0.09385696069872454,0.7446,0.7452,0.8592,0.4704,0.2366,0.0218,142.0,57.0,261.0,9.0,423.0,515
805999,A.J. Ewing,302,0.03320447384170388,0.0299067925570256,0.03513864332910773,-0.019117607446170783,0.009967718655211491,0.05431254924917577,0.09475561556557166,0.731,0.7322,0.8522,0.4624,0.2274,0.0274,143.0,59.0,269.0,9.0,437.0,515
681481,Kerry Carpenter,174,0.03278213307957923,0.03055808795130907,0.03345088536006253,-0.019114067087826123,0.010512766969627458,0.053613585801917135,0.09214428858746282,0.7338,0.7352,0.853,0.4676,0.2208,0.0244,140.0,61.0,267.0,11.0,432.0,515
682997,Tyler Callihan,83,0.03240683976520169,0.02993550817932596,0.035410630302643485,-0.021856635734695967,0.009090852310110115,0.053996476163815046,0.09395440569393766,0.7196,0.7186,0.8364,0.4616,0.229,0.0318,144.0,59.0,278.25,10.0,441.0,515
592663,J.T. Realmuto,297,0.031663439941502114,0.029053015547837565,0.03494103309857088,-0.021203722774370982,0.008538223581525955,0.05315457812467872,0.09325598676909125,0.7168,0.7138,0.8342,0.445,0.2168,0.0266,153.0,63.0,278.0,10.0,437.0,515
695491,Joshua Báez,91,0.030828794793398406,0.02755347538473269,0.03650813265314323,-0.02477295997237392,0.007770201908925335,0.053604772899365306,0.094898617633798,0.7064,0.7044,0.8246,0.4408,0.2264,0.0344,156.0,60.0,284.0,9.0,448.0,515
687093,Vaughn Grissom,310,0.03059311103541445,0.027740477304816727,0.033986864471847296,-0.02064543751239064,0.0077408385961060654,0.05175768858641219,0.08990677387617917,0.7066,0.7084,0.829,0.4322,0.2024,0.0262,158.0,67.0,285.0,12.0,434.0,515
683737,Michael Busch,422,0.030467809699116253,0.028061144964060047,0.033226082104770766,-0.02056744390776191,0.008785135170269284,0.050993180451480324,0.08806274841053958,0.7142,0.711,0.844,0.429,0.2012,0.0276,157.0,67.0,278.0,12.0,432.0,515
678391,Jorbit Vivas,262,0.0304560544782141,0.027518706004769525,0.0343094239019887,-0.022445467104390604,0.008777913808118532,0.05059065407128843,0.09092537469673834,0.7146,0.716,0.8342,0.4276,0.2054,0.0322,158.0,67.0,277.0,11.0,442.0,515
686217,Sal Frelick,218,0.03044227448254244,0.027495697112402386,0.03459729465712203,-0.021502900665514166,0.008518052911256208,0.050748162173691436,0.09021322457243804,0.7116,0.7124,0.8332,0.428,0.2046,0.028,159.0,67.0,279.25,11.0,438.0,515
804606,Konnor Griffin,224,0.03039770149830195,0.028233787485547404,0.033998605120753374,-0.0218518066822771,0.008477221590974492,0.05147733042974166,0.08975928215136744,0.707,0.7072,0.8328,0.4272,0.2038,0.0298,158.0,68.0,284.0,11.0,440.0,515
683011,Anthony Volpe,170,0.03028114365005714,0.027081041370940806,0.03612512259261916,-0.024601943493081528,0.006719110880150793,0.05156638611360399,0.09362692912700961,0.6916,0.6926,0.814,0.4284,0.2076,0.0344,159.0,65.0,292.25,10.0,449.0,515
608348,Carson Kelly,266,0.030066513560991062,0.02810004185356981,0.031246695219068397,-0.017164409274759748,0.009397460447048894,0.049522460153082704,0.08449739566719452,0.7186,0.7198,0.8448,0.434,0.1836,0.019,156.0,71.0,274.0,14.0,422.0,515
668939,Adley Rutschman,206,0.029930652701567743,0.02765026266908612,0.03403544809680367,-0.021697597490995653,0.00769113585705079,0.049952641258965896,0.08951544238182091,0.7088,0.7054,0.8262,0.427,0.198,0.0278,158.0,68.75,282.0,11.0,439.0,515
691788,Joe Mack,212,0.029849255641410104,0.027135636202461975,0.03427048978893225,-0.02215592962814073,0.007806237461413768,0.05096823170192041,0.09003687482501611,0.7028,0.7034,0.8276,0.4308,0.2046,0.0288,159.0,67.0,285.0,12.0,442.0,515
701538,Jackson Merrill,478,0.029737214581773003,0.027159596943023334,0.035337409758276206,-0.02425624051375407,0.006563413538012108,0.051256379066162226,0.09261902703232659,0.6916,0.6948,0.8122,0.4276,0.2114,0.0312,163.0,65.75,293.0,11.0,442.0,515
663604,Brandon Lockridge,76,0.02917173980801815,0.026129346249814757,0.03581051825719989,-0.025742502896624414,0.006214218331341758,0.050441869701099054,0.09190348584992816,0.6828,0.686,0.807,0.4134,0.2052,0.0374,166.0,68.0,297.0,10.0,450.0500000000002,515
682663,Agustín Ramírez,159,0.029151000269354268,0.026479149333035315,0.03577496874165025,-0.02605708177053932,0.006542839783903022,0.05089174916399551,0.09136914525282328,0.6908,0.6914,0.8134,0.4186,0.1996,0.0414,165.0,67.0,293.0,11.0,456.0,515
571448,Nolan Arenado,365,0.02888766555234167,0.025847835166459394,0.03359337790831196,-0.022361051880657932,0.006655130295135495,0.049299254719880774,0.08821940913790358,0.698,0.6958,0.8218,0.413,0.194,0.0306,165.0,72.75,287.0,11.950000000000017,440.0500000000002,515
663837,Matt Vierling,182,0.028858211987773216,0.025898295087689475,0.03318295619646633,-0.021556008001608097,0.007349166089037113,0.04920650144940238,0.08819221085536053,0.6948,0.6974,0.8264,0.4088,0.1854,0.0278,167.0,74.0,287.0,13.0,438.0,515
681393,Connor Norby,288,0.028540677503062585,0.025397034902876935,0.03421499456107206,-0.024831757903717614,0.006567192876938683,0.04890310630519702,0.08964575386276158,0.6892,0.6914,0.8204,0.4136,0.1896,0.031,168.0,72.0,293.25,12.0,443.0500000000002,515
691176,Jasson Domínguez,161,0.02841993389992732,0.02532454217498359,0.03564846151877548,-0.025888321888228587,0.005929290188316734,0.04903779863988447,0.09116040834608306,0.686,0.6862,0.8106,0.4024,0.1924,0.0368,168.0,72.0,294.25,10.0,449.0,515
664983,Jake McCarthy,432,0.028368413800399832,0.02592477913935915,0.03256929359681477,-0.022068932322430398,0.00785229594973708,0.04852472090121882,0.0853841543210116,0.7014,0.701,0.829,0.4086,0.176,0.0308,168.0,74.0,288.0,15.950000000000017,438.0,515
621566,Matt Olson,458,0.028356785607825907,0.026140865375424604,0.032030112841199644,-0.02126093020124305,0.008107883279813651,0.04809718628090109,0.0830338988842169,0.6984,0.6976,0.832,0.4056,0.1728,0.0274,166.0,77.75,285.0,15.950000000000017,437.0,515
671218,Heliot Ramos,289,0.028155014613951618,0.02552539586073413,0.03422494163159663,-0.024778844643195446,0.006767066851527725,0.04846240260430798,0.08829279730412955,0.6884,0.6868,0.8134,0.4054,0.193,0.0352,168.5,72.0,293.0,13.0,447.0,515
700250,Ben Rice,405,0.02813508684574499,0.025638876072221012,0.03341499371483186,-0.024585184349901257,0.0067970537578189265,0.04864055383382429,0.08546586926073883,0.6914,0.6884,0.8238,0.4022,0.1768,0.0338,169.0,74.0,292.0,13.0,446.0,515
701358,Cam Smith,390,0.02796712172437678,0.026434731616184027,0.0328061868524448,-0.023167687508402993,0.006689393798323362,0.048247288040323646,0.08465730879915087,0.687,0.6884,0.8164,0.4078,0.1804,0.03,164.0,75.0,294.0,15.0,437.0,515
677956,Rece Hinds,42,0.02789408486977209,0.025075554370641594,0.03593340056876511,-0.026717727400858735,0.0049171784646703165,0.048907375324601335,0.08957313350423857,0.6732,0.6732,0.8066,0.4024,0.193,0.0404,171.0,70.0,303.0,11.0,451.0500000000002,515
643289,Mauricio Dubón,469,0.027740850438264658,0.024978180842107574,0.030691124320136553,-0.019541303266464354,0.007693184212618471,0.04729669573201577,0.0808020944910155,0.6972,0.6968,0.8332,0.3932,0.1632,0.0232,169.0,79.0,286.0,16.0,431.0500000000002,515
650333,Luis Arraez,395,0.02751043815627877,0.02576433943647339,0.03215340653881249,-0.023120918938067662,0.006714413411938429,0.047050582760395115,0.08326511458409223,0.6904,0.6902,0.8186,0.4014,0.1718,0.0316,169.0,77.0,293.0,17.0,441.0,515
666182,Bo Bichette,479,0.02750692266614285,0.02504131972195075,0.034406095707646966,-0.02556186782428904,0.005783283041602643,0.04798319709770328,0.08780136707801742,0.6794,0.6776,0.8086,0.3984,0.1756,0.0384,171.0,75.0,301.25,13.0,450.0,515
671289,Tyler Freeman,176,0.027252093543338674,0.024584034269600798,0.03529067377190311,-0.026538261574108803,0.004684644991777553,0.04828245964006903,0.08979101629560242,0.6638,0.6632,0.7942,0.3966,0.1826,0.0374,177.0,75.0,310.0,12.950000000000017,451.0,515
694371,Tommy Troy,91,0.027241975243536228,0.02470863116721734,0.035550029429959364,-0.028583643355327256,0.005251834505350542,0.047546994902539226,0.08893358361076506,0.674,0.6734,0.8,0.3984,0.1866,0.0382,174.5,74.0,303.25,12.0,452.0500000000002,515
676609,José Caballero,311,0.02695394302140183,0.02477358998992227,0.03284410605373115,-0.023769539605896884,0.005390051951363471,0.04652089836723942,0.08334305770990434,0.6754,0.6758,0.8126,0.3952,0.1702,0.035,174.0,80.0,297.0,15.950000000000017,444.0,515
680977,Brendan Donovan,97,0.026517223868626167,0.024366113900127932,0.03568525436833384,-0.02985189712392941,0.004215626335974684,0.04819497779356861,0.08886527238227473,0.6654,0.665,0.792,0.3908,0.189,0.045,176.0,74.0,310.25,12.0,459.0,515
699912,Jose Fernandez,127,0.026288249991797578,0.023701041242459926,0.03423077574019405,-0.02672001148778066,0.00508726634372718,0.04760148558072904,0.08456874924408624,0.6652,0.664,0.797,0.387,0.1756,0.0394,178.0,76.0,307.0,15.0,451.0,515
702284,Cole Young,398,0.026121553363885868,0.02353499950482874,0.03369375244225758,-0.025709191109883005,0.004360514995143002,0.04676916235623876,0.08494067934360432,0.6646,0.6642,0.795,0.384,0.1766,0.0306,180.5,77.0,307.0,13.950000000000017,446.0500000000002,515
690993,Colt Keith,240,0.02611619773346431,0.023651235404578808,0.033522777546086936,-0.026116950260917836,0.005075532578265835,0.046787298351968945,0.0842192028349397,0.6656,0.6624,0.803,0.381,0.1678,0.0378,181.0,82.0,304.0,16.0,451.0,515
543510,James McCann,123,0.026012494157388044,0.023603936383531587,0.03547003447535974,-0.030697890594839232,0.0038779291044584298,0.04719497718367623,0.08891246936188951,0.6594,0.6574,0.7892,0.385,0.175,0.0468,178.0,80.0,314.0,12.0,461.0,515
668227,Randy Arozarena,428,0.025963310793761973,0.02417166460025026,0.03359042008048767,-0.02539682464148615,0.004204651497857943,0.046894395822568366,0.08407288398302014,0.6582,0.6596,0.7962,0.3772,0.1744,0.0356,179.0,78.0,308.0,14.0,452.0,515
679845,Nick Loftin,225,0.025830988218284067,0.023849790758113693,0.0343178136825875,-0.02739940816867844,0.004036822096794717,0.046425957216089775,0.08456775662538595,0.6634,0.6616,0.7918,0.3862,0.1728,0.0394,176.0,81.0,306.0,15.0,453.0,515
701675,Nathan Church,317,0.025767088636484494,0.023060818377585682,0.03407862666668842,-0.026930805731611777,0.004316962985604569,0.04677750345961994,0.08432147693431749,0.6576,0.6566,0.7894,0.38,0.1696,0.0334,182.0,80.0,311.0,14.0,448.0500000000002,515
665804,Miguel Amaya,165,0.025722258663528102,0.0235764637203844,0.03549979061446303,-0.03036540825443166,0.003596190432479613,0.04786639298079152,0.08567010173010495,0.653,0.6538,0.782,0.3802,0.1806,0.0462,179.0,77.0,316.0,14.0,460.0,515
665489,Vladimir Guerrero Jr.,407,0.025477622640264694,0.022831838091679726,0.03168425742046266,-0.024395787013094174,0.0051691495140571905,0.04492103870510626,0.08033389569656171,0.6646,0.663,0.8078,0.3676,0.1528,0.035,183.0,85.0,299.25,18.950000000000017,447.0,515
642708,Amed Rosario,184,0.025252276062677943,0.022950538460758722,0.03586679850298196,-0.030474421457523243,0.0033229186818113823,0.04632810666878821,0.08900354453949275,0.6464,0.6442,0.7844,0.3768,0.1786,0.0432,184.0,80.0,318.0,13.0,458.0,515
691785,Marcelo Mayer,177,0.02510770693239203,0.022583080468733537,0.033669057951978686,-0.02776820037589522,0.003953921643819721,0.046432744863691276,0.08128489205455847,0.6546,0.6522,0.7866,0.3748,0.1648,0.0382,184.0,80.0,312.0,17.0,451.0,515
656555,Rhys Hoskins,178,0.024875902498847618,0.022889822587342505,0.034207782387550324,-0.0283946385100301,0.0029583814931058317,0.04536320148264014,0.08420665985092397,0.653,0.6514,0.7764,0.374,0.1656,0.0456,184.5,83.0,316.0,16.0,459.0500000000002,515
671056,Iván Herrera,424,0.024451402985248803,0.02208453445697824,0.03452348345033479,-0.029731680427046634,0.0027398760812182036,0.04530002928612312,0.08393257173446002,0.6406,0.6376,0.7758,0.3714,0.1658,0.0444,187.0,83.0,319.0,14.0,460.0,515
695731,Braden Montgomery,262,0.02431506440248377,0.022543920986013558,0.03374416541628485,-0.029384106914509597,0.0031145899886564415,0.04505404714849986,0.08250702153741221,0.6532,0.6522,0.7832,0.3678,0.1564,0.0442,185.0,86.0,316.0,16.0,457.0,515
802415,Chandler Simpson,310,0.024204355183056515,0.021592266869446153,0.03534531674947281,-0.030849606652120973,0.0018114830365529974,0.04578844824210315,0.08602481543598196,0.6322,0.6326,0.7714,0.3686,0.1676,0.0436,191.0,80.0,323.0,15.0,457.0,515
686555,Isaac Collins,270,0.02419367390295741,0.021961224288736404,0.03370622830839891,-0.028928398111308904,0.0028853983319658697,0.044702861384537246,0.08208782409816666,0.6392,0.641,0.7818,0.3628,0.1634,0.0404,189.0,88.0,317.0,16.0,455.0500000000002,515
663457,Lars Nootbaar,162,0.024148971252251034,0.02160231051365403,0.036583246266417915,-0.033083668510355956,0.0017145712304094036,0.0463111483348933,0.08576540580201251,0.633,0.6358,0.7632,0.3746,0.1744,0.0546,187.0,81.0,326.0,13.0,468.0,515
553869,Elias Díaz,187,0.023924744874712557,0.02103847495691654,0.035524502634530296,-0.030886718586686686,0.0015385098263815818,0.044862598534215696,0.08601239087894463,0.6226,0.6216,0.7662,0.3602,0.165,0.0486,195.0,86.0,325.0,14.0,462.0,515
668709,JJ Bleday,359,0.02382694881565457,0.021622539155790925,0.03538759862369241,-0.03170260595838736,0.002342491369151053,0.0449546526108949,0.0841554748828432,0.6432,0.6426,0.7712,0.3612,0.1604,0.0504,190.0,86.0,322.0,14.0,464.0,515
673490,Ha-Seong Kim,86,0.02382358834062396,0.021549540046329266,0.03609247115434195,-0.03375878957921652,0.0016254831131754441,0.04538851256231351,0.08748327442708392,0.6266,0.6274,0.7656,0.3634,0.1642,0.0552,192.0,85.0,326.0,12.0,468.0,515
670097,Zack Short,44,0.023810032056425658,0.021328939971301905,0.03653075169239591,-0.03286597565652707,0.0006758030002004141,0.04568958576019847,0.08596105854583096,0.6248,0.6232,0.7554,0.3658,0.1726,0.0496,193.0,81.0,330.0,14.0,463.0,515
664034,Ty France,321,0.02380912622844637,0.021908883550369056,0.032725021129363395,-0.028337422116337496,0.0025945927629524926,0.04455454917569352,0.07951345200060662,0.6452,0.6456,0.7758,0.3626,0.1484,0.044,190.0,85.0,316.0,18.0,457.0500000000002,515
656305,Matt Chapman,212,0.023794496003668206,0.021567924316558393,0.03524633688081132,-0.03239122974093848,0.002321343665348303,0.045139984889989763,0.08324745761073815,0.6336,0.6342,0.7734,0.3622,0.1624,0.0494,191.5,83.0,321.0,15.0,463.0,515
669004,MJ Melendez,103,0.023762064087447892,0.021218969998287075,0.03556184699514974,-0.03196600054072852,0.0018542362896202115,0.0448418140552502,0.08495191559844854,0.6278,0.6272,0.7684,0.3542,0.1638,0.0518,193.0,87.0,324.0,13.950000000000017,464.0,515
805300,Jakob Marsee,322,0.023720984093343046,0.021826189090056194,0.03434507757493727,-0.03005449229189166,0.0028064991186148177,0.044184880361544825,0.08412425152321895,0.6354,0.6346,0.7758,0.3598,0.1542,0.0486,189.0,88.0,320.0,16.0,462.0,515
677870,Leo Jiménez,109,0.02335843452705383,0.021307143220848937,0.03357059474147167,-0.02937853540024048,0.0020044339052746087,0.044018292457045465,0.08007714396003393,0.6302,0.6314,0.7728,0.3458,0.1548,0.0442,194.0,90.0,323.0,16.0,457.0,515
691777,Max Muncy,219,0.023105031819136965,0.021140497273449084,0.032882916075952826,-0.028826142594149475,0.0027381155901903794,0.04297623067708777,0.07918124774369052,0.6366,0.6334,0.7772,0.341,0.149,0.0394,195.0,92.0,320.25,17.0,456.0,515
672724,Oswald Peraza,288,0.023070900789129958,0.02069596157424491,0.033769459999473936,-0.030569116463669218,0.0016664816172008642,0.04404941045067669,0.08111511244024247,0.6288,0.6266,0.7672,0.3502,0.1552,0.0488,195.0,88.0,322.0,17.0,462.0,515
641857,Ryan McMahon,221,0.022898094637269464,0.020801396961425772,0.033690546098122075,-0.030584253963610995,0.001769173344567315,0.04353992292034324,0.08017873944942679,0.6252,0.6236,0.7698,0.3494,0.1474,0.0468,197.0,89.0,323.25,18.0,461.0,515
694671,Wyatt Langford,314,0.022696291457346193,0.020796785982797425,0.03308223747988419,-0.029818686945067657,0.0024305674927835065,0.042838565667120014,0.07949508902058613,0.6252,0.6242,0.772,0.3414,0.1398,0.0418,196.0,91.0,321.0,18.0,455.0,515
683953,Travis Bazzana,311,0.022602351727618004,0.020727418156911315,0.03631845919293152,-0.035084143152258454,3.285174530069077e-05,0.04434983168130002,0.08421141972015513,0.6128,0.611,0.7502,0.3578,0.1704,0.0594,196.0,85.0,334.0,14.0,469.0,515
691023,Jordan Walker,487,0.02251856742236954,0.020580114612451062,0.034551034948146105,-0.03311410023916036,0.00039752450665694644,0.04351766708632688,0.07979285626130682,0.6224,0.6232,0.755,0.3434,0.1478,0.0532,197.0,91.0,330.0,16.0,467.0,515
687363,Victor Scott II,109,0.02223078786343895,0.020656458185141828,0.03549150158717548,-0.03400962544353359,0.00018860801550257288,0.04325193144375409,0.08296841105634056,0.6162,0.6156,0.7524,0.3476,0.1564,0.0492,199.0,88.0,334.0,17.0,463.0,515
687401,Joey Ortiz,246,0.02198931993227112,0.020134038444127863,0.03519988533990342,-0.03474168551239618,-0.0001870260068086797,0.04332917587727572,0.0818796976405952,0.6122,0.609,0.748,0.3438,0.1484,0.0538,202.0,93.0,336.0,17.950000000000017,467.0,515
657136,Connor Wong,144,0.021741665332321608,0.02004210770204783,0.035534342689648245,-0.03483257941281328,-0.00028950826437413885,0.04370309940141142,0.08212269728393469,0.6136,0.6138,0.747,0.3454,0.1502,0.0578,202.0,92.0,334.0,15.0,470.0,515
804668,Rafael Flores Jr.,94,0.021734246057806245,0.019785827324534298,0.03597741452289292,-0.034834450029820274,-0.00011145860027318292,0.04260906176079008,0.08442431495061424,0.6152,0.6148,0.7482,0.3372,0.1504,0.0638,202.0,94.0,334.25,15.0,474.0,515
641343,Jake Bauers,326,0.021442960425255016,0.019479904270516504,0.03377823559785476,-0.03180272304165791,0.00025819508275426353,0.042734200871985914,0.07983609312835815,0.6092,0.6054,0.7524,0.3354,0.1404,0.0518,205.0,92.0,329.25,18.0,464.0,515
666969,Adolis García,149,0.02136922769193352,0.019572605488012793,0.03526881764407724,-0.03482295667388921,-0.0004537763116739957,0.042854437537514674,0.08071240645411082,0.607,0.605,0.7442,0.341,0.1468,0.0566,205.0,93.0,336.0,18.0,470.0,515
694197,Angel Genao,78,0.021367797296740796,0.0192993573859846,0.03580872191194315,-0.034708941929494384,-0.001110322994190426,0.04255567470622158,0.08293315963897756,0.6004,0.5996,0.7394,0.3298,0.1442,0.059,206.5,94.0,341.0,16.0,470.0,515
687597,Jordan Beck,121,0.021359273188146042,0.01910540648130502,0.035414864335216456,-0.03424956656645078,-0.0002130919051037335,0.043178975086808326,0.07969183498681602,0.609,0.6068,0.748,0.3414,0.1502,0.0532,203.0,92.0,333.0,16.0,466.0,515
669707,Jared Triolo,227,0.021283814878543042,0.0190474199938025,0.03518632439918747,-0.035311382299666,3.650367188276435e-05,0.04289526591572613,0.08082815999519902,0.6118,0.6088,0.7502,0.3304,0.145,0.0554,207.0,95.0,335.0,17.950000000000017,467.0,515
814430,Brett Callahan,65,0.02125696166885995,0.0184658092318368,0.03641603925566796,-0.03561284923345722,-0.001558084897066119,0.04272053744272177,0.08444455945387874,0.5928,0.5926,0.7328,0.3378,0.1518,0.0566,209.0,90.75,342.0,15.0,468.0,515
691011,Drew Romo,164,0.021246967336813135,0.0187562075840255,0.03533706336563512,-0.03493126675387962,-0.0008184917569031754,0.04244059770339922,0.08005921300576742,0.6036,0.603,0.744,0.33,0.1474,0.0576,206.0,94.0,336.0,17.0,468.0,515
676369,Nelson Velázquez,80,0.021202874356552947,0.018909012566284362,0.035802678307161,-0.03498778065993064,-0.0006399473773665682,0.04299742546559905,0.08252278546836225,0.6,0.6,0.7428,0.3368,0.1486,0.0564,207.0,93.0,338.0,15.950000000000017,470.0,515
665862,Jazz Chisholm Jr.,363,0.021166406301387497,0.019176402732598387,0.034743056603504754,-0.03412653705128302,-0.0005628115210609309,0.0426588212254769,0.0813337980824846,0.6068,0.6064,0.7432,0.3322,0.1498,0.0578,206.0,93.0,339.0,18.0,469.0,515
666176,Jo Adell,492,0.021097365834133706,0.019701238209030157,0.03264856000125679,-0.03205467573924089,0.0009069416185104122,0.04176673535388277,0.07626621996592808,0.6172,0.6172,0.7584,0.3328,0.1366,0.0494,203.0,98.0,329.0,21.0,463.0,515
677942,Blaze Alexander,243,0.021032341675822117,0.01910472262930322,0.03479324402938921,-0.03547255502417706,-5.8772329294727674e-05,0.041080076223643805,0.08213968209282464,0.613,0.6114,0.7496,0.3284,0.1426,0.0572,206.0,97.0,334.0,17.0,468.0,515
671739,Michael Harris II,467,0.02097707983424622,0.019532002751571603,0.0313912213283812,-0.029269044087695234,0.0015062755564892074,0.03975167976272961,0.07413392823108501,0.6176,0.616,0.7692,0.3184,0.1302,0.0422,207.0,104.0,325.0,22.0,457.0,515
807712,Luke Keaschall,334,0.020487338405792085,0.019266807712817788,0.033663946498199204,-0.03238474685282436,-0.0004189693549925424,0.041211065091166225,0.07828492444228388,0.599,0.599,0.7454,0.3316,0.1342,0.0488,208.0,98.0,336.0,19.0,462.0,515
694673,Abimelec Ortiz,105,0.02036546646489437,0.01863970586520788,0.03569657290706895,-0.036313972517569126,-0.0018635467210767565,0.04157976634891066,0.08169909331983427,0.5974,0.5924,0.7344,0.3236,0.1434,0.0656,211.0,98.0,346.0,18.0,474.0,515
687282,Gabriel Rincones Jr.,88,0.020298244616575232,0.01836481930100349,0.034736620188034056,-0.03385905446893734,-0.001347226313278159,0.041023500812469325,0.07971042506404763,0.5954,0.595,0.7366,0.317,0.1464,0.0576,212.5,98.0,340.0,17.0,470.0,515
553993,Eugenio Suárez,329,0.020282332237274985,0.019181545051488932,0.03405213639516794,-0.03466032201881364,-0.0009642576678371359,0.04135318457973255,0.07822789013532652,0.6004,0.601,0.7404,0.3224,0.1356,0.0588,207.0,99.0,343.25,20.0,469.0,515
650968,Yohel Pozo,47,0.02012524555934601,0.018635410057052278,0.03601572964103919,-0.03706122851363227,-0.0023661642950425516,0.0415581137293069,0.08152852852975988,0.5904,0.59,0.7314,0.3242,0.147,0.0646,210.0,97.0,347.0,17.0,473.0,515
650489,Willi Castro,362,0.01996274036096826,0.01777922228369765,0.03279139085322229,-0.032035699462079126,-0.00036647142453360477,0.03982510939140406,0.07706093792775523,0.5896,0.5888,0.7458,0.3044,0.1242,0.0474,215.0,105.0,337.0,20.950000000000017,462.0,515
681297,Colton Cowser,241,0.019893180847683597,0.017937032703136804,0.0348885415516288,-0.03462042823164154,-0.0012997582912858754,0.03975843194629081,0.07907605591967969,0.5924,0.5918,0.7372,0.3106,0.1322,0.0586,218.0,101.0,343.0,18.0,470.0,515
678011,Anthony Seigler,109,0.019442443787234923,0.018307344451371145,0.03645052485505483,-0.03934204236661747,-0.0024115877260669424,0.0413262137818717,0.07977873419100216,0.5872,0.5854,0.726,0.3218,0.1414,0.0722,213.0,97.0,347.0,18.0,477.0,515
547180,Bryce Harper,509,0.01919842316839007,0.01776320168495251,0.030338772305919227,-0.029755733895758724,-1.2152515176196306e-05,0.037195650912318724,0.07138023623109137,0.5948,0.5934,0.7498,0.2848,0.1082,0.0416,216.0,115.0,333.25,28.0,456.0,515
592518,Manny Machado,434,0.019139406120536974,0.01740028102244122,0.034604422500211555,-0.035744713566240906,-0.002429997568472573,0.03978133676807077,0.07815601132295427,0.583,0.5786,0.7244,0.3104,0.1318,0.0582,214.0,101.0,345.0,20.0,470.0,515
701350,Roman Anthony,109,0.019044567878220717,0.017298368675945953,0.035351005771903345,-0.03673707517974955,-0.0025407409366445246,0.040279814535966935,0.07940780066743028,0.5816,0.5776,0.7216,0.31,0.1358,0.0614,220.0,99.0,349.0,19.0,473.0,515
686765,Nick Sogard,127,0.019014973426888394,0.01749493010504237,0.035736554313832186,-0.03881546837028684,-0.002987071489535562,0.04068743749117122,0.07848496402640269,0.5824,0.582,0.7204,0.315,0.144,0.0656,218.0,98.0,350.0,19.0,474.0,515
596146,Max Kepler,110,0.018934665661268398,0.01712558024561736,0.03628563997259215,-0.039813255234571014,-0.002982299325821804,0.040370526992086625,0.08141441965294778,0.5768,0.5748,0.719,0.3138,0.138,0.0714,219.0,100.0,353.0,18.950000000000017,477.0500000000002,515
656484,Tristan Gray,158,0.018684988701283323,0.017166778749623964,0.035379032664319215,-0.03833994718246226,-0.003339920853589846,0.039064025539300655,0.0802522474031436,0.5756,0.5716,0.7192,0.3096,0.1246,0.0678,219.0,104.0,354.0,20.0,474.0500000000002,515
663853,Romy Gonzalez,62,0.018683351984220053,0.017157899670794,0.036123124742760984,-0.039218335278977466,-0.003743406416271913,0.040306568119766725,0.0802421899645079,0.5786,0.5788,0.7126,0.3162,0.1376,0.0678,216.0,101.0,357.0,18.0,476.0,515
682818,Yohendrick Piñango,146,0.018676332765826597,0.01769242579278072,0.03324472756739175,-0.03544445356542559,-0.0019346403207979395,0.038839069247010555,0.075176336377086,0.5854,0.585,0.731,0.304,0.1214,0.0592,215.0,109.0,342.0,21.0,470.0,515
694728,Brice Matthews,148,0.01866682307291391,0.017470674586868393,0.034504874923792686,-0.03754214200027963,-0.002441747858633132,0.03946258950613076,0.07727293928714175,0.5792,0.577,0.7252,0.3116,0.1226,0.0648,219.0,103.0,347.0,21.0,474.0500000000002,515
676475,Alec Burleson,466,0.018501772645524175,0.017299720960205968,0.03330051130493978,-0.03485208350768434,-0.002150878766096067,0.03841596740878765,0.07445867537728933,0.578,0.578,0.7286,0.2938,0.1212,0.0564,220.0,112.0,345.0,23.0,468.0,515
656775,Cedric Mullins,327,0.01830740529813419,0.01711757995008488,0.03392327051818311,-0.037242817409909874,-0.0026567589277790575,0.039039180452139804,0.07642632994818241,0.579,0.5774,0.7238,0.3068,0.1242,0.061,219.0,105.0,347.0,22.0,471.0,515
665487,Fernando Tatis Jr.,398,0.018263788489604776,0.016911052246557465,0.03599806823456532,-0.03914572664994519,-0.004579923348673385,0.0395625486896526,0.0783591392249091,0.569,0.5652,0.7026,0.3104,0.1366,0.0694,220.0,101.0,359.0,19.0,478.0,515
691594,Javier Sanoja,339,0.018171448887401985,0.017073003898417954,0.034021362500696074,-0.03678222877323473,-0.003240776426540087,0.03890534473018491,0.07591998238120444,0.5768,0.574,0.7178,0.3068,0.1212,0.0658,221.5,106.0,351.0,21.0,473.0500000000002,515
666971,Lourdes Gurriel Jr.,163,0.018051590371232745,0.016879516850394464,0.034556588777875284,-0.03820820578219558,-0.0022396281062757244,0.0382935972052178,0.07673134970415053,0.5708,0.5694,0.7258,0.299,0.1214,0.0616,223.0,107.0,348.0,23.0,472.0500000000002,515
682674,Victor Bericoto,74,0.018025822881422023,0.016626506133476153,0.03546052442300354,-0.039399313600442215,-0.0037658447137914387,0.03977715202888592,0.07819102766186779,0.5672,0.5676,0.7126,0.3144,0.1318,0.0678,224.0,104.0,352.0,20.0,476.0,515
670623,Isaac Paredes,352,0.018017561876435006,0.016418723235670382,0.035058976858817134,-0.03988989123107279,-0.0037101400235932027,0.03959951316153474,0.07750565754937047,0.5692,0.5688,0.7146,0.3074,0.1338,0.0656,225.0,102.0,353.0,21.0,475.0,515
680779,Henry Davis,223,0.017919219635659685,0.016762180131862918,0.033778183443990965,-0.03591176160661599,-0.0024943418411804545,0.03835057163969989,0.07409520080033406,0.5762,0.576,0.7216,0.2974,0.1154,0.0596,220.5,106.75,348.0,24.0,472.0,515
815873,Sean Keys,41,0.0178231677022851,0.016541923692197223,0.035581047474372,-0.041134896319942015,-0.0038413252592522833,0.03961701256803715,0.07870973929081021,0.5692,0.5678,0.7114,0.3078,0.1302,0.0736,222.0,102.0,357.0,21.0,479.0,515
701762,Nick Kurtz,259,0.0177744533557606,0.016911339014487825,0.03368804608940713,-0.03603813433075798,-0.003161217805604489,0.03854843753459115,0.07453434577669495,0.5756,0.5736,0.7166,0.2982,0.1168,0.0636,219.0,108.0,354.0,24.0,473.0,515
664040,Brandon Lowe,441,0.017668115419827327,0.017045139734722915,0.03397748929153027,-0.03725380595339571,-0.0035853929303712177,0.039185931673949743,0.07454491351525178,0.5704,0.5666,0.7126,0.3042,0.127,0.0626,224.0,105.0,355.0,23.0,475.0,515
672580,Maikel Garcia,169,0.01761250768147381,0.0161754344860768,0.03445025553539877,-0.03723012935130699,-0.00405621676024972,0.038686342758231934,0.07695488283483505,0.5668,0.5642,0.7106,0.3,0.1204,0.0616,226.0,108.0,358.0,21.0,472.0,515
800325,Luis Lara,114,0.017523078108248272,0.01633420662081206,0.03529909944262782,-0.04049862143001014,-0.003947824851916994,0.03853979704430934,0.07661882449068488,0.5674,0.5682,0.7084,0.3004,0.125,0.0696,223.0,106.0,359.0,19.0,476.0,515
663494,Bryan Torres,85,0.017521848196317844,0.016388964526345078,0.03584878648453125,-0.039700567871299886,-0.004330824661240969,0.039176768559073795,0.07742037456584462,0.5664,0.5662,0.7116,0.3028,0.1234,0.0736,226.0,106.0,356.0,21.0,478.0500000000002,515
686894,Joey Wiemer,52,0.017519475964522392,0.017001217734356484,0.0357276198055811,-0.04251386472772149,-0.0038699012149975617,0.03950905096552547,0.07692427303048292,0.5732,0.5734,0.7116,0.304,0.126,0.0762,222.0,105.0,355.0,20.0,482.0,515
542303,Marcell Ozuna,155,0.017434420862326702,0.01673328538965224,0.035256086001873306,-0.04078380865827994,-0.00421686308156891,0.038612377712954324,0.07543045805446928,0.5778,0.579,0.7156,0.2948,0.1224,0.0688,220.0,109.0,352.0,23.0,477.0,515
681715,Heriberto Hernández,328,0.01740543992481469,0.01617426253262491,0.032832830162274756,-0.036071563783009145,-0.0031489251047670465,0.03730692970161004,0.0738799174062641,0.5694,0.5688,0.7158,0.2896,0.1072,0.0626,223.0,113.0,352.0,26.0,471.0,515
662139,Daulton Varsho,380,0.01739976877635757,0.016700964843162937,0.031862430012964384,-0.035542370325878495,-0.0022151715019485033,0.036547619300900974,0.07137377604781965,0.5738,0.5716,0.729,0.2816,0.1064,0.0606,222.0,113.0,344.0,28.950000000000017,471.0,515
681807,David Fry,127,0.01731826134653153,0.016563370393108026,0.035022958309527855,-0.03875793709711444,-0.004618719280754451,0.03829767278512795,0.07629818713413612,0.561,0.5602,0.7064,0.2948,0.1238,0.0676,224.0,108.0,357.0,22.0,477.0500000000002,515
702616,Jackson Holliday,228,0.017235381929906826,0.016796029668739887,0.03334287569153055,-0.03673967275916846,-0.003814002672385723,0.03741079664488356,0.07329094511160023,0.5712,0.5704,0.7156,0.2918,0.111,0.065,225.0,112.0,355.0,27.0,473.0500000000002,515
695508,Cam Cauley,41,0.01701779277943011,0.015490222203961446,0.036337579396316,-0.042293472888514,-0.004762898094076782,0.03880131937528702,0.0787426181487298,0.549,0.551,0.7042,0.2946,0.1328,0.0758,232.0,109.0,363.0,18.0,480.0,515
670042,Luke Raley,239,0.016883667530444874,0.015656457866210186,0.03512522621326321,-0.040971196158705835,-0.004181928107470478,0.037554502996049635,0.07704342335018115,0.5532,0.5544,0.7074,0.2842,0.1242,0.0694,231.0,113.0,356.0,21.0,476.0,515
699393,Pedro Ramírez,181,0.016773729682482714,0.016091261485679166,0.03429950929778514,-0.037264898498785344,-0.004711316762807567,0.037485440989880936,0.07518163539057829,0.5616,0.5596,0.6998,0.2928,0.1174,0.0686,223.0,113.0,360.0,22.0,475.0,515
661531,Brian Serven,43,0.016753289628464296,0.016160138093974125,0.036439250165050056,-0.042588177097885496,-0.005183015569147936,0.03837648199656465,0.0776203841349992,0.5626,0.5632,0.7054,0.3048,0.1322,0.0796,228.0,104.75,361.0,19.0,483.0,515
660162,Yoán Moncada,71,0.016726216519738133,0.014922626718946532,0.035996675249999506,-0.03933410121942485,-0.005469691449033939,0.03715195899793934,0.07910525327602062,0.5502,0.5528,0.688,0.2848,0.1252,0.0736,231.0,112.0,361.0,17.0,479.0,515
642715,Willy Adames,341,0.016561766145583665,0.01562942672791269,0.03350125461521601,-0.037746457599982276,-0.004173647001402461,0.03740667604312128,0.07302139664178514,0.555,0.551,0.7078,0.2904,0.1076,0.0706,234.0,112.0,355.25,25.0,476.0,515
666126,Carlos Cortes,222,0.0165612379128288,0.015955753833409282,0.03309211204006118,-0.038067400218108914,-0.003689800583070579,0.03688407407288276,0.07178640528032808,0.5646,0.5636,0.7088,0.2826,0.111,0.064,226.0,114.0,351.25,25.950000000000017,474.0500000000002,515
695600,Carter Jensen,356,0.016559807831279524,0.015159324014257299,0.033272020950752094,-0.03669368470630676,-0.003217100614222854,0.03673660523923347,0.07300132535565254,0.5568,0.5578,0.7154,0.2766,0.112,0.0642,234.0,116.0,350.0,25.0,476.0,515
702176,Alan Roden,53,0.01655131885421773,0.01527359862490998,0.03604208464044818,-0.04283917566229992,-0.005397890213014832,0.037827236810937276,0.07775184943243135,0.5508,0.5514,0.7016,0.291,0.1228,0.0804,233.0,109.0,362.0,23.0,482.0,515
678489,Jorge Barrosa,89,0.016399864579645977,0.015735661707589117,0.03553411600080256,-0.041646818232516244,-0.004533154908204897,0.03747054525101358,0.07551732406985326,0.5556,0.5534,0.702,0.2882,0.1196,0.077,231.0,112.0,357.0,22.0,479.0,515
682668,Luisangel Acuña,147,0.016395787027650596,0.015409660255114272,0.034781487345286924,-0.03858066368044472,-0.005390988271127839,0.037614290458674135,0.07547835047884187,0.5512,0.5502,0.6916,0.2864,0.1174,0.0686,233.0,113.0,364.25,23.0,479.0,515
663647,Ke'Bryan Hayes,155,0.016390871195381147,0.015917438216965896,0.0350078589919775,-0.03885184179708732,-0.00507765759742383,0.037901488515324766,0.07525463233538486,0.5588,0.558,0.6992,0.2914,0.1206,0.0696,230.0,111.0,359.0,23.0,477.0,515
695506,Jac Caglianone,414,0.01629823779728786,0.016022069641517735,0.0319485278509161,-0.03587454271610993,-0.0031589501815794388,0.03558459949296125,0.0703942389035724,0.5648,0.5636,0.715,0.277,0.1026,0.0596,229.0,117.0,350.0,27.950000000000017,470.0,515
457705,Andrew McCutchen,62,0.016226739684154105,0.014969273466238334,0.03543728009437614,-0.04213275631783304,-0.005960637269375781,0.037834021174152535,0.0766041591713697,0.5462,0.5448,0.6916,0.2894,0.125,0.0766,235.5,112.0,365.0,23.0,482.0,515
605170,Victor Caratini,229,0.01621760385396318,0.01498703467765498,0.03555966415642533,-0.042447032957872693,-0.005193199087985609,0.03801562355096033,0.07574710808898566,0.5438,0.5412,0.6972,0.2888,0.1252,0.0774,233.0,110.0,364.0,22.0,480.0,515
641487,J.P. Crawford,224,0.016098869733320923,0.01515653698367845,0.0340835525830526,-0.03916812388637985,-0.004834228933733098,0.03630923598293861,0.07330274006156509,0.5486,0.55,0.698,0.273,0.1094,0.0714,232.0,119.0,356.0,24.0,477.0,515
701678,Hao-Yu Lee,212,0.016091054398476953,0.014999368768190009,0.03537394202366047,-0.042195591273980385,-0.004733529425093497,0.03702265640430061,0.07533235646325667,0.5494,0.5498,0.699,0.2858,0.1134,0.0746,234.0,114.0,360.0,23.0,479.0,515
686668,Brenton Doyle,167,0.01605229917689709,0.015205145944558011,0.03491251420236949,-0.04168588721022043,-0.004532166213121771,0.03680424772157754,0.07273171342279372,0.5544,0.5506,0.7018,0.2852,0.1158,0.0722,233.0,112.0,358.0,23.0,479.0,515
668952,Ryan Kreidler,208,0.016048554473722464,0.014975533321399438,0.033809523803562086,-0.03905603518886927,-0.004775676343913314,0.0372314843882125,0.07245914406454984,0.5478,0.5484,0.6984,0.28,0.1082,0.0694,233.0,115.0,358.0,25.0,477.0,515
691740,Daniel Susac,132,0.01601774287103197,0.015021034609636007,0.03614232694164982,-0.04226637635785825,-0.005308830464527952,0.037189752996065084,0.07751241343838827,0.543,0.5436,0.6892,0.2808,0.1156,0.0818,234.0,115.0,365.0,21.0,483.0,515
663757,Trent Grisham,238,0.016006311968048637,0.01510726445702924,0.03471830697313527,-0.041481267302256396,-0.004790458064289228,0.037501243190709625,0.0732619744856832,0.5496,0.5508,0.7028,0.285,0.1132,0.0718,234.0,114.0,361.0,24.0,479.0,515
665953,Andrés Chaparro,152,0.015987228719811737,0.014692020427377916,0.03446227994882851,-0.040080981686352386,-0.005065988368387456,0.03640649410015503,0.07531508138981766,0.5436,0.5408,0.6926,0.2754,0.1164,0.069,238.0,117.75,361.0,23.0,476.0,515
519317,Giancarlo Stanton,60,0.01598533041145731,0.015290194863694683,0.03549609686539796,-0.0428962542067738,-0.005657914351844397,0.03714007911393792,0.07564015367961975,0.5496,0.5488,0.6974,0.2892,0.1198,0.076,230.0,113.0,363.25,23.0,482.0,515
666211,Taylor Trammell,200,0.01597111967658619,0.015231070773495581,0.035917762776275425,-0.04429191991752338,-0.005581299756668301,0.03811811440454067,0.0753367458256955,0.5468,0.5442,0.6952,0.2922,0.1192,0.0794,233.0,109.0,366.25,22.0,480.0,515
808959,Munetaka Murakami,285,0.01595620815548065,0.015140825672723231,0.033562725454145015,-0.03815176556621864,-0.005043268911593824,0.037005071837082515,0.07171532562053358,0.5482,0.5506,0.6954,0.283,0.106,0.066,234.0,113.0,361.0,25.0,473.0,515
664728,Kyle Isbel,205,0.015953754172369713,0.015137895617419855,0.03318092633945779,-0.038051613244551065,-0.003935093876093251,0.03605041842781048,0.07198566268699642,0.5486,0.5484,0.7052,0.2706,0.108,0.067,235.0,120.0,359.0,26.0,474.0,515
663368,Blake Perkins,56,0.015937541269169436,0.015143046729600084,0.036422598126763926,-0.04244206251112945,-0.005784036383460216,0.03702090109313024,0.07842788020961548,0.5436,0.5406,0.694,0.2792,0.1242,0.084,237.0,115.0,363.0,19.0,483.0,515
645302,Victor Robles,103,0.0159198726520451,0.015092961768833315,0.035288257486566346,-0.041589907266670986,-0.005801676379166964,0.03697199713869165,0.07514807056967876,0.549,0.5488,0.6924,0.2868,0.1162,0.077,232.0,114.0,362.0,23.0,480.0,515
805779,Jacob Wilson,235,0.015874085502044822,0.015479467593666356,0.03396329578690506,-0.03991548550788255,-0.004662807382678798,0.03612747609188522,0.07286909017009535,0.5496,0.5512,0.704,0.2804,0.1126,0.074,232.0,115.0,356.0,23.950000000000017,480.0,515
545121,Ildemaro Vargas,317,0.01586379615485033,0.015445538307699317,0.03404129804423998,-0.03924306372189965,-0.005026811797182592,0.035349519789050876,0.07295174946865661,0.551,0.5502,0.702,0.2748,0.1118,0.071,233.5,117.0,363.0,25.0,478.0,515
663886,Tyler Stephenson,308,0.015849264527972425,0.015252905104554515,0.03333642963222089,-0.03955754552343242,-0.004332114287896108,0.03638021053203994,0.07130657121813662,0.5598,0.5556,0.7046,0.278,0.104,0.0702,232.0,116.75,354.0,27.950000000000017,475.0,515
694388,Joey Loperfido,98,0.01584184779982914,0.014991987544756679,0.03600362860946208,-0.043418890894825715,-0.005744236079664797,0.036751281663880336,0.07640197364705734,0.5506,0.5478,0.6912,0.28,0.1182,0.0762,233.0,115.0,366.25,21.0,479.0,515
695657,Colson Montgomery,456,0.015771433099227516,0.01508326530308555,0.031606245078731575,-0.03478280283150581,-0.004115881587325687,0.03553334514262728,0.06818587661286472,0.5536,0.5534,0.7072,0.2682,0.0924,0.0646,232.0,121.0,355.0,30.0,474.0,515
660710,Rodolfo Durán,56,0.015750792552094876,0.014872385229351276,0.036280929352155114,-0.04236485429065505,-0.006515434458764421,0.03683306590269103,0.07722678446004039,0.541,0.5426,0.6864,0.2802,0.1186,0.0816,235.0,115.0,366.0,23.0,482.0500000000002,515
807799,Masataka Yoshida,153,0.01570378301068722,0.015108601214308936,0.03352535221368597,-0.03931982658473658,-0.003949782529439625,0.03523358935798911,0.07229959269526368,0.5472,0.5478,0.705,0.2662,0.11,0.067,235.0,121.75,355.0,25.0,474.0,515
666152,David Hamilton,205,0.015696321693802966,0.014879760401330759,0.03390490683690878,-0.03998727150257,-0.004529115649790763,0.03610934802901552,0.07167151048765269,0.5506,0.5532,0.702,0.2736,0.1146,0.0714,234.0,118.0,358.0,25.0,479.0,515
701162,Ben Malgeri,84,0.015623016771452012,0.014573822873775243,0.035662441156978274,-0.042343535090977755,-0.006484611979648758,0.03770549042532404,0.07519830484113701,0.5446,0.5442,0.6838,0.2874,0.1178,0.0764,237.0,113.0,368.0,24.0,481.0,515
668804,Bryan Reynolds,510,0.01559468136828469,0.014529834060785079,0.033272841035494924,-0.03772549332541883,-0.004798894781894554,0.03597119832481598,0.0719967557167628,0.545,0.5458,0.692,0.272,0.1052,0.0684,235.0,121.0,362.0,28.0,475.0,515
682848,Endy Rodríguez,106,0.015580750433105993,0.014777302100894462,0.035069362029186056,-0.041281206508750536,-0.0052722127992056635,0.03702312892100122,0.07348110122123999,0.5454,0.5472,0.697,0.281,0.1174,0.0768,235.0,115.0,362.0,24.0,480.0,515
666160,Mickey Moniak,367,0.015511772875008854,0.014643958419116029,0.03287391813470311,-0.03728051251050072,-0.005047644497508269,0.03559338670705314,0.06993955273549778,0.5426,0.5424,0.6964,0.2662,0.1004,0.0686,236.5,122.0,360.0,26.0,476.0,515
686797,Brooks Lee,461,0.015485433398938337,0.014924971039637105,0.03133338843235546,-0.034477401884517846,-0.003592554424073673,0.034582981574539005,0.06710401688001055,0.5562,0.5556,0.7146,0.2588,0.0932,0.059,232.5,126.0,350.25,30.0,470.0,515
663968,Jake Mangum,398,0.015435634832732472,0.01484454929546493,0.03169795863963237,-0.03585939919551285,-0.004305213314820192,0.03471391284576148,0.0676979782631443,0.5474,0.5468,0.7068,0.2586,0.0954,0.0558,237.0,125.0,356.25,29.0,470.0,515
806198,Cooper Pratt,174,0.015410999724378737,0.014319942279481891,0.0361290962020348,-0.042726222003494435,-0.006723991782947363,0.036982552674080384,0.07722498720339177,0.5342,0.5328,0.6842,0.284,0.1158,0.0798,240.0,113.0,371.25,22.0,482.0,515
624585,Jorge Soler,277,0.015395801782082602,0.014708415755073544,0.0335160669768774,-0.039346464694888846,-0.005014485053555289,0.03531772385120358,0.07226951447298176,0.5456,0.5454,0.6914,0.2684,0.106,0.0744,236.0,121.75,362.0,25.0,477.0,515
641555,J.C. Escarra,53,0.01534486949003424,0.01456715474859066,0.03558847046368536,-0.04186698364444408,-0.0065630273145004005,0.0367594283495786,0.07373866002986063,0.536,0.5376,0.6864,0.279,0.111,0.0786,240.0,116.0,368.0,23.0,481.0,515
695257,Billy Cook,47,0.015295693176849085,0.014923213868075467,0.03628643544704578,-0.04414330472837224,-0.007022901434109661,0.03757777805568555,0.07523977966313,0.5426,0.539,0.6896,0.29,0.115,0.085,235.0,110.0,371.0,22.0,484.0500000000002,515
665861,Sebastián Rivero,50,0.01520987442456818,0.014548199399272559,0.035591008267038926,-0.04223827949295757,-0.006054661626052362,0.03647673031193164,0.07589347413008321,0.542,0.5428,0.6852,0.2784,0.1088,0.0738,236.0,115.0,364.0,22.0,480.0,515
694249,Cole Carrigg,233,0.015190161340824111,0.013843903583698698,0.035270600992278835,-0.04170933996674867,-0.006185178179907886,0.03602751840686176,0.07334010270129558,0.5384,0.5372,0.6808,0.2798,0.113,0.0764,238.5,116.0,367.0,23.0,478.0,515
596142,Gary Sánchez,144,0.015100847783994746,0.013780318624875627,0.035778800384426844,-0.042482598241559415,-0.0059293109757994,0.03605218192917512,0.07739390310700697,0.5294,0.5282,0.6822,0.27,0.1158,0.0826,245.0,119.0,369.0,23.0,482.0,515
641584,Jake Fraley,51,0.015065090758689751,0.014546073714077002,0.03579139947746812,-0.042707905602973294,-0.007638687698558692,0.0367529309402871,0.07559048591668109,0.5384,0.5368,0.6754,0.2766,0.123,0.0816,237.0,115.0,373.0,21.0,482.0,515
608324,Alex Bregman,377,0.015041787097135568,0.014329380832033955,0.03316524933959291,-0.0397138321387933,-0.004433350472195946,0.0348542253868102,0.07168117020174437,0.5418,0.542,0.6964,0.2566,0.1034,0.0698,238.5,126.0,360.0,26.0,477.0,515
681624,Andy Pages,371,0.015015018934902225,0.014245648356781127,0.03471913800367328,-0.04174776968801518,-0.005852517812298338,0.035870983460538394,0.07257070029421395,0.5428,0.5416,0.6892,0.2718,0.1144,0.0768,236.5,120.0,365.0,26.0,479.0,515
678218,Brandon Valenzuela,200,0.015002517966096873,0.014610392956573575,0.0345025512991475,-0.04113544540815705,-0.007034618627903512,0.03623470245836491,0.07180646417565695,0.538,0.5366,0.6814,0.2816,0.1088,0.0758,236.5,114.0,367.0,25.0,480.0,515
596117,Garrett Stubbs,49,0.014967649864911661,0.01382786391005065,0.03626908684706709,-0.045079063916658106,-0.0069660796821020415,0.036841896028833726,0.0758691885901542,0.538,0.5342,0.6806,0.2872,0.1134,0.0882,239.0,111.0,374.0,22.0,484.0,515
686780,Pedro Pagés,144,0.014838619145764648,0.014302701663276345,0.03542071517158484,-0.04420314512455305,-0.006325179840101044,0.03612884074022618,0.07265390543317339,0.5388,0.5382,0.6866,0.2752,0.1108,0.0802,239.0,118.0,367.0,24.0,481.0,515
543877,Christian Vázquez,168,0.014702874605818018,0.01416004962990214,0.03390640752998097,-0.03951677775693723,-0.00617935042059591,0.03498790321369932,0.0709705159409627,0.535,0.5352,0.6842,0.27,0.1008,0.0706,241.0,120.0,365.0,28.0,476.0,515
806146,George Lombard Jr.,81,0.014663218635676989,0.014474606549222611,0.03632474970674136,-0.045609946182806026,-0.007240464407811479,0.036859151786456774,0.07508326883342285,0.5364,0.5358,0.6796,0.2864,0.1186,0.0866,235.0,110.0,373.0,24.0,487.0,515
681546,James Outman,137,0.014618045884849494,0.014264525275450001,0.035868779911642355,-0.045669556400958315,-0.0067546599579257904,0.03676034798736469,0.0745003366986623,0.5388,0.5378,0.6812,0.2746,0.1088,0.088,240.0,116.75,370.0,23.0,486.0,515
687859,Troy Johnston,317,0.014529909735786046,0.01426159284175561,0.03371839070276362,-0.040379167453845156,-0.005853890757181778,0.03480750091414588,0.07175519519086732,0.5366,0.536,0.6856,0.2652,0.1,0.0708,240.0,122.0,363.0,27.0,475.0,515
670242,Matt Wallner,113,0.014493925100159316,0.013801004001968663,0.036529606921747365,-0.04517405064909486,-0.007293495723656991,0.036462958434678644,0.07557118202386785,0.5322,0.533,0.6758,0.2738,0.1164,0.0832,242.0,118.0,373.0,21.0,484.0,515
665966,Carlos Narváez,202,0.014483758337390639,0.014247089716080873,0.03505787096996487,-0.04327530101280119,-0.0069317382707768035,0.03579916476587476,0.07297837952969637,0.538,0.5394,0.683,0.2768,0.1098,0.0856,237.0,118.0,369.0,24.950000000000017,483.0,515
686475,Tyler Tolbert,78,0.014468239293099375,0.0134373204793908,0.03544391062516523,-0.043022655365326054,-0.006887409872500569,0.03527416653534936,0.07510788725827003,0.5248,0.5248,0.6796,0.2634,0.1092,0.0822,245.0,123.0,370.0,23.0,482.0,515
623168,Tyler Heineman,139,0.014415300018297618,0.01360479436516066,0.035515737602923876,-0.04403977036893747,-0.0068646707331869025,0.03544570267973869,0.07372849245730641,0.5318,0.5318,0.68,0.2674,0.1066,0.0804,243.0,121.0,372.0,24.0,483.0,515
656976,Pavin Smith,63,0.014239432295838628,0.013338067597853194,0.03516427420551252,-0.04382736435599103,-0.007465527199311624,0.03545786943770162,0.07275838594252293,0.5254,0.5282,0.6738,0.273,0.108,0.083,246.0,119.0,374.0,23.0,483.0,515
571970,Max Muncy,337,0.01408286201090979,0.013513078889757304,0.034902662905301605,-0.04264944492685206,-0.007578596768717849,0.03509369404320452,0.07389609966220097,0.5218,0.521,0.6726,0.2686,0.1076,0.0794,247.0,120.0,375.0,26.0,481.0,515
687529,Grant McCray,45,0.01403887835912561,0.013163922399486045,0.03562348883552899,-0.043479478583948385,-0.00797209084807561,0.03515706524857663,0.0742167767648386,0.5232,0.5188,0.6666,0.267,0.1126,0.0856,246.0,120.0,377.0,25.0,483.0,515
688363,Graham Pauley,118,0.01403061831750525,0.013166086607490354,0.03514056402634872,-0.04333732250688105,-0.007120094596031685,0.034840330312848,0.07228414370763385,0.5234,0.522,0.678,0.2588,0.105,0.0778,246.0,125.0,372.0,24.0,482.0,515
669743,Alex Call,106,0.014015390967495463,0.013617879428436968,0.03598472588464581,-0.0461045620096214,-0.0077450356466325756,0.034855921299012924,0.07449786778143812,0.5286,0.5288,0.6802,0.2722,0.11,0.0844,243.5,118.0,372.0,24.0,485.0,515
514888,Jose Altuve,368,0.013933547998398379,0.013604534640590076,0.033967655706235694,-0.041119425230236,-0.006571308925439939,0.03451058892567478,0.07017999707564829,0.5216,0.524,0.6744,0.2588,0.099,0.0766,244.0,126.0,371.0,27.0,479.0,515
813841,Jonah Cox,101,0.013928728734991841,0.013704782990238619,0.03615826048995856,-0.04626459045842565,-0.007470553466589434,0.03592090589622084,0.07262293786337728,0.533,0.53,0.6776,0.2712,0.1146,0.0886,243.0,119.0,374.0,23.0,484.0,515
621550,Patrick Wisdom,40,0.013827300001115332,0.013451880161762957,0.03595460203628491,-0.046191550084456516,-0.0074046594311564795,0.03513112155468433,0.07338567889199497,0.5204,0.5208,0.672,0.2678,0.1098,0.0912,246.0,120.75,374.0,25.0,486.0,515
805805,Walker Jenkins,42,0.013803973794838746,0.013498013532691257,0.03719315547785338,-0.047560652865398824,-0.008761475353582768,0.0357431311019212,0.07532515084201752,0.5242,0.5224,0.6672,0.2732,0.1124,0.0912,246.0,118.0,378.0,24.0,486.0,515
607043,Brandon Nimmo,442,0.013702699051440708,0.01349835911160453,0.034285969299247925,-0.04342644296372668,-0.006741227412475162,0.03435536082974562,0.07130225326934767,0.5306,0.5284,0.6798,0.2612,0.1004,0.0828,243.0,124.0,371.0,28.0,482.0,515
672761,Wenceel Pérez,119,0.013691290413286915,0.013716462441386123,0.034803766487419494,-0.04250870740922683,-0.007507430272298685,0.034403893633803986,0.07158036838608768,0.522,0.5232,0.6744,0.2628,0.105,0.0802,244.0,123.0,374.0,26.0,481.0,515
805347,Jim Jarvis,89,0.013651646831404272,0.013231095681869946,0.03580246125997872,-0.044782200573551284,-0.007997447617188052,0.035064645582418626,0.07360432778161187,0.5224,0.5224,0.6762,0.2676,0.1074,0.0922,247.0,122.0,376.0,26.0,485.0,515
672284,Jarred Kelenic,51,0.013538580296804823,0.013397273362939312,0.036007050676159016,-0.04617072769670941,-0.008088636206145762,0.035033312077083364,0.07260694135391565,0.531,0.5286,0.6718,0.2704,0.1076,0.0916,243.0,120.0,372.0,24.0,486.0,515
694497,Evan Carter,234,0.013537095450081674,0.012827728689823098,0.03392714736917623,-0.042115728006878385,-0.006970327814061433,0.03410019962213527,0.06945835492669067,0.5174,0.5204,0.6794,0.251,0.0984,0.0796,249.0,128.75,371.0,26.0,481.0,515
595879,Javier Báez,145,0.013517307756035907,0.013429513750337803,0.03566848963103721,-0.045687395367967364,-0.007962115946831057,0.0351992125968717,0.07140288137855907,0.5266,0.5232,0.6718,0.2696,0.1044,0.0892,244.0,122.0,379.0,27.0,484.0,515
596115,Trevor Story,197,0.01348086994505301,0.01325425852608339,0.034372496889478105,-0.04271995604832858,-0.008101594461023735,0.03391634687108856,0.07173425018466335,0.5184,0.5178,0.671,0.2596,0.0972,0.0792,247.0,125.0,374.0,29.0,482.0,515
699024,Leo Bernal,56,0.013426741136634161,0.013388594556556232,0.03547468223605327,-0.04544805907663403,-0.007857611178621063,0.03464410947602735,0.07245101157639938,0.5204,0.523,0.6668,0.2632,0.1048,0.0938,246.0,122.0,375.0,24.0,487.0,515
682987,Spencer Jones,203,0.013349493160594889,0.012766639977982221,0.03498343123275634,-0.04426526389293016,-0.007638530402161669,0.03499037395041811,0.07114775265153113,0.515,0.5148,0.665,0.2578,0.1056,0.085,250.0,126.0,376.0,25.0,486.0,515
665926,Andrés Giménez,398,0.013291678747852044,0.013123602906069943,0.032555167831661264,-0.040452101154210905,-0.006600125402132586,0.033646349028643344,0.06661685666558641,0.5194,0.517,0.677,0.2518,0.0902,0.077,250.0,129.0,366.0,33.0,479.0500000000002,515
695670,Harry Ford,58,0.01326288265760243,0.012605973231687747,0.03573662274343686,-0.045271955477612175,-0.008061594149080054,0.03481354655876401,0.07321931642066906,0.509,0.513,0.6684,0.2644,0.1092,0.0918,251.0,122.0,376.0,22.0,487.0500000000002,515
593871,Jorge Polanco,83,0.013118258240797815,0.013379057837531084,0.0365269851350064,-0.04718447205126921,-0.009050251119577014,0.035772861084497766,0.07244960864794754,0.5238,0.5248,0.6618,0.2726,0.1094,0.0948,246.0,118.0,382.0,25.0,488.0,515
650559,Bryan De La Cruz,52,0.01309881017837811,0.012734832080579406,0.036629189896008614,-0.04709361361872107,-0.008413245984532431,0.03536642946565252,0.07105860048215186,0.5158,0.5136,0.6634,0.265,0.1016,0.0982,251.0,122.0,377.0,26.950000000000017,490.0,515
669221,Sean Murphy,63,0.013040071906858856,0.012763196609042397,0.034707593239827556,-0.0442921018921239,-0.008143239361132594,0.03481970001884669,0.0706372591687855,0.5146,0.5158,0.6618,0.2606,0.0998,0.0852,251.0,124.0,375.0,27.0,485.0,515
660271,Shohei Ohtani,393,0.013020627466572015,0.012606384323991485,0.03269141384025846,-0.041035287519151135,-0.006678716838507555,0.03312507581897077,0.0669731264635529,0.516,0.5152,0.6826,0.2396,0.0798,0.0766,250.0,134.0,371.0,34.0,480.0,515
543807,George Springer,345,0.012998610072612726,0.0129548203527918,0.03255419362062014,-0.04060320443878701,-0.007005141701664123,0.032566932982034835,0.06683153331192958,0.523,0.5196,0.6802,0.2414,0.0912,0.07,249.0,133.0,367.0,31.0,477.0500000000002,515
701398,Sal Stewart,471,0.012965923911594191,0.012178038802817029,0.03357991113433163,-0.04230417982866872,-0.006875790587476064,0.033176304044001334,0.06913094997999984,0.5102,0.5094,0.6754,0.2398,0.094,0.0748,254.0,135.0,372.0,29.0,478.0500000000002,515
669357,Nolan Gorman,207,0.012880595783538732,0.012439595608570211,0.03521231485043513,-0.045453256726492364,-0.008214726713811883,0.03448507562038726,0.0702808469475798,0.51,0.5116,0.6648,0.2666,0.1,0.0874,251.0,122.75,378.0,25.0,484.0,515
643396,Isiah Kiner-Falefa,102,0.012805109498330771,0.012239976385897905,0.03530907626531636,-0.04388594852759139,-0.00871403424239717,0.03405363956267262,0.07270682066191898,0.5078,0.5054,0.6604,0.2598,0.1,0.0884,254.0,125.0,377.0,26.0,486.0,515
664023,Ian Happ,403,0.012773878935483365,0.012780483023928962,0.030923477174402924,-0.03823284164369939,-0.006641540474674792,0.031942190353190084,0.06363217166229149,0.5162,0.515,0.6756,0.2374,0.0822,0.0662,250.0,137.0,369.25,36.0,475.0,515
678554,Curtis Mead,172,0.012770264298144329,0.012361122190640034,0.03525155568184944,-0.04454106692202789,-0.008260275963503467,0.034323604803457045,0.07088612794600964,0.5126,0.5072,0.6542,0.253,0.1022,0.0876,254.0,128.0,380.0,27.0,485.0,515
543309,Kyle Higashioka,121,0.012768726387424973,0.012855513478379552,0.03563533660438158,-0.04601623544132413,-0.008270501179555422,0.03439904003931264,0.07154721735960609,0.5184,0.5188,0.6634,0.2604,0.0968,0.0932,247.0,124.0,381.0,25.0,486.0,515
701785,Kaelen Culpepper,98,0.012628365216364828,0.012285869282456355,0.03625648507121386,-0.046265329023848195,-0.009286770883665248,0.03410698509427519,0.0731310937534555,0.509,0.5068,0.6562,0.2572,0.1058,0.092,254.0,126.0,383.0,25.0,484.0,515
691458,Blaze Jordan,149,0.012510783044578321,0.012159197005011335,0.03469731886047048,-0.04457280436403344,-0.008409702511782602,0.032798911194517104,0.07080798120969321,0.509,0.509,0.6634,0.2494,0.0994,0.0852,253.0,130.0,377.0,28.0,484.0,515
624428,Adam Frazier,102,0.01250026955256199,0.012348343944623398,0.03658379376130906,-0.048379367259964404,-0.009487199166705705,0.034347707130642516,0.07337206946732827,0.5072,0.5052,0.6548,0.2584,0.1066,0.0934,254.0,125.0,383.0,24.0,489.0,515
691182,Adael Amador,56,0.012494975066881105,0.012160852624902383,0.03568071690684595,-0.046293282025273344,-0.009116447002155557,0.033442728368634246,0.07196389198083741,0.5104,0.511,0.6598,0.2548,0.1034,0.094,251.0,127.0,379.0,26.0,488.0,515
691016,Tyler Soderstrom,275,0.012450408599637157,0.012395402695249863,0.03259100519596868,-0.04121279783589636,-0.0075477138340341,0.0317681051084156,0.06588843476138083,0.5114,0.51,0.6724,0.2318,0.0804,0.0778,253.0,138.0,372.0,34.0,479.0,515
696135,Kahlil Watson,66,0.012362904709085248,0.011978344468156425,0.03512284946300614,-0.04664698941434043,-0.008224493547343968,0.03298230479189723,0.07253130349628946,0.5052,0.5058,0.6612,0.2472,0.0976,0.085,254.0,131.0,377.0,26.0,485.0,515
605141,Mookie Betts,254,0.012346988258985439,0.012882575010049252,0.034927780068705186,-0.04685329906012734,-0.009288211368067614,0.03345160999047897,0.07111803239903633,0.5168,0.5178,0.6666,0.255,0.101,0.093,249.0,128.0,379.0,27.0,485.0,515
666023,Freddy Fermin,182,0.012336939698360352,0.012431529267066796,0.03566514695138466,-0.04668918654007803,-0.00912929953441265,0.03459204977120119,0.0712147778257152,0.508,0.5092,0.6582,0.255,0.1002,0.1016,253.0,127.0,383.0,26.0,490.0,515
687749,Jase Bowen,67,0.012302761064330672,0.012033165511703635,0.035556387151321894,-0.04609072846719735,-0.008870641740116196,0.03304401940594297,0.07263151093987238,0.5058,0.5054,0.6632,0.2462,0.097,0.0932,255.0,131.0,379.0,28.0,487.0,515
823550,Sung-Mun Song,79,0.012276572457923877,0.011808036014553637,0.03608328776126236,-0.04689046286868142,-0.009181380168542917,0.033890152261374346,0.07300684127120052,0.5028,0.5022,0.649,0.2518,0.1044,0.0934,257.0,128.0,383.0,27.0,487.0,515
805367,Chase Meidroth,366,0.012232918795832227,0.01228034098020422,0.03210993445037933,-0.04064632283326725,-0.0074713037504079705,0.031723503290189255,0.06457963914364734,0.5092,0.5082,0.6666,0.23,0.0816,0.0754,254.0,139.0,374.0,35.0,478.0,515
669016,Brandon Marsh,410,0.012200849546070966,0.011688380119891744,0.03199173042381821,-0.03955840736388038,-0.00782653164189436,0.0320178872515391,0.06630907578885602,0.499,0.498,0.66,0.2346,0.0804,0.0792,258.0,138.0,373.0,34.0,480.0,515
571771,Enrique Hernández,69,0.01213970479216503,0.011986241820579719,0.035611512591563955,-0.046541291280733525,-0.00916267904347181,0.03284120766832417,0.07139238923266612,0.5062,0.5054,0.656,0.2462,0.0998,0.0958,255.0,132.0,381.0,27.0,489.0,515
670770,TJ Friedl,130,0.012110590757895693,0.011738249711704101,0.034703037512244794,-0.04512064982201415,-0.009375871358148387,0.03325590947200647,0.0710641623670454,0.5026,0.5004,0.6538,0.2516,0.0986,0.0932,257.0,129.0,379.0,28.0,485.0,515
657656,Ramón Laureano,148,0.012083382471508069,0.012456876348179317,0.036208052915943645,-0.04901389493475991,-0.009433567266252267,0.03413949998378471,0.07160995019397515,0.5078,0.5074,0.656,0.2616,0.1046,0.0992,253.0,123.0,384.0,25.0,490.0500000000002,515
672695,Geraldo Perdomo,315,0.011998511720471344,0.01182540197926044,0.03374391611271018,-0.04306324829153081,-0.009002217894937537,0.032246604335939594,0.06807052799868755,0.4984,0.4956,0.6496,0.2404,0.091,0.0798,260.0,134.0,378.0,31.0,483.0,515
609280,Miguel Andujar,189,0.011906123988929006,0.01199229603430084,0.032528162383132976,-0.042166282136190544,-0.008462028431041234,0.03183235800451959,0.0655754448239995,0.5062,0.506,0.6636,0.2394,0.083,0.0808,255.0,135.0,373.25,36.0,481.0,515
676439,Hunter Feduccia,144,0.011902273579424869,0.011348318028501732,0.03256795796795585,-0.0413420464767008,-0.00835291593974167,0.031324063531989924,0.06790581429988254,0.494,0.4934,0.6636,0.232,0.0816,0.0758,261.0,139.0,373.25,33.0,480.0,515
686452,Drew Millas,98,0.011867520399412775,0.01201936091500783,0.03456859370387232,-0.04499979942089527,-0.009383779765953238,0.03282104440397674,0.06952601209424948,0.5002,0.5028,0.6512,0.2428,0.0912,0.0914,256.0,134.0,383.0,29.0,484.0,515
695720,Tommy White,124,0.011751149622789977,0.01129854811990941,0.035724884033380956,-0.04565968054693102,-0.010085071421382865,0.03302478391838484,0.0710428226646305,0.5002,0.5002,0.6494,0.245,0.106,0.0942,257.0,132.0,385.0,27.950000000000017,484.0,515
686611,Dylan Crews,301,0.011750573722797832,0.011430382599742248,0.03335424380382247,-0.04382730545144535,-0.00860090871330194,0.03210466139200184,0.06817287979830934,0.4948,0.4928,0.6534,0.228,0.0874,0.0846,261.0,138.0,379.0,30.0,483.0,515
694378,Jacob Gonzalez,174,0.011728932724162493,0.012160425523481622,0.03342850366238556,-0.0445638390691365,-0.008029447942641519,0.03222043737672566,0.06589421456595214,0.5066,0.5086,0.6636,0.2402,0.0818,0.0876,253.0,135.0,376.0,35.0,485.0,515
691723,Coby Mayo,258,0.011715308660659698,0.01201519730049767,0.036329426730910074,-0.0486891902178814,-0.010012870231327513,0.03360439160970899,0.07089712080550517,0.5012,0.4998,0.6514,0.2542,0.101,0.102,258.0,127.0,388.0,26.0,490.0,515
655316,Andruw Monasterio,222,0.011657210771501376,0.011703468491474316,0.03376434596415001,-0.04435228950223656,-0.009101323171867869,0.03217498651438832,0.06738168216203844,0.498,0.4944,0.656,0.2362,0.0866,0.0884,260.0,137.0,380.25,32.0,484.0,515
676356,Jonny DeLuca,260,0.011553046744609772,0.011774332959358327,0.03411562763397078,-0.04474348131690173,-0.009157078221700792,0.032396577143575724,0.06832630086484169,0.4948,0.4972,0.6522,0.238,0.087,0.0852,259.0,135.0,380.0,31.0,483.0,515
660670,Ronald Acuña Jr.,298,0.01152559898887474,0.011878010123952863,0.035306235768484184,-0.048855331038455636,-0.008924937360231696,0.03277575736210787,0.06930544616596361,0.5066,0.5032,0.661,0.242,0.0928,0.0978,255.0,134.0,381.25,28.0,490.0,515
602104,Ramón Urías,67,0.011481570398739436,0.011354522280172316,0.03629380695632948,-0.048799036388430826,-0.009856256026569513,0.032904438342208686,0.0707062172119301,0.497,0.4962,0.6478,0.248,0.1002,0.1022,260.0,131.0,385.0,28.0,490.0,515
665877,José Fermín,194,0.011399635101867171,0.011365725667580824,0.03440667452112659,-0.046328954920570736,-0.009410139395620788,0.03187428155628268,0.0684261366370352,0.4922,0.4918,0.6458,0.2418,0.0942,0.0808,261.0,134.0,384.0,28.0,484.0,515
802139,JJ Wetherholt,325,0.011332083681250327,0.01187201556486071,0.03412482145944672,-0.0444298990840126,-0.009892421629305424,0.03211986076274809,0.06802097200540601,0.5008,0.4986,0.652,0.2368,0.0884,0.0922,258.0,136.0,384.0,33.0,486.0,515
664774,LaMonte Wade Jr.,78,0.01132430291879801,0.011427622838523424,0.035161557387319756,-0.046369855417012565,-0.009194730495155377,0.032607748366798785,0.06974149093917895,0.4918,0.494,0.649,0.2396,0.0924,0.0908,260.0,135.0,382.0,30.0,485.0,515
666018,Jonathan Aranda,395,0.01127417237016328,0.010926108455401337,0.03127538182844071,-0.039030877140415914,-0.007930078450296427,0.03057272110626728,0.06353752822535623,0.4954,0.4926,0.6558,0.2186,0.0726,0.0756,260.0,144.0,376.0,39.0,479.0,515
621438,Tyrone Taylor,149,0.011229693104138521,0.011514767119074534,0.03548291488702108,-0.04835899953444138,-0.009465662333290884,0.03217836460846572,0.06929648994534474,0.499,0.4942,0.6532,0.239,0.0972,0.0968,261.0,135.0,383.0,29.0,489.0500000000002,515
703601,Max Clark,113,0.011167558286093584,0.01135258383241975,0.035741619844619606,-0.04646601880215945,-0.01040668548971515,0.03279471366109372,0.07006885375215391,0.5002,0.4972,0.6484,0.2404,0.0904,0.1018,259.5,134.0,385.0,29.0,491.0,515
669477,Casey Schmitt,316,0.011106017019992167,0.01120419481195677,0.03478951173833608,-0.04687871413357417,-0.010257025214047264,0.03196620576341161,0.06949145071155421,0.4902,0.4906,0.6416,0.2408,0.0912,0.0998,263.0,134.0,384.0,28.0,487.0,515
676391,Ernie Clement,481,0.011103330744357483,0.01089892502379413,0.03269520486853538,-0.04316753446622182,-0.009112658838493328,0.03065787451229445,0.0659273759619157,0.4948,0.4922,0.6472,0.2312,0.0858,0.0818,260.0,140.0,383.0,32.0,483.0500000000002,515
680574,Matt McLain,286,0.011094039134825893,0.011839606285108429,0.03378721967808845,-0.0457447400660278,-0.009007136876702525,0.031190745019135754,0.06590044727892205,0.5034,0.5022,0.65,0.2332,0.085,0.0934,256.0,137.75,379.0,33.0,487.0,515
672356,Gabriel Arias,119,0.010977066604458246,0.010745558918296443,0.03601394568764309,-0.04758904269651051,-0.010796624035151638,0.03243804475203443,0.07080912054247215,0.485,0.488,0.6372,0.2408,0.0942,0.1006,264.0,134.0,390.0,27.0,490.0,515
643376,Danny Jansen,127,0.010951383458458685,0.010985201820686404,0.036200019052464075,-0.04857935564484071,-0.010722561142485602,0.03282019470466445,0.07001390094798421,0.4898,0.4924,0.6486,0.2414,0.102,0.1006,262.0,135.0,392.0,25.950000000000017,488.0,515
678246,Miguel Vargas,393,0.010851504680195068,0.011241628857354415,0.03273989914794002,-0.04351888068343824,-0.008393988697909867,0.030504713290472163,0.06505367125824212,0.489,0.4908,0.6534,0.222,0.0816,0.0846,261.0,145.0,380.25,34.95000000000002,483.0,515
673548,Seiya Suzuki,327,0.010748353627971,0.01070155713639474,0.033057995549856514,-0.044775394457913634,-0.008960944645811536,0.031158074664593943,0.06551832084617117,0.486,0.4842,0.651,0.228,0.0842,0.087,265.0,141.0,379.0,32.0,485.0,515
642851,Austin Wynns,75,0.01073969279122992,0.01066350488406346,0.0341903296443083,-0.045780660843893276,-0.010268743040462304,0.03183011106914983,0.06698204798870233,0.4912,0.4914,0.6404,0.2354,0.0882,0.0924,262.0,136.0,384.0,33.0,484.0,515
667670,Brent Rooker,130,0.01073826416397339,0.01103744515275509,0.03556349630032621,-0.04850709612660742,-0.010463525621682897,0.031773051612274915,0.06878528985918815,0.4914,0.4928,0.6468,0.2364,0.0944,0.0986,262.0,136.0,390.0,29.0,489.0,515
643446,Jeff McNeil,442,0.010729236515126072,0.011068458272953307,0.032590637847459955,-0.04424857449005835,-0.008957358727199454,0.03079355224047825,0.06386232592586615,0.4904,0.4878,0.651,0.2266,0.076,0.0814,262.0,143.0,384.0,37.0,482.0,515
681351,Logan O'Hoppe,201,0.010648936270778722,0.011074415202286012,0.03527239640221615,-0.04776326976373699,-0.009563235576157536,0.03117088809600016,0.06801194504773966,0.4876,0.4884,0.6472,0.2394,0.0902,0.0934,263.0,136.0,385.0,33.0,489.0,515
668670,Jake Rogers,109,0.010613398869914723,0.010989294219139674,0.03586808547826966,-0.049396851398399014,-0.011220224580670152,0.032688286045175534,0.07085813477216658,0.4878,0.4858,0.64,0.241,0.0956,0.104,264.5,134.0,390.0,27.0,491.0,515
665161,Jeremy Peña,372,0.01060195394126033,0.01101078934481953,0.031733543352322376,-0.042947704689201026,-0.00855774568300147,0.029939047229984122,0.06321721624614914,0.4902,0.4904,0.6512,0.2186,0.0714,0.0856,261.5,145.0,378.0,38.95000000000002,481.0,515
687515,Colby Thomas,91,0.010594978955747772,0.01064632451921101,0.0360080232585143,-0.04921684041570149,-0.011390052588977488,0.03174358690881601,0.07059948406773124,0.4838,0.4856,0.6392,0.2386,0.0974,0.1056,265.0,136.0,391.0,27.0,489.0,515
694377,Nick Yorke,75,0.010515743052977946,0.010505699369654092,0.03532920137266945,-0.04733953820639161,-0.01113283339609114,0.03193513543988384,0.06878666155359055,0.4796,0.4794,0.6396,0.2406,0.0932,0.0982,267.0,134.0,392.0,30.0,487.0,515
645305,Ali Sánchez,55,0.010513223589796613,0.01130924498147326,0.03609508437351989,-0.04924533411235493,-0.010995339878110891,0.03222003377081358,0.07032565965796839,0.4954,0.496,0.6424,0.2378,0.0922,0.1014,260.0,135.0,390.0,29.0,491.0,515
645277,Ozzie Albies,533,0.010487111854064141,0.010758003242594735,0.03216743573126862,-0.04273413382693566,-0.009178290649630294,0.030245213969400324,0.06303207516230808,0.4828,0.4838,0.6468,0.2206,0.073,0.0838,264.5,145.0,381.25,40.0,483.0,515
677595,Ronny Mauricio,52,0.01047737956214403,0.011180809220010655,0.0359135760259127,-0.04889001554204213,-0.011789690015279873,0.032297559938343934,0.06939278986958027,0.4878,0.4886,0.637,0.24,0.0908,0.1052,262.0,135.0,394.0,28.0,490.0,515
682998,Corbin Carroll,385,0.0104483241503666,0.011143652935554596,0.03239741522414916,-0.043409213133706125,-0.0093581394719638,0.0306108415778959,0.06308435673872825,0.4888,0.4914,0.6478,0.2252,0.0756,0.0826,262.0,142.0,383.0,37.0,483.0,515
641933,Tyler O'Neill,179,0.010400560159731339,0.010425858638095838,0.034665435207064804,-0.04609433412356831,-0.010823305377666211,0.03157929036368691,0.06702437093821813,0.4818,0.4826,0.6348,0.237,0.0838,0.0934,266.0,136.0,389.0,32.0,486.0,515
664954,Brett Sullivan,153,0.010389267673774263,0.011089158632931178,0.03461778057372269,-0.04862615899168361,-0.010222906330111315,0.0318303137898638,0.06705803888010962,0.4896,0.4876,0.6402,0.2338,0.0894,0.0914,263.0,138.0,387.0,30.0,487.0,515
694192,Jackson Chourio,329,0.010388033754683874,0.010925577100756817,0.031146766114885007,-0.041793662316389035,-0.008437970693809005,0.02974853524567085,0.0609386537562473,0.4802,0.4798,0.6572,0.2082,0.0714,0.081,266.0,148.0,375.25,39.0,480.0,515
691718,Pete Crow-Armstrong,485,0.01035472825025256,0.01041678338215369,0.035575722148435344,-0.04898092765317225,-0.010376911557844055,0.031238271625912608,0.06935353106036017,0.4834,0.481,0.6458,0.233,0.0908,0.0988,266.0,139.0,385.25,30.0,489.0,515
624413,Pete Alonso,440,0.010222333698594805,0.010443344608839424,0.03201209357396318,-0.043041596127756744,-0.008808836354665176,0.029652842441740317,0.06338081934212682,0.4868,0.4836,0.6474,0.2092,0.0764,0.086,264.0,148.0,380.0,38.0,482.0,515
691728,Zac Veen,50,0.01021106652844838,0.010873150449976035,0.036462858552918594,-0.05117913238934145,-0.011642990775570919,0.03240373218282201,0.07027916689887033,0.4926,0.4894,0.6422,0.2348,0.0888,0.1054,263.0,136.75,391.25,30.0,492.0,515
691026,Masyn Winn,292,0.010149044237758063,0.010565079125513037,0.0330258595688132,-0.04542966657399371,-0.009892910353423247,0.03049475431990538,0.06404442542139485,0.4854,0.4822,0.6404,0.2238,0.0768,0.093,266.0,142.0,387.0,36.0,485.0,515
806068,Colt Emerson,185,0.01014862221835313,0.010589620950700176,0.03279125128870347,-0.045727236189855996,-0.00975070283074058,0.030847780083456372,0.06270890601019685,0.4884,0.489,0.641,0.2258,0.0798,0.0866,263.0,142.0,384.0,36.95000000000002,485.0,515
807727,Charles McAdoo,57,0.010148614128015824,0.010850321840533472,0.035305264018683315,-0.04930210131200585,-0.011199788381230818,0.03158266187813613,0.06720441786053709,0.4844,0.4828,0.6398,0.2328,0.0884,0.1022,266.0,139.0,390.25,30.0,488.0,515
676914,Davis Schneider,73,0.010128425775314337,0.01076528615683668,0.03484006175656503,-0.04899729461975095,-0.01076481171820237,0.031184543519387944,0.0657130119775366,0.486,0.4854,0.6444,0.2308,0.086,0.1036,264.0,138.0,385.0,32.0,490.0,515
666624,Christopher Morel,74,0.010125419503620881,0.010969719838826112,0.036460330160780936,-0.050946399654141813,-0.011529910460282103,0.03217666738507141,0.06934866805676623,0.4912,0.4888,0.6368,0.242,0.0958,0.1042,263.0,135.0,391.0,28.0,490.0500000000002,515
608070,José Ramírez,314,0.01009138932171286,0.010663144487116069,0.0335368728864305,-0.04577149997343893,-0.009928920475528683,0.030438807250646807,0.0648257639925174,0.484,0.4866,0.6422,0.23,0.0794,0.0896,265.0,141.0,385.0,36.95000000000002,485.0,515
694374,Tim Tawa,224,0.010054785362931192,0.011447639632454796,0.03445652172240217,-0.04823296492414641,-0.010658977608007972,0.0308907503845171,0.06645838497387,0.4894,0.4892,0.6398,0.227,0.0862,0.1014,263.0,142.0,387.0,33.0,488.0500000000002,515
683766,Christian Koss,142,0.009973703568176553,0.010413666492037784,0.03570813519654764,-0.050384995741098074,-0.010918771209676567,0.03150242373777138,0.06763305368798392,0.483,0.4832,0.633,0.2318,0.088,0.1032,266.0,138.75,388.0,30.0,491.0,515
691373,Jhostynxon Garcia,41,0.009930947147422561,0.010549142996822393,0.03572974156523747,-0.0496589653230622,-0.01166624490139127,0.03149146755756907,0.06813879797811619,0.4908,0.4898,0.6324,0.2318,0.0906,0.1024,263.0,138.0,391.0,30.0,488.0,515
669127,Shea Langeliers,282,0.009890295442769101,0.010444279603573327,0.03267735419193196,-0.04476179420823467,-0.009958908410768918,0.03014583125387354,0.06331348464999763,0.4782,0.4776,0.6478,0.2192,0.0716,0.0856,268.0,145.0,384.0,39.0,484.0,515
670764,Taylor Walls,242,0.009805226742740519,0.010296113024845836,0.03434690355597363,-0.048135602123486936,-0.010723284092596175,0.030158786779585455,0.06655265577194229,0.4772,0.4754,0.641,0.227,0.0828,0.1024,270.0,143.0,388.0,33.0,488.0,515
702332,Caleb Durbin,356,0.009794837822367274,0.010403401641121785,0.03394115962105609,-0.047289380310891534,-0.011171375555224815,0.03045183922843572,0.06598484768516999,0.4832,0.483,0.6278,0.2278,0.083,0.0914,266.0,141.0,388.0,34.0,487.0,515
669699,Braden Shewmake,73,0.009767742482052633,0.010070592166079678,0.03488985458532171,-0.04906786352347706,-0.011110970667366427,0.031129323827762446,0.06714762954360486,0.4804,0.481,0.6322,0.2278,0.0854,0.1052,268.0,141.0,391.0,33.0,488.0,515
543760,Marcus Semien,383,0.009658505961186614,0.01049536361898571,0.03406746203978807,-0.04671550980033105,-0.010403175092883238,0.02983488677226749,0.06550965785055471,0.484,0.4838,0.6426,0.2204,0.08,0.0956,267.0,143.0,387.0,35.0,488.0,515
695490,Edwin Arroyo,136,0.009643484253383166,0.010690076905566767,0.03510628806136493,-0.04990744552384965,-0.012119532516611999,0.031693933905046406,0.06542421428076244,0.4866,0.4844,0.6366,0.2302,0.084,0.107,265.0,139.0,394.0,33.0,492.0,515
669394,Jake Burger,451,0.009555590039164591,0.009550169927531488,0.03152145659512479,-0.04239927851151153,-0.010071233555993774,0.02859104776945358,0.06113062927604794,0.4668,0.468,0.635,0.2088,0.0662,0.0816,273.0,153.0,381.25,41.0,480.0,515
621020,Dansby Swanson,345,0.009432772552684212,0.010431417447898748,0.03214966742389644,-0.045859944454432006,-0.009414127955961988,0.02953603952360723,0.06192260966801927,0.4786,0.4752,0.6366,0.2138,0.0682,0.0944,267.5,148.75,385.0,40.0,487.0,515
680777,Ryan Jeffers,196,0.00941338749693998,0.009918612714302997,0.033566973370324084,-0.04569979383449388,-0.011146694843285069,0.030037037764540975,0.06463991798737351,0.4772,0.4744,0.6328,0.2184,0.0776,0.0982,268.0,145.0,391.0,36.0,488.0,515
701852,Drew Cavanaugh,95,0.009406546017019115,0.009490469528402965,0.03530221288544613,-0.047600561634099724,-0.012347026050598,0.030545126416038022,0.06762052314131708,0.4746,0.4732,0.6288,0.2252,0.0878,0.1028,272.0,144.0,394.0,32.0,489.0,515
656537,Derek Hill,181,0.009350623437874565,0.009790203627879034,0.036099923556174786,-0.0506070229368406,-0.012826578214346497,0.031006104558347607,0.06816891236698638,0.4746,0.471,0.6242,0.231,0.0898,0.1086,271.0,139.0,398.0,31.0,491.0,515
691783,Jordan Lawlar,83,0.00927637363764731,0.010186541981822311,0.03648034625962081,-0.05161018155209887,-0.012265059138267377,0.031050826593470245,0.06780960695354749,0.4794,0.4798,0.6316,0.2322,0.0902,0.1088,269.0,139.0,395.0,30.0,492.0,515
575929,Willson Contreras,373,0.009142575268564454,0.009774779712964768,0.03424955128714551,-0.04723213924991117,-0.011959499676085117,0.030091813950751743,0.06540952054071533,0.4712,0.467,0.6212,0.221,0.0808,0.0988,270.5,146.0,393.0,34.0,489.0,515
668901,Mark Vientos,224,0.009070118148866834,0.010351064275652308,0.035308701656739196,-0.05216338030869654,-0.01240802938039242,0.03041503390563309,0.06570222702377986,0.4816,0.4814,0.6304,0.2246,0.0748,0.1116,266.0,144.0,395.0,35.0,492.0,515
676694,Jake Meyers,127,0.008983650023818374,0.009599820418080853,0.03590249117766042,-0.05060586331941556,-0.012586844788564687,0.030090084300805762,0.06951312734026026,0.4678,0.4664,0.6186,0.2214,0.0902,0.111,275.0,143.0,398.0,31.0,492.0,515
683679,Jesus Rodriguez,49,0.008972370910657168,0.010055555788030584,0.03649157110495509,-0.052668112490567326,-0.013199971123905457,0.0314823936741044,0.06761038583914576,0.4732,0.469,0.6172,0.2256,0.086,0.1168,271.0,141.75,398.0,32.0,494.0,515
683734,Andrew Vaughn,170,0.00891214498462681,0.009963661488695253,0.03440366153600134,-0.04970519748468997,-0.011620986644476472,0.030032634947551123,0.06526327000799685,0.474,0.4722,0.6306,0.2244,0.0824,0.1036,272.0,146.0,393.25,34.0,489.0,515
663728,Cal Raleigh,371,0.008812848412157744,0.009912143550383782,0.0360837717897134,-0.05258049339165999,-0.012537581631858958,0.03096936394091766,0.06705344896122388,0.4756,0.4738,0.6274,0.2218,0.0826,0.1144,270.0,142.0,396.0,31.0,492.0500000000002,515
606992,Eric Haase,47,0.00879186760337109,0.009352255951722212,0.03624579349057101,-0.05155769068510128,-0.012878103430671967,0.03071630485402323,0.06679195333676531,0.467,0.4686,0.6246,0.2282,0.0856,0.1178,273.0,141.0,396.0,32.0,495.0,515
691019,Kyle Teel,105,0.00874533181956881,0.009613109080936877,0.035063272215089196,-0.05050343779915822,-0.011520152046464905,0.029487610710648964,0.06622335717242123,0.4692,0.4694,0.6308,0.2144,0.0836,0.1054,273.0,148.0,395.0,32.0,491.0,515
663698,Joey Bart,77,0.00870140555309202,0.009210081409144701,0.036034878358350134,-0.051642083305055875,-0.012950058655139561,0.031400611774236725,0.06651020887362914,0.4666,0.4666,0.621,0.2326,0.0916,0.1112,274.0,140.0,396.0,31.0,493.0,515
592450,Aaron Judge,186,0.008630707965908976,0.009462623707518731,0.03337572450475117,-0.04745169981878976,-0.01167820382761986,0.029149678161646955,0.06339661492128376,0.47,0.4662,0.6206,0.2128,0.077,0.099,274.0,150.0,393.0,35.0,487.0,515
545361,Mike Trout,296,0.008570553847645162,0.009249057167501032,0.03539841849685409,-0.05129715460807591,-0.012231093195976664,0.030272269349744505,0.06616676681961715,0.4652,0.4666,0.6204,0.2242,0.0854,0.1048,275.0,142.0,396.0,32.0,490.0500000000002,515
672820,Lenyn Sosa,107,0.008566942760976989,0.009330302696096034,0.034160857738149544,-0.04991366655658358,-0.01197766084285464,0.029456530521917546,0.06432091791759505,0.4716,0.4704,0.6226,0.2152,0.0786,0.1036,272.0,148.0,394.0,35.0,489.0,515
669899,Ryan Ward,42,0.008544373450561232,0.00912871010149617,0.036547856563748926,-0.052060797233357645,-0.013851492904131773,0.030576738047265305,0.06718655525768985,0.4662,0.4662,0.621,0.2234,0.088,0.114,277.0,145.0,400.0,32.95000000000002,494.0,515
665742,Juan Soto,251,0.008470392024054064,0.009279690462902685,0.03586564958157505,-0.051313986259694744,-0.013045825358725763,0.030592199784300493,0.0667262044580072,0.4622,0.46,0.6182,0.2244,0.0822,0.1146,275.0,144.0,397.0,33.0,494.0,515
624431,Jose Trevino,107,0.008380903218858617,0.00947140725994463,0.03538223476322601,-0.04924674030332676,-0.013883443043287627,0.030247456677805474,0.06619206562884135,0.4704,0.4694,0.6136,0.2148,0.0818,0.114,274.0,147.0,401.0,33.0,491.0,515
702222,Justin Crawford,327,0.00831187553772998,0.00856161493767429,0.03532866022746703,-0.05182513511115501,-0.012683490667533392,0.029684040872624017,0.06621647679149319,0.4556,0.4526,0.6128,0.2144,0.0852,0.1116,280.0,147.0,400.0,33.0,492.0,515
691781,Brady House,226,0.008306262913375256,0.008380592612671933,0.03411311411919015,-0.04871760738328659,-0.012114144276580937,0.028651631392838897,0.06527725116852956,0.4576,0.4536,0.6148,0.2,0.0738,0.1036,280.5,154.0,394.25,36.95000000000002,489.0,515
677950,Alek Thomas,97,0.008300968027137517,0.009324630321296342,0.03613154468788645,-0.052090573614781636,-0.01292108042845001,0.030107571006433305,0.06604011462226694,0.4682,0.466,0.6166,0.2228,0.0832,0.1104,277.0,144.0,397.0,32.0,492.0,515
672016,Denzel Clarke,40,0.00815074986993486,0.009041405855608461,0.03638680452538931,-0.05309933964417243,-0.013773676611635213,0.029933044203024558,0.06943630571336364,0.4614,0.4578,0.6114,0.2232,0.0908,0.1166,279.0,144.0,402.0,30.0,494.0,515
669236,Jeremiah Jackson,227,0.008124423172216816,0.009159446242612276,0.035880867531809996,-0.05055898388844026,-0.013876294906695931,0.029479541147621025,0.06717174835439606,0.4588,0.4606,0.6142,0.2164,0.0844,0.1128,276.0,148.0,400.0,32.0,492.0,515
683748,Victor Mesa Jr.,176,0.00804007802657437,0.009014508888022011,0.03627211853511184,-0.05071323569657197,-0.014068627856563418,0.030423772479393076,0.06583505114362584,0.4626,0.459,0.6116,0.2244,0.0802,0.1136,279.0,143.0,401.25,34.0,494.0,515
693307,Dillon Dingler,386,0.008026034233297182,0.008570980020703368,0.03411361989503877,-0.04850074004971402,-0.012876459368275323,0.029026520102759468,0.06430665146212793,0.457,0.457,0.6132,0.2094,0.0762,0.107,279.0,151.0,397.0,36.0,489.0500000000002,515
683227,Cody Freeman,55,0.008014431078603654,0.009042457222321006,0.037481226621620824,-0.05398940833672815,-0.014313896816256446,0.030446085598316873,0.06915705081954193,0.4576,0.4582,0.6112,0.2286,0.0924,0.1248,279.0,140.75,404.25,30.0,495.0,515
656577,Alex Jackson,60,0.008005777613230285,0.008748166232898156,0.03654014775724849,-0.051490171108766414,-0.013862255635850085,0.02985755105547912,0.06877128225132931,0.4598,0.4582,0.6096,0.2206,0.086,0.1184,277.5,148.0,402.0,31.0,493.0,515
801126,Brock Rodden,49,0.007900010224598403,0.009267822363946222,0.03676970953075023,-0.053334176305055346,-0.013861967718367667,0.02998965719564909,0.06731639727194419,0.4666,0.4654,0.6108,0.2204,0.089,0.1176,276.0,146.0,403.0,31.0,495.0,515
672960,Kazuma Okamoto,401,0.007862503501901912,0.008957941473796128,0.03344731529331167,-0.049704374938610886,-0.012488717202278225,0.02866663940458944,0.062007609952047335,0.4616,0.4576,0.619,0.2078,0.0702,0.1086,277.0,153.0,395.0,37.95000000000002,489.0500000000002,515
805811,Bryce Eldridge,286,0.007793726406394115,0.008647761647787962,0.03157553424413671,-0.04572759061483462,-0.0111368746290277,0.027464054621981416,0.059959632211678146,0.4526,0.4526,0.6208,0.1898,0.0592,0.0922,279.0,160.0,393.0,47.0,487.0,515
502671,Paul Goldschmidt,256,0.007524138741886488,0.008853675835217824,0.034489127576468284,-0.05038966102498971,-0.013418552557307152,0.028862284990498865,0.06345184151986401,0.4576,0.4582,0.6116,0.207,0.075,0.109,279.0,153.0,401.0,36.0,492.0,515
669701,Josh Smith,169,0.007486357649010203,0.008068188651112584,0.03461467277472514,-0.052160897452529706,-0.01253534096638536,0.028432960468865523,0.0647029196234391,0.4508,0.4488,0.6066,0.2096,0.0716,0.1094,285.0,151.0,393.0,38.0,493.0,515
663743,Nick Fortes,209,0.007464984563764472,0.008594390620196611,0.03482603180185383,-0.05107232891336801,-0.013847381896083803,0.028746473969848647,0.06348733607801946,0.4558,0.4544,0.6114,0.2074,0.0734,0.117,278.0,152.0,401.0,37.0,493.0500000000002,515
695336,Thomas Saggese,121,0.007432229877889321,0.008308268176036892,0.03481430604878821,-0.05355703169726456,-0.013092676371416619,0.028391371793315304,0.06423237618999073,0.451,0.449,0.6054,0.2078,0.0792,0.1134,282.0,154.0,400.0,36.0,492.0,515
687231,Darell Hernaiz,110,0.007353008965048898,0.00810670470780191,0.03628129385376845,-0.05351285137782125,-0.014855214644354907,0.030198868449904846,0.0655434662341815,0.455,0.4536,0.601,0.2244,0.0856,0.1232,283.0,142.75,406.0,32.0,494.0,515
663656,Kyle Tucker,442,0.007334312553011781,0.008519667120338881,0.03190866286670005,-0.04592619686228643,-0.011919112214871755,0.026530361152130387,0.05858127248820924,0.4504,0.4478,0.6142,0.1878,0.0644,0.0964,279.0,163.0,392.0,43.0,487.0,515
687952,Christian Encarnacion-Strand,179,0.007307161180438608,0.008506738675170586,0.03473819351115475,-0.05260854333783229,-0.014451059991228473,0.028403284160374548,0.06402143312805603,0.4578,0.457,0.6038,0.2068,0.0734,0.1128,278.5,155.0,402.0,37.0,493.0,515
593428,Xander Bogaerts,316,0.007288668473991461,0.008378439864633876,0.03514343459829652,-0.05258695487621168,-0.013324464936333113,0.028181672351419308,0.06377665078172945,0.4554,0.4522,0.6076,0.204,0.0736,0.1094,282.0,155.0,399.0,37.0,493.0,515
669397,Nick Allen,90,0.007265233385492036,0.008712625653049708,0.036456688462625564,-0.05399694322378806,-0.0146467119409905,0.02904768813372453,0.06659687951618753,0.4584,0.4582,0.604,0.2122,0.0798,0.1182,280.0,151.0,405.0,34.0,495.0,515
641598,Mitch Garver,91,0.007258698541978926,0.008736438881801825,0.0363011919196381,-0.055195084426880855,-0.014260964904023135,0.029191526980162325,0.06705969155129475,0.4552,0.4558,0.6072,0.2172,0.081,0.1236,278.0,149.0,401.0,33.0,494.0,515
683083,Nasim Nuñez,303,0.007170433702108054,0.007729405543739652,0.03348138032694233,-0.04876243942887086,-0.013401545587837864,0.027611349023576197,0.06328185972569664,0.4482,0.4506,0.6028,0.1976,0.0692,0.1048,283.0,157.0,402.25,41.0,488.0,515
672640,Otto Lopez,378,0.007146609566371505,0.008102849712266207,0.032686791912797955,-0.047178902212727525,-0.013026606019807247,0.027713005211396295,0.060521677429216866,0.4492,0.4496,0.6038,0.1966,0.0648,0.1052,284.0,158.0,397.25,42.0,486.0,515
806367,Turner Hill,52,0.0069952328884201305,0.008582389304057435,0.03551775387656745,-0.052468950403739875,-0.01421104868006351,0.02863833169495135,0.06469586171594768,0.455,0.4548,0.604,0.2056,0.0774,0.1196,282.0,154.0,404.0,35.0,492.0500000000002,515
694362,Blake Dunn,88,0.006958401226911921,0.007559737199803657,0.03471199269384105,-0.0522365128370105,-0.01429788738276892,0.027493749413874682,0.06500437072183508,0.4462,0.446,0.6008,0.2014,0.0762,0.1114,286.0,157.0,403.0,36.0,491.0500000000002,515
690984,Petey Halpin,162,0.006935907120525588,0.007739532536475079,0.03513706219481409,-0.05297983143517177,-0.013771443968348606,0.028504867130997705,0.06401901442234503,0.4452,0.4412,0.6074,0.208,0.0768,0.1104,282.0,153.0,402.0,36.0,493.0500000000002,515
545341,Randal Grichuk,190,0.006904976675881762,0.008590907077163954,0.03599723557396313,-0.053385660029477186,-0.015471204551049706,0.029183973976814607,0.06649873937664713,0.4566,0.4576,0.5972,0.2122,0.082,0.1208,279.0,150.0,405.25,34.0,494.0,515
695681,Christian Moore,79,0.006693255044820426,0.008052640671683051,0.03692055353871584,-0.05651559117490709,-0.015132595412169193,0.029279334160900197,0.0664861114690811,0.4508,0.45,0.602,0.2134,0.078,0.1306,285.0,150.0,407.0,35.0,497.0,515
677592,Everson Pereira,78,0.006654591006530593,0.007319444840567456,0.034990983954889816,-0.052321238670102355,-0.014701138161311317,0.028144669553291302,0.0643865810691666,0.4402,0.4396,0.5924,0.207,0.0786,0.1208,287.0,156.0,406.0,35.0,493.0,515
642215,Weston Wilson,116,0.00659413433596157,0.008161391129110808,0.03543875532614894,-0.055609744787760575,-0.014181961535790613,0.02809599650674265,0.06295364205586798,0.4504,0.4486,0.6044,0.201,0.0758,0.1252,283.0,153.0,401.0,37.0,495.0,515
678882,Ceddanne Rafaela,421,0.006524166935968367,0.007308369794648195,0.031216172720138356,-0.04693436077904633,-0.01285598423336002,0.026344737715104937,0.05752765936514215,0.44,0.4374,0.6062,0.1798,0.056,0.0992,285.0,168.0,397.0,48.0,487.0,515
700337,Edgar Quero,150,0.006517814690830866,0.007760122892943486,0.03585201074396609,-0.05394673008888397,-0.015007885889451945,0.029289896651645865,0.0637278496689082,0.4446,0.4436,0.6016,0.2104,0.0752,0.1282,285.0,150.0,407.0,36.0,497.0,515
621043,Carlos Correa,96,0.006330138346800057,0.00794430843977083,0.036177559846508285,-0.05531342175082349,-0.015301150853573937,0.02781102396190693,0.06537268536344892,0.4476,0.4476,0.5978,0.2038,0.0746,0.1274,283.0,155.0,406.0,35.0,495.0,515
677649,Ezequiel Duran,432,0.006317331540539502,0.00804059496524075,0.035880554617460134,-0.05341601854540161,-0.015164559561336163,0.028145069066304217,0.06369206093589004,0.4474,0.4458,0.5984,0.2006,0.0718,0.1254,283.5,157.0,408.0,38.0,495.0,515
681198,TJ Rumfield,383,0.006280345015345522,0.007693606916877283,0.0325156603210526,-0.049262527248778394,-0.013444507659468306,0.02636114138432382,0.05835237760602138,0.4436,0.4454,0.6068,0.1854,0.0644,0.1082,285.0,162.0,402.0,43.0,488.0,515
649966,Luis Urías,52,0.006208592281612248,0.007884882792589358,0.03578398760299124,-0.054884316683194684,-0.01512145494123613,0.02853987210458043,0.06245686638822466,0.4462,0.448,0.5956,0.2084,0.0766,0.1222,287.0,152.0,405.0,35.0,495.0,515
686681,Michael Massey,302,0.006129784505509869,0.007055435834326776,0.03605155268301605,-0.0544609277046177,-0.015531104465153581,0.027940648579691717,0.06458422194603987,0.438,0.4364,0.5982,0.1984,0.0772,0.1218,291.0,158.0,408.0,34.0,496.0,515
680474,Max Schuemann,60,0.006123542040792995,0.007593928015017477,0.03653500997235012,-0.0560325326290071,-0.015696632444139227,0.02803048420672732,0.06634619415450325,0.4416,0.4408,0.5946,0.2068,0.0768,0.1328,288.0,154.0,411.0,36.0,495.0,515
682877,Juan Brito,82,0.0060087876610820795,0.006914541135141896,0.03560453349123939,-0.05475879363619607,-0.015106822469898966,0.027201295187983685,0.06343922719135221,0.4364,0.438,0.592,0.2046,0.0746,0.1204,289.0,158.0,408.0,38.0,494.0,515
683002,Gunnar Henderson,473,0.005977172361833018,0.0073022051767659205,0.03283376772172852,-0.04960981642479273,-0.014456331216415649,0.026568222763243946,0.058020016008143833,0.4318,0.4356,0.5986,0.197,0.06,0.1114,287.0,163.0,399.0,46.0,491.0,515
621439,Byron Buxton,311,0.005842646015693123,0.007226763214375898,0.03406845638512143,-0.05261067388817434,-0.01445452556154937,0.026342511731930616,0.06154305621660152,0.4322,0.4314,0.5946,0.191,0.0674,0.1192,290.0,163.0,404.0,41.0,494.0,515
687551,Drew Gilbert,242,0.005829310534915296,0.006694782519955544,0.03370376110275974,-0.049793217878599194,-0.015224749455253836,0.026918659304398487,0.06076882848715975,0.434,0.4332,0.5854,0.1918,0.0644,0.1122,292.0,160.0,407.0,41.0,489.0,515
622268,Donovan Walton,200,0.0058156635796715395,0.00697403959533089,0.033806200446692795,-0.0503345747990399,-0.014910598035771301,0.02664117406675541,0.06083185484284572,0.4338,0.4336,0.5912,0.1828,0.0658,0.1114,291.5,165.0,405.0,42.0,492.0,515
573262,Mike Yastrzemski,247,0.0058057727895580325,0.006582075023069724,0.03392495610055891,-0.05138939061590794,-0.014648230102029602,0.026871419019446677,0.05944961131014965,0.4366,0.4332,0.588,0.1878,0.0632,0.1176,291.0,161.0,404.0,43.95000000000002,494.0,515
516782,Starling Marte,122,0.005795836461262689,0.007768593353134817,0.035573503035991785,-0.053753000636501035,-0.015977777809773504,0.02806790596930552,0.06071824737992419,0.4476,0.444,0.6006,0.1992,0.0726,0.1246,287.0,157.0,409.0,38.0,495.0,515
700932,Kyle Manzardo,234,0.005739819137761025,0.006331410366322298,0.03347393583417198,-0.050931365732435535,-0.01420355664601113,0.02612211042962148,0.0603379695452338,0.424,0.4224,0.5896,0.188,0.0628,0.114,291.0,165.75,404.0,45.0,491.0,515
680757,Steven Kwan,261,0.005732405003793225,0.006861770184057486,0.034826272910677906,-0.053108094800713115,-0.015483395803307222,0.02768262990910613,0.06185956648994355,0.4332,0.431,0.5834,0.1964,0.0718,0.1172,293.0,157.75,409.0,40.0,494.0,515
650859,Luis Rengifo,238,0.005710710795885724,0.007531138530057185,0.03440358698706988,-0.05333384604654075,-0.014859962076329655,0.026714737116139746,0.06137700645288469,0.438,0.4394,0.5944,0.1934,0.067,0.1234,284.0,159.0,406.0,42.95000000000002,493.0,515
665561,Rafael Marchán,63,0.005642396580492922,0.00732441850245432,0.03612474253235989,-0.05531501435601609,-0.016205543863679155,0.027694084255095886,0.06366129024130475,0.4402,0.4394,0.5892,0.202,0.0728,0.1276,288.0,157.0,409.0,34.0,496.0,515
701305,Zach Dezenzo,54,0.00560924972060435,0.007806959706621595,0.03641388386554267,-0.056615736788251485,-0.016676152675874238,0.027644046931284964,0.06340981531635885,0.4476,0.4458,0.5936,0.2016,0.0734,0.1318,284.0,158.0,410.0,36.0,497.0,515
701807,Carson Benge,377,0.005567281394036032,0.006368221615204719,0.03269848865379932,-0.04918099843527776,-0.013939128615808798,0.025499953918990053,0.058180155285464046,0.4226,0.4234,0.5932,0.179,0.0558,0.107,292.0,168.0,402.0,47.95000000000002,491.0,515
660821,Jesús Sánchez,216,0.005536737556068118,0.007308892692815514,0.03646961228520934,-0.05676150340844033,-0.016296392304882442,0.028106390051329606,0.06417017152232997,0.4438,0.4444,0.588,0.2046,0.0714,0.1322,287.0,156.0,415.0,40.0,497.0,515
624641,Edmundo Sosa,219,0.005446909698567518,0.007035727383331012,0.03297093948586618,-0.049569550918723386,-0.014847806775673876,0.02608861179994766,0.05836766134090998,0.437,0.436,0.5918,0.185,0.0594,0.1138,288.0,165.0,402.0,46.0,492.0,515
691406,Junior Caminero,387,0.005205578338385726,0.006626044928644429,0.033558423422380766,-0.05179702447730294,-0.014846522310234412,0.02628698575554037,0.05856814787551202,0.428,0.428,0.5844,0.1814,0.0578,0.114,293.0,166.0,402.0,47.0,493.0,515
687637,Dylan Beavers,217,0.005195505704293792,0.006582289069460786,0.03525661873061718,-0.053455139399826664,-0.015385459895500001,0.02700994875611163,0.062000359179330285,0.4298,0.4256,0.5724,0.194,0.0684,0.1292,294.0,162.0,412.0,40.95000000000002,494.0,515
608701,Rob Refsnyder,78,0.00516711389731947,0.006962010429190031,0.036190614128653695,-0.05769889856404757,-0.016085571306818973,0.027644973205949636,0.06263533894248727,0.4332,0.4302,0.5848,0.2018,0.0734,0.1344,291.0,157.0,411.0,36.0,498.0,515
694376,Shay Whitcomb,70,0.005152916466282072,0.0066286908738946645,0.036531571828822745,-0.05641402684871744,-0.016941343367515117,0.027361195750624772,0.06452272845231741,0.4292,0.4306,0.5844,0.1996,0.0744,0.1364,293.0,158.0,413.0,37.0,496.0500000000002,515
660688,Keibert Ruiz,248,0.005072468127102068,0.006540784663429933,0.032261333357494794,-0.04987629638871754,-0.01474625275126543,0.025038922678802332,0.056621107535457287,0.4228,0.423,0.5882,0.1678,0.0568,0.11,293.5,174.0,404.0,47.0,490.0,515
572233,Christian Walker,431,0.00495405201896152,0.006354918215803461,0.0337198928079119,-0.05241617264217049,-0.015231772703858424,0.025395165083696734,0.059551358990143445,0.4206,0.4202,0.581,0.1792,0.0612,0.1236,297.0,172.0,408.0,43.0,492.0,515
647304,Josh Naylor,418,0.004898780561486415,0.0063741770833982735,0.033042785316277044,-0.05087241098792198,-0.015228709594304878,0.025493940771981468,0.05790526831314599,0.4224,0.4218,0.5854,0.1792,0.0576,0.1142,295.0,170.0,406.0,47.0,491.0,515
691720,Kyle Karros,280,0.004886836406110349,0.00596601407965487,0.03375287115596205,-0.05189221342399387,-0.014958360355565133,0.026037714072672333,0.05977159442223106,0.4148,0.4146,0.5744,0.1868,0.0598,0.122,299.0,165.0,407.0,46.0,493.0500000000002,515
665750,Leody Taveras,335,0.004846667102153419,0.006010853397241862,0.031712438710195426,-0.049270496233793315,-0.014421067932594287,0.024653491393316667,0.05655889008996585,0.4198,0.4238,0.578,0.1684,0.0498,0.1098,296.0,174.0,406.0,53.0,489.0,515
607208,Trea Turner,445,0.004844971553322023,0.006151684626494144,0.03459410057159133,-0.0535776729183703,-0.016332557933914547,0.026624275421798245,0.060426902940751974,0.4254,0.4252,0.573,0.19,0.0678,0.129,298.0,165.0,408.0,42.0,494.0,515
695734,Daylen Lile,507,0.004835558801207359,0.006494766052066521,0.029978645475593663,-0.04729252245455228,-0.013375506123629543,0.023721579225493315,0.05150810442814268,0.4184,0.4184,0.5932,0.1588,0.0432,0.101,292.0,180.0,398.0,60.95000000000002,485.0500000000002,515
687957,Dustin Harris,74,0.0047683577885278775,0.006679073131519723,0.03609069822162369,-0.05541693157923671,-0.015882430393239794,0.026277665167726463,0.06255401515113677,0.433,0.4318,0.578,0.1924,0.0684,0.13,295.0,163.75,409.0,39.0,495.0,515
694208,Moisés Ballesteros,223,0.0047382969347449615,0.006753207112292216,0.03542445574080792,-0.055099128803830805,-0.01617954939235312,0.026174340612533455,0.0611812187118399,0.4278,0.4262,0.5878,0.191,0.0658,0.1262,292.0,163.0,410.0,41.95000000000002,495.0,515
687221,Dalton Rushing,184,0.004717888770598053,0.006419401288546732,0.035755627481542374,-0.05545564362689377,-0.01645194251640698,0.026511690589931077,0.061242299807553774,0.4302,0.427,0.58,0.189,0.071,0.133,294.0,165.0,411.25,39.0,496.0,515
669224,Austin Wells,271,0.004682245368329978,0.006097831684077021,0.03332839105730548,-0.052189499740952,-0.015866619427682863,0.02560874440637985,0.05903123594402237,0.4228,0.4222,0.58,0.1772,0.062,0.1216,297.0,171.0,408.25,45.0,493.0,515
661388,William Contreras,409,0.0045860310945233145,0.006482669215518384,0.03185970943381928,-0.0509127601056535,-0.014664893307790864,0.023880512524810896,0.055226247780067024,0.4244,0.4204,0.5964,0.16,0.0504,0.1102,293.5,178.75,404.0,52.0,491.0,515
682657,Angel Martínez,307,0.004569967368793593,0.005749352575593591,0.034132427005273386,-0.0535816818384279,-0.01630566973753484,0.026242397298386552,0.05893592636247517,0.4168,0.419,0.5688,0.1824,0.0602,0.1288,299.0,165.0,411.0,44.0,494.0500000000002,515
624424,Michael Conforto,188,0.0045277608124035165,0.006163669178779569,0.03483422701246072,-0.05470103600467173,-0.016842089871557914,0.026190761593694233,0.05915550895893079,0.4278,0.4242,0.5792,0.1866,0.0648,0.1292,296.0,168.0,412.0,43.0,495.0,515
679822,Justin Foscue,140,0.0044742087819186665,0.006325080350075351,0.03530436586985139,-0.056407458417863016,-0.016334109151119703,0.02636251935766632,0.06038913191544539,0.4224,0.4206,0.5788,0.1898,0.067,0.1308,293.0,163.0,412.0,39.0,497.0,515
669720,Austin Hays,75,0.0044417647936314,0.0056205357801534,0.03549572054569973,-0.05488129865951969,-0.016328430899893887,0.025123758643175835,0.062111567002237585,0.4134,0.4108,0.573,0.1842,0.069,0.1232,298.0,167.0,410.0,39.0,497.0,515
680664,Eduardo Valencia,95,0.004395164286704003,0.0061545059945952475,0.035505259254599554,-0.05655184799693951,-0.01682161323335562,0.026437924703662255,0.06166294209604662,0.4242,0.4208,0.5778,0.1898,0.0694,0.1328,299.0,165.0,415.0,40.0,496.0,515
656811,Ryan O'Hearn,257,0.004356942667514473,0.005925530590687492,0.0347129886297509,-0.056442846441880294,-0.016579476525249135,0.025813047330390256,0.059422437378482094,0.4206,0.4198,0.5758,0.1818,0.062,0.1286,297.0,167.0,411.0,43.0,497.0,515
660844,Leo Rivas,69,0.004263335852943048,0.006132247520308793,0.03637718064893365,-0.057921193439739574,-0.017378253326709277,0.026463495440931288,0.0613912121692238,0.4234,0.4248,0.5764,0.1936,0.0676,0.1392,296.0,164.0,418.0,42.0,497.0,515
592206,Nick Castellanos,112,0.004251752707993656,0.005407427451604305,0.03466417836722441,-0.05446557204414585,-0.016945628648574598,0.025753216996721062,0.06024241562962349,0.4084,0.4072,0.569,0.1836,0.0662,0.1278,300.0,167.0,412.0,42.0,494.0,515
699625,Jimmy Crooks,115,0.004233591210062989,0.006649699684174486,0.0354584588392561,-0.05686656637491431,-0.017586593388832766,0.026499807022257127,0.06029567918197667,0.4254,0.4282,0.583,0.1908,0.0636,0.138,295.0,164.0,416.0,44.0,496.0,515
695578,James Wood,310,0.004184173355554154,0.006074436870557607,0.03409329449932375,-0.05350417558403156,-0.015185176596603785,0.024500357685662777,0.05931991984600929,0.417,0.4172,0.5808,0.1724,0.0608,0.125,296.0,174.0,409.0,45.0,495.0,515
676724,Jared Young,233,0.004172669863913013,0.006440846220420013,0.03552226991939087,-0.05631789023172573,-0.016720784507156146,0.02603683699645032,0.060054718197050494,0.4272,0.426,0.5782,0.1924,0.0638,0.1346,292.0,164.0,415.0,42.95000000000002,496.0,515
595978,Austin Hedges,160,0.0041323575963286546,0.0059993588694463385,0.035162477313045545,-0.057075899686635796,-0.016394463528661626,0.026007164721496133,0.05896547477992816,0.424,0.4212,0.5832,0.1862,0.0612,0.1314,295.0,166.0,411.0,44.0,497.0500000000002,515
677587,Brayan Rocchio,432,0.004087062341448317,0.005850489023266134,0.03261546135425093,-0.05096963608948331,-0.016138855364460854,0.02469868742072326,0.055155291901620114,0.4192,0.4162,0.5742,0.1728,0.048,0.1204,298.0,170.0,409.0,55.0,494.0,515
694514,Sterlin Thompson,49,0.004070119108174635,0.005951255637527204,0.03542756851009045,-0.05589952247983606,-0.01692740337321812,0.025160660275822644,0.060726022831841094,0.417,0.4178,0.5714,0.181,0.0664,0.1344,299.0,173.0,415.0,42.0,498.0,515
656716,Zach McKinstry,275,0.004023841866879644,0.005461102778418286,0.034442092088636675,-0.05415025114041842,-0.016442810911540245,0.02490811002141145,0.059151016274638216,0.4148,0.4132,0.5716,0.1818,0.0644,0.1318,300.0,173.0,413.0,42.0,495.0,515
646240,Rafael Devers,411,0.0036879346311371655,0.0051367840701940495,0.03635735557679016,-0.05672510054468904,-0.017611535567901647,0.025501468511849888,0.06274947747235407,0.4192,0.4168,0.5632,0.1916,0.069,0.1352,303.0,167.0,418.0,38.95000000000002,498.0,515
641355,Cody Bellinger,372,0.003589365145848205,0.005484169247816466,0.032130484696968414,-0.05121482637981187,-0.01617152590375135,0.02368993312236223,0.05495890599072386,0.4108,0.4096,0.5682,0.1588,0.05,0.1152,301.0,182.0,408.0,52.95000000000002,492.0,515
696030,Alejandro Osuna,150,0.0034640766855298416,0.005488498401033219,0.03595364509398964,-0.05789590606091477,-0.018049374152200412,0.025662826458659003,0.06004545717821766,0.4162,0.4136,0.5624,0.1824,0.063,0.143,300.0,167.0,416.0,43.0,500.0,515
671976,Tristan Peters,360,0.003384310966630524,0.004940842442032238,0.0338391082546353,-0.0553831881225956,-0.01662754573400351,0.024203374446383572,0.057443813376112304,0.404,0.4028,0.566,0.1736,0.0514,0.1312,302.0,175.0,412.0,52.0,495.0,515
657757,Gavin Sheets,232,0.0032955388599752397,0.004727833630678761,0.034905649832050585,-0.055343257729312985,-0.018132492126880208,0.023865395010851664,0.05997749743034989,0.4016,0.403,0.5658,0.169,0.0638,0.1356,304.0,179.0,416.0,40.0,497.0,515
672386,Alejandro Kirk,188,0.0032495373584914503,0.005240948841543436,0.03664130742812512,-0.05989266332066964,-0.017810544415560528,0.02541495363196363,0.05996342145425542,0.414,0.4086,0.5694,0.1812,0.0658,0.1478,305.0,170.0,418.0,40.0,499.0,515
808975,Hyeseong Kim,90,0.0032310180110125108,0.004601236628223718,0.03529827961996973,-0.05647666604900814,-0.017782974305509326,0.025260588658277475,0.059117168525140616,0.4106,0.4074,0.5602,0.1826,0.0626,0.1364,307.0,170.0,416.0,45.0,498.0,515
680700,Richie Palacios,256,0.003215910092819241,0.005164387158699013,0.03539503171523321,-0.05776971542853456,-0.018668071658053384,0.025175288979539825,0.05972823859138765,0.4232,0.4192,0.5656,0.178,0.0632,0.1372,299.0,170.0,418.0,44.0,497.0500000000002,515
642201,Eli White,139,0.0032078904804340295,0.004639174415613654,0.034756515068125,-0.055683500977829176,-0.017839968491823163,0.02438981331038199,0.057541260618836854,0.407,0.4072,0.5622,0.1822,0.062,0.1256,303.0,169.0,414.0,44.0,495.0,515
666181,Will Benson,84,0.00319473394424187,0.004846356337626318,0.03584139738427056,-0.05726431946274866,-0.01849671870097902,0.025345198652926327,0.061325107887532544,0.4086,0.4096,0.5642,0.1798,0.0654,0.1426,303.0,171.0,420.0,42.0,499.0,515
663330,Jahmai Jones,128,0.003029154877687273,0.004575110375190813,0.03538758301349332,-0.05796501277383523,-0.017995846967231187,0.02469444329521734,0.059525798628801564,0.398,0.3956,0.559,0.1772,0.0608,0.1384,308.0,177.0,417.0,44.95000000000002,499.0,515
663616,Trevor Larnach,275,0.003016876426126173,0.004796611525000127,0.03509348454675674,-0.05620509921898485,-0.01908407725673527,0.025324356635012677,0.05867305024915121,0.4124,0.4118,0.5558,0.174,0.0556,0.1382,303.0,167.0,420.0,48.0,496.0,515
690924,Braxton Fulford,60,0.0029922967696834847,0.004375195796553794,0.03604329199584008,-0.05832550373102273,-0.01824704507892128,0.02476310333561617,0.06022222450434059,0.4008,0.399,0.552,0.1806,0.0656,0.139,309.0,174.0,419.0,42.0,497.0,515
669242,Tommy Edman,213,0.0029555953866516674,0.004477295040878109,0.032434064165305636,-0.05091107298904906,-0.017289189776422333,0.023098130291451056,0.05430632190961427,0.4002,0.3994,0.5626,0.1588,0.0498,0.126,306.0,184.0,410.25,53.0,493.0,515
672275,Patrick Bailey,263,0.002790317644254721,0.004274376139424779,0.03548841349888111,-0.057333791489664915,-0.01911882257052709,0.024318823832071162,0.060991327536535404,0.402,0.4022,0.5562,0.182,0.0664,0.1424,309.0,171.0,420.0,41.0,499.0,515
668930,Brice Turang,346,0.00268772748635304,0.004369016977944116,0.032262498620181525,-0.05222283172638188,-0.01707107561832287,0.022923658410607464,0.053506051114720905,0.3916,0.3946,0.5584,0.1562,0.0486,0.1302,307.0,185.0,415.0,54.0,493.0,515
664056,Harrison Bader,93,0.0026091337337612506,0.004225171253701152,0.035743595540762334,-0.058083484435315184,-0.018731580087523698,0.02405929504309163,0.06093657348124543,0.3974,0.3968,0.5494,0.1744,0.0642,0.1462,311.0,177.0,423.0,41.0,498.0,515
686948,Drake Baldwin,453,0.0025292088912000524,0.004384615497358284,0.0328070286213616,-0.05306737087939297,-0.01750245430113974,0.022975728762511628,0.053673846003708135,0.3912,0.3922,0.5598,0.1532,0.0492,0.1292,305.0,184.75,414.0,53.0,494.0500000000002,515
668723,Ryan Vilade,149,0.0024086402265391664,0.004547681586857132,0.03473976671299162,-0.057477384752935415,-0.01840924689782895,0.023874550009080883,0.05795274614291147,0.3944,0.3932,0.5584,0.171,0.058,0.1384,305.0,176.75,419.0,46.0,498.0,515
621493,Taylor Ward,275,0.00236135050860102,0.004285767625161094,0.035396391303233646,-0.05873497151733447,-0.018461030256823253,0.02401595668719308,0.05725331517032282,0.4008,0.3982,0.5556,0.1682,0.0542,0.1438,308.5,175.75,419.0,48.95000000000002,498.0,515
664702,Myles Straw,162,0.002294669160678612,0.004718062644428608,0.03451608716725382,-0.05798664095799171,-0.017925317866292586,0.024107194111513654,0.056444185856403276,0.398,0.3972,0.5596,0.1658,0.0528,0.1378,305.0,180.0,415.0,50.0,499.0,515
694384,Nolan Schanuel,281,0.00222293133532935,0.00413587496570114,0.035499558435314355,-0.05887088120864901,-0.01897811290029524,0.023437089229504198,0.05796036374729066,0.3862,0.3866,0.5542,0.1636,0.0586,0.1458,308.5,182.0,420.0,46.0,499.0,515
696285,Jacob Young,257,0.002097684637911113,0.003923786696839852,0.03364884810467731,-0.055055905759152375,-0.018168805099870004,0.023066335121825238,0.05612837754080975,0.3934,0.3922,0.5506,0.1594,0.05,0.1346,309.0,185.0,417.25,52.95000000000002,498.0,515
641680,Jonah Heim,244,0.0016580314837705455,0.003566379191489908,0.03460247253054426,-0.056419979771736926,-0.019985279400072956,0.02339998802283261,0.05667701144001008,0.3932,0.392,0.5468,0.1694,0.0564,0.1458,314.0,179.0,421.25,47.95000000000002,499.0,515
664761,Alec Bohm,393,0.0016308961751138067,0.0033260084004485256,0.030787427160184327,-0.05059345211894636,-0.01719754051384998,0.020906209222148045,0.05105869799439753,0.3752,0.376,0.5464,0.1354,0.0376,0.121,312.0,195.0,414.0,64.0,492.0,515
669134,Luis Campusano,175,0.00161355611373321,0.004326346937871689,0.03682752019153104,-0.060516422824312605,-0.020200390417424347,0.02451431363421369,0.05946424595024525,0.3994,0.3988,0.55,0.1696,0.061,0.1544,307.0,173.75,425.0,44.0,501.0,515
670231,John Rave,90,0.0015980095046021047,0.0037369996414626854,0.03556380282711892,-0.05946540460522642,-0.020305145103983673,0.024154256357495785,0.05707278714211276,0.3954,0.3946,0.5484,0.1662,0.0596,0.1502,309.0,176.0,427.0,45.0,500.0,515
670032,Nicky Lopez,206,0.001482050413247271,0.0031840818717397395,0.033167220469201786,-0.05505176533463164,-0.01913067802786354,0.02223265268025888,0.05449011007578324,0.3832,0.3878,0.5402,0.1556,0.0514,0.138,316.0,187.0,420.0,52.0,497.0,515
592626,Joc Pederson,267,0.0014423498950165371,0.0036350691044375787,0.033789323940127486,-0.057174987326649274,-0.018947501881310135,0.022630416464179612,0.05515573126147468,0.3836,0.3834,0.5464,0.1578,0.0464,0.1404,313.0,183.75,420.0,55.0,499.0,515
680776,Jarren Duran,411,0.0013341526506656567,0.00398657479011547,0.03464982563507731,-0.05734862065277106,-0.019530804687454245,0.022870945743765976,0.05576334442999646,0.39,0.3924,0.55,0.157,0.054,0.1442,313.0,181.0,423.0,50.0,498.0500000000002,515
677951,Bobby Witt Jr.,396,0.001243689512973412,0.003365231068176152,0.031442950754514254,-0.05291612793791963,-0.017816784732036607,0.020990433951384935,0.05055892796786353,0.373,0.3712,0.5456,0.134,0.0416,0.134,315.0,197.75,415.0,61.0,494.0,515
685133,Wade Meckler,198,0.0012390479779261936,0.00300975243442144,0.03469132959034345,-0.057399137045930936,-0.019983656384596434,0.02254209543520125,0.0574243132249784,0.378,0.3794,0.538,0.162,0.0532,0.1434,316.0,187.0,424.0,51.0,498.0,515
678545,Osleivis Basabe,75,0.0012308520543256815,0.0034149831876998144,0.035799242651177225,-0.060021232871329315,-0.020107286841337942,0.023296644949161074,0.056778368556079796,0.3948,0.3928,0.5466,0.17,0.0568,0.1466,314.0,183.0,426.0,46.0,500.0,515
518595,Travis d'Arnaud,52,0.001215306772511533,0.003563169950812079,0.035429099274333985,-0.05959606582305574,-0.01987496146416945,0.023149270155925855,0.0571090885304935,0.3852,0.3858,0.5434,0.164,0.0568,0.1476,317.0,184.0,425.0,46.0,500.0,515
664770,Nathan Lukes,275,0.0011800226819903288,0.0031533353154461867,0.03329858547707604,-0.05605970943119829,-0.019184700720263053,0.021817506315720124,0.05306281094021417,0.3838,0.385,0.545,0.1508,0.0452,0.1394,315.0,191.0,418.0,58.0,498.0,515
665052,Griffin Conine,201,0.0011489464974807732,0.002765239083333304,0.03430600379199461,-0.05666280545733118,-0.02049064259079888,0.02271560792817836,0.05574254149048452,0.3822,0.38,0.5348,0.163,0.0558,0.147,317.0,182.0,422.0,47.0,498.0,515
665923,Esteury Ruiz,170,0.0011467910265959998,0.003786127384551482,0.035277351866664634,-0.05957176026778953,-0.01984553026556937,0.023223018502176073,0.056331232120698765,0.386,0.3838,0.5442,0.1586,0.0538,0.1544,313.5,185.0,424.0,49.95000000000002,500.0,515
666139,Josh Lowe,261,0.0010091047247423896,0.0029809214512611423,0.03413883851539968,-0.05813251967294639,-0.019631030121621727,0.022392247868055125,0.055321085885977714,0.3814,0.3764,0.5374,0.1552,0.0528,0.1444,314.0,187.0,423.0,51.0,497.0500000000002,515
656941,Kyle Schwarber,425,0.0009702532580589275,0.003639038705106926,0.03398410530400095,-0.05878879470414892,-0.019657636424440645,0.02212004048342075,0.05347853985565578,0.3834,0.3838,0.5466,0.1536,0.0464,0.1466,312.0,187.0,420.0,54.0,498.0,515
666310,Bo Naylor,76,0.0009150374439480291,0.002898663458405718,0.036113891344986736,-0.06131853332003487,-0.02059387705338381,0.023706709941858417,0.05642465640044703,0.3928,0.3874,0.5322,0.169,0.0588,0.154,314.0,179.0,429.25,46.0,501.0,515
696100,Hunter Goodman,384,0.0009092278330723788,0.0028150654758136383,0.03245940157645844,-0.05548841416802275,-0.01869075325470707,0.021736341671971596,0.05070901254165052,0.3772,0.376,0.5398,0.1418,0.0402,0.1384,316.0,191.0,418.0,62.0,497.0,515
605137,Josh Bell,435,0.0008348260585490743,0.0024845113344274285,0.03397215866003415,-0.05817715850923001,-0.019089682643120234,0.022178532781724984,0.05442679174242655,0.3786,0.3778,0.5324,0.1568,0.0492,0.1412,318.0,187.0,423.0,54.0,496.0,515
671277,Luis García Jr.,381,0.0007098663529740021,0.002710396598201715,0.033492672626577125,-0.056819782973522324,-0.0198613071485393,0.021766788933669852,0.054203305168704724,0.3706,0.373,0.5326,0.153,0.046,0.1444,320.0,192.0,424.0,56.0,498.0,515
694212,Samuel Basallo,294,0.0005535990875701461,0.0024844685675702713,0.031542907895052326,-0.05394490363933,-0.01847280224111561,0.02061111460006885,0.05004628016711782,0.368,0.366,0.5374,0.1416,0.0402,0.13,317.0,197.0,418.0,61.0,495.0,515
687263,Zach Neto,471,0.0005155395235516768,0.003073558562270612,0.03422799931448895,-0.059754510050294043,-0.020128612322926606,0.021907950932844752,0.05450673827543677,0.3806,0.3806,0.5376,0.1568,0.0488,0.1538,317.0,190.0,424.0,53.0,499.0,515
500743,Miguel Rojas,173,0.0004321977960517545,0.0028082902379089423,0.03448591614770381,-0.056998925055432303,-0.021212059390419476,0.021997634452190495,0.05498257858022715,0.3772,0.3754,0.531,0.148,0.0508,0.1518,318.0,189.0,428.0,52.0,498.0,515
663993,Nathaniel Lowe,250,0.0003645097469071628,0.0024150089347046927,0.03551035736780283,-0.061536801136945096,-0.02106231663434743,0.022132251635876444,0.05639057439649316,0.3748,0.3734,0.532,0.1614,0.0538,0.1618,319.0,191.0,428.0,50.0,500.0,515
669257,Will Smith,138,0.00035678430334568653,0.0030992876530901185,0.035982639577238816,-0.062626491691666,-0.021481639247679724,0.022466431049603098,0.05630381049972566,0.3796,0.3758,0.5446,0.1564,0.055,0.1562,314.0,185.0,427.0,45.95000000000002,501.0,515
622761,Jorge Mateo,165,0.0002906637164255242,0.0021124239733293425,0.035238531851274735,-0.059280063052308624,-0.0211833267425822,0.02208412459767281,0.05497811717649816,0.372,0.3732,0.5246,0.1542,0.0514,0.1554,321.0,188.0,428.0,51.95000000000002,500.0,515
682622,Noelvi Marte,167,0.00010177142251412618,0.00238920102295699,0.03488385388427125,-0.06119115926881136,-0.020813149482735407,0.021485161999464226,0.055047535324847824,0.3726,0.37,0.533,0.1536,0.0536,0.153,320.0,191.0,426.0,49.0,499.0,515
680728,Adrian Del Castillo,118,8.75796573528332e-05,0.0025928302879646065,0.03558786892378474,-0.0628265458274594,-0.021248521859488674,0.022202458115825666,0.0559765034221313,0.3746,0.3724,0.5302,0.155,0.0514,0.1588,319.0,189.0,427.0,51.0,501.0,515
665833,Oneil Cruz,228,-0.00019012585812828414,0.0020652199113845113,0.03349645608007856,-0.05763917317852713,-0.020390831195470714,0.020259403292922855,0.05227399670666168,0.3642,0.3664,0.5266,0.1422,0.0412,0.1494,321.0,197.0,426.0,62.0,498.0,515
689414,Liam Hicks,297,-0.00019397715823523957,0.0025226541319267057,0.03380482495280542,-0.0595477991284163,-0.02053882631733982,0.02054727143257887,0.05471336789028476,0.3652,0.3656,0.5324,0.145,0.0414,0.1518,319.0,197.0,426.0,60.95000000000002,498.0,515
807726,John Peck,50,-0.0002952703670252865,0.0023813912803185566,0.03593613417214303,-0.06382091641102314,-0.02195927652852089,0.022644102601625977,0.055550616481531236,0.373,0.3706,0.528,0.1558,0.0502,0.162,321.0,186.0,428.0,52.0,500.0,515
640902,Jhonny Pereda,67,-0.00046986162364479755,0.0025546163446276355,0.0356351971836121,-0.06205965645435943,-0.022593786572221112,0.022093601215779853,0.05548856870861827,0.378,0.373,0.531,0.153,0.0504,0.167,319.0,187.0,433.0,52.0,501.0,515
669392,Samad Taylor,81,-0.000615469286924062,0.001746115732490615,0.03618420634046805,-0.06409333960451911,-0.021490121281784777,0.021242961575495083,0.05572036648965611,0.3676,0.3656,0.522,0.1626,0.0522,0.1608,323.0,186.0,432.0,50.0,502.0,515
807713,Matt Shaw,107,-0.0006899987911758466,0.0021725767927641138,0.03602357255946782,-0.06320199212098383,-0.021451429252491144,0.02213283276829832,0.05381145293154146,0.3792,0.3778,0.527,0.1532,0.0486,0.1644,322.0,186.0,431.0,54.0,502.0,515
518692,Freddie Freeman,472,-0.0008822681338620889,0.0011161567050673297,0.031069509665204713,-0.05364914810117058,-0.020639458500838447,0.019110288300014773,0.04871294875636267,0.3486,0.347,0.514,0.1214,0.033,0.1436,328.0,209.0,427.0,70.0,496.0,515
677588,José Tena,204,-0.0009753609284925675,0.0012516106650135145,0.034092189522166416,-0.05977529372387149,-0.02181859964732879,0.020735259448857117,0.0528656769167208,0.3588,0.358,0.5164,0.1412,0.045,0.1566,327.0,198.0,431.0,57.0,500.0,515
699302,Héctor Rodríguez,119,-0.0010274906177813847,0.0010034529166047979,0.03474696665870127,-0.0604032135410649,-0.021926686132974632,0.020910024332362106,0.05382121951860269,0.3626,0.364,0.5138,0.1446,0.0454,0.1608,330.0,197.0,431.0,56.95000000000002,500.0,515
673237,Yainer Diaz,276,-0.00110507053126927,0.0010154467405809977,0.03185380082707758,-0.057115512451780884,-0.021270954728319722,0.01917515865786763,0.049910775386410554,0.3424,0.3426,0.5132,0.1306,0.037,0.1492,330.0,207.0,428.25,65.0,497.0,515
665019,Kody Clemens,352,-0.0012405379105168155,0.0011091847580999598,0.03383634183079078,-0.06052502725265685,-0.022195791236196687,0.02022821230845042,0.05201182533825084,0.3564,0.3558,0.5154,0.1372,0.0444,0.1564,328.0,201.0,431.0,59.0,500.0,515
673962,Josh Jung,290,-0.0013124578839098337,0.0007571621626382829,0.0339738021437571,-0.05824841199241549,-0.022724723104979076,0.019501570794748773,0.05298150737495455,0.3526,0.3508,0.5106,0.1388,0.0446,0.163,330.0,203.0,432.0,57.95000000000002,499.0,515
693304,Nick Gonzales,413,-0.001528535606843598,0.0009607682154173292,0.034128638286995985,-0.06159489128616472,-0.022214073406938265,0.02013541357453653,0.0514253776617819,0.3548,0.3558,0.5134,0.1356,0.0414,0.1622,330.0,202.0,431.0,62.0,501.0,515
669364,Xavier Edwards,324,-0.0016001008973651732,0.0012047113766096844,0.034418594186035524,-0.06298540540349948,-0.02243625988588493,0.019974850564295557,0.052384086914826496,0.3524,0.3516,0.5134,0.1392,0.043,0.1648,328.0,199.0,432.0,59.0,501.0,515
650490,Yandy Díaz,426,-0.001718557756432254,0.0009208204134995464,0.032380725622644047,-0.05831101822475728,-0.021696590120221935,0.018850530943129745,0.047352562567212424,0.3506,0.3462,0.5134,0.124,0.0366,0.1556,329.0,209.0,428.0,69.0,497.0,515
699013,Esmerlyn Valdez,168,-0.0017407680290961295,0.0014994449496475476,0.035814506836824175,-0.0636718120695367,-0.023819032710132804,0.02098982010955242,0.05356137290129552,0.3666,0.3656,0.5192,0.1442,0.0442,0.1758,325.0,198.0,436.25,57.0,503.0,515
640459,Brian Navarreto,41,-0.002140426460687476,0.0007766928952019094,0.03715001809128631,-0.0651889215010829,-0.024824598155521262,0.02118176628483694,0.054509176298431536,0.3614,0.3588,0.5104,0.1514,0.0476,0.1806,328.0,192.0,438.0,54.0,504.0,515
663538,Nico Hoerner,401,-0.0024276581080541005,7.802393762620273e-05,0.03181270479533151,-0.05743391239425579,-0.022825874791265667,0.018045607630782706,0.048499992317223545,0.3302,0.3286,0.5012,0.1146,0.0324,0.1554,334.0,216.0,432.0,69.0,497.0,515
808982,Jung Hoo Lee,374,-0.0024949711636182903,0.0004999817268407007,0.03540907279964866,-0.06590000588518943,-0.023583126644040414,0.019852570246725113,0.051014580738330456,0.3484,0.3506,0.5058,0.1376,0.0392,0.1754,334.0,202.0,436.0,64.95000000000002,504.0,515
682626,Francisco Alvarez,267,-0.002593736235527772,-1.3014530899229726e-05,0.033234018189085536,-0.06064010501626611,-0.023712896358193333,0.01929407304054936,0.04890717356485424,0.3412,0.3406,0.5,0.1262,0.0352,0.1666,335.0,206.0,434.0,68.0,499.0,515
630105,Jake Cronenworth,235,-0.0029269404769607463,-0.00044633805854532696,0.034201313731580495,-0.06088676379118087,-0.02390361240360585,0.019218441565217605,0.04940658224643556,0.3458,0.344,0.4944,0.1288,0.0406,0.168,339.0,207.0,437.0,61.95000000000002,501.0,515
681082,Bryson Stott,341,-0.003049256524964664,-8.321708058769379e-05,0.03530661139621113,-0.06524748932961646,-0.02459750351707444,0.019807944863727545,0.051347092823763985,0.3492,0.3456,0.4992,0.1356,0.0424,0.1832,331.0,201.0,441.25,61.0,503.0,515
810938,Ben Williamson,146,-0.00308218423217574,-0.0003054490395734854,0.034493927664103814,-0.0622718754931321,-0.02432438604276596,0.019084239109722744,0.05007105427547278,0.3396,0.3394,0.496,0.126,0.0372,0.1746,335.0,207.0,438.0,65.0,502.0,515
642086,Dominic Smith,223,-0.003569881642292551,-0.0005417136775857448,0.035657188743256414,-0.06505377645008825,-0.025370194548885214,0.01903411204628033,0.051602600954025496,0.3424,0.3394,0.495,0.1324,0.042,0.1858,340.0,204.0,442.0,58.0,505.0,515
668885,Austin Martin,166,-0.0036518867518843833,-0.0002926936139440914,0.03561817901720098,-0.0662915087013106,-0.025685485013555755,0.019228142477933884,0.052113289213110967,0.3406,0.3384,0.4966,0.1378,0.0414,0.1858,338.0,208.0,442.0,60.0,504.0,515
703520,Brett Bateman,84,-0.00367643318633554,0.00014426008144881173,0.03681669824825283,-0.06703695231199339,-0.025920443570441282,0.020188237301071388,0.05135982073356481,0.3528,0.3516,0.5016,0.1348,0.0418,0.1892,334.0,202.0,443.0,58.0,504.0,515
800050,Chase DeLauter,308,-0.0042052115497852975,-0.001441965143423595,0.03310124096298616,-0.06214842611797296,-0.02458214683511755,0.017318246366824074,0.046719952191633614,0.3274,0.3278,0.4824,0.1142,0.0326,0.1778,340.0,217.0,438.25,71.0,501.0,515
681508,Mickey Gasper,114,-0.004798511302675011,-0.0016739643532912277,0.03619548069602055,-0.06796615246858793,-0.02645100414873493,0.01794428411051717,0.05097978337117952,0.3208,0.3228,0.48,0.1346,0.0424,0.193,343.5,214.75,444.0,59.0,504.0,515
694203,Denzer Guzman,198,-0.005527795655215362,-0.0029470550594513385,0.035123637793438175,-0.06696314855569672,-0.027602650534360194,0.01767673321812897,0.04717532217793668,0.3186,0.3164,0.4622,0.126,0.0358,0.1982,351.0,216.75,446.0,67.0,505.0,515
678662,Ezequiel Tovar,423,-0.005600653487980128,-0.002639985969537708,0.03262881988204616,-0.06321107857725808,-0.025978812567690003,0.015950771180923452,0.04485733263566515,0.304,0.3036,0.464,0.1032,0.0282,0.1856,349.0,229.0,442.0,78.0,504.0,515
669003,Garrett Mitchell,335,-0.00563392988370774,-0.0028763541166937742,0.03620355505037214,-0.06992415610233953,-0.02691362565333721,0.016947884643763633,0.0504712687790335,0.318,0.3158,0.4682,0.1224,0.0376,0.199,349.0,219.0,447.0,64.95000000000002,505.0,515
643217,Andrew Benintendi,357,-0.005822022692938358,-0.0032168859112616365,0.035015488537652684,-0.0667848749531624,-0.027534505401760185,0.016822734863326076,0.04816552162157871,0.3096,0.3138,0.4644,0.1208,0.0346,0.2026,351.0,219.0,448.0,67.95000000000002,504.0,515
690976,Alex Freeland,160,-0.007280750552143455,-0.004117577124824926,0.035891821788666005,-0.06997716644417928,-0.02864588191031194,0.016135650432371838,0.04614655535792799,0.298,0.2968,0.449,0.115,0.0342,0.204,358.0,231.0,451.0,70.0,506.0,515
606192,Teoscar Hernández,284,-0.007474237519687499,-0.004448395270300959,0.03588757151608773,-0.06973067928693831,-0.029640034915915464,0.015454484483104325,0.04828921569404379,0.2952,0.2934,0.4482,0.1142,0.0364,0.2092,360.0,232.0,450.0,70.0,505.0,515
682985,Riley Greene,378,-0.008361576996944993,-0.00486631887482578,0.03442186291441686,-0.06890828783882931,-0.029611441694961216,0.01448894142803206,0.04244942354022624,0.2778,0.2802,0.4396,0.095,0.0268,0.2076,361.0,241.0,452.0,81.0,505.0,515
680869,Zack Gelof,208,-0.0086625927420075,-0.005156028854918005,0.03341660793841066,-0.06715377996468168,-0.02936631662419981,0.013696884207902193,0.04113272318535392,0.2742,0.2732,0.4386,0.0906,0.0244,0.211,365.0,245.0,453.0,85.95000000000002,504.0,515
668904,Royce Lewis,379,-0.008718815608058672,-0.0056396151729934865,0.03380090830380168,-0.06824962359670553,-0.030020716506943053,0.013681917669420412,0.042125563263310455,0.2718,0.2714,0.4264,0.0904,0.026,0.2144,364.0,247.0,454.25,83.0,505.0,515
657041,Lane Thomas,234,-0.009035302779822346,-0.006261505290960149,0.03569776979470282,-0.07161248220456269,-0.029992129988223107,0.014620676329549075,0.04521870465876686,0.2818,0.2806,0.429,0.1038,0.0298,0.2236,366.0,238.0,455.0,76.0,507.0,515
682928,CJ Abrams,475,-0.009473271117839577,-0.006294913914272206,0.03453480492971317,-0.07107390684478139,-0.030187723973518828,0.013550757164406698,0.042961675573712596,0.2666,0.2676,0.42,0.0934,0.0272,0.2236,368.5,247.0,455.25,79.0,506.0,515
608369,Corey Seager,307,-0.009606634846435827,-0.0059720922514101635,0.033749551800073135,-0.06799247086989164,-0.030915856847932865,0.01318188843164176,0.04022251418577659,0.266,0.2668,0.4222,0.0878,0.0208,0.2276,367.0,248.75,456.0,89.0,505.0500000000002,515
642350,Jose Siri,164,-0.009992089136465302,-0.006285823171954007,0.03715651460419148,-0.07724545148016838,-0.03186471683483511,0.014522398613947517,0.045050420156359475,0.279,0.2812,0.4284,0.0994,0.0336,0.2346,370.0,240.0,459.0,74.0,507.0,515
672515,Gabriel Moreno,310,-0.0105541145083548,-0.0075784019600619555,0.032938146749898596,-0.06877679326501945,-0.03019384362041005,0.011901382839975456,0.038316615946935105,0.2482,0.2472,0.4056,0.0774,0.0162,0.2214,375.0,259.0,457.0,98.0,505.0,515
596019,Francisco Lindor,271,-0.011533707317242223,-0.0077870058201854105,0.03610258625537209,-0.07487619479364498,-0.03387504039427644,0.013064144699023235,0.0421683462875041,0.2606,0.2594,0.4144,0.091,0.0248,0.2464,380.0,251.0,462.25,84.0,508.0,515
667472,Dane Myers,185,-0.01158747566516252,-0.008235954375441478,0.035863488635845396,-0.07475701961622074,-0.033054333244579265,0.012446389312726852,0.04269492514828308,0.26,0.2578,0.401,0.0976,0.024,0.246,378.0,253.0,462.0,84.0,508.0,515
592885,Christian Yelich,288,-0.0116168759931689,-0.008365502463578024,0.03385482752842169,-0.0721309668516575,-0.032589874473951584,0.011007306371472353,0.038838299228312854,0.2386,0.238,0.3934,0.0764,0.0194,0.2362,379.5,266.0,459.25,97.0,506.0,515
687462,Spencer Horwitz,243,-0.011901562480830288,-0.008702416638591602,0.035865190571864984,-0.07525484879433313,-0.03380118636116046,0.012382208534709041,0.04077926593548874,0.255,0.2554,0.3966,0.0914,0.0252,0.2468,382.0,254.0,462.0,86.95000000000002,508.0,515
673357,Luis Robert Jr.,177,-0.011950933083565063,-0.009004904357290821,0.035684081363159814,-0.07483133998993592,-0.03369096884371018,0.012392097172146548,0.042140969608545846,0.2562,0.256,0.3948,0.0868,0.024,0.2528,384.0,253.0,464.0,84.95000000000002,508.0,515
650402,Gleyber Torres,249,-0.01248374521992924,-0.008852948730423868,0.03384091625133426,-0.07253141372446792,-0.033601046384399896,0.010784514700062267,0.0380485333632363,0.2354,0.237,0.3856,0.0764,0.0208,0.2494,382.0,267.0,463.0,97.0,507.0,515
686469,Vinnie Pasquantino,296,-0.012644651814950543,-0.009600848737260017,0.03411377810911799,-0.0716116387925504,-0.03453296081472698,0.011097553231766007,0.03781250622467044,0.2364,0.2374,0.3858,0.0762,0.0182,0.2546,386.5,266.0,464.0,97.95000000000002,507.0,515
606466,Ketel Marte,412,-0.012947656016860489,-0.009711493764922075,0.03505244807372111,-0.07458197342450484,-0.03411876032947907,0.011246809828945941,0.038280317830087444,0.245,0.2448,0.3866,0.0768,0.0212,0.2556,385.0,261.0,465.0,100.0,508.0,515
682177,Daniel Schneemann,212,-0.013163024566682129,-0.009233368943802264,0.03591227326405099,-0.07805254153162078,-0.03475946039734539,0.011108168281193445,0.04042996706862092,0.2424,0.2408,0.3924,0.0834,0.023,0.2612,384.0,264.0,466.25,92.0,508.0,515
683146,Brett Baty,326,-0.013506048080962316,-0.010232884517423883,0.03432411566907448,-0.07440718899788012,-0.03433170568002479,0.010349445088542436,0.037090559201033456,0.2304,0.231,0.3722,0.073,0.0188,0.254,389.0,270.0,465.0,102.0,507.0,515
679529,Spencer Torkelson,368,-0.013668746326377868,-0.010951446507708469,0.03581283596903871,-0.07484560669544964,-0.03611912207562448,0.011419618104860793,0.039656543896157054,0.2442,0.2426,0.3822,0.0812,0.0228,0.269,387.0,262.75,468.0,93.0,509.0,515
682829,Elly De La Cruz,346,-0.013676964144567476,-0.010341470464513221,0.03554282386132624,-0.07681377842797327,-0.03548614491977657,0.010604861731901682,0.0393950785841423,0.234,0.2318,0.3866,0.0754,0.02,0.2652,388.0,268.0,468.0,96.95000000000002,509.0,515
675961,Alika Williams,157,-0.013918613703716238,-0.009727436251598942,0.037205011428868416,-0.08063411240018879,-0.036189596092255055,0.012122641558111763,0.03895230459667418,0.2484,0.2494,0.3956,0.0766,0.0222,0.2628,386.0,258.0,467.0,95.0,510.0,515
668942,Josh Rojas,73,-0.014668011787982368,-0.010923164248354584,0.03840068624453639,-0.08203813349518677,-0.03853145175458466,0.011729562749333015,0.0422734498499922,0.2442,0.2438,0.383,0.0868,0.0256,0.2924,392.0,262.0,474.0,86.0,510.0,515
683357,Owen Caissie,235,-0.021373774006686542,-0.017681476479802692,0.03658438682123268,-0.08729567310527515,-0.043996205099952,0.0053298585147526665,0.031081524886255447,0.1792,0.1808,0.3004,0.051,0.012,0.3436,420.0,307.0,483.0,126.95000000000002,512.0,515
668715,Spencer Steer,242,-0.021572040027144943,-0.017651227886138536,0.03611145412014126,-0.08649956751042352,-0.04431716268621258,0.004568504944659501,0.03022281461475436,0.1738,0.1738,0.299,0.0496,0.0112,0.3418,420.0,309.0,483.0,131.0,511.0,515
803011,Sam Antonacci,267,-0.02913047563565784,-0.025062571518182794,0.039326844823685404,-0.09883685166488368,-0.054083307772126145,-0.00024739811210367673,0.02685124911578577,0.1342,0.134,0.2484,0.0396,0.0104,0.4322,448.0,346.0,496.0,143.0,513.0,515
