player_id,player_name,n_exposures,posterior_mean,posterior_median,posterior_sd,cri90_low,cri50_low,cri50_high,cri90_high,prob_above_league_mean,prob_above_league_median,prob_positive,prob_top_quartile,prob_top_decile,prob_bottom_decile,rank_median,rank_cri50_low,rank_cri50_high,rank_cri90_low,rank_cri90_high,rank_population_size
696285,Jacob Young,207,0.08955284447911543,0.08805695106529743,0.04316114206824437,0.020951742107939292,0.059789394938797966,0.11724006563770734,0.16285434665514772,0.9446,0.9444,0.9884,0.8122,0.5692,0.0012,40.0,12.0,102.0,2.0,269.0,520
595879,Javier Báez,331,0.08273026073370562,0.08047557043230097,0.043659506181427395,0.01543327808735176,0.052334562451056596,0.11123479670282589,0.15869071480435776,0.927,0.926,0.979,0.7548,0.4938,0.0018,53.5,16.0,128.0,2.0,298.0500000000002,520
592206,Nick Castellanos,472,0.07707015905785297,0.07530379511310237,0.04149839010541202,0.01281954592457804,0.048004733378342566,0.10376966044849954,0.14845975371870898,0.9122,0.9106,0.977,0.7202,0.452,0.0026,63.0,23.0,144.0,3.0,312.0500000000002,520
665161,Jeremy Peña,338,0.07525484815063742,0.07293303228079061,0.04238749787615024,0.010059063165838418,0.045286352450978506,0.1032048194932551,0.14812297657251597,0.9004,0.9018,0.9752,0.6988,0.4264,0.0038,70.0,24.0,155.0,4.0,322.0,520
621439,Byron Buxton,406,0.06918131020352669,0.06774200704165564,0.04158737586147384,0.0037384743492005616,0.04085598292193675,0.09609630542145003,0.1403684293194933,0.8736,0.8752,0.96,0.6382,0.3702,0.006,85.0,31.0,178.0,5.0,354.0,520
701398,Sal Stewart,41,0.06707664000205991,0.0648506061386211,0.048045783903142195,-0.007075698257633778,0.0353720203224267,0.09579216822892644,0.15164938644102616,0.8296,0.8312,0.9282,0.6086,0.3592,0.014,91.0,30.75,202.25,4.0,393.0,520
666969,Adolis García,356,0.06551709490058932,0.06328980775312493,0.04086207305519177,0.001755482746432746,0.03777522240552311,0.09183070813729355,0.13567109997459662,0.8602,0.8614,0.9536,0.6086,0.3288,0.005,96.0,36.0,190.0,6.0,363.0,520
691720,Kyle Karros,105,0.06221491087776177,0.060117082502869165,0.04485404259761163,-0.0075779815265964645,0.031343410008437975,0.09067975433317496,0.14066420495173812,0.811,0.8138,0.9282,0.573,0.3134,0.0126,106.0,37.75,220.0,6.0,396.0500000000002,520
683146,Brett Baty,281,0.06127006584276163,0.059952567090688524,0.041715855261467746,-0.0034783912181004808,0.03193099516961382,0.0881885354550054,0.1331306855534622,0.823,0.8232,0.9376,0.567,0.3038,0.0084,107.0,43.0,213.25,7.0,375.0,520
669127,Shea Langeliers,356,0.06095209173866625,0.05974259202185447,0.038659268052286005,-0.0004884379516603923,0.03470148553909186,0.08578844422206758,0.12699109704091494,0.8406,0.842,0.9484,0.5768,0.2806,0.0056,105.0,46.0,203.25,9.0,369.0,520
681460,Brooks Baldwin,253,0.0608535832650575,0.05856541428045814,0.040277137530631744,-0.003063755408099181,0.03378407062764606,0.08613361344807975,0.13182152197582933,0.842,0.8436,0.942,0.5636,0.28,0.01,111.0,46.0,207.0,7.0,373.0,520
641313,Tim Anderson,72,0.06049942104365473,0.05802364855185359,0.04561079755210928,-0.009450573757285469,0.02944511930840065,0.08916931865971886,0.1375398223463682,0.8058,0.806,0.923,0.548,0.3004,0.0166,113.0,40.0,226.0,6.0,402.0,520
666464,Jerar Encarnacion,40,0.05997357017246067,0.057546147491899596,0.04552294317879579,-0.010894902516648678,0.029087119417594662,0.08851195988693253,0.1389691650759368,0.8006,0.8002,0.9188,0.5462,0.291,0.017,114.0,41.0,229.0,5.0,403.0,520
620443,Luis Torrens,201,0.05978303540183559,0.05861899409666303,0.041705947747526964,-0.006110433426659825,0.03102072956535318,0.08682258826018878,0.13079868101974174,0.81,0.8122,0.9284,0.5636,0.2844,0.0086,110.0,44.0,222.0,8.0,388.0,520
643396,Isiah Kiner-Falefa,298,0.059245276402957736,0.05780697950346139,0.042989426728380645,-0.009896421854571484,0.030044215264155974,0.08740261139325542,0.1331573971520597,0.8066,0.8078,0.9238,0.5432,0.2894,0.012,113.0,44.0,224.0,7.0,397.0,520
663586,Austin Riley,289,0.05789986259423542,0.056721530294719866,0.044735342732134864,-0.012124038840752761,0.02757121151854438,0.08538201125104256,0.13603395753657488,0.7884,0.7912,0.913,0.5354,0.276,0.0166,117.0,45.0,236.0,6.0,410.0,520
656305,Matt Chapman,276,0.05670214439134841,0.054695594237766765,0.0431627401436169,-0.009877775863462147,0.027414218611260633,0.0845613830518263,0.12934788424126598,0.7844,0.7854,0.915,0.5212,0.2634,0.0132,122.5,49.0,237.0,8.0,401.0,520
695578,James Wood,370,0.056025338396304906,0.05416851279803529,0.04214839919955185,-0.009654097267862179,0.02775285459244785,0.08340798658737338,0.12829351569093222,0.7886,0.7902,0.9168,0.5078,0.2592,0.0132,128.0,50.0,235.0,8.0,401.0,520
514888,Jose Altuve,451,0.0557385105013953,0.05474334892795028,0.04008042493002213,-0.008373657536718032,0.028055033559421037,0.08116961320117799,0.12356933986971466,0.7912,0.7898,0.92,0.5202,0.2424,0.0074,123.0,54.0,235.0,10.0,394.0,520
630105,Jake Cronenworth,293,0.05429945275076277,0.051901321236171985,0.04424750475050879,-0.014813708928561506,0.024593695506460234,0.08294094844419703,0.12964928271016785,0.7602,0.759,0.9038,0.4914,0.251,0.0176,134.0,52.0,254.0,8.0,418.0500000000002,520
666134,Nolan Jones,233,0.053503179193590995,0.052441438367876805,0.04117555175587879,-0.01154564320893332,0.02450343962839418,0.08083965982380692,0.12215650862597999,0.77,0.7684,0.9092,0.4878,0.2376,0.012,134.0,56.0,250.0,10.0,407.0,520
645277,Ozzie Albies,475,0.05337997392023914,0.052050450508259294,0.040147320327324855,-0.010020653584660467,0.025627812087938823,0.08003043005144499,0.11995920438591544,0.7738,0.775,0.9166,0.4932,0.2298,0.0128,133.0,58.0,245.0,11.0,404.0,520
669357,Nolan Gorman,274,0.05270315910554915,0.05165073267801755,0.04336388444447336,-0.016669342722711436,0.023904627916999877,0.07972521822748792,0.12615460316058782,0.758,0.759,0.8914,0.4874,0.2336,0.017,135.0,56.0,255.0,9.0,424.0,520
695657,Colson Montgomery,207,0.052337566012630295,0.05116059033346024,0.0441482139068829,-0.01659057960978905,0.022945630701551485,0.08033118953492457,0.12758575379879375,0.7514,0.752,0.892,0.4798,0.2358,0.0204,139.0,56.0,259.0,9.0,420.0,520
664238,Dylan Moore,164,0.05209521986079859,0.050432948522268956,0.04187579979380439,-0.014823574612084894,0.023567976981979377,0.07922848086702335,0.12308755408751663,0.7542,0.7574,0.8982,0.4734,0.2236,0.0162,142.0,60.0,256.0,10.0,414.0,520
456781,Donovan Solano,124,0.05207288510812805,0.050389262393066875,0.043892338042225885,-0.017878139522245273,0.022881586342324692,0.0795365273765825,0.1279093136572464,0.7496,0.7514,0.894,0.4774,0.2352,0.0212,139.0,57.0,260.0,9.0,427.0500000000002,520
641857,Ryan McMahon,347,0.051754825750867484,0.05015116007281428,0.04353033113673323,-0.016000826027203482,0.02151923456091856,0.08034465380812716,0.12435283669348142,0.7364,0.7396,0.8932,0.4756,0.2408,0.019,141.0,55.0,267.25,10.0,425.0500000000002,520
681393,Connor Norby,269,0.051465049841079635,0.05046698864367772,0.04330354009591311,-0.0168273343603107,0.021745470383378783,0.07963662543130962,0.12346624714260244,0.7432,0.7456,0.8898,0.4768,0.2358,0.0184,139.0,56.0,263.0,11.0,428.0,520
553869,Elias Díaz,198,0.051111961204664706,0.049626827223194295,0.042885332468044796,-0.015173725430022905,0.021321821181845522,0.07909925021595311,0.12349901033771438,0.7396,0.7404,0.8922,0.469,0.2246,0.0182,142.0,60.0,266.25,10.0,421.0,520
664774,LaMonte Wade Jr.,135,0.051042470309449306,0.04841674912386604,0.0461568959924049,-0.021146340714029585,0.02121727554766932,0.08108957110593126,0.12985307581635486,0.7306,0.737,0.877,0.465,0.2402,0.028,145.0,55.0,270.25,8.0,438.0,520
663697,Jonathan India,263,0.050716854422299555,0.04853803814428115,0.0439332433177066,-0.018503977809283645,0.02155215933337867,0.07913889037747482,0.12431165351462625,0.7414,0.7414,0.8846,0.4576,0.2296,0.0208,147.5,59.0,265.0,10.0,427.0500000000002,520
664023,Ian Happ,370,0.05005480027101376,0.048216844556727534,0.041653485141036416,-0.015781201381949144,0.021525459249463866,0.07754534006459035,0.12072450142082643,0.7388,0.7422,0.8912,0.4578,0.2168,0.0166,147.0,62.0,267.0,12.0,418.0500000000002,520
807712,Luke Keaschall,120,0.04989851904954991,0.04778906815720233,0.047159295317047885,-0.022732471667994907,0.01803097380129632,0.07960647570972443,0.13215621646266462,0.7142,0.714,0.8628,0.457,0.2308,0.0292,150.0,58.0,282.0,8.0,445.0,520
676801,Chas McCormick,80,0.049110402999497635,0.04741219522052767,0.04536882590526046,-0.021862719569319674,0.019179595021682434,0.07776853768582731,0.12622902507437989,0.7204,0.7212,0.8696,0.4486,0.2124,0.026,151.0,63.0,278.0,9.0,439.0,520
670042,Luke Raley,173,0.04909062661931464,0.047948024394300695,0.04146543440810871,-0.017264335193468774,0.020881016552880344,0.07680278330738798,0.12016094630647131,0.737,0.7372,0.883,0.4428,0.2072,0.0204,151.0,65.0,267.0,12.0,423.0,520
665742,Juan Soto,316,0.04864402944656181,0.04712688189968575,0.04317622365720638,-0.020816943295579298,0.020670131694622722,0.07568124569227468,0.12135517236948018,0.7248,0.7258,0.8798,0.4434,0.2058,0.0236,154.0,67.0,274.0,12.0,433.0,520
592669,Hunter Renfroe,69,0.04825726399970591,0.046597928762991236,0.045115723380367664,-0.023409923132766214,0.01846873977747855,0.07677162748821717,0.12559425094044757,0.7154,0.7156,0.8688,0.4392,0.216,0.0306,154.5,63.0,280.0,10.0,441.0,520
595777,Jurickson Profar,222,0.04724433117781983,0.045980775610169985,0.04418837953724391,-0.02316116774458644,0.017395356587507207,0.0759691173324026,0.12288929777282016,0.7056,0.7074,0.8686,0.4364,0.2026,0.0274,157.0,66.0,284.25,11.0,440.0,520
663743,Nick Fortes,155,0.04702859442716433,0.04562864450280709,0.04566997533153754,-0.024567671174390494,0.0165307243563828,0.07515253234573152,0.12555487515392208,0.7016,0.6998,0.8608,0.4298,0.2052,0.0294,159.0,67.0,291.0,10.0,445.0,520
605141,Mookie Betts,298,0.047000350090380325,0.04633062000285264,0.04344336226645101,-0.02193234710131225,0.018436275388713383,0.07377880390228495,0.1222744587284295,0.7106,0.7112,0.8652,0.4314,0.1966,0.0236,156.5,69.0,282.0,12.0,436.0,520
624428,Adam Frazier,308,0.04677279432851372,0.044980007083963824,0.044379870435180754,-0.0247279104241618,0.018168277614013843,0.07440263248247102,0.1236971565749541,0.7074,0.707,0.8608,0.4242,0.2038,0.0318,163.0,68.0,285.0,10.950000000000017,443.0,520
686797,Brooks Lee,352,0.046069217946360964,0.04522371690710057,0.042633316412456115,-0.023666400916072295,0.018515927147770256,0.07354720149451055,0.11595543206869288,0.7208,0.7204,0.8678,0.4242,0.19,0.0272,159.0,70.0,280.0,14.0,442.0,520
666158,Gavin Lux,312,0.04605916386759635,0.04448517928095977,0.045087059755345577,-0.025583406014473283,0.015316721763981207,0.07485661202606564,0.1203903250676976,0.6944,0.6968,0.858,0.4276,0.2054,0.0316,162.0,67.0,295.0,11.0,448.0500000000002,520
571771,Enrique Hernández,215,0.045385754893383486,0.04446495020626924,0.04146629361261098,-0.021096635803018855,0.017616919289547235,0.07298056258859664,0.1147593565621512,0.7002,0.7008,0.8694,0.4182,0.1886,0.0246,162.0,73.0,284.0,15.0,438.0,520
677800,Wilyer Abreu,267,0.045299937625395026,0.04464328495499219,0.04156509725986857,-0.02256539012208764,0.017948786589639613,0.07184665843845908,0.11359284074366059,0.7094,0.7086,0.8704,0.414,0.1822,0.0236,163.0,73.0,285.25,15.0,437.0,520
621035,Chris Taylor,95,0.045279957870443775,0.043513245603509415,0.04328355903935883,-0.022496272843388117,0.01681731328382298,0.07349672658869724,0.11829591700455878,0.6928,0.694,0.86,0.4138,0.19,0.0306,167.0,72.0,290.0,13.0,439.0,520
669394,Jake Burger,280,0.04497839122444436,0.04485756789672611,0.04176128264135225,-0.02275263149868868,0.016870428143599552,0.07234428089619112,0.11383520808288973,0.7012,0.7036,0.862,0.4202,0.1826,0.0278,162.0,74.0,290.0,15.0,437.0,520
663624,Ryan Mountcastle,294,0.044964963545300496,0.043718512192008924,0.04269301874058767,-0.023719744184015335,0.01655135753576682,0.07217379205646446,0.11680732567437387,0.7004,0.7012,0.863,0.4126,0.1822,0.0272,168.0,75.0,290.25,13.0,439.0,520
673237,Yainer Diaz,449,0.04485640412161187,0.04398518792318193,0.03852969895522452,-0.0179798580544348,0.019325760664338016,0.07032454236959597,0.10821046926648291,0.721,0.7186,0.879,0.406,0.1648,0.0196,165.0,78.75,277.0,18.950000000000017,429.0,520
657656,Ramón Laureano,318,0.04471462558853987,0.04291909676143385,0.043547476559398876,-0.025429394767796407,0.015262674281102107,0.07287036046839357,0.11784940576343277,0.6868,0.6904,0.8576,0.4082,0.1858,0.0298,168.5,74.0,296.0,12.0,445.0,520
669257,Will Smith,250,0.044594692977678624,0.0430463543327162,0.04262432957663383,-0.022976825841333925,0.01642105435683742,0.07200168926652352,0.11636751429636377,0.696,0.6956,0.8626,0.4016,0.1832,0.0278,170.0,75.0,290.0,14.0,441.0,520
682985,Riley Greene,468,0.04457695849963126,0.042414332257073036,0.045744818772868345,-0.027916713164001947,0.015406950798382155,0.07343106323002425,0.12161759345512996,0.6852,0.6858,0.8432,0.41,0.1942,0.034,169.0,71.0,298.0,11.0,453.0,520
669743,Alex Call,128,0.04447996560257029,0.043094511674087954,0.045250441854199866,-0.029409316064438494,0.015006088418977243,0.07308042703377712,0.12159844388182335,0.6844,0.6834,0.8448,0.4088,0.1892,0.0362,172.0,71.0,298.0,12.0,452.0,520
665750,Leody Taveras,123,0.04447257609674776,0.04406377184426745,0.04527094922436205,-0.028544109253871464,0.014541595050816945,0.07261520058749346,0.12118270422402032,0.6858,0.6876,0.8436,0.411,0.1844,0.0386,167.0,74.0,301.0,11.0,456.0,520
676914,Davis Schneider,129,0.044455916402201354,0.04337294329483652,0.042259260141535825,-0.02343398703939343,0.017089596168096004,0.07192955150236188,0.1151992971718067,0.6956,0.6958,0.8592,0.4074,0.1788,0.0286,167.0,72.0,288.0,15.0,438.0,520
595978,Austin Hedges,138,0.044333956212441517,0.042907802170368825,0.04463187041589013,-0.025601017203556897,0.014884353631866847,0.07248911180711426,0.1199544737588391,0.6834,0.6816,0.8474,0.406,0.1868,0.0316,168.0,72.0,298.0,12.0,447.0500000000002,520
701675,Nathan Church,40,0.0442634216066,0.04252962454675775,0.04499350497782197,-0.02772021978209093,0.013842633516200607,0.07352459806384798,0.11892600747069654,0.6766,0.6784,0.845,0.4092,0.1988,0.033,171.0,69.0,303.0,12.0,451.0,520
805779,Jacob Wilson,313,0.04380810740339134,0.04306293254107474,0.04168223749503964,-0.02399403615775284,0.015217087784476334,0.07103188420329369,0.11275969570394939,0.6942,0.6944,0.8638,0.4044,0.174,0.031,168.0,78.0,294.0,17.0,445.0,520
666624,Christopher Morel,240,0.04370622372971456,0.04231856763488588,0.045592851826592146,-0.02885737513362255,0.013603873533971812,0.07226421286172023,0.1213660389837472,0.6746,0.6746,0.8348,0.401,0.196,0.0388,170.0,73.0,304.0,12.0,457.0,520
542303,Marcell Ozuna,311,0.04360440785177516,0.042402131535375934,0.042113549112504166,-0.02283953130939477,0.0155567934249892,0.0705079112589055,0.11305277767335603,0.6898,0.691,0.8576,0.3992,0.1678,0.0264,170.0,77.0,296.0,16.0,440.0,520
683090,Matthew Lugo,54,0.04356333045122077,0.042641260797216474,0.04700861023675455,-0.030236990720290825,0.011733138350690075,0.0739730960904062,0.12272733677965028,0.6648,0.6666,0.826,0.407,0.2018,0.0392,173.5,70.0,313.25,11.0,459.0,520
660271,Shohei Ohtani,421,0.043287014196062734,0.04245316884601277,0.0402893637064216,-0.020710585132538237,0.016099991088400233,0.06878795248430397,0.11095413048740475,0.6954,0.6952,0.865,0.3884,0.1604,0.0216,173.0,82.0,291.0,16.950000000000017,436.0,520
663647,Ke'Bryan Hayes,322,0.04249211396367383,0.04131133781253398,0.03866413880121966,-0.01976546653015969,0.016713158417842183,0.06684606708137572,0.10730945340374337,0.6964,0.6966,0.8706,0.377,0.1534,0.0204,176.0,87.0,288.0,19.0,431.0,520
608385,Jesse Winker,41,0.04244348089243884,0.040639691867600844,0.04605450895681877,-0.03022801352929653,0.012093016466045159,0.07109467131986888,0.12058531219992102,0.6618,0.6634,0.8352,0.3892,0.1856,0.038,179.0,78.0,308.0,11.0,457.0,520
596146,Max Kepler,326,0.04233703051616041,0.0416177751060684,0.042586214262550826,-0.026546921812048006,0.014241756338413524,0.06961069994430827,0.11348305991612227,0.6792,0.6818,0.8438,0.3878,0.1672,0.034,175.0,78.0,300.0,15.0,453.0,520
678877,Jhonkensy Noel,133,0.042036044648613394,0.03990994082307831,0.045527584617441275,-0.030447847941105995,0.01233341345430763,0.07092980159137792,0.1216015212959731,0.6562,0.658,0.8334,0.3856,0.183,0.0418,184.0,76.0,311.0,13.0,460.0,520
666310,Bo Naylor,281,0.041800900223856095,0.04107766416420313,0.04402222380006902,-0.02903005394028526,0.012376717470804623,0.07028290488527965,0.11456844006859059,0.6694,0.6692,0.8352,0.3914,0.1688,0.0402,178.0,80.0,309.0,14.0,455.0500000000002,520
681624,Andy Pages,507,0.04179335969166656,0.04107898511485336,0.040999081990057584,-0.024022531511961494,0.013954631848118012,0.06897435199682432,0.1107812716034933,0.681,0.6824,0.846,0.3796,0.1656,0.0252,176.0,82.0,300.0,18.0,443.0,520
516782,Starling Marte,209,0.04163717724019687,0.04068405910310819,0.04116015892631908,-0.024323435411797677,0.014335183181895953,0.06785394236500085,0.11050399642377513,0.6778,0.6804,0.8502,0.3806,0.1512,0.0292,178.0,84.0,298.0,17.0,444.0,520
691777,Max Muncy,150,0.04132023662511454,0.0404592269138328,0.044001412945112874,-0.030774421526606442,0.012238421997466222,0.06948600264352675,0.11356366020250674,0.6702,0.6682,0.8322,0.3838,0.167,0.0388,181.0,79.0,306.0,16.0,456.0,520
656180,Riley Adams,191,0.041295178926458516,0.04058016455627371,0.04286600081721926,-0.02759518515247625,0.012714883252591123,0.06828131651640332,0.11423774466004823,0.6662,0.6684,0.8394,0.376,0.1598,0.035,180.0,82.0,308.0,16.0,454.0,520
669717,Will Wilson,65,0.04114885995184329,0.04021301414427024,0.04510886753794408,-0.030418315593906557,0.011383867885794553,0.06994324046555259,0.11843027820175965,0.6492,0.6512,0.8258,0.3846,0.1754,0.0412,184.0,81.0,315.25,14.0,463.0,520
663898,Brendan Rodgers,80,0.04070545495494565,0.03993313914875628,0.043153496945681824,-0.029876694048718594,0.013193489607316783,0.06809134158930312,0.11261889223675603,0.6598,0.6642,0.8362,0.373,0.164,0.0376,183.0,83.0,308.0,16.0,455.0,520
671289,Tyler Freeman,223,0.040619335066183655,0.03970201060988489,0.04172565776855383,-0.027252867863112398,0.012869663230627196,0.06765401136435478,0.11083091970455011,0.6602,0.662,0.8412,0.369,0.1556,0.0324,183.0,87.0,303.0,18.0,450.0,520
663538,Nico Hoerner,399,0.040615278493761835,0.04045631947412667,0.038804100719950566,-0.02101286534535489,0.014746869143828424,0.0653497175411444,0.10564841568096767,0.678,0.679,0.858,0.3598,0.1388,0.022,181.0,88.0,298.0,21.0,437.0,520
701538,Jackson Merrill,369,0.040300739857415585,0.03872584769586489,0.04289622321853432,-0.027664697252465363,0.011738975723946781,0.06743390544437691,0.11434354078660354,0.6542,0.6544,0.8306,0.3614,0.1646,0.037,187.0,85.0,311.0,16.0,455.0,520
608701,Rob Refsnyder,118,0.04027514117657411,0.03927264855377259,0.04550892252859937,-0.03196089719544472,0.010265391326497458,0.06845514521089449,0.11794908206405606,0.6478,0.6514,0.816,0.372,0.1686,0.0432,185.0,82.0,320.0,13.0,463.0,520
681508,Mickey Gasper,56,0.03979950300604217,0.03812921413464124,0.04625115717230436,-0.03391989006408634,0.009321413003948169,0.06875913648153045,0.1173279846552277,0.6434,0.643,0.814,0.3732,0.1718,0.0458,189.0,81.0,322.0,14.0,464.0,520
686668,Brenton Doyle,360,0.03977735158816456,0.038937504730724146,0.037001239802586995,-0.020485315114579843,0.015493980030155056,0.06344547374411279,0.10143781547258755,0.6718,0.6724,0.8686,0.3494,0.1268,0.0202,187.0,96.0,293.25,24.0,432.0,520
677942,Blaze Alexander,194,0.039749924814939275,0.038476796648572856,0.04593259678834848,-0.03328964326479523,0.009545066408989026,0.06932061498186635,0.11572523181786566,0.6414,0.6438,0.8194,0.3752,0.1732,0.0478,189.0,80.0,322.0,15.0,465.0500000000002,520
691176,Jasson Domínguez,317,0.03938544300981368,0.03897388864465126,0.04358725640388348,-0.03103282662851322,0.010425577495863942,0.06640486353785158,0.11383143877840167,0.653,0.6528,0.8228,0.3606,0.1542,0.043,187.0,90.0,318.0,17.0,461.0500000000002,520
663656,Kyle Tucker,377,0.03925428135792287,0.038675925913663395,0.041882533626348535,-0.028966048227467314,0.010547266494061928,0.06658852860831639,0.10946212737888704,0.656,0.6558,0.8274,0.3638,0.1474,0.0346,189.0,89.0,315.0,18.950000000000017,456.0,520
681082,Bryson Stott,258,0.03910304136150643,0.03822178466544439,0.03957552735369678,-0.02447913331320721,0.012534793108565832,0.06482699825434657,0.10404336217235478,0.6616,0.6628,0.8434,0.3492,0.1364,0.0292,189.0,92.0,306.0,23.0,446.0,520
677592,Everson Pereira,49,0.03852340858028949,0.0374135685492307,0.04669077659763533,-0.03660406955885776,0.008193067630095661,0.06863094313655377,0.11584026737529121,0.637,0.6352,0.802,0.36,0.1696,0.0498,194.0,84.0,329.0,13.950000000000017,468.0,520
657077,Alex Verdugo,88,0.0384426815984856,0.037416438015608317,0.04526365973304663,-0.034095512560325794,0.009025538215815886,0.06708583798706723,0.11538866696710941,0.6318,0.6308,0.81,0.3576,0.1634,0.044,195.0,87.0,327.0,15.0,464.0,520
542932,Jon Berti,75,0.0382030761430153,0.03716840252272652,0.046175746762807626,-0.035430240490285654,0.0077477432069758476,0.06674309001500678,0.1170473183458876,0.631,0.6316,0.8016,0.3554,0.1582,0.0506,194.0,87.0,328.0,15.0,469.0,520
680757,Steven Kwan,287,0.038202616213750866,0.037451140770427445,0.04329553529451219,-0.03130366002962898,0.009604007299192785,0.06613286013061002,0.10940390324158522,0.6424,0.6434,0.8144,0.3514,0.1494,0.0414,192.0,90.0,322.0,18.0,460.0,520
663616,Trevor Larnach,339,0.038062235832263175,0.03732018609914657,0.04296432168474994,-0.031310267449396974,0.009066628623961492,0.06574100870101585,0.11128902436642966,0.6426,0.6424,0.8126,0.3554,0.1528,0.04,193.0,90.0,323.0,19.0,460.0,520
657136,Connor Wong,129,0.037803199777507,0.03686730598133944,0.046246055543467834,-0.0352011523371993,0.007180534617066596,0.06723203257443457,0.11592178453395395,0.6246,0.6314,0.799,0.3524,0.1608,0.051,197.0,87.0,332.0,15.0,469.0500000000002,520
663457,Lars Nootbaar,284,0.03778679849455339,0.0370442885210745,0.04414107743811771,-0.03415982356833871,0.009038053040108933,0.06652562134983196,0.11124380070882675,0.6346,0.6354,0.814,0.36,0.1568,0.0452,194.0,88.0,323.0,16.0,464.0,520
669364,Xavier Edwards,352,0.03747004483669814,0.03725510549638414,0.040463836822571805,-0.027722480895918288,0.009992766421193613,0.06459343295457953,0.10562844052892108,0.641,0.643,0.8234,0.3432,0.1374,0.0332,194.5,94.0,321.0,22.0,452.0,520
661388,William Contreras,428,0.0371876215179253,0.03634816610982296,0.03932354792728415,-0.02725357936872211,0.011760224530621609,0.06266816618838375,0.10391649697616272,0.6408,0.6456,0.8388,0.3264,0.125,0.033,199.0,101.0,311.25,23.0,451.0,520
656811,Ryan O'Hearn,336,0.036696865740851445,0.03643638694926182,0.04029601493218554,-0.028321495002193827,0.010513892739102595,0.06304071838711901,0.10199921677187224,0.6346,0.6348,0.8264,0.3338,0.1238,0.0362,199.0,98.0,319.25,24.0,455.0,520
642715,Willy Adames,399,0.0366016585244403,0.03587057020072558,0.04277888915043207,-0.03174069108353508,0.008845041134366922,0.0634131425024973,0.10976823624269016,0.629,0.629,0.8082,0.3336,0.1398,0.0422,201.0,96.0,326.0,19.0,461.0,520
807799,Masataka Yoshida,111,0.036593227039353776,0.0361159786749535,0.04574465898209282,-0.03576749495719299,0.006054298954587796,0.06575489472481201,0.1134526293273424,0.6084,0.6096,0.792,0.3444,0.1544,0.0504,201.0,89.0,336.25,15.0,469.0,520
543760,Marcus Semien,348,0.03614430959417783,0.034659740888075066,0.04276474698159357,-0.03251870400627627,0.007213138666854422,0.06418775851312736,0.10965355729273006,0.6176,0.6174,0.8042,0.3356,0.1332,0.0378,203.0,97.0,331.0,18.0,458.0,520
666181,Will Benson,172,0.03611494901862538,0.03539380594240027,0.04169330499466167,-0.03279374677539629,0.008800449804599222,0.06307436360754982,0.10581719441128183,0.626,0.6282,0.814,0.327,0.1324,0.0456,202.5,99.0,324.0,21.0,465.0,520
694377,Nick Yorke,50,0.03597809293615356,0.03490129329750407,0.04520503352528498,-0.03728847208838319,0.0074076592370333405,0.0645874075131492,0.11178933388411913,0.6182,0.618,0.8016,0.338,0.1432,0.0534,206.0,93.0,331.0,17.0,470.0500000000002,520
660644,Vidal Bruján,76,0.03595767122191416,0.034315792377760924,0.04436921508423668,-0.03467306084084475,0.006358396515015899,0.06399618797385931,0.11134502891118139,0.6148,0.6146,0.8,0.3318,0.1448,0.048,207.0,96.0,335.0,18.0,467.0,520
669911,Michael Toglia,214,0.035946464833005065,0.03485368891905517,0.043304716256174776,-0.03451882588546894,0.007735929364746885,0.06434443061162802,0.1082308833964156,0.6166,0.6176,0.8092,0.3336,0.1374,0.0502,205.0,94.0,328.0,19.0,469.0,520
663993,Nathaniel Lowe,360,0.035923832545307614,0.03508778596065212,0.03968815421383313,-0.02740571027251565,0.009186944884673441,0.061795212338176794,0.10386991749436748,0.6278,0.631,0.8216,0.3172,0.1238,0.0344,204.0,103.0,320.25,25.0,453.0,520
668800,Andrew Knizner,54,0.03588967500791945,0.035083243113596105,0.047352644412159174,-0.0411412059811756,0.005520192548452577,0.06527720627428583,0.11437325416667041,0.616,0.6154,0.7892,0.3452,0.158,0.0618,204.0,92.0,338.25,16.0,478.0500000000002,520
666160,Mickey Moniak,319,0.03586985818270281,0.03508247517130928,0.04447736007060076,-0.03530509107703558,0.006479150399832138,0.06453930955612006,0.109908411566542,0.612,0.6108,0.7974,0.3416,0.1426,0.0516,203.0,91.0,335.0,19.0,470.0,520
691723,Coby Mayo,190,0.035826058290559196,0.035479459241560735,0.04369252189874794,-0.035463975389745835,0.006583459653777723,0.06471278105852671,0.10941151688466821,0.6168,0.6172,0.7968,0.3378,0.1396,0.0508,201.0,94.0,334.0,19.0,469.0,520
682829,Elly De La Cruz,466,0.03576142287952976,0.035110848495614126,0.041678791438014666,-0.030905587300835508,0.0075514048572192455,0.06338639684447822,0.10555021031128294,0.6232,0.6214,0.8094,0.3316,0.1302,0.0404,204.0,97.0,328.0,23.0,460.0,520
669720,Austin Hays,308,0.03565116202784529,0.03493721366554873,0.04466514475830661,-0.03599256124210946,0.0064859893398586995,0.06366816979532393,0.10986909488323966,0.6136,0.612,0.7924,0.327,0.1414,0.0526,204.0,96.0,336.0,18.0,470.0,520
645444,Jose Herrera,108,0.035619799449929164,0.035320666073501185,0.04517326802406202,-0.038925992075845336,0.006366871773655688,0.06431639791150902,0.11076742505771156,0.6134,0.6142,0.7956,0.3346,0.1462,0.0566,200.5,95.0,337.0,19.0,472.0,520
686527,Dominic Canzone,201,0.035526796930341054,0.034376006477543235,0.043549499166535124,-0.0332837299409618,0.007121902667162807,0.06376716629254303,0.10726829571221129,0.6118,0.6112,0.8002,0.3276,0.1402,0.0466,206.5,98.0,334.0,20.0,465.0,520
678009,Parker Meadows,128,0.03526735775769176,0.03428189038967742,0.04325430504727368,-0.03516063834306227,0.006787640140471581,0.06313816953810895,0.10707035288149239,0.6146,0.6148,0.7978,0.3294,0.1328,0.0498,205.0,98.0,331.0,20.0,468.0,520
694374,Tim Tawa,148,0.03495717419293811,0.03402751015766525,0.044389798645232896,-0.037182483520977666,0.006515139406746236,0.06306246163785625,0.10914743436357936,0.6092,0.609,0.7892,0.3308,0.1328,0.05,207.0,96.75,334.0,18.0,468.0500000000002,520
660757,Oscar Gonzalez,47,0.034910115055873,0.0342806561422785,0.04609956663988001,-0.039409991627031245,0.004976902590327111,0.0635378249198767,0.11311990123715547,0.6068,0.6072,0.7844,0.333,0.1436,0.0568,207.0,97.0,341.0,16.0,474.0500000000002,520
518792,Jason Heyward,56,0.03470570523036394,0.03376538437479917,0.04640712240312742,-0.038697255723204954,0.005278931608867687,0.06358693806861036,0.11066529215833333,0.5968,0.596,0.784,0.3262,0.1486,0.06,209.0,98.0,339.0,16.0,476.0,520
687401,Joey Ortiz,329,0.034510587717785327,0.03382111780944368,0.04167573827943166,-0.03341422646733676,0.007375216433796922,0.06117473117986803,0.10453489793261746,0.6122,0.6152,0.8036,0.3158,0.123,0.0412,209.0,104.0,331.0,22.0,462.0,520
656976,Pavin Smith,143,0.034314349502006763,0.03268753388688536,0.04530045237756054,-0.038113870440949896,0.003907603286014327,0.06434032553608102,0.11121962238404942,0.5922,0.5898,0.7792,0.327,0.147,0.0548,215.0,96.0,347.0,18.0,473.0500000000002,520
665561,Rafael Marchán,74,0.034148665948276,0.033091233370789855,0.045353964665391246,-0.0405138454213274,0.00487879577475977,0.062492461121501655,0.10997105441076167,0.5978,0.5964,0.787,0.322,0.1356,0.0594,212.5,99.0,342.25,19.950000000000017,476.0,520
683737,Michael Busch,382,0.03407350300141868,0.03365375871965115,0.040205535641393335,-0.03188685550293054,0.007882960756972467,0.05985518951727605,0.10118246225415345,0.6114,0.6116,0.81,0.3054,0.116,0.0386,210.0,106.0,329.0,26.0,459.0,520
596103,Austin Slater,120,0.03391941886930436,0.03247915558937166,0.04388916006713537,-0.036838851228175575,0.005525241992894698,0.06297820341186192,0.10678388770008883,0.5954,0.5992,0.7902,0.3166,0.1336,0.0518,213.0,101.0,340.0,21.0,471.0,520
672275,Patrick Bailey,349,0.0339168471728678,0.03290537253143436,0.04104556926000727,-0.03237522654257716,0.006852269761690701,0.060318637531811464,0.1022855511553632,0.6064,0.6072,0.8038,0.3052,0.1168,0.0434,213.0,108.0,332.0,24.0,464.0500000000002,520
669065,Kyle Stowers,342,0.03391079402522396,0.03368811771435549,0.04181921448033132,-0.03460982568418718,0.00645960363393908,0.060593351657664836,0.10387918455425339,0.6028,0.6052,0.7944,0.3146,0.1246,0.0436,210.0,105.0,334.0,24.0,462.0500000000002,520
686469,Vinnie Pasquantino,414,0.03388051084421333,0.033244262672673774,0.041384594154891,-0.03243376691304364,0.006088537514511611,0.06032907067616922,0.10229998458432665,0.6048,0.6038,0.7966,0.3106,0.1198,0.0422,211.0,107.0,336.25,23.0,462.0,520
668885,Austin Martin,88,0.03334851675756557,0.032159070451779945,0.04643861317121642,-0.04128502851311477,0.003734062950518391,0.06277372768625825,0.11063561985637137,0.5836,0.5856,0.7772,0.3224,0.1364,0.064,218.0,98.75,348.0,19.0,482.0,520
623168,Tyler Heineman,124,0.0331367157308901,0.032222129166384644,0.04546917142536786,-0.04135125030237011,0.0036484631402017905,0.06217391088042673,0.10878655129464561,0.5862,0.5838,0.7754,0.315,0.1322,0.0596,215.0,104.0,347.0,19.0,477.0,520
680737,Michael Helman,75,0.033036066902387154,0.031968305901699134,0.04619229702112629,-0.04216126322537261,0.0030347739271048128,0.0628434287474563,0.10944130650373339,0.585,0.585,0.7708,0.3244,0.1338,0.0642,218.0,100.0,348.25,18.0,478.0,520
665804,Miguel Amaya,80,0.03285062150791932,0.03166333091917783,0.0448266675069666,-0.038944294282248056,0.004281900859418399,0.060883455871252226,0.10721228199908793,0.584,0.5884,0.7768,0.3156,0.1254,0.0558,219.0,104.0,347.0,21.0,474.0,520
641584,Jake Fraley,144,0.03276968281442564,0.032178688941861835,0.04556048397303626,-0.041660838694418126,0.0031078482904807678,0.06222537713239718,0.10893450380949622,0.5852,0.5864,0.7716,0.315,0.1364,0.0622,217.0,101.0,349.25,19.0,478.0,520
656484,Tristan Gray,71,0.03266812588248942,0.0315077154659045,0.04512789724485694,-0.041662195220441504,0.003196974233493903,0.06194378896149812,0.10773243356834211,0.5818,0.5792,0.7716,0.314,0.1294,0.0624,219.0,102.0,351.0,21.0,478.0,520
680728,Adrian Del Castillo,85,0.03263212418129527,0.031228853663909407,0.0441879819909739,-0.03854258985669645,0.0035468639312435414,0.06051180061254245,0.10778544494458601,0.584,0.5856,0.7766,0.3004,0.1238,0.0558,220.0,107.0,345.0,21.0,473.0,520
701350,Roman Anthony,137,0.032620301886488144,0.032053951288335214,0.040799103715106005,-0.033705730933204475,0.006529181744977115,0.058287716017908206,0.10048108376837787,0.5912,0.5944,0.798,0.2968,0.1052,0.046,219.0,112.0,335.25,26.0,465.0,520
671277,Luis García Jr.,390,0.03260027348387114,0.03203041340621648,0.03713311849549506,-0.02869336376496748,0.00799489422763783,0.05777569223755733,0.09496081747799644,0.6,0.6008,0.8136,0.2804,0.0918,0.0322,218.0,118.0,329.0,31.950000000000017,452.0,520
664702,Myles Straw,194,0.03259890415863624,0.03169340491413846,0.044919013945220986,-0.03988039843720431,0.002378672933553923,0.06256225236692695,0.1053411424740843,0.5804,0.5828,0.769,0.3138,0.1334,0.059,219.0,101.0,351.0,21.0,476.0,520
669261,Jack Suwinski,92,0.032430635648426014,0.03136754887084807,0.04546165004744823,-0.041222509208375495,0.0026214336448044198,0.06189906534131845,0.10699795623895639,0.579,0.5808,0.769,0.3134,0.134,0.0638,221.0,102.0,351.0,22.0,479.0,520
691781,Brady House,225,0.03229370774855496,0.03071143318032124,0.042382432724797504,-0.03689793743007213,0.004740941208554235,0.05944152376750421,0.10309691453725417,0.5826,0.5792,0.784,0.2978,0.116,0.0506,222.0,110.0,341.0,25.0,469.0,520
690291,Jace Jung,46,0.032265157970509696,0.032162373888995406,0.04586377616490971,-0.04262969329080639,0.001698796585118325,0.06138824851972356,0.10765134099836357,0.5818,0.5832,0.7608,0.3178,0.133,0.0662,217.0,101.0,353.0,19.0,479.0,520
682927,Ronny Simon,55,0.032166338110696795,0.032186149520337506,0.047174212394112666,-0.04395715374719855,0.0017268385341479532,0.06169520940124319,0.11141901634369002,0.5768,0.5768,0.7606,0.3162,0.1328,0.068,220.0,103.0,352.0,17.0,483.0,520
519317,Giancarlo Stanton,141,0.032088689278432087,0.03239634540763703,0.04555877226764033,-0.04144985607900782,0.0017719874347056652,0.0609041233907466,0.1068409583134861,0.5884,0.5876,0.764,0.3096,0.1292,0.063,217.5,104.0,355.0,20.0,477.0,520
670156,Miles Mastrobuoni,81,0.03188285258083677,0.03201814286037909,0.043552540413127824,-0.04028987371739031,0.0033365596119774876,0.060171756934114064,0.10397836953484534,0.58,0.5814,0.7758,0.3058,0.1152,0.0576,219.0,107.75,347.0,24.0,474.0,520
671213,Triston Casas,78,0.031680122227469555,0.03129298245434483,0.044802437348211065,-0.041862573365529954,0.0030787460893569587,0.0603809248734383,0.10609816295230683,0.5814,0.5826,0.7692,0.3034,0.1208,0.064,220.0,106.0,352.0,21.0,479.0,520
666182,Bo Bichette,412,0.031568761544302985,0.03134741449906421,0.04377624364725055,-0.03791462020264241,0.002237590508971827,0.059518113261525875,0.10478446461760121,0.5816,0.5814,0.7646,0.299,0.1284,0.0576,221.0,109.0,353.0,23.0,474.0500000000002,520
807713,Matt Shaw,279,0.03148323708045662,0.030835861337884893,0.04259631181401078,-0.037175452288961366,0.0042106192818326255,0.05880594779605165,0.1026111794545341,0.5806,0.5832,0.7828,0.2968,0.1126,0.058,224.0,112.0,345.0,24.0,473.0500000000002,520
671284,Tim Elko,53,0.03146572051532634,0.03051178121869034,0.046295417330611884,-0.04430850764204574,0.001984193524876305,0.06088275208407195,0.11009461196871861,0.5744,0.5736,0.7652,0.3092,0.132,0.0696,223.0,103.0,356.0,19.0,482.0,520
502671,Paul Goldschmidt,355,0.031403821735455605,0.030937055827762232,0.03804149921957499,-0.030409746988526096,0.0065546137602841914,0.05600478340549482,0.09391155847325794,0.594,0.5942,0.7958,0.273,0.0862,0.036,221.0,122.0,335.0,33.0,455.0,520
687637,Dylan Beavers,65,0.031374895996717514,0.030449435826798384,0.046362481592537134,-0.043339386238851516,0.0014277021980484447,0.061958391154759,0.10884242373853421,0.571,0.5732,0.759,0.3158,0.1304,0.067,226.0,101.0,360.0,20.0,480.0,520
692225,Kristian Campbell,154,0.03133025937789069,0.030083581914841624,0.04451141105919573,-0.04017396227517773,0.0019663737587745085,0.05987462736865235,0.10580013233917335,0.5702,0.571,0.7636,0.2968,0.121,0.0628,225.0,110.0,356.0,21.0,475.0,520
668670,Jake Rogers,100,0.03127962586318321,0.030541058214444104,0.04444540067163327,-0.04135774894416266,0.002559218051135261,0.060307983299376186,0.10352038601290303,0.5752,0.5774,0.768,0.3056,0.1206,0.0632,222.0,106.0,351.0,23.0,479.0,520
666018,Jonathan Aranda,292,0.031229020587620646,0.03095678915271314,0.03836992562580746,-0.03231199237168611,0.006474252987097692,0.0556638210267659,0.09612977718503565,0.586,0.5888,0.8036,0.2742,0.094,0.039,224.0,123.0,335.0,32.0,459.0500000000002,520
677587,Brayan Rocchio,286,0.03122735670161084,0.030612008719322892,0.04416424444256044,-0.041607968060240794,0.0027560475777211593,0.06033642696976069,0.10409607115599853,0.577,0.5754,0.7706,0.3044,0.117,0.061,223.5,108.0,351.0,22.0,476.0,520
670223,Matt Mervis,102,0.031200014844290497,0.0299631962342443,0.046219129505541176,-0.04277114100744347,0.0015773241442383443,0.060362352965691056,0.10721192013090708,0.5694,0.5694,0.7606,0.2984,0.1278,0.0674,226.5,108.0,356.0,19.0,480.0,520
667472,Dane Myers,199,0.03117706750019619,0.03060430316643479,0.043668715695499995,-0.04013604526949457,0.002891562759106069,0.06012475472269013,0.10311855604011354,0.5748,0.5768,0.7706,0.305,0.1192,0.0638,221.0,108.0,349.0,24.0,478.0500000000002,520
502054,Tommy Pham,260,0.03111635989422367,0.030808176071389495,0.04187099461961543,-0.037534973215475755,0.003996988006764972,0.057874205387969425,0.10091595473207766,0.5766,0.5734,0.7816,0.2918,0.1074,0.0534,222.0,114.0,345.0,27.0,470.0,520
642136,Matt Thaiss,149,0.031017563512700536,0.030396026110868717,0.04611675613871626,-0.04271688209329883,0.00031677297124591724,0.060788611776959885,0.10697471774660669,0.571,0.5674,0.7514,0.3088,0.1308,0.0688,224.0,102.0,360.0,20.950000000000017,480.0,520
605361,Nick Martini,65,0.03090462202494847,0.030719512915588488,0.04516577201623027,-0.04096202093852188,0.0006134095823924343,0.05955214520019708,0.10621408600240227,0.5736,0.5732,0.7558,0.3046,0.1228,0.0636,224.5,109.0,359.0,21.0,479.0,520
687952,Christian Encarnacion-Strand,95,0.030811884270543256,0.030158528135129474,0.044355025267019815,-0.04117100373997451,0.001199663841183407,0.05973420061689373,0.10394686427106355,0.5676,0.5678,0.76,0.2986,0.124,0.0646,228.0,106.0,356.25,23.0,478.0,520
455117,Martín Maldonado,77,0.03080754415861773,0.029600400853416305,0.04753225111843613,-0.044339100368401975,0.0002817814401838721,0.06035267891780129,0.10968010259892753,0.5588,0.561,0.7514,0.297,0.1342,0.0754,232.0,106.0,364.0,18.0,485.0,520
672580,Maikel Garcia,344,0.0307513332764025,0.029349947675536538,0.04408764412774263,-0.040640777771799474,0.0018062724601266528,0.05918724895799946,0.10491415593955998,0.5638,0.5664,0.7652,0.2946,0.1234,0.0602,230.0,111.0,352.0,22.0,476.0500000000002,520
678391,Jorbit Vivas,41,0.030713441179865596,0.030272492904567443,0.04652518393348846,-0.04367960813887197,0.0002920066452176957,0.05965717513755488,0.10668382415922385,0.567,0.567,0.7518,0.3022,0.1266,0.0698,225.0,108.0,362.0,19.0,483.0,520
680474,Max Schuemann,134,0.03068857750898249,0.03007426399629595,0.04288569435749042,-0.03773310107158838,0.0027481319030649275,0.05833418377643512,0.10136417355017117,0.5694,0.571,0.7704,0.2912,0.1146,0.0554,227.0,110.0,349.0,24.0,473.0,520
680776,Jarren Duran,414,0.03068313880513295,0.030141212289782213,0.041190519378422906,-0.03659253562734535,0.003389915311650009,0.0576621186954894,0.09980346670416702,0.5784,0.5802,0.7742,0.285,0.107,0.05,224.0,115.75,345.0,27.0,468.0500000000002,520
682657,Angel Martínez,341,0.030585677792375757,0.030842864155688782,0.042939763095643665,-0.039732263243624874,0.002033289645407748,0.05833031063382037,0.10072109271391474,0.5782,0.5796,0.7648,0.2902,0.1114,0.062,223.0,114.0,356.25,25.0,476.0,520
607732,Jacob Stallings,101,0.030487604256838365,0.02945369882671109,0.04544583821495866,-0.04133028629512966,0.0008494990894295507,0.05862489008557521,0.10768869196955026,0.565,0.5668,0.7558,0.2916,0.1306,0.0638,229.0,110.0,360.0,21.0,476.0,520
668709,JJ Bleday,209,0.030456989142992687,0.030575596003073902,0.04413448861512127,-0.04204611136833688,0.0028081995958659186,0.05877362818607238,0.10191477157221855,0.5774,0.578,0.7672,0.2964,0.1116,0.0616,225.0,110.0,353.0,25.0,479.0,520
668715,Spencer Steer,372,0.030278421256640285,0.029959155893465487,0.037835980161143215,-0.0327876088604331,0.005387071562993784,0.056050122167445704,0.09321863762313332,0.5674,0.5698,0.7984,0.2712,0.0854,0.0388,229.0,122.0,339.0,35.0,459.0,520
666971,Lourdes Gurriel Jr.,381,0.03021350048269237,0.029938683155990492,0.04131572787362934,-0.037156806350029166,0.003101931145004939,0.057369907699417286,0.09832049823385529,0.5696,0.5742,0.7728,0.281,0.0998,0.0586,227.5,117.0,348.0,28.0,474.0,520
688760,Blaine Crim,40,0.030163485467094596,0.02945941460138332,0.04437619127302504,-0.039801615671806054,0.0008192702366048739,0.05814400509537228,0.10564046209313138,0.5594,0.559,0.757,0.2906,0.117,0.0604,232.0,113.0,357.0,23.0,476.0,520
671221,Drew Waters,175,0.030137223406983583,0.02930591846418163,0.044659600547778275,-0.042459979379975296,0.0008019108211741534,0.05877289299621201,0.10499726771206884,0.562,0.5618,0.7594,0.2898,0.1138,0.063,230.0,113.0,361.0,22.0,478.0500000000002,520
681351,Logan O'Hoppe,335,0.03004219698790479,0.02944300087864571,0.04352413513081833,-0.041428060719539875,0.00160603199673834,0.05873358604468169,0.10190134155516577,0.557,0.5616,0.7624,0.2926,0.1138,0.0628,230.0,113.0,357.0,24.0,477.0,520
696030,Alejandro Osuna,98,0.030027101953091388,0.029147484186886296,0.045523513665595934,-0.04406798058352214,-0.00027136930475595434,0.06041499718182455,0.10561137902604524,0.5594,0.5578,0.7478,0.3014,0.1208,0.067,231.0,105.0,363.0,21.0,481.0,520
668939,Adley Rutschman,182,0.03000687652317053,0.029385581200653065,0.04313037798526065,-0.03989050266279036,0.0018908331753763209,0.05704792309589222,0.1022834615807097,0.5642,0.566,0.764,0.2768,0.1114,0.0564,231.0,116.0,352.0,25.0,474.0,520
682998,Corbin Carroll,432,0.030002198398648,0.029654637991273835,0.03834346431765582,-0.033411390617732725,0.004880587026284701,0.05538268921389633,0.09481514663102279,0.5714,0.5726,0.7902,0.264,0.0892,0.0418,228.0,124.0,342.0,34.0,464.0,520
667670,Brent Rooker,475,0.029995656221964578,0.0290009960239942,0.04121784293772101,-0.03668600496261117,0.0031772416844218204,0.05620064953471338,0.09865250186495307,0.5598,0.56,0.7718,0.2758,0.1044,0.0482,230.0,120.0,349.0,27.0,467.0,520
669016,Brandon Marsh,306,0.029954471581403932,0.030370832809396942,0.038486549136287865,-0.03310892435171898,0.004921584314768019,0.05471985152448432,0.09235358327335147,0.5782,0.5818,0.7886,0.2586,0.0828,0.044,224.0,128.0,342.0,36.0,464.0,520
672761,Wenceel Pérez,259,0.029944260368268943,0.028873375456464536,0.04198014372343959,-0.03872701987924377,0.0028475455442224405,0.05725818869229587,0.09843501584910071,0.5602,0.5634,0.7714,0.278,0.109,0.057,232.0,117.0,350.0,27.0,473.0,520
668952,Ryan Kreidler,41,0.02988025099050755,0.029224701905481845,0.04565221783919597,-0.043470839477024716,0.00041777392271037114,0.059319713973529614,0.10411155693086221,0.5584,0.5572,0.7518,0.297,0.1168,0.0682,230.0,109.0,361.0,22.0,482.0,520
683083,Nasim Nuñez,48,0.02980092329121922,0.029319155137965045,0.04730104014501986,-0.04710485111748435,-0.0009489512170470334,0.05971858924814374,0.10901885507522799,0.5552,0.5528,0.744,0.2996,0.121,0.077,230.0,107.0,366.0,20.0,485.0,520
681807,David Fry,109,0.029762419022553787,0.028533481880780188,0.04520965571734363,-0.04262160346657799,0.0006840163037471092,0.05832778150807329,0.10520265529744693,0.5548,0.559,0.7552,0.2904,0.1182,0.0678,232.0,114.0,360.0,23.0,479.0,520
545121,Ildemaro Vargas,76,0.029689859192692358,0.029078086209775485,0.04579417551397124,-0.045950159262251024,0.00018372436208455734,0.05984173612501341,0.10444232286963372,0.5624,0.5642,0.7512,0.2938,0.1254,0.0706,230.5,109.0,361.0,21.0,485.0,520
694384,Nolan Schanuel,322,0.0296758338279881,0.0284356371553532,0.04307046775978615,-0.039656318713360186,0.0021683397281853766,0.05746425581376338,0.10094257282040872,0.5538,0.5572,0.7638,0.2776,0.1148,0.0596,235.0,117.75,354.25,25.0,475.0,520
624431,Jose Trevino,179,0.02967570109745292,0.029756045414676968,0.04309369095680585,-0.040042283872752216,0.0017845324555997729,0.05689897416540163,0.10155721668983805,0.5646,0.5662,0.7626,0.2786,0.1058,0.0616,229.5,116.0,356.0,24.0,476.0500000000002,520
694497,Evan Carter,140,0.029583755943063336,0.02821903743890574,0.0453686377947634,-0.04549919840141181,0.0008341688938239529,0.05895117570486094,0.10398744707471123,0.5598,0.5578,0.7544,0.2894,0.1174,0.0694,232.0,111.0,361.0,21.0,482.0,520
650490,Yandy Díaz,368,0.02958001651830563,0.029190437428915736,0.04118283470887071,-0.03768505800184787,0.0031294649846484624,0.056043624321669545,0.0977907009506848,0.5624,0.5634,0.7754,0.2724,0.0996,0.055,231.0,121.0,348.0,29.950000000000017,472.0,520
543510,James McCann,92,0.029432268750399185,0.028396112281675503,0.04642926983034421,-0.046132457705363714,-0.0005023626463269711,0.06012126448163643,0.10614915265255068,0.5522,0.552,0.7452,0.2944,0.1212,0.073,233.0,111.0,365.0,22.0,483.0,520
681987,Nate Eaton,63,0.029415367515652338,0.02857297899190092,0.045068361237512816,-0.04427550339543852,0.0009262189281973418,0.05856313567079029,0.10448352161704286,0.56,0.561,0.7572,0.2882,0.1134,0.0762,231.0,115.0,362.0,22.0,485.0500000000002,520
641343,Jake Bauers,151,0.02931899542039169,0.02854250058471445,0.043555192648258426,-0.042108652957112816,0.0007098056104873928,0.05764033533140577,0.10131003703544067,0.549,0.551,0.7548,0.283,0.1124,0.0632,234.0,116.0,358.0,24.0,477.0,520
679529,Spencer Torkelson,375,0.02928630224832866,0.0286217775835364,0.0432061431389558,-0.040296798532118844,0.0013622379821515648,0.058184336410404124,0.10012872436710575,0.562,0.5608,0.759,0.2848,0.1042,0.062,230.5,116.0,354.0,27.950000000000017,478.0,520
571448,Nolan Arenado,271,0.029119475492654225,0.028744488438014575,0.043173206471666115,-0.04143495800245877,0.0007030269207587668,0.05692208331684456,0.10166027617440737,0.5522,0.5534,0.7564,0.2744,0.1052,0.0602,234.0,120.75,360.0,26.0,478.0500000000002,520
686475,Tyler Tolbert,42,0.028913710653985163,0.028573364709399307,0.046314782528246806,-0.04749961866541823,-0.0008971763476333242,0.05928258976207552,0.10391396308862569,0.5566,0.5588,0.743,0.2952,0.1196,0.075,233.0,109.75,365.0,22.0,484.0500000000002,520
686894,Joey Wiemer,48,0.02888556377073511,0.028244046940177767,0.04625178157755805,-0.046090439089808456,-0.0014052742362191683,0.05786723882209793,0.10677091822384688,0.55,0.5512,0.7388,0.2882,0.125,0.0758,234.0,113.0,366.0,21.0,484.0,520
702284,Cole Young,139,0.028831709903995414,0.02873637349390134,0.04258348556602906,-0.042199698908647346,0.0015414210796250707,0.0559163502560819,0.09959935031998308,0.5614,0.5582,0.7638,0.271,0.1056,0.0626,234.0,121.0,358.0,29.0,478.0,520
678246,Miguel Vargas,342,0.028725323026097743,0.028614462642592816,0.04214466989082623,-0.041423316660620206,0.001597647728583077,0.05603765918957532,0.0995773086086009,0.5582,0.5582,0.759,0.268,0.1048,0.0628,233.0,121.0,359.0,28.0,478.0,520
660821,Jesús Sánchez,295,0.02869704300049505,0.0282739270631207,0.04468552792450461,-0.04581251611891808,-0.0007022735010443737,0.05786559250547238,0.10241443016405576,0.5472,0.5474,0.7462,0.2876,0.1152,0.0738,235.0,112.0,367.0,25.0,482.0,520
543309,Kyle Higashioka,188,0.028685625985081713,0.027367715905742565,0.043958142327066546,-0.041287791421629125,0.00014369272012002042,0.057226492868792965,0.10169498019668226,0.5438,0.5444,0.7516,0.2762,0.1058,0.0644,238.0,119.75,363.0,27.0,479.0,520
665052,Griffin Conine,51,0.028256043721140416,0.02813632702472693,0.041969049728724346,-0.04110328238167986,0.001004706506192284,0.05556123782176047,0.09816342660464805,0.5562,0.5562,0.7584,0.2694,0.0994,0.061,234.0,122.0,359.0,30.0,475.0,520
575929,Willson Contreras,375,0.028210850246218257,0.028222527859513784,0.03996838686296252,-0.037642317569472866,0.001503465916091424,0.05476892260701345,0.0932972110263362,0.5526,0.5542,0.7642,0.2604,0.0878,0.0526,236.0,126.0,355.0,34.0,471.0,520
681297,Colton Cowser,211,0.02820314523940524,0.028393523067414154,0.0421252952809094,-0.04130060463347839,0.0005141278759984626,0.0558931240498973,0.09812935321371714,0.5556,0.552,0.7538,0.2716,0.0972,0.0638,236.0,121.0,360.0,29.0,478.0,520
700246,Carson Williams,73,0.028155545562761834,0.028113339375123787,0.042639297397865046,-0.04279450617978712,0.00031224025909752553,0.05612736875935419,0.09854644953899667,0.5528,0.5536,0.7522,0.2742,0.1034,0.0664,235.0,121.0,359.0,29.950000000000017,479.0500000000002,520
669701,Josh Smith,330,0.028127455284892675,0.02787206332955304,0.03990858688895661,-0.03866068171512773,0.001682606303666142,0.053279702681051616,0.09461441080587069,0.5536,0.556,0.765,0.2542,0.0884,0.0536,238.0,129.0,352.25,33.0,471.0,520
676439,Hunter Feduccia,63,0.028111156655908708,0.027524838938813585,0.046383255799146435,-0.04716501145794767,-0.002309755943803953,0.057321017995380724,0.1045773662659393,0.5428,0.5438,0.7354,0.2824,0.1146,0.078,238.0,116.0,373.0,22.0,485.0,520
681546,James Outman,110,0.028071990356572724,0.028032164387954403,0.046788490472439985,-0.05013953973459243,-0.0015931220608783995,0.05747997454103871,0.10462698530996788,0.5468,0.548,0.7378,0.2838,0.1106,0.081,234.0,116.0,370.0,23.0,488.0,520
669369,Bryce Johnson,52,0.027996168114958368,0.027646833607745926,0.046550923997926874,-0.04811271215708946,-0.0017820628335446034,0.05720545163195037,0.10385552409487105,0.545,0.5456,0.735,0.2796,0.1188,0.076,238.0,114.0,369.0,22.0,486.0500000000002,520
701358,Cam Smith,360,0.027910960822801024,0.02786822293387203,0.04229990964580227,-0.0420799490359604,0.0005667529812777266,0.05485873119875814,0.09842777181870369,0.5492,0.5494,0.7556,0.263,0.0918,0.062,236.0,124.0,357.0,29.0,478.0500000000002,520
643217,Andrew Benintendi,336,0.027895009899675326,0.027391918214975997,0.042511979467025236,-0.04101654888661459,-0.00013384497570814654,0.055285011939568966,0.09738349678778925,0.5458,0.5454,0.749,0.2682,0.096,0.0662,239.0,124.0,361.0,30.0,480.0,520
665953,Andrés Chaparro,52,0.027807699575174497,0.027226560619249596,0.04567886434133113,-0.04573185292915745,-0.002506510227987074,0.057901727972040185,0.10225361126001775,0.5406,0.538,0.7322,0.2852,0.1132,0.0746,239.0,114.0,374.0,23.0,485.0,520
692216,CJ Kayfus,103,0.027766804300553862,0.02733043586456388,0.0450019340034974,-0.04516146591918948,-0.0020141183834240183,0.0562357149477877,0.10299202008847089,0.5376,0.5398,0.733,0.273,0.11,0.0754,241.0,119.0,369.25,25.0,483.0,520
681962,Vinny Capra,60,0.027762748056012327,0.02720848585443574,0.04649841698033992,-0.04839960060179179,-0.0017714118945166154,0.057227921123948824,0.10586321217522603,0.5382,0.5392,0.7394,0.2754,0.1162,0.085,240.0,118.0,369.0,21.0,488.0500000000002,520
592663,J.T. Realmuto,354,0.0277515930783382,0.027849305583142386,0.041019606528918125,-0.03821762353760383,0.0007896058208836722,0.05440170174563709,0.09567444868155892,0.5474,0.5438,0.7562,0.2566,0.0918,0.06,235.0,127.0,361.0,32.0,474.0,520
668904,Royce Lewis,281,0.027697473170688613,0.027835423725221825,0.043694764075800994,-0.04305050540039695,-0.0015247763745050247,0.05655036610492054,0.09924842679847595,0.5426,0.547,0.7386,0.2768,0.1016,0.0714,237.0,119.0,366.0,26.950000000000017,482.0,520
683734,Andrew Vaughn,301,0.02765906503094161,0.027660765983013653,0.04060559779638567,-0.040586669531820135,0.0011458264211018417,0.05449891245828809,0.09389635778315077,0.549,0.5482,0.7584,0.2606,0.0872,0.0588,237.0,126.0,357.0,32.95000000000002,475.0500000000002,520
670231,John Rave,102,0.027648998202698016,0.0272230246131471,0.0460741041312308,-0.04729365708443854,-0.0021759865338256113,0.05750824529916995,0.1031006844476706,0.5412,0.5396,0.7384,0.2806,0.1164,0.0816,238.5,114.0,372.0,24.0,487.0,520
656248,Sean Bouchard,46,0.027631027335929894,0.027007760764367623,0.04679813237454303,-0.049163862840255756,-0.002837213566238345,0.05766851883306586,0.10422300767139626,0.5336,0.5364,0.7318,0.2826,0.1132,0.0828,241.5,115.0,373.25,23.0,487.0,520
805373,Nacho Alvarez Jr.,109,0.027617278510111327,0.026665962471699667,0.043531785477190256,-0.04292354077551149,1.1390059366396911e-05,0.055404182389740333,0.10032771010987816,0.5392,0.5408,0.75,0.2682,0.105,0.0694,241.0,122.0,362.0,26.950000000000017,482.0,520
521692,Salvador Perez,477,0.027559495514442357,0.027383627662887988,0.04069063625257501,-0.03882594415849043,0.001378002129761663,0.05385019965051456,0.09499190897854011,0.5426,0.5418,0.7608,0.2562,0.0874,0.0582,239.0,128.0,358.0,32.0,475.0,520
641658,Garrett Hampson,53,0.027372927727603052,0.027532858444152764,0.045581652961981085,-0.048028801586133284,-0.0027049633879003367,0.05680169388329383,0.10164191390771979,0.5404,0.5394,0.7298,0.2748,0.1104,0.0778,240.0,118.0,374.0,25.0,484.0,520
670541,Yordan Alvarez,104,0.027197512324853436,0.027008527690982734,0.04246154866569639,-0.04143925056128252,-0.0005603358286952274,0.054543260148313226,0.09903971751707304,0.5408,0.5406,0.7444,0.2598,0.095,0.066,242.0,126.0,362.0,29.0,478.0,520
673962,Josh Jung,359,0.027095281373079576,0.027197884734524516,0.042013009220506825,-0.04197795068107205,0.0001715648383269012,0.05378109734287358,0.09676853808073979,0.545,0.5448,0.7514,0.2552,0.0906,0.062,239.0,128.0,362.0,32.0,477.0,520
656582,Connor Joe,55,0.02697312681456753,0.026781532259975194,0.04522769416300729,-0.04615515801535168,-0.002594144648360091,0.056846515002429925,0.10177187099159976,0.535,0.5324,0.7308,0.272,0.1074,0.0772,244.0,121.0,372.0,27.0,486.0500000000002,520
679032,Johan Rojas,107,0.02692436858297957,0.02606547054949614,0.046933140582261085,-0.0489183323315556,-0.003316701677434406,0.057088319330734966,0.10460110871034266,0.5314,0.532,0.7222,0.2788,0.1146,0.0832,243.5,118.0,377.25,22.0,490.0,520
702332,Caleb Durbin,276,0.02675492281581032,0.02665970286303233,0.044317745029154636,-0.043913953628373435,-0.0020223882684827364,0.05549251691692095,0.10108995540364114,0.5352,0.5364,0.7356,0.2646,0.1018,0.0752,243.0,123.0,371.0,28.0,481.0500000000002,520
657041,Lane Thomas,84,0.02673282212505123,0.026575788362895283,0.043737376598736215,-0.04618522629752759,-0.0014511900470151632,0.05440804065368518,0.09760261776699394,0.5366,0.5324,0.7402,0.2592,0.102,0.0738,242.0,127.0,367.0,26.950000000000017,485.0,520
682668,Luisangel Acuña,120,0.02670345090959429,0.02620972369746698,0.043238497533284785,-0.04485104579030772,-0.002094454584330906,0.05429378392465378,0.09867428953301632,0.5354,0.534,0.7376,0.2612,0.0974,0.073,242.0,126.0,370.25,28.0,485.0,520
693304,Nick Gonzales,302,0.026431128476306895,0.02645455639404312,0.0417009766403852,-0.041790850519324074,-0.00048493197869832537,0.0521415181806791,0.09656720419357259,0.5378,0.5352,0.7458,0.2452,0.0866,0.0636,244.0,133.0,366.0,34.0,476.0500000000002,520
676044,Bob Seymour,68,0.026403296438713614,0.026241832095526454,0.043785588515194915,-0.04476753767933372,-0.0022160738671229314,0.05447060729281428,0.10099490126118807,0.5344,0.5332,0.7322,0.2568,0.1024,0.074,242.0,126.0,372.0,27.0,483.0,520
669707,Jared Triolo,216,0.026366075037423393,0.02629150337628357,0.0442595747510179,-0.04570667043218633,-0.0017754879966383513,0.054061212305817154,0.09979356371137976,0.533,0.532,0.736,0.2576,0.1002,0.075,246.0,126.0,369.0,27.0,485.0,520
669004,MJ Melendez,41,0.02622889419620131,0.02571502166251027,0.04689146908775246,-0.050885090499158216,-0.003963737496699562,0.05585242703658404,0.10440609527741668,0.5276,0.532,0.723,0.2714,0.1122,0.085,246.0,120.0,378.0,24.0,490.0,520
808975,Hyeseong Kim,104,0.026015501637213924,0.025673102451884353,0.04517617051099259,-0.046587710731044986,-0.0029604909682219476,0.054530467340467514,0.10055231862834926,0.5296,0.5286,0.7282,0.2644,0.103,0.0812,246.0,123.0,374.0,26.0,486.0,520
687363,Victor Scott II,306,0.02600978056944916,0.025962404131159765,0.04391337557901188,-0.04567354780114186,-0.002790336520546785,0.05475997545403841,0.09785857162256809,0.5308,0.5312,0.7274,0.2594,0.1022,0.0758,246.0,125.0,374.25,27.0,485.0,520
686681,Michael Massey,193,0.025914213510785208,0.02501031800795967,0.04463243855751094,-0.04700215325193648,-0.002264448108440493,0.05454057225206314,0.09954105317472092,0.5236,0.5202,0.7308,0.2582,0.1034,0.0784,250.0,127.0,372.0,27.0,486.0,520
665833,Oneil Cruz,310,0.02583991352135594,0.025921487779095906,0.03941240884886863,-0.03953697987831429,0.00028824953089945317,0.05213349904716968,0.08927745522006542,0.5334,0.5376,0.7524,0.2414,0.0786,0.0592,245.0,135.0,359.0,39.0,474.0,520
669003,Garrett Mitchell,49,0.02567117065899295,0.02556730595724622,0.047913328904514704,-0.05384913741282388,-0.005298198805498698,0.056739691974361114,0.10376372413771069,0.5244,0.5254,0.7122,0.2732,0.112,0.0948,247.5,119.0,384.0,23.0,494.0,520
680977,Brendan Donovan,269,0.02559917966240886,0.02503524200205303,0.03940718745387684,-0.040199606940110245,-9.214069887201176e-05,0.05122967371229664,0.0913490617992822,0.5202,0.5218,0.7496,0.2368,0.0744,0.0592,252.0,137.0,360.0,38.0,476.0,520
642731,Thairo Estrada,95,0.02553120811032979,0.024550489706535568,0.046377236992931094,-0.05160987447370033,-0.004133715283804091,0.05581046851562826,0.1013585255184939,0.516,0.516,0.7192,0.267,0.109,0.0876,253.0,122.0,378.0,25.0,489.0,520
694212,Samuel Basallo,110,0.025521971653649056,0.025199506408790227,0.04365175762003101,-0.045332439513064204,-0.0032600023556830964,0.05338644317856652,0.0975735685792338,0.5248,0.526,0.7254,0.2498,0.0942,0.0726,248.0,131.0,372.25,31.0,482.0500000000002,520
689200,Jacob Melton,42,0.02551139253176714,0.024511276171653485,0.04597452026229793,-0.05118304501151473,-0.004708212891027681,0.0555976485357173,0.10291179915636871,0.519,0.5214,0.7194,0.2638,0.1092,0.0846,248.0,124.0,379.0,25.0,490.0,520
682641,Luis Matos,127,0.025457850612654764,0.025611530251407014,0.04427062938372331,-0.047723858200936047,-0.003237326156879728,0.05421079833508087,0.09942271359368698,0.5254,0.5274,0.7242,0.2538,0.0962,0.0808,247.0,129.0,376.0,28.0,485.0,520
593428,Xander Bogaerts,281,0.02545222705823811,0.025029354851692963,0.04109288081647212,-0.04244102113736445,-0.001812882791295017,0.05197655913497095,0.0939289419592269,0.5192,0.5238,0.7364,0.243,0.0816,0.0624,250.5,133.0,366.0,34.0,476.0,520
606992,Eric Haase,57,0.025342091091168546,0.024184030938805015,0.04775367305752879,-0.05215807118002439,-0.005420180175799147,0.05587718195170145,0.10521796351856923,0.5136,0.5146,0.7128,0.2696,0.118,0.0932,254.0,119.0,383.0,22.0,491.0,520
543807,George Springer,371,0.025302243424376362,0.024956631342913888,0.043017150671892636,-0.04563007719241346,-0.00277590917475252,0.05321932165214923,0.09604707551220842,0.5256,0.5248,0.7286,0.253,0.0912,0.0744,250.0,129.0,373.0,31.0,484.0,520
518595,Travis d'Arnaud,185,0.025205920974512217,0.025696269145531254,0.04384192237493426,-0.04686314144266993,-0.0032162742555531822,0.05328215563183063,0.09795187466889349,0.5252,0.5266,0.7268,0.255,0.0934,0.079,248.5,128.0,376.0,30.0,485.0,520
662139,Daulton Varsho,189,0.025050748062025497,0.02603364087839383,0.04337188542152314,-0.046861199051432004,-0.0034275597901195828,0.052730029097053516,0.0949560489066374,0.5282,0.5264,0.7284,0.2516,0.0954,0.0768,247.0,130.0,374.0,31.950000000000017,485.0,520
621043,Carlos Correa,347,0.024938304333529435,0.025558038770933676,0.043001826781738736,-0.04666178065265517,-0.003450018914376448,0.052523496216391186,0.09565785465394984,0.5254,0.5258,0.7256,0.2414,0.089,0.0794,248.0,136.0,375.0,30.0,485.0,520
570482,Gio Urshela,156,0.02483206930850153,0.02453141041209335,0.04472526762353797,-0.04836491615149826,-0.004538191203158289,0.05379859463175157,0.09889227008462861,0.5138,0.5154,0.7162,0.255,0.0962,0.0834,252.0,128.0,379.0,27.0,487.0,520
545341,Randal Grichuk,186,0.024829861528776424,0.025036450846658308,0.04376758470525769,-0.047171522844958215,-0.003712601558433437,0.05340744567568796,0.09525473632365389,0.5208,0.5204,0.7216,0.2498,0.0908,0.0786,249.0,131.0,378.0,33.0,486.0500000000002,520
457759,Justin Turner,122,0.024816370100771687,0.024545829607862866,0.046404427295271104,-0.05062909827330978,-0.004959722472536543,0.05476902101902553,0.10131403214407035,0.517,0.5138,0.7158,0.2586,0.1,0.088,252.0,126.0,382.0,26.0,491.0,520
641487,J.P. Crawford,393,0.024642998600855132,0.024683915200263994,0.03821969318875621,-0.03759870067838499,-0.0006954444743032365,0.04969150624525327,0.08666688390316803,0.5202,0.5202,0.7442,0.219,0.0652,0.0532,251.0,144.75,363.0,42.0,470.0,520
553993,Eugenio Suárez,459,0.024628106423560555,0.024585449937881657,0.0438513192419624,-0.04607364161469538,-0.004299197374368516,0.053728557775325855,0.09722332843511261,0.5126,0.5152,0.7204,0.2518,0.0926,0.0764,253.0,129.75,379.0,30.950000000000017,483.0,520
643446,Jeff McNeil,340,0.02461999112257443,0.024062085143890327,0.04283081258268297,-0.04594948442124751,-0.0037030944734942287,0.05211341466437573,0.09593806241110224,0.5152,0.512,0.7244,0.2412,0.0902,0.0766,255.0,134.0,376.0,32.0,485.0500000000002,520
656555,Rhys Hoskins,179,0.024561938464510425,0.023918692525310686,0.046493750103549225,-0.052604092628060935,-0.005234246177182138,0.05438825890190971,0.10019375082477269,0.5138,0.5126,0.7136,0.2614,0.104,0.0934,255.0,124.0,384.0,26.0,492.0,520
676356,Jonny DeLuca,41,0.024559941080728755,0.024905171282082098,0.04702736376541786,-0.053823095020163116,-0.004773376393134609,0.05374452052516823,0.1012952060538886,0.521,0.5204,0.7152,0.2582,0.1038,0.0958,251.0,127.0,381.25,26.0,493.0,520
682177,Daniel Schneemann,253,0.02452344346443854,0.024161958642499988,0.043975291909197356,-0.04699942560151984,-0.0046751010810637175,0.05353823049441325,0.09719503928478115,0.5134,0.5114,0.717,0.2526,0.0978,0.0812,253.0,129.0,378.0,28.0,487.0,520
592192,Mark Canha,62,0.02450029808013497,0.02518911718179464,0.04624395288968582,-0.0525022567477045,-0.005371428968699846,0.053457550018652315,0.09865861970692183,0.5212,0.5222,0.7136,0.2526,0.103,0.0924,250.0,128.75,383.25,26.950000000000017,493.0,520
680862,Willie MacIver,89,0.024266146848481364,0.02420754672234459,0.045545037407773006,-0.051326136741723975,-0.004563175919375833,0.05371461259668002,0.098980259547892,0.5108,0.5124,0.716,0.2576,0.0946,0.0894,254.0,127.0,381.0,28.0,490.0,520
683770,Will Robertson,53,0.023999098741348392,0.023657814790805934,0.04734606660813051,-0.053261182379175716,-0.006285547929866484,0.05373026163501365,0.10295523471329064,0.5064,0.507,0.7064,0.2564,0.103,0.0978,257.0,127.0,385.0,25.0,494.0,520
700932,Kyle Manzardo,340,0.023904500242132306,0.023757230360681537,0.04213130235613966,-0.04415790586546269,-0.003103383097396827,0.05038428512285367,0.09319395793019764,0.5084,0.51,0.7244,0.2336,0.0856,0.072,256.0,140.0,375.0,34.95000000000002,481.0500000000002,520
543877,Christian Vázquez,125,0.023885944292386798,0.02373549806334883,0.04252302277606712,-0.0465150127240268,-0.0036745478362630534,0.05169645726296275,0.09416907215173477,0.5106,0.51,0.7208,0.2438,0.0844,0.0792,255.0,134.0,374.0,34.0,487.0,520
669397,Nick Allen,243,0.023836939104136215,0.023914392471337365,0.04459947629172277,-0.04814371090500384,-0.004837509871682667,0.052138825018769853,0.09741476509486506,0.5058,0.5094,0.7124,0.2426,0.0924,0.0844,257.0,134.0,381.0,29.0,489.0,520
681146,Jonah Bride,42,0.023823150737720466,0.023235212430908744,0.04640387966558932,-0.051848098829878134,-0.005661637959537723,0.05436054615979857,0.0999397232211066,0.5022,0.5044,0.7094,0.2554,0.098,0.0914,258.5,128.0,386.0,26.0,493.0500000000002,520
669234,Justyn-Henry Malloy,74,0.023749786138820898,0.023460688315054996,0.045159263226533915,-0.051057900512987635,-0.0055591110458454145,0.05257551698085885,0.09862126224769747,0.5102,0.5092,0.7094,0.2448,0.0954,0.0896,255.0,132.0,383.0,29.0,491.0,520
694362,Blake Dunn,47,0.023646734738439236,0.023638429569596997,0.04581941528769961,-0.05085104188541594,-0.005464223790241128,0.053314728237697645,0.09919083111101212,0.5042,0.5084,0.7102,0.2504,0.1002,0.0902,257.0,130.0,384.0,28.0,488.0500000000002,520
665487,Fernando Tatis Jr.,398,0.023592762772766975,0.024050184394189437,0.04012988965032877,-0.044687151245795635,-0.001991771778990908,0.05034236470368669,0.08845204039769063,0.5072,0.509,0.7304,0.2234,0.0684,0.0674,257.0,143.0,372.0,41.0,481.0,520
656896,Emmanuel Rivera,97,0.023581231990645487,0.024295687003773266,0.044654354845417105,-0.04982289961656011,-0.004936349077597833,0.052080794863469074,0.09714188252013506,0.511,0.5106,0.7116,0.2414,0.0924,0.0862,255.0,135.0,378.0,28.0,491.0,520
677951,Bobby Witt Jr.,425,0.023552926131508847,0.022922184758792142,0.039740815327374515,-0.04064147638747384,-0.002596239135782492,0.0490683893488415,0.0905193943581207,0.5,0.498,0.7262,0.2172,0.0728,0.0632,261.0,146.0,374.0,39.0,477.0,520
664913,Seth Brown,55,0.023526215457250057,0.02353615335710177,0.045460401566954134,-0.051413190000527784,-0.005952188524802318,0.052337366130105305,0.09626034551386116,0.5084,0.508,0.7052,0.2468,0.0912,0.0916,257.0,132.0,382.0,29.0,491.0,520
669450,Cooper Hummel,59,0.023347885395368074,0.022947160952214336,0.0466245039780691,-0.05302255666333186,-0.0067924579524575,0.0529371164485664,0.09928867281042231,0.504,0.5042,0.7038,0.2524,0.101,0.0972,258.0,130.0,387.0,28.0,491.0,520
670092,Trenton Brooks,47,0.02330029630135548,0.023412302038130803,0.04597564413406566,-0.05197067873451037,-0.007081964124693744,0.052829880411406974,0.09882277811271233,0.5084,0.5076,0.7002,0.2484,0.0968,0.095,256.5,131.0,389.0,30.0,491.0,520
670623,Isaac Paredes,194,0.02329664256001453,0.02326882373872844,0.046438422768132315,-0.05249746125830706,-0.006357378431230528,0.052797226318828105,0.10133830589288663,0.5072,0.5046,0.7048,0.244,0.0992,0.092,258.0,133.0,386.25,25.0,494.0,520
642851,Austin Wynns,72,0.02321694341525199,0.02247074419612292,0.04666099571710313,-0.055320291460704225,-0.00713349980127179,0.05371660190523774,0.09998077649174132,0.499,0.502,0.6974,0.2558,0.1012,0.098,260.0,127.0,392.0,27.0,493.0,520
642133,Rowdy Tellez,198,0.02313114371929541,0.024002919357506983,0.04255338422442711,-0.047062722186303876,-0.00472480932055268,0.05055606503500616,0.09286521419437989,0.507,0.5088,0.7126,0.2286,0.0798,0.0792,257.0,139.75,379.0,36.0,486.0500000000002,520
673490,Ha-Seong Kim,96,0.02304741528022845,0.02397339758577406,0.04433193576134373,-0.050388087762581406,-0.006068073043168054,0.05193120499461973,0.09534967531647151,0.5092,0.5076,0.7022,0.2466,0.0884,0.0888,256.0,132.0,384.0,30.0,490.0,520
691023,Jordan Walker,307,0.022998649643271907,0.022531464425682605,0.04392391323851836,-0.048562674574747666,-0.005834415749825844,0.051795481076487,0.09567851990452195,0.4964,0.4968,0.7026,0.244,0.0878,0.0832,262.0,134.0,384.0,32.0,488.0,520
682626,Francisco Alvarez,186,0.022795804314590433,0.022673424108780926,0.04250692808608746,-0.04836912653305234,-0.005084536393944765,0.05015199349860969,0.09291727122196915,0.4964,0.4974,0.7116,0.232,0.0796,0.0824,261.5,140.0,380.0,36.0,487.0,520
650489,Willi Castro,353,0.02278648458896641,0.022380860103457082,0.04192761333099339,-0.04741941709062343,-0.004561649284499083,0.05063199202254231,0.0922944408760498,0.499,0.4978,0.713,0.231,0.0758,0.0792,262.0,140.0,380.0,36.0,486.0,520
682653,Warming Bernabel,98,0.022759168498153518,0.023002280875174905,0.045023149489442915,-0.0518767509089573,-0.00638942211241416,0.051513357080724215,0.09601344453215069,0.4984,0.4982,0.7066,0.2384,0.091,0.0958,262.0,136.0,385.0,28.0,492.0,520
643376,Danny Jansen,211,0.02274603610498138,0.023155092161702667,0.04367163119321527,-0.04747079032798648,-0.005474850572456277,0.05140800469420696,0.09356194183689127,0.5056,0.5034,0.7054,0.2358,0.0792,0.0816,258.5,137.75,387.0,34.0,487.0,520
669326,Bryce Teodosio,129,0.022682520950457273,0.022270348714062582,0.04512015001897234,-0.0523563309488929,-0.006468027928200813,0.05200703150251891,0.0972077995646383,0.4918,0.4926,0.6976,0.2424,0.0894,0.0898,264.0,134.0,386.0,32.0,489.0,520
683227,Cody Freeman,62,0.02267130659208833,0.022319065335897864,0.04619726414170235,-0.05382903724462641,-0.007360290525871168,0.05185911990116397,0.09973812205555324,0.4968,0.4994,0.6962,0.2424,0.0968,0.099,261.0,135.0,388.25,27.0,494.0,520
640902,Jhonny Pereda,48,0.022291258499579154,0.022540007382623392,0.04678226313128978,-0.05437541938758442,-0.008011961956564256,0.05215927213954463,0.09954570498762062,0.4954,0.4976,0.689,0.246,0.0972,0.1076,261.0,133.0,393.0,27.0,496.0,520
573262,Mike Yastrzemski,262,0.022140726717515748,0.02205965130083314,0.042386315818406683,-0.0475610341091161,-0.0048147042345020015,0.049712604248982065,0.09178118271800914,0.4948,0.4954,0.7122,0.2222,0.078,0.0828,263.0,143.0,383.0,36.0,486.0,520
624512,Reese McGuire,105,0.022133227130733433,0.021857361362426785,0.04253071040620998,-0.04766796438409999,-0.005993458688862525,0.05004251960517475,0.09228668562524772,0.495,0.4952,0.7046,0.2236,0.0786,0.0842,262.0,145.0,385.0,35.0,485.0,520
702176,Alan Roden,100,0.02212544294292686,0.022393059041705077,0.04639677905060476,-0.05386199527573357,-0.0075467221621336325,0.0527595106303066,0.09642988168913043,0.4924,0.4936,0.6878,0.2474,0.0898,0.099,264.0,132.0,392.0,30.0,493.0,520
680577,DaShawn Keirsey Jr.,67,0.022058997224742083,0.022112491612346512,0.04522081111127205,-0.052156247342122784,-0.0067426739516749535,0.051684721289546084,0.09685826723012607,0.4894,0.4888,0.6966,0.2358,0.0882,0.0966,266.0,138.0,389.0,32.0,492.0,520
692585,Yanquiel Fernández,101,0.02182770405195535,0.02180777782360252,0.044592886420395855,-0.05211818684797209,-0.00672443818714764,0.051614865671074046,0.09452109851343966,0.4914,0.4912,0.696,0.2398,0.085,0.0942,266.0,135.0,389.0,34.0,492.0,520
694671,Wyatt Langford,336,0.02181522972559446,0.022030580067068116,0.04182728646364537,-0.046957205620796444,-0.0053798128357329875,0.04911543277596021,0.08979778978836087,0.4924,0.4908,0.7066,0.2216,0.0722,0.083,265.0,145.0,383.0,38.0,485.0500000000002,520
656577,Alex Jackson,64,0.021814002247384515,0.022038861236748634,0.04699081134081033,-0.05453143374463411,-0.008893556036038044,0.05149534089224167,0.09952629850623036,0.4926,0.4914,0.6826,0.246,0.0932,0.1004,264.0,133.0,395.0,27.0,496.0,520
686217,Sal Frelick,314,0.021759065891766183,0.021559371053489235,0.044564171934462,-0.05129792995927489,-0.0066710402207286485,0.05019239503970638,0.09509248215393197,0.485,0.4866,0.6976,0.2278,0.0844,0.088,265.0,140.0,387.0,32.95000000000002,489.0500000000002,520
687551,Drew Gilbert,75,0.021742288943340425,0.021799776725800118,0.045616156747411755,-0.05221635270748707,-0.007745515382771243,0.05093061335648069,0.09660332561919498,0.4854,0.4846,0.6928,0.2348,0.0908,0.095,268.0,140.0,391.0,31.0,491.0,520
679845,Nick Loftin,111,0.021728688947261484,0.02149436455515858,0.04574605058002921,-0.05320866503918053,-0.007469655889753011,0.050170610670782434,0.09809000376591553,0.4926,0.4904,0.6988,0.2352,0.0934,0.0984,265.0,138.0,392.0,30.0,492.0,520
691785,Marcelo Mayer,90,0.02162574689750125,0.021548296114706895,0.04443808038045978,-0.05123641002678291,-0.006798813113581869,0.05129072927049439,0.09472783933979655,0.4866,0.4852,0.6908,0.2312,0.0864,0.0906,268.0,140.0,390.0,33.0,489.0,520
609280,Miguel Andujar,248,0.021622296393369662,0.02131460872072717,0.04300432641070712,-0.049381968308653185,-0.006805548979673982,0.049192017880107665,0.09272121958484113,0.4834,0.4806,0.6958,0.2284,0.0802,0.085,269.0,143.0,386.0,36.0,489.0,520
669477,Casey Schmitt,261,0.021460898495017595,0.021838116111113852,0.043790998579900466,-0.050267550581329264,-0.007190894391603454,0.049930317436758624,0.094226570301111,0.4882,0.4876,0.6964,0.2328,0.0798,0.0918,266.0,141.0,387.0,35.0,490.0,520
695336,Thomas Saggese,194,0.02135632442829604,0.02219323915765222,0.0438146846121609,-0.05112607742718537,-0.006340762148681911,0.048979502932269506,0.094074521266062,0.4938,0.4932,0.6948,0.2198,0.0814,0.0932,264.0,147.0,387.0,34.0,491.0,520
808982,Jung Hoo Lee,334,0.021256858322342184,0.020527798913282293,0.04363713778748966,-0.049218399129464574,-0.007816544215223563,0.04924156793887894,0.09557345628692879,0.479,0.4762,0.6878,0.2234,0.0834,0.0854,271.0,144.0,393.25,31.0,488.0,520
578428,Jose Iglesias,202,0.021222181267157542,0.020814355096977044,0.045244451750746685,-0.05285765308384114,-0.008187862076556975,0.05078731067931484,0.09576197570612056,0.481,0.4826,0.6838,0.2332,0.0848,0.0948,270.0,138.0,395.0,29.0,492.0,520
682848,Endy Rodríguez,43,0.02106323884195907,0.02064368255197244,0.04615949701087376,-0.05333240485441118,-0.008612223673146572,0.05024522219154706,0.0982918237314821,0.479,0.4794,0.6832,0.232,0.0934,0.0988,271.0,140.0,397.0,29.0,494.0,520
647351,Abraham Toro,189,0.020978280654895355,0.021462698828929642,0.040803243036707224,-0.046342049896512354,-0.005861274008650567,0.04833879382964443,0.08806630742885663,0.4784,0.4804,0.6986,0.2106,0.0652,0.0766,269.0,150.0,383.0,42.0,484.0,520
666023,Freddy Fermin,262,0.02094811268358187,0.020766932397154374,0.042884278240696454,-0.048554833840537805,-0.007272749278032117,0.04938463385222488,0.09356456226121913,0.479,0.4824,0.695,0.2178,0.0752,0.0868,270.0,146.0,388.25,35.0,487.0,520
664761,Alec Bohm,331,0.020932864017578198,0.020922731924894442,0.040548520638448105,-0.04675953565412052,-0.005106414537096324,0.046849686949257195,0.08830325803299745,0.4734,0.4766,0.7036,0.2072,0.0704,0.076,270.0,155.0,381.0,41.0,484.0,520
671739,Michael Harris II,479,0.020922153891312356,0.021273785442384747,0.04239419736875329,-0.04834645984565471,-0.006081149843865339,0.0480328334184317,0.08964085759875084,0.4842,0.4866,0.6948,0.2182,0.0736,0.0878,266.0,149.0,386.0,39.0,489.0,520
701305,Zach Dezenzo,70,0.020865353438267027,0.02092116715788775,0.045262452994127136,-0.05414510414904708,-0.008525071213695572,0.0506043380613735,0.09599675963715466,0.4826,0.4844,0.6846,0.2274,0.0882,0.1018,269.0,142.0,394.0,31.0,494.0,520
571970,Max Muncy,219,0.020757696278624272,0.021692041624095142,0.042174116559344985,-0.04997320250964377,-0.0058061897465361825,0.04816139476068387,0.08825438395020105,0.4862,0.488,0.7004,0.212,0.0692,0.0906,266.5,150.0,388.0,41.0,489.0,520
660670,Ronald Acuña Jr.,258,0.02070574585948777,0.02092300057428537,0.04307454983927878,-0.05204334491112518,-0.006454662113728516,0.0489326928612721,0.09032461525080158,0.4822,0.4826,0.6962,0.2204,0.0744,0.0918,269.0,145.0,388.25,38.0,491.0,520
690976,Alex Freeland,43,0.020701564283105663,0.021162967261013105,0.04622565992062934,-0.055668189810545055,-0.009937591146376077,0.050243488379361996,0.09470542931491005,0.4832,0.4848,0.6868,0.2334,0.0838,0.1058,268.0,140.0,396.0,33.0,495.0,520
672820,Lenyn Sosa,333,0.020674594200375675,0.020685686714757862,0.041422590615656826,-0.04776598357541504,-0.006418716030826775,0.04815774044638808,0.08778608202309887,0.4806,0.482,0.6966,0.2112,0.0662,0.0834,271.0,148.75,388.0,41.0,486.0,520
641933,Tyler O'Neill,145,0.020374424776015688,0.021042517181119356,0.04352567404712612,-0.05224251443337393,-0.007345839714791421,0.04830292687737597,0.0921942709645458,0.4788,0.4808,0.6922,0.2154,0.0764,0.0952,270.0,151.0,390.0,39.0,492.0,520
664056,Harrison Bader,338,0.02033978759163766,0.020329304481826863,0.039483239206877845,-0.045549495863351726,-0.0056260975547608,0.04644803967991215,0.08669746393560594,0.47,0.4734,0.7,0.1974,0.0594,0.0776,274.0,155.0,384.0,44.95000000000002,484.0,520
663604,Brandon Lockridge,101,0.020307003854075314,0.02088052464555389,0.04435198515211722,-0.0555058189687928,-0.008022635640681855,0.049102616275513045,0.09310409399037331,0.482,0.4794,0.6884,0.224,0.0802,0.099,270.0,145.0,390.0,35.0,493.0,520
691016,Tyler Soderstrom,404,0.020302684431053642,0.020014829911757154,0.04256632780969495,-0.049007173577748364,-0.007512076794134512,0.048043582508890806,0.09079611879840374,0.4692,0.4692,0.6922,0.2102,0.074,0.0898,275.0,149.0,390.0,36.0,488.0,520
467793,Carlos Santana,300,0.020172931080199668,0.02069177242598202,0.04433444632961324,-0.05206036360337391,-0.009080677673619992,0.04865804600373607,0.09283786945319525,0.4784,0.4822,0.6788,0.2226,0.0786,0.0972,271.0,146.0,395.0,34.0,494.0,520
664059,Sam Haggerty,107,0.020050537658460606,0.019763376409175082,0.04646093186784546,-0.056398855257953406,-0.009600568031373692,0.04923992387478385,0.09631881025757226,0.4756,0.4766,0.6736,0.228,0.087,0.107,275.0,144.0,397.0,32.0,496.0,520
642180,Tyler Wade,69,0.020027282922183868,0.020234699443666952,0.047043964540276484,-0.05705462864756687,-0.010389509330611049,0.05094184663501166,0.0957912791758265,0.479,0.4822,0.676,0.2336,0.0888,0.1128,270.0,138.0,402.0,30.0,498.0,520
691182,Adael Amador,82,0.020026695210744978,0.02015576806150013,0.04654643118099671,-0.05507802944293926,-0.009931877533105468,0.04936580573514421,0.09713812672933025,0.4752,0.4762,0.673,0.229,0.0906,0.1084,272.5,143.0,399.25,30.0,496.0,520
668942,Josh Rojas,138,0.01995992362277253,0.020725981906995285,0.042716237455535655,-0.05133319577659553,-0.007428475434068384,0.04712900181359012,0.0887397496698763,0.4808,0.4788,0.6914,0.2058,0.0688,0.0908,269.0,154.0,391.25,41.0,490.0,520
681715,Heriberto Hernández,172,0.019807864946990154,0.019886287120829956,0.045440525246206516,-0.055528993483249245,-0.00932660312983593,0.04900143669042689,0.09385780046739313,0.4716,0.4702,0.685,0.2204,0.0834,0.1078,274.0,144.0,396.25,32.0,494.0500000000002,520
678554,Curtis Mead,194,0.019797168188050482,0.019004623326976326,0.044168317309130525,-0.05328755394463283,-0.008045549600390129,0.04826067347057572,0.09258691977121733,0.4664,0.4646,0.688,0.215,0.0756,0.099,276.0,150.0,393.0,33.0,494.0,520
641943,Joshua Palacios,99,0.01952532619702588,0.020111537183262383,0.046178783026996184,-0.056270307479833886,-0.009824256117174626,0.0480580077796659,0.09543303682581866,0.4706,0.4712,0.677,0.2224,0.0818,0.1086,275.0,147.0,398.0,33.0,496.0,520
682988,Tyler Locklear,97,0.01948919285198787,0.01952177862634495,0.04565537618336539,-0.05634134912646495,-0.009780300335350009,0.04892414784347009,0.09336803230116715,0.4666,0.4628,0.677,0.2246,0.079,0.1066,276.0,146.0,400.0,35.0,496.0,520
805249,Otto Kemp,157,0.019282167657731632,0.0201678213684955,0.04402643996492273,-0.05399995994272581,-0.009839559323909838,0.04744225043237691,0.09192242745090723,0.4762,0.474,0.6774,0.2124,0.0782,0.0996,272.5,151.0,397.0,37.0,493.0,520
665839,Enmanuel Valdez,57,0.019271770626450687,0.019286141903217865,0.046390528047315534,-0.0566315586762699,-0.009899686203923948,0.048956760830267204,0.09521638768909248,0.4704,0.4704,0.6686,0.2234,0.0832,0.1068,277.0,146.75,400.0,33.95000000000002,496.0500000000002,520
686765,Nick Sogard,61,0.01896651947779506,0.01895301888651809,0.046690460704449765,-0.05779984142946512,-0.010253777521488936,0.048610247562729934,0.09560863009267792,0.469,0.4682,0.6698,0.2198,0.0832,0.1144,276.0,144.0,400.25,33.0,499.0,520
669236,Jeremiah Jackson,131,0.018938295184786562,0.019537454676470254,0.043424949991253944,-0.05351921840782905,-0.00957677528609425,0.047300802826591985,0.08968207109551,0.4656,0.4684,0.6702,0.2076,0.0746,0.1008,276.0,152.0,399.0,39.0,494.0,520
672386,Alejandro Kirk,307,0.01877047932664943,0.01942876948331061,0.038625147415664175,-0.04529626704201192,-0.0067315130783658006,0.044667076691889844,0.0814062633693304,0.4652,0.461,0.6906,0.1818,0.0508,0.0788,277.0,165.0,384.0,52.0,484.0,520
642708,Amed Rosario,139,0.018762627485004565,0.0191315796968195,0.04502446443556104,-0.05643158523732151,-0.010290114148244768,0.04874774531297145,0.09207014117370595,0.4668,0.4678,0.6712,0.218,0.0774,0.1036,275.0,149.0,398.0,37.0,496.0,520
678882,Ceddanne Rafaela,525,0.018759335369045244,0.01933626829330269,0.03688168636997879,-0.043031243129271944,-0.005369949384683161,0.04278204358542961,0.07943525966448113,0.4576,0.4536,0.702,0.1708,0.043,0.071,278.0,171.0,380.0,58.0,480.0500000000002,520
665828,Oswaldo Cabrera,84,0.018618618053339683,0.01930794064017872,0.046137158254802364,-0.057849318718324175,-0.010445237778540424,0.04740975563363731,0.09464411933821544,0.4594,0.4592,0.6726,0.2088,0.0816,0.1154,280.0,153.0,403.0,34.0,498.0,520
690022,Ryan Ritter,155,0.018588897820660873,0.019179876264037214,0.044917881606522804,-0.05552291579067625,-0.010810471642383128,0.0475334507308426,0.09149675721474981,0.4652,0.4652,0.665,0.2092,0.0744,0.1098,278.0,152.0,400.0,38.0,494.0,520
663837,Matt Vierling,54,0.018531269646791693,0.019345221748147328,0.04575533229795337,-0.05601675598176343,-0.010257572908280674,0.04780200862636763,0.09192780528184619,0.465,0.4676,0.6736,0.2136,0.0782,0.1142,277.0,150.0,402.0,34.0,497.0,520
686611,Dylan Crews,213,0.01849621926413228,0.018228691175888007,0.04357909436703465,-0.052380885789810316,-0.009942348258019689,0.04624105546391358,0.09133981377348052,0.4564,0.455,0.6678,0.2004,0.0712,0.0996,281.0,156.0,398.0,37.0,492.0500000000002,520
669221,Sean Murphy,262,0.018366182989450596,0.01867497339430923,0.045930997850590335,-0.058202159446827745,-0.010951661388835628,0.04747773307623142,0.09225584176533058,0.456,0.4586,0.6712,0.207,0.0812,0.1056,282.0,153.0,401.0,34.0,497.0,520
691019,Kyle Teel,187,0.018181328076099616,0.018231439659564735,0.04522325342746765,-0.05713711489566684,-0.011328640591260465,0.04820245039343791,0.09137013961101148,0.4582,0.4566,0.6674,0.2156,0.0726,0.1104,282.0,149.75,401.0,37.0,497.0,520
622761,Jorge Mateo,58,0.018173184152391973,0.018286599862304874,0.04439457802094569,-0.054555939799877405,-0.01062464445743312,0.046925217603212846,0.08990371262623856,0.4594,0.4552,0.6676,0.206,0.0744,0.106,282.5,154.0,399.0,37.0,496.0,520
623993,Anthony Santander,140,0.017942153118613424,0.0187068220521713,0.042840835311561,-0.052841001540586616,-0.009434781827302528,0.04599696766995357,0.08539363807140182,0.457,0.4578,0.6728,0.2014,0.062,0.0972,280.0,157.0,398.0,43.0,495.0,520
671056,Iván Herrera,279,0.017768448621175017,0.018237147635163514,0.043293545963347266,-0.05502886948950179,-0.009977461439308416,0.04555682808911287,0.08848669870609537,0.4516,0.45,0.672,0.1996,0.0668,0.1036,282.0,155.75,399.0,41.0,494.0,520
691718,Pete Crow-Armstrong,539,0.01755570093112766,0.018157305171492562,0.042190034789587924,-0.0536167062290641,-0.009949915613112438,0.04540590589103484,0.08584872612398962,0.4454,0.4474,0.6706,0.1934,0.061,0.0974,283.5,159.0,398.0,45.0,491.0,520
677347,Kyren Paris,103,0.017382744829063126,0.01798715992861226,0.04513583503045524,-0.05892826256904132,-0.011291628409830208,0.04686390256310087,0.08944485591036501,0.4564,0.4568,0.6598,0.2082,0.0696,0.1106,281.5,154.0,405.0,39.0,498.0,520
694388,Joey Loperfido,82,0.017211998972913378,0.017738812488788308,0.04579622081297157,-0.059910543814115785,-0.012226993899657566,0.0471602363905107,0.09205837683547986,0.4482,0.4464,0.659,0.2112,0.073,0.1154,286.0,152.75,408.25,40.0,498.0,520
680779,Henry Davis,230,0.017153204410422,0.017856941327642956,0.042959052487337085,-0.05435664074540572,-0.011395001514073647,0.045970306223634946,0.08614983997729511,0.447,0.4478,0.6594,0.1982,0.0558,0.1062,284.0,157.75,403.25,48.0,493.0,520
687859,Troy Johnston,79,0.017006896868805403,0.016615034794944597,0.04577699058016112,-0.05854497650682988,-0.012214086483246794,0.04686018910869932,0.09309390365521741,0.4392,0.4394,0.6576,0.2076,0.08,0.1174,289.0,153.0,406.0,34.0,498.0,520
678894,Liover Peguero,42,0.016866385966494632,0.01763650213758286,0.046945478460556654,-0.06085361318275592,-0.012849313311089884,0.04734913585558907,0.09316045478211626,0.4516,0.4506,0.6498,0.2082,0.0758,0.123,286.0,154.0,409.0,34.0,501.0,520
688363,Graham Pauley,129,0.01685212214670961,0.016852029493606584,0.045667736856391326,-0.05875026690082684,-0.011822690249016863,0.045450582543210064,0.09281398748719788,0.4456,0.4488,0.6552,0.1984,0.0736,0.1194,287.5,161.0,406.0,36.0,500.0,520
641555,J.C. Escarra,55,0.016772636154880508,0.017341715149618804,0.046770217181497833,-0.06154898311522934,-0.01285520285068565,0.047009782641676844,0.094756708971506,0.4474,0.4492,0.6438,0.2112,0.0782,0.1272,288.0,154.0,409.0,33.0,501.0,520
596142,Gary Sánchez,50,0.016664876377289323,0.017017662616962075,0.045899714024988054,-0.06003783092120237,-0.012645300774319693,0.04652850970719341,0.09104237182051163,0.445,0.4472,0.6528,0.2022,0.0742,0.1182,288.0,156.0,409.0,36.0,499.0,520
678489,Jorge Barrosa,63,0.016525843621336172,0.01760745056406043,0.04714756411336222,-0.060417501280068356,-0.0139264907972471,0.04637599581459894,0.09303055987642911,0.4512,0.4498,0.6442,0.204,0.0768,0.1252,286.0,155.0,410.0,34.0,501.0,520
642086,Dominic Smith,164,0.01651695066098167,0.016719861608968,0.044581809917197915,-0.05680759331661947,-0.011980033172238995,0.04527946126223249,0.08952655846816211,0.4416,0.4442,0.6462,0.2004,0.0718,0.117,288.5,159.0,407.25,38.0,497.0,520
647304,Josh Naylor,421,0.01648927384754776,0.016328421258248307,0.04167817274498907,-0.0524788213026582,-0.010116774808897404,0.042510775901268304,0.08512124845893279,0.4326,0.4322,0.6642,0.1856,0.0594,0.0956,289.0,171.0,401.0,45.0,491.0,520
690993,Colt Keith,261,0.016482662577485978,0.0160638715341343,0.039811829744649585,-0.04844374278449761,-0.00953079807161084,0.042946776282996514,0.08173518619452037,0.43,0.4318,0.6624,0.18,0.0518,0.0888,291.0,170.0,399.0,51.0,490.0,520
663853,Romy Gonzalez,240,0.01627906501660263,0.016985168990996512,0.04145933343032431,-0.0527201324344847,-0.0103760406489798,0.0438657684004235,0.08330704718288018,0.4422,0.4446,0.6624,0.182,0.0542,0.1,290.0,164.0,398.25,50.0,492.0,520
663330,Jahmai Jones,80,0.01611711096117583,0.016758365132416422,0.046117742518393436,-0.06147516324116432,-0.013252198195590967,0.04549099393239715,0.09155968042916104,0.4444,0.443,0.6428,0.204,0.0752,0.1238,291.0,155.75,410.0,38.0,500.0,520
545361,Mike Trout,245,0.015831741848222572,0.016058002036246504,0.04388079772602871,-0.05762589709330826,-0.012244324776950482,0.043892220098181875,0.0871357603590619,0.429,0.4296,0.6484,0.1894,0.0628,0.1098,291.0,164.0,406.25,44.0,495.0,520
650968,Yohel Pozo,140,0.015812963825275934,0.01603062399712709,0.04478467160728027,-0.058335956957706554,-0.012736518365078862,0.04523854526880984,0.08968969021620231,0.4328,0.4352,0.6426,0.1902,0.0698,0.1168,294.0,161.75,410.0,41.0,497.0,520
677649,Ezequiel Duran,170,0.015729748995271853,0.01692899206825093,0.0469768450640898,-0.0616255288384417,-0.014806613023744137,0.0467263940622842,0.09096702287297094,0.447,0.4474,0.639,0.2092,0.073,0.1364,289.0,157.0,414.0,39.0,502.0,520
621020,Dansby Swanson,490,0.01566385268218263,0.016175916502419493,0.0378094926616621,-0.04674467232738837,-0.009740348812988157,0.042155120299110255,0.07596566710541908,0.4294,0.4322,0.661,0.1636,0.0366,0.0864,291.0,176.0,398.0,64.0,488.0,520
695238,Will Wagner,108,0.015582752013048049,0.015373546769996397,0.04378978524960848,-0.05646089473884395,-0.011872488225724356,0.043518216304552354,0.08852855768909652,0.4276,0.4284,0.6512,0.1852,0.0652,0.1154,295.5,167.0,405.0,44.0,497.0,520
593871,Jorge Polanco,314,0.015581149656269593,0.0153871659097593,0.04229433548082268,-0.05389211314488553,-0.011409450616906396,0.04334738368565766,0.08374121528659315,0.4252,0.4264,0.6522,0.1794,0.0552,0.1012,293.0,168.0,406.0,49.0,494.0,520
664770,Nathan Lukes,268,0.015510909866014404,0.01611748304815007,0.040993830257212295,-0.05230304451842574,-0.01116451005081662,0.04331480457140178,0.08101449652422775,0.4368,0.4388,0.6522,0.1756,0.0498,0.106,291.0,169.0,405.0,53.0,493.0,520
687462,Spencer Horwitz,237,0.015470959380547262,0.016984739643461533,0.04233968942001506,-0.05367025906437196,-0.012181793705811803,0.041767327834882906,0.084238667868646,0.438,0.4386,0.6522,0.1788,0.0556,0.1048,290.0,171.0,406.0,48.0,493.0,520
592885,Christian Yelich,380,0.015332789827417991,0.01544417104632371,0.04100209421332759,-0.05283204274117224,-0.009870508198801139,0.04143722173368158,0.0828160387285317,0.4182,0.419,0.662,0.1716,0.0504,0.1058,295.0,174.75,402.0,52.0,494.0,520
681481,Kerry Carpenter,322,0.015237915963861181,0.01598656454465128,0.04435928048646347,-0.0594576230603323,-0.013519265070558614,0.04438848511500536,0.08695900692455463,0.437,0.4396,0.6478,0.1892,0.0624,0.1242,294.0,165.0,410.0,44.0,499.0,520
695734,Daylen Lile,266,0.015153908524730909,0.016148609539232913,0.04421181364886302,-0.05865918258771771,-0.013689769990905733,0.04407074001396995,0.08689355797757625,0.4352,0.4348,0.6434,0.1906,0.0644,0.1158,290.0,168.0,409.0,44.0,497.0,520
677594,Julio Rodríguez,504,0.015134115267353561,0.015203942175502506,0.03768780768874238,-0.04678007135430227,-0.009627216529931962,0.03973828872070282,0.07728050379072966,0.4194,0.419,0.6652,0.1484,0.041,0.088,295.0,185.0,396.0,58.0,488.0,520
457705,Andrew McCutchen,306,0.015134037355019786,0.015780475367159062,0.04408245788878833,-0.056750887190276635,-0.013953076683654742,0.04370582653161147,0.08829037545293718,0.4274,0.4292,0.641,0.1906,0.0678,0.1218,293.5,166.0,411.0,40.0,498.0,520
687231,Darell Hernaiz,133,0.01510905117122383,0.015552866421348921,0.04503921350702813,-0.0581517032366442,-0.014220500213201157,0.04399343215509114,0.08904282152013127,0.4326,0.4336,0.6386,0.189,0.0682,0.1212,294.0,165.0,414.0,40.0,500.0,520
677950,Alek Thomas,339,0.01490880661644832,0.015669695958472785,0.04187772872317063,-0.0549433282452717,-0.012127960154108802,0.04272662580079228,0.08322790721935361,0.426,0.4302,0.6504,0.1732,0.0486,0.1082,295.0,169.0,406.0,53.0,496.0,520
680777,Ryan Jeffers,236,0.014738896815622977,0.015876425192134412,0.043748683379012054,-0.056370686299991486,-0.013629619525502403,0.04355133679696076,0.0848746110414396,0.4356,0.4364,0.6422,0.1836,0.058,0.123,290.0,168.0,411.0,46.0,497.0,520
691594,Javier Sanoja,215,0.014436496601500702,0.014840882513260286,0.04366726807997704,-0.058308561923845606,-0.01385648193485261,0.04313063709621202,0.08630560210804218,0.4184,0.4196,0.6332,0.1792,0.0604,0.1186,298.0,171.0,412.0,45.95000000000002,498.0,520
693307,Dillon Dingler,299,0.014373034777601776,0.014374081998844889,0.04058524404057683,-0.05325526206683532,-0.011568693677214147,0.04053626538139574,0.08123464628970332,0.4148,0.417,0.6454,0.1624,0.0484,0.1034,300.0,182.0,405.0,54.95000000000002,492.0,520
677588,José Tena,114,0.014358739205687495,0.014562549242522815,0.041974907510224424,-0.055590746329010746,-0.013012887749080361,0.0418812642648316,0.08196986852304326,0.4156,0.416,0.6426,0.1766,0.0518,0.1126,299.0,173.0,409.0,51.0,496.0,520
572191,Michael A. Taylor,232,0.014313832946951533,0.014640804304571159,0.04338804326185824,-0.05802182015215423,-0.013628759004634769,0.04252264240019092,0.08514162194826161,0.4192,0.4248,0.6366,0.1802,0.056,0.1172,299.0,171.0,412.0,47.0,497.0,520
672640,Otto Lopez,345,0.01430066441215283,0.013903825631664358,0.041202434934955075,-0.051957973106262906,-0.012994053634704053,0.04130981016655467,0.08219133879051432,0.4124,0.4124,0.6358,0.1688,0.0512,0.1014,302.0,178.0,407.0,51.95000000000002,493.0,520
671286,Johnathan Rodríguez,47,0.014149061867405723,0.014472179111386074,0.04672394660656972,-0.06408185525701937,-0.015375313974376432,0.044688166389598806,0.09008337129398435,0.4298,0.4312,0.6304,0.195,0.0668,0.1364,299.0,164.0,416.0,43.0,502.0,520
672016,Denzel Clarke,103,0.014030674254074251,0.014690873535094013,0.043429418493435124,-0.056455188031348295,-0.013514844495733131,0.04179678548203227,0.0848445075991782,0.4182,0.4194,0.6344,0.1736,0.0586,0.1178,301.0,176.0,411.0,46.0,495.0,520
664728,Kyle Isbel,234,0.013968066336957788,0.014295902720230114,0.044031097799063015,-0.05875661293287328,-0.013594476744095953,0.04176218962911697,0.08735517325621871,0.4156,0.413,0.6306,0.1812,0.0602,0.1196,300.0,175.0,412.0,44.0,497.0,520
689414,Liam Hicks,184,0.013934307100974425,0.01505032247529601,0.04464816133454652,-0.06117511653092641,-0.014422352383304414,0.0428702799909787,0.08661100693422516,0.4196,0.419,0.6398,0.1778,0.0618,0.129,298.0,169.0,414.0,43.95000000000002,501.0,520
682729,Jonatan Clase,59,0.013882476036697119,0.014678056787356106,0.04507490439463377,-0.060925825936129836,-0.01515464175357763,0.042584381344128466,0.08723849150098195,0.4228,0.4254,0.6344,0.1802,0.0624,0.1262,300.0,172.0,417.0,43.0,501.0,520
666126,Carlos Cortes,64,0.013830713677696983,0.0146834198549298,0.045684941351079304,-0.06214513942936227,-0.015529068276866943,0.043804641776907155,0.08761909002219526,0.4202,0.4206,0.6338,0.1828,0.062,0.1278,302.0,168.0,416.0,42.0,500.0,520
649966,Luis Urías,175,0.013467641318254363,0.01429156074098822,0.042487618995365614,-0.05605688166707803,-0.014376475686023639,0.04124769698563678,0.08202833046333896,0.4106,0.4118,0.6364,0.167,0.0522,0.1204,302.0,178.0,413.0,50.95000000000002,496.0,520
672695,Geraldo Perdomo,354,0.013461689371655806,0.014346575741314798,0.04105433607479587,-0.05489488557820146,-0.013388682358509768,0.041333287443677424,0.07864480129958282,0.4092,0.409,0.6404,0.1628,0.0446,0.1068,302.0,177.75,410.0,58.0,495.0500000000002,520
695600,Carter Jensen,62,0.013340909315025186,0.014094323291471283,0.04702002093032747,-0.0643276541271049,-0.017368086128731097,0.04406322727501789,0.0887563449190367,0.4224,0.4206,0.6236,0.188,0.068,0.1372,300.5,164.0,422.25,39.0,504.0,520
691026,Masyn Winn,315,0.013312392286334273,0.01420560844054783,0.04058473201689678,-0.054125800096370795,-0.013420448160959893,0.04035095479397342,0.07903918874598743,0.4122,0.41,0.6362,0.1616,0.047,0.1116,301.0,180.0,408.0,56.0,494.0,520
642215,Weston Wilson,79,0.01331012898288596,0.013661846312159689,0.04639194040441708,-0.06347157398889867,-0.01677472903958645,0.04409891892988234,0.08881314097997045,0.4126,0.4126,0.6272,0.189,0.0676,0.1376,304.0,167.0,420.0,41.0,502.0,520
665019,Kody Clemens,254,0.013229281509628524,0.013769663911330658,0.04199316003263966,-0.058711086354157255,-0.013309680007743466,0.04054795080268092,0.08097016951968238,0.4146,0.414,0.6344,0.1608,0.049,0.1164,302.0,180.0,411.0,53.95000000000002,498.0,520
666211,Taylor Trammell,76,0.013124741513030306,0.014027294371266298,0.043978537928144865,-0.06059327155016778,-0.014892394286348344,0.04194912667167482,0.08368718756754646,0.414,0.418,0.6304,0.172,0.053,0.1262,303.0,175.0,416.0,50.0,500.0,520
673357,Luis Robert Jr.,336,0.013011902972407287,0.013693713147631945,0.0435492707587664,-0.059588536095117904,-0.015562185796311908,0.04205880869880862,0.08405216376781952,0.4118,0.4096,0.6282,0.173,0.0572,0.1276,305.0,174.0,415.0,47.0,501.0,520
676572,Eric Wagaman,293,0.012859421915366175,0.012920976731530993,0.04168145688945946,-0.05542037132812069,-0.013581014269513515,0.04039024990454342,0.08134840616804342,0.404,0.404,0.6296,0.1582,0.0484,0.112,308.0,182.0,413.25,54.0,496.0,520
655316,Andruw Monasterio,83,0.012617857579883218,0.012978863471387122,0.044758287734525705,-0.06174437147824872,-0.016461135446083953,0.041740416847428574,0.08530762858233967,0.4052,0.4062,0.623,0.1738,0.057,0.1372,308.0,175.0,423.0,47.0,502.0,520
686555,Isaac Collins,264,0.012550319976320942,0.012890602088725854,0.042317708558174766,-0.05862439679912579,-0.015182691818687795,0.040931575243047844,0.08169223271924593,0.405,0.404,0.6266,0.1622,0.051,0.1246,308.0,179.0,417.0,52.0,499.0,520
691783,Jordan Lawlar,47,0.012524242860356034,0.013452840955252423,0.04618719121168209,-0.0632893677009904,-0.017086159225244615,0.04197801447624572,0.0867002750541052,0.4132,0.4146,0.621,0.1812,0.0622,0.136,304.0,173.0,420.0,43.0,502.0,520
682622,Noelvi Marte,265,0.012428687326753493,0.012999446225452713,0.044659116089176526,-0.06077264656674492,-0.016580465541520793,0.04107259077572116,0.08623581030318421,0.4034,0.405,0.6252,0.1736,0.0612,0.1362,308.0,175.0,419.0,44.0,500.0,520
666397,Edouard Julien,127,0.012346090093630184,0.01334495472162948,0.043426750472006705,-0.05923531114450168,-0.015735507481390028,0.04076945675893671,0.08249312451592522,0.4032,0.4024,0.623,0.165,0.05,0.1242,306.0,179.0,417.0,52.95000000000002,500.0,520
683011,Anthony Volpe,362,0.012279239017144922,0.013085072785265496,0.03881419530161613,-0.05347484992179346,-0.013195072658637917,0.038135427768970845,0.07454054273958494,0.3934,0.398,0.6282,0.1464,0.036,0.1034,305.0,189.0,409.0,65.95000000000002,493.0,520
650402,Gleyber Torres,338,0.012186804760000685,0.01286862305662033,0.040722678908907566,-0.053857394252794163,-0.014585666982444486,0.03919820089127799,0.0769089038801316,0.392,0.3912,0.6252,0.1502,0.045,0.1148,307.5,187.0,413.0,57.0,494.0,520
657557,Paul DeJong,170,0.012154184953207192,0.013686650694821133,0.04435398751968259,-0.06311145721069412,-0.016430456256670993,0.041458065598400255,0.08292582431086314,0.408,0.41,0.6182,0.1706,0.0532,0.1338,304.0,176.0,420.25,50.0,499.0,520
621028,Kevin Newman,87,0.012112057022635793,0.013253122223132893,0.04398538661940413,-0.06326634441304382,-0.01559463337007301,0.04090792319819402,0.0827521742685389,0.4068,0.4088,0.6218,0.1674,0.0522,0.138,305.0,181.0,417.0,50.95000000000002,502.0,520
668901,Mark Vientos,351,0.011875722621716362,0.013168887063253101,0.04414678422253832,-0.06261563936701219,-0.01549607229358513,0.040029775411006586,0.08245572459690219,0.4014,0.4022,0.6186,0.167,0.0504,0.1328,308.0,180.0,418.0,52.0,501.0,520
670764,Taylor Walls,211,0.011714485979712154,0.01229462096402269,0.04279517707782016,-0.060842295719760374,-0.016019403953899725,0.04012521489980951,0.08041259610753698,0.3968,0.3986,0.6194,0.1636,0.0452,0.1272,309.5,181.0,419.0,57.0,498.0,520
690924,Braxton Fulford,79,0.01161778057208887,0.01124856428201436,0.0427189160162046,-0.05978473739902311,-0.015287068591832416,0.039839575911399035,0.08035028271164968,0.3884,0.3912,0.6124,0.1608,0.0484,0.1312,311.0,185.0,418.0,54.95000000000002,498.0,520
687515,Colby Thomas,98,0.011566664842917525,0.011920306038306773,0.044241903903244034,-0.0634085867624431,-0.016021064191118085,0.04080406176263031,0.08377187150174678,0.3994,0.4,0.6156,0.1674,0.0528,0.1294,311.0,178.0,418.25,49.95000000000002,502.0,520
500743,Miguel Rojas,190,0.011521379610488179,0.012110086876320047,0.043855181297043376,-0.06059075127471825,-0.016546971434453963,0.039807442033136506,0.08209993431052451,0.3904,0.3912,0.6134,0.1666,0.0524,0.1316,311.0,185.0,419.0,50.95000000000002,500.0,520
663584,Hayden Senger,57,0.011408068681260626,0.012499614531069054,0.04674181351112965,-0.06661066926463367,-0.017613789354189845,0.04108765333531884,0.08683022082081308,0.409,0.4102,0.6102,0.1748,0.057,0.1474,308.0,179.0,424.0,46.0,505.0,520
669224,Austin Wells,340,0.011286300533284265,0.013050331919989722,0.04175305057210308,-0.06079574722471766,-0.014617591611177417,0.03796826028387161,0.07878836064671395,0.3898,0.3902,0.6238,0.1474,0.045,0.117,306.0,190.0,416.0,57.0,500.0,520
687597,Jordan Beck,334,0.011002658815834803,0.01145313845282847,0.041435495939957365,-0.058918755470782846,-0.01642933937583165,0.03841975042354542,0.0781497121907011,0.386,0.3874,0.6118,0.1514,0.0426,0.122,311.0,190.75,419.0,57.0,498.0,520
687221,Dalton Rushing,113,0.010824780490569005,0.011110133574980703,0.045684336422225066,-0.06414365403516091,-0.01880834993004568,0.04028663577906814,0.08441356026814105,0.394,0.3926,0.6026,0.1686,0.0548,0.144,314.0,183.0,426.25,47.0,503.0,520
686780,Pedro Pagés,272,0.010680462792222838,0.01121828036443051,0.04282253911873989,-0.05991899578444116,-0.01724972278309802,0.03938925025201961,0.0793935424925238,0.3912,0.3942,0.6096,0.1554,0.0454,0.1334,314.0,186.0,422.0,56.0,499.0,520
572233,Christian Walker,443,0.010532723839717897,0.010855943134384498,0.0426176501640524,-0.05997617297971687,-0.017639786919454753,0.03919823537318558,0.0794602481281073,0.3868,0.387,0.6034,0.1564,0.0466,0.126,315.0,188.0,423.0,55.0,500.0,520
663698,Joey Bart,160,0.010356444792755062,0.01086381544286415,0.044264237602342195,-0.06462648558577616,-0.017564339319047682,0.039391038012572016,0.08094225732853823,0.3898,0.3866,0.607,0.1622,0.0508,0.1406,316.0,186.0,422.0,52.0,504.0,520
668974,Maverick Handley,40,0.010344853530330092,0.011726173777137713,0.045752666962939816,-0.06632949597897486,-0.019513667959749837,0.04008661541203998,0.0833264166989876,0.396,0.395,0.6044,0.1634,0.055,0.151,314.0,179.0,429.0,47.95000000000002,505.0,520
668930,Brice Turang,352,0.010187407472477083,0.011337503000457556,0.045795620777076745,-0.06560250128543306,-0.019113788865690276,0.03964897235678384,0.08363821350506839,0.3942,0.3956,0.6058,0.163,0.0534,0.148,313.0,182.0,428.0,50.0,505.0,520
805300,Jakob Marsee,133,0.010159462455222373,0.011409781769755132,0.044667180856932956,-0.06356535477786276,-0.018569065151663584,0.03833296528939512,0.08139943221257609,0.39,0.3922,0.5996,0.1594,0.0512,0.1454,315.5,187.0,427.0,51.0,502.0,520
666152,David Hamilton,117,0.010006504751960434,0.010436006699754627,0.04376076087278173,-0.06347080210206593,-0.017546802568827742,0.03866703262124047,0.08182843443913221,0.384,0.385,0.597,0.154,0.0492,0.1296,315.0,187.0,425.0,53.0,501.0,520
683766,Christian Koss,130,0.009792832598623616,0.01069867975111105,0.04656370474392452,-0.06832344273150977,-0.01987928508003353,0.03985267446503958,0.08675431151413328,0.3884,0.3888,0.5914,0.1658,0.0596,0.1544,317.0,186.0,430.0,44.0,505.0,520
690987,Robert Hassell III,157,0.009696349433649838,0.010413750813787509,0.04607263590612352,-0.06689498915927067,-0.01931388055335657,0.03922373854120732,0.08460302472694776,0.379,0.3824,0.5954,0.1628,0.0572,0.1468,317.0,188.0,429.0,46.95000000000002,504.0,520
683002,Gunnar Henderson,383,0.009568211482342756,0.01075949230361144,0.040384126344056394,-0.0574346648724219,-0.016913871309457554,0.03629643784082641,0.07432323349966702,0.3724,0.3706,0.5988,0.1366,0.0364,0.122,316.0,198.0,420.0,65.0,497.0,520
527038,Wilmer Flores,301,0.009452707112112008,0.010948775140269278,0.041158005394220404,-0.06067840928602906,-0.01777321196549442,0.036337333780856004,0.07560048979490835,0.3784,0.3752,0.6068,0.137,0.0368,0.1326,316.0,199.0,422.0,66.0,498.0,520
664034,Ty France,375,0.00937403046680371,0.009982583171028729,0.03925234380612787,-0.05551487567155147,-0.016208250222127484,0.03543991684853009,0.07394185462695566,0.359,0.3572,0.599,0.1334,0.0306,0.1174,321.0,204.0,421.0,71.0,495.0,520
682663,Agustín Ramírez,351,0.009297732759347968,0.01056937875416997,0.04156247771095481,-0.060192474216734695,-0.017270158564804284,0.03683408203182806,0.07545479878379886,0.3822,0.382,0.6036,0.1368,0.0386,0.1312,317.0,196.0,423.0,65.0,500.0,520
518692,Freddie Freeman,453,0.009279537841721502,0.010321468582024311,0.04266571021547564,-0.06258989830329778,-0.018361297774521692,0.03679909803050689,0.07870146694329616,0.3758,0.3764,0.599,0.1424,0.0402,0.13,318.0,196.0,425.25,60.0,501.0,520
518934,DJ LeMahieu,88,0.009150673206795275,0.009470761759190925,0.043953871106265745,-0.06381087213336724,-0.019442971794474406,0.037381572899517865,0.08162288820361101,0.3752,0.3742,0.5918,0.1488,0.047,0.1398,321.0,192.0,427.25,54.95000000000002,503.0,520
670224,Kameron Misner,151,0.009111629343348967,0.009947195833527284,0.04338810313519987,-0.06415862912451686,-0.019269036980964056,0.03877831289914809,0.07888111132278498,0.3786,0.3814,0.6014,0.1502,0.042,0.1442,322.0,187.75,426.0,60.0,501.0,520
641680,Jonah Heim,286,0.009101093160864479,0.01010302188036151,0.042445564641820505,-0.06148153005667538,-0.018791730510056386,0.0377292459711102,0.07733456483265719,0.3796,0.3842,0.5918,0.1458,0.0438,0.145,321.0,191.0,425.0,58.0,503.0,520
668804,Bryan Reynolds,461,0.00905172879314906,0.009660670537479167,0.04281855291258134,-0.06195185714916255,-0.019447299009737167,0.03730514655210885,0.07771586351724231,0.3708,0.372,0.5958,0.1446,0.0444,0.145,322.0,196.0,428.0,57.0,501.0,520
700250,Ben Rice,297,0.008912806756444881,0.009752952384466761,0.04309698652789248,-0.06401210568830641,-0.019429458031632946,0.037311145112621076,0.07801812045206712,0.3754,0.376,0.59,0.145,0.0446,0.1436,321.0,195.0,428.0,59.0,502.0,520
600869,Jeimer Candelario,69,0.008857477594718602,0.009674421697435969,0.047301285893783025,-0.07166351414099027,-0.02075922375843458,0.039989930775693655,0.0855484064804434,0.3836,0.385,0.5862,0.167,0.056,0.1584,321.0,181.0,433.0,48.0,507.0,520
660688,Keibert Ruiz,195,0.008836973706956096,0.00897733799458926,0.042276830441018286,-0.06235995740079779,-0.018127768896222793,0.035997691040268426,0.07746311315587404,0.3648,0.3644,0.5972,0.1414,0.0418,0.1364,324.0,198.0,424.0,62.0,501.0,520
810938,Ben Williamson,185,0.0087766708674242,0.009878045787812855,0.04550595152765804,-0.06560097787196878,-0.02157414785949447,0.03867655520333899,0.08381474302048166,0.3768,0.3776,0.59,0.1584,0.0568,0.159,321.0,187.0,433.0,47.0,504.0,520
596019,Francisco Lindor,413,0.008614879647669282,0.008702710259357227,0.03808333193470422,-0.0563067995124676,-0.016059506071602652,0.033034316386918026,0.07054050526821486,0.3536,0.3542,0.6,0.1146,0.029,0.1172,321.0,212.0,419.0,76.0,496.0,520
660162,Yoán Moncada,165,0.008467615804447185,0.009336672197090983,0.04414763156821203,-0.06461918368960866,-0.020141753458151775,0.037371571712540116,0.08002653526796788,0.373,0.3736,0.5856,0.1458,0.0498,0.1528,322.0,195.0,428.0,53.0,504.0,520
686948,Drake Baldwin,317,0.008316864996127151,0.00938536679902394,0.040174558613915876,-0.05992791266785088,-0.01776351869584455,0.03422069261946965,0.07291137314881317,0.3608,0.3598,0.5974,0.1278,0.0318,0.1316,322.0,206.0,422.0,69.95000000000002,498.0,520
695391,Brett Harris,47,0.008149261637879967,0.009090277584290672,0.04412952246020507,-0.06620898821198853,-0.019658429343413518,0.03708099715393003,0.07981848716298368,0.3656,0.366,0.5828,0.146,0.048,0.1504,325.0,194.0,428.0,55.95000000000002,504.0,520
621566,Matt Olson,436,0.008075747565199362,0.008856789668631432,0.04299930324421903,-0.0651589132637764,-0.01941456344859629,0.03669566952033021,0.0777543643458906,0.3666,0.3662,0.5866,0.1392,0.0414,0.1456,325.0,197.0,430.0,61.0,503.0,520
624424,Michael Conforto,306,0.008053533299544398,0.009226617294384518,0.04159963538843648,-0.06208769388548497,-0.01942449908135705,0.0360970338698542,0.0747698633967496,0.3678,0.3688,0.584,0.133,0.0344,0.141,324.0,198.0,428.0,66.0,501.0,520
695506,Jac Caglianone,155,0.007966774035389647,0.008503311638927372,0.04343184333125761,-0.06505521541602685,-0.01967469494772099,0.036703877150563974,0.0774835731220407,0.3708,0.371,0.5828,0.1444,0.041,0.1436,326.0,195.0,430.0,62.0,504.0,520
672356,Gabriel Arias,376,0.007854710534683463,0.008332136933291592,0.04244923099859115,-0.06286145061427055,-0.019044315795982272,0.036195185847520586,0.07619530791773584,0.369,0.3646,0.5784,0.1366,0.0412,0.1434,327.0,200.0,428.0,60.0,501.0500000000002,520
676694,Jake Meyers,233,0.007733211559727875,0.008184048416178664,0.04620629530333443,-0.0708103747629727,-0.022039108794403815,0.03803465870565943,0.0819030238318987,0.3738,0.3718,0.5758,0.1532,0.0512,0.1574,324.0,192.0,435.0,51.0,506.0,520
676475,Alec Burleson,354,0.007729481533765356,0.00872242597678018,0.041992332247750216,-0.06270606045729675,-0.019482237611504645,0.035433906275525326,0.07469112624966448,0.3674,0.3658,0.5824,0.135,0.0364,0.1426,326.0,201.0,430.0,65.0,502.0,520
702616,Jackson Holliday,408,0.007629114211260067,0.007900509890157222,0.040603431787257394,-0.061094680037720756,-0.01819981531846792,0.03469093248956662,0.07274863741449968,0.351,0.351,0.5796,0.131,0.0318,0.1358,328.5,205.0,423.0,67.0,501.0,520
608070,José Ramírez,392,0.007618961625896803,0.007350008117292005,0.041486280511365686,-0.06187334928905473,-0.019763685760508843,0.03461573095947963,0.07592179633073927,0.352,0.3542,0.5816,0.1292,0.0356,0.132,332.0,204.0,427.0,67.0,501.0,520
645302,Victor Robles,93,0.007549937770900012,0.009000951419603095,0.04511722530439635,-0.0687303128241908,-0.02122133211574449,0.03729491638056491,0.07990150548647858,0.372,0.3726,0.5792,0.1436,0.05,0.1574,325.0,194.0,434.0,52.900000000000034,507.0,520
695681,Christian Moore,119,0.0072354736505094025,0.008071725415882969,0.0427843317942146,-0.06498682354301402,-0.02015539248306257,0.03577872801532696,0.07682468942230197,0.3582,0.3584,0.5758,0.133,0.0394,0.1504,328.0,200.0,433.0,61.0,504.0,520
676059,Jordan Westburg,236,0.007114977575731639,0.008716386223379008,0.043321843666141585,-0.06671236236643759,-0.020882620505154506,0.035988668130900896,0.07665847920143261,0.3578,0.3606,0.5796,0.1374,0.0404,0.155,327.0,199.0,434.0,62.95000000000002,504.0500000000002,520
678662,Ezequiel Tovar,293,0.0066706057277119216,0.008136579386367533,0.04281903127230171,-0.06391314789407532,-0.021096267712883615,0.03471272102953553,0.07541738677375617,0.3536,0.3556,0.576,0.127,0.0366,0.1528,330.0,206.0,433.25,66.0,503.0500000000002,520
656775,Cedric Mullins,324,0.00649705730874821,0.00764682103950854,0.04445821692811439,-0.06803248567192106,-0.021946251275327823,0.035756979772133005,0.07865700682452928,0.3562,0.358,0.5704,0.1372,0.0446,0.16,333.0,199.0,436.0,58.0,505.0,520
665489,Vladimir Guerrero Jr.,370,0.006318690347191156,0.007312014380103244,0.04147196488252642,-0.0635257308071946,-0.020927063453292528,0.034528169769330964,0.07184689266807807,0.3494,0.3526,0.5706,0.1184,0.0298,0.1492,331.0,205.0,433.0,75.0,502.0,520
682928,CJ Abrams,415,0.006077121172878876,0.007313629869785395,0.042836113859834594,-0.06532180019131953,-0.021919054681581517,0.035245201712774996,0.07484253652765427,0.345,0.3444,0.5698,0.1334,0.035,0.1596,334.0,205.0,436.0,66.0,503.0,520
571657,Kyle Farmer,189,0.005874335150094924,0.007848676036976612,0.044708070234908824,-0.06956977515389835,-0.02262403489509976,0.03463748221808416,0.07759026709524272,0.3542,0.3552,0.574,0.1368,0.0442,0.1634,330.0,204.0,437.0,58.0,506.0,520
673548,Seiya Suzuki,347,0.005854839981287328,0.007107577348422692,0.04396669630015029,-0.06960847132448958,-0.022597404306763023,0.03547546410523375,0.07438426525985511,0.3548,0.3538,0.573,0.1306,0.035,0.162,330.0,202.0,437.0,68.0,507.0,520
680869,Zack Gelof,77,0.005699308508002738,0.006707230830341779,0.04584505138206241,-0.07069980370813023,-0.02265482288198297,0.03546029941910317,0.07819460723768219,0.3552,0.3534,0.5674,0.1394,0.044,0.1698,335.0,203.0,438.0,56.0,509.0,520
676609,José Caballero,243,0.00566282564608266,0.006452896341207967,0.043073180774292785,-0.06621313945655774,-0.022001408521164743,0.034406653182182986,0.07591947795713609,0.342,0.344,0.5588,0.1324,0.037,0.1612,336.0,209.0,438.0,63.0,505.0,520
656941,Kyle Schwarber,401,0.005504885869014837,0.0066963362722426145,0.042632122659805954,-0.06669235264580539,-0.02228291662992558,0.03313551056403254,0.07449785175716446,0.3388,0.3364,0.5638,0.1186,0.0338,0.1564,335.0,213.0,436.0,68.0,505.0,520
641355,Cody Bellinger,402,0.005491496883304848,0.006928424697373842,0.0394655220060585,-0.06029349632858283,-0.019879423073070713,0.03198830552759824,0.06786699527973852,0.332,0.335,0.5772,0.1086,0.0228,0.1422,332.0,220.0,429.0,81.0,501.0,520
663368,Blake Perkins,85,0.005312032829163023,0.0063639757999039565,0.04546902970748173,-0.0708230138767005,-0.02482300315593903,0.035844656546477185,0.07835504909182284,0.358,0.356,0.5576,0.1436,0.0416,0.1776,337.0,199.0,442.0,62.0,507.0,520
592626,Joc Pederson,156,0.005108181127353606,0.006969217197757557,0.04492578756341397,-0.07012418509875581,-0.02365304835293783,0.0354807060153167,0.07722973473046411,0.3506,0.349,0.5592,0.1316,0.038,0.173,336.0,204.0,441.0,63.0,507.0,520
656537,Derek Hill,100,0.004731812776861905,0.006495680015015373,0.045511739668584704,-0.07260152361064458,-0.024227416964742357,0.03546473276928157,0.0765387130525348,0.3532,0.3534,0.5554,0.1378,0.0396,0.1708,336.0,204.0,441.0,63.0,508.0,520
805367,Chase Meidroth,237,0.00446580418286305,0.005927558728345177,0.04437551169095258,-0.06950252064810646,-0.02379074601989654,0.03323670548232528,0.07635831040212496,0.3348,0.3392,0.5506,0.1318,0.0392,0.1714,339.0,212.75,443.0,61.0,505.0500000000002,520
677595,Ronny Mauricio,142,0.004441528116435729,0.006008076998007641,0.04449064484857402,-0.07017935748927703,-0.023799399993175086,0.03413740060761818,0.07553732288724589,0.3414,0.341,0.5572,0.1286,0.0362,0.1718,336.0,206.0,440.0,65.0,507.0,520
641598,Mitch Garver,155,0.004395793066731269,0.004658332709016238,0.04465857375180873,-0.07007246074882612,-0.024481980230480056,0.033508716560547616,0.0779288045664603,0.332,0.3346,0.5458,0.133,0.045,0.1762,345.0,213.75,441.0,58.0,507.0,520
672515,Gabriel Moreno,159,0.0043769582405374565,0.005331098141369719,0.04423044158314612,-0.07110533657240509,-0.02340449101135353,0.0333454779194612,0.07493855031095999,0.3346,0.334,0.5528,0.1264,0.0378,0.1666,340.0,211.0,440.0,66.0,507.0,520
696100,Hunter Goodman,433,0.004325032079923939,0.005593415813427425,0.04227080707535492,-0.06490366723276134,-0.023245675365749115,0.03164377220387218,0.07229251402230652,0.328,0.3274,0.553,0.1172,0.0324,0.1578,340.0,220.0,438.0,70.0,504.0,520
607043,Brandon Nimmo,417,0.004089249683080099,0.004578482220706413,0.0394941479722487,-0.06145246761891147,-0.021135927314591272,0.030216901644811035,0.06748712197071141,0.318,0.3166,0.5514,0.1006,0.023,0.15,343.0,227.0,434.0,81.95000000000002,501.0,520
700242,Trey Sweeney,268,0.004074168873658027,0.005219636025528537,0.04469231671956485,-0.07194493802024897,-0.024830256095392467,0.0338641952879938,0.07510512259057923,0.3392,0.3412,0.5462,0.1302,0.037,0.1778,340.5,212.0,444.0,63.0,507.0500000000002,520
669289,Santiago Espinal,186,0.0038350456825833154,0.00527671444526217,0.042582113614573,-0.06865151918552438,-0.022989021951653765,0.03199682723662543,0.07095169676191755,0.3238,0.3266,0.5488,0.1188,0.0306,0.1662,340.0,219.0,439.0,77.0,506.0,520
672284,Jarred Kelenic,48,0.0037383761607548828,0.004325594907518365,0.04401101353109378,-0.06987327065349198,-0.024252260991166064,0.0329710998956988,0.0746259265759265,0.334,0.3362,0.539,0.1238,0.036,0.173,344.0,215.0,442.0,69.0,507.0,520
670242,Matt Wallner,280,0.0036077184188751956,0.005649626644447613,0.045479491040822766,-0.07353186188100388,-0.024557404151243644,0.0330140630890781,0.07621289906825246,0.3308,0.333,0.5502,0.1294,0.038,0.1754,341.0,214.0,441.0,65.0,508.0,520
592518,Manny Machado,430,0.003521984451286492,0.004444788458770284,0.04013487062681922,-0.06264839484747384,-0.02254042699272135,0.02986769078234426,0.06876241875999656,0.3112,0.3092,0.5446,0.1032,0.027,0.153,345.0,228.0,435.0,81.0,503.0,520
663728,Cal Raleigh,495,0.003214028020063551,0.0040848275167974565,0.040607432246218086,-0.06408918736134372,-0.02310413807657082,0.030315367223293074,0.06762919007162665,0.3134,0.3144,0.5402,0.1016,0.0264,0.1566,345.0,226.0,438.0,79.0,504.0,520
687263,Zach Neto,368,0.003190302123543987,0.004105832899888421,0.042119240050484674,-0.0659618590405547,-0.02515031550773296,0.03119813094820058,0.07105003704425011,0.3188,0.3186,0.5416,0.112,0.0324,0.1712,347.0,221.75,443.0,73.0,505.0,520
596115,Trevor Story,459,0.003028819925267701,0.0044271724280192815,0.04034797966672616,-0.06578776042098984,-0.022584720236483422,0.029388457560756122,0.06840050876838676,0.3054,0.3092,0.5416,0.1034,0.0248,0.1578,345.0,231.0,437.0,82.0,504.0,520
669242,Tommy Edman,235,0.0030116920672804046,0.004109810403876715,0.041112831653816524,-0.06655936046524656,-0.02269696280075035,0.030754127946790177,0.068491343378887,0.3216,0.3204,0.5454,0.1046,0.0256,0.1628,345.0,225.0,438.0,80.0,505.0,520
605170,Victor Caratini,235,0.002977964454639831,0.0037562318947190134,0.042553102743581664,-0.06751323256190236,-0.024545475966901494,0.031112876729149985,0.07042168353367985,0.3234,0.323,0.5368,0.1146,0.0326,0.1734,348.0,225.0,443.0,70.95000000000002,505.0,520
666163,Ben Rortvedt,83,0.002877903601797885,0.003987804350396026,0.04515377159167236,-0.07377292777024323,-0.0258746024451961,0.03253762052951467,0.07531293374982606,0.33,0.3294,0.537,0.1242,0.0376,0.1814,347.0,216.0,444.0,67.0,508.0,520
621438,Tyrone Taylor,221,0.0027740717576445694,0.0032993771400018357,0.04546956788821969,-0.07443881047009071,-0.024928265743140478,0.03368313649589029,0.07356060923157977,0.3382,0.3366,0.5308,0.1244,0.0372,0.187,346.0,211.75,445.0,67.0,509.0,520
643289,Mauricio Dubón,276,0.0027240433071771242,0.004265959610861284,0.04453665964446284,-0.0724657198767062,-0.02617800252250901,0.03191784751491102,0.07487380652382424,0.3206,0.3212,0.5422,0.1272,0.0368,0.1806,346.0,219.0,445.0,65.95000000000002,508.0,520
663886,Tyler Stephenson,209,0.002237243497418801,0.004120859582585882,0.04369358986594792,-0.0720743793657315,-0.025323795408008783,0.031294034607061365,0.07133995149548164,0.3156,0.3172,0.5402,0.1194,0.0298,0.1756,347.0,220.0,445.0,73.0,508.0,520
621493,Taylor Ward,315,0.002074435695809211,0.0031550994255942232,0.043856235850189815,-0.07028373567743133,-0.026221524304508456,0.031350152864839,0.07094864134399889,0.3218,0.321,0.5326,0.1136,0.0308,0.179,349.0,219.0,447.0,74.0,509.0,520
676391,Ernie Clement,436,0.001671850519340499,0.0023517193414017232,0.04029733567872221,-0.06576624102065365,-0.024058562603040845,0.02895672888257785,0.06553596451252786,0.2976,0.2994,0.5226,0.0964,0.0238,0.1742,353.0,232.0,443.0,87.95000000000002,503.0,520
650859,Luis Rengifo,389,0.0015522215980813625,0.002943811167007582,0.04300805026685064,-0.07147791707123302,-0.026110087667399546,0.03064360335391391,0.07041711640237186,0.3128,0.3126,0.5286,0.108,0.0298,0.1798,350.0,225.0,446.0,76.0,508.0,520
694192,Jackson Chourio,429,0.0011779680146265432,0.0023944125495408554,0.039959638167241,-0.06701707332421943,-0.024679014077287884,0.028052422423816854,0.06566664754885497,0.2944,0.2936,0.525,0.093,0.0228,0.1714,350.0,236.0,443.0,88.0,506.0,520
592450,Aaron Judge,397,0.0009354346812374939,0.0016637064757938388,0.03957003333248063,-0.06465064011619896,-0.025364131474765756,0.02695207994097007,0.06493894734163957,0.2898,0.289,0.5198,0.0882,0.0212,0.1686,355.0,241.0,444.0,90.0,503.0,520
607208,Trea Turner,405,0.0008237580637709977,0.0019188885216312348,0.042542868234976196,-0.07038132751806715,-0.02834759687841381,0.029623044943899113,0.06866187914584143,0.308,0.3118,0.521,0.106,0.0276,0.1912,354.0,227.0,451.0,77.0,508.0,520
671732,Lawrence Butler,387,0.0008228201674661487,0.0023604923336256745,0.04269519355021907,-0.0720471619202782,-0.026307866766783206,0.029549483292458552,0.06838846345246359,0.3062,0.3062,0.5224,0.1072,0.0244,0.1854,351.5,230.0,448.0,81.0,507.0,520
666185,Dylan Carlson,143,0.0006536511839081568,0.0012907447168397513,0.04393063157332081,-0.07316324000523944,-0.028768887727154004,0.03066687204075844,0.06983157780081889,0.3134,0.3148,0.5144,0.1082,0.0308,0.1922,356.0,225.0,451.0,72.0,508.0,520
642201,Eli White,180,0.0005051900346463509,0.0020507933247685766,0.044655363864203684,-0.07527611104756901,-0.027329625034140506,0.030386268983024736,0.07196080751408118,0.3112,0.313,0.5178,0.109,0.0286,0.1964,356.5,225.0,450.0,76.0,510.0,520
606192,Teoscar Hernández,336,-0.0002539633278584533,0.00047621705399292853,0.043986380266298565,-0.07473360616695889,-0.028762895625253804,0.0297121001778563,0.06894245460764563,0.3032,0.3042,0.5034,0.1056,0.0302,0.2,360.0,230.0,453.0,78.0,510.0,520
656716,Zach McKinstry,317,-0.00126878685843119,3.758064461075054e-05,0.03984800092447485,-0.0682256344864268,-0.02776547503924305,0.025557127268236925,0.062244137287663245,0.2668,0.2692,0.5008,0.0836,0.0186,0.1848,363.0,248.0,450.0,95.0,506.0,520
663968,Jake Mangum,384,-0.0012703659631642904,0.00039742587604884325,0.04564552034669129,-0.07950783643157479,-0.029944142404328442,0.028906316255497853,0.07001108234949606,0.2974,0.2974,0.5042,0.102,0.028,0.2136,360.5,233.0,457.0,80.0,512.0,520
606115,Orlando Arcia,161,-0.0017615880915965662,0.0007532457776536696,0.04320513837062513,-0.07456432128596341,-0.029929194035371427,0.027452069831631388,0.06571390603902108,0.2882,0.289,0.507,0.096,0.0202,0.206,360.5,237.0,454.25,90.0,510.0,520
657757,Gavin Sheets,322,-0.0018231569466797602,-0.0010643708993915884,0.04269886132132683,-0.07406141540300566,-0.028696655686730615,0.027480781623722896,0.06566043079183553,0.2838,0.282,0.491,0.0934,0.0246,0.1976,367.0,241.0,453.25,84.0,509.0,520
701762,Nick Kurtz,262,-0.0019481171285092116,0.00023153984290212452,0.0426803259809084,-0.07502227275570583,-0.029362768207657156,0.026416624445739362,0.0660215802708683,0.2786,0.2764,0.5018,0.0944,0.023,0.2024,360.0,246.0,453.0,87.0,510.0,520
605137,Josh Bell,342,-0.0020041611232706415,-0.0011636223779532464,0.036250703189918916,-0.06367232191946036,-0.025563220006392134,0.02257986479352765,0.05547877567522046,0.2458,0.2424,0.4882,0.0604,0.0116,0.1598,366.0,264.0,443.0,116.0,503.0,520
666176,Jo Adell,444,-0.0021477403180734313,-0.00039621468176331994,0.0418070577277121,-0.07340869651323924,-0.028684299997013347,0.026329417867511428,0.06371803298577612,0.2706,0.269,0.4952,0.0878,0.0196,0.1914,366.0,248.0,453.0,94.0,510.0,520
606466,Ketel Marte,307,-0.002612567497389501,-0.0012038583355589042,0.042998692643934154,-0.0751771702324998,-0.030389002797692362,0.026703020140736715,0.0662203792629579,0.2758,0.2764,0.4894,0.0926,0.0214,0.2066,367.0,244.0,456.0,84.0,510.0,520
665862,Jazz Chisholm Jr.,355,-0.002940826591889418,-0.0014994768479175545,0.04118524274407483,-0.07274528634894363,-0.029583523110997607,0.02523820053578239,0.06141610679433973,0.2672,0.2644,0.4848,0.0812,0.0176,0.2012,369.0,250.75,455.0,96.0,507.0,520
677008,Heston Kjerstad,133,-0.0036475102531308237,-0.001988079806505506,0.04508968444536103,-0.07978008594115031,-0.03267884464603624,0.025941132858275068,0.06917712935383567,0.275,0.274,0.4854,0.0986,0.0276,0.226,369.5,246.0,462.0,77.0,511.0,520
665926,Andrés Giménez,240,-0.003959414975390865,-0.0021401137238607863,0.04448295740745909,-0.07856255204417352,-0.03352907860358079,0.025353341831773922,0.068076630740937,0.2708,0.2726,0.4798,0.0924,0.0274,0.226,372.0,246.0,462.0,84.95000000000002,511.0,520
643565,Mike Tauchman,235,-0.004012490416257622,-0.001761573012324013,0.04495280027855535,-0.08000691386743979,-0.03241661050687254,0.025481152831974718,0.06638334729310139,0.2716,0.2724,0.4834,0.0966,0.0254,0.226,370.0,248.0,462.0,86.95000000000002,511.0,520
608324,Alex Bregman,243,-0.004046700767569722,-0.0032475476819870622,0.044595475552345505,-0.08000504686952581,-0.03223787674725536,0.025953867257987234,0.06571986038798722,0.2718,0.2728,0.4732,0.0938,0.0252,0.2214,372.5,246.0,460.0,85.0,512.0,520
608369,Corey Seager,287,-0.004410888369203925,-0.002779669132360594,0.043365930543959916,-0.07917499458492662,-0.03164591745399598,0.025196822997264338,0.06296483262924041,0.2686,0.2678,0.4758,0.0892,0.0202,0.2208,372.0,250.0,460.0,94.0,511.0,520
671218,Heliot Ramos,417,-0.005095567312596099,-0.004437271695248333,0.03951727485626241,-0.07039861340278811,-0.030984875134991728,0.021255314940370904,0.059055181611664107,0.2376,0.2368,0.4572,0.0704,0.0168,0.2148,378.0,269.0,458.25,107.0,507.0,520
700337,Edgar Quero,243,-0.0053224421076441,-0.004568844416302649,0.04189190717775548,-0.07684154844869145,-0.03251690048885973,0.023053790025906663,0.06187948939029601,0.249,0.2482,0.4572,0.0766,0.0212,0.2228,380.0,261.0,462.0,99.0,510.0,520
664040,Brandon Lowe,438,-0.005510353389228238,-0.004230422154030265,0.03880626054898472,-0.07067356877429193,-0.03038016256585468,0.020457056093541544,0.05605922517884898,0.2298,0.2306,0.4582,0.0622,0.0126,0.2022,380.0,271.0,457.0,114.0,508.0,520
672744,Alexander Canario,168,-0.005747583419363253,-0.004353516979521965,0.04575371772442009,-0.08204862464000216,-0.03496683666550801,0.024971696535024394,0.06623983969441946,0.2658,0.2688,0.4638,0.0878,0.0254,0.2464,379.0,249.0,468.0,84.0,513.0,520
680574,Matt McLain,341,-0.0061349726779711435,-0.00420364758000161,0.04267525488678256,-0.0794296701595523,-0.034017163799325456,0.022272296637507787,0.06108977282358406,0.246,0.246,0.4604,0.0792,0.0198,0.2282,381.0,263.75,462.0,98.0,511.0,520
664983,Jake McCarthy,146,-0.008463464732772562,-0.0070144070006228736,0.04418190391435167,-0.08471669635438188,-0.03643169373822099,0.022032713440429223,0.060251553192757344,0.2444,0.2434,0.431,0.0752,0.0174,0.2488,389.0,266.0,468.0,103.0,513.0,520
670770,TJ Friedl,289,-0.008630168242651353,-0.006954984243864712,0.04403909351501663,-0.08468242805196206,-0.036947835046428006,0.021724246261664616,0.059910743995019215,0.2432,0.2456,0.4352,0.0762,0.0148,0.2484,392.0,263.0,468.0,98.0,513.0,520
624585,Jorge Soler,190,-0.008883787576478267,-0.007352645431179765,0.04211116807937723,-0.07990438522582222,-0.036693533735051284,0.020074242366706654,0.05612275044124084,0.2262,0.2272,0.4378,0.0648,0.0142,0.2524,391.0,274.75,469.0,113.95000000000002,512.0,520
678011,Anthony Seigler,42,-0.009996062243196943,-0.008004694195244771,0.04618581281810926,-0.08929390025040587,-0.03892269084759265,0.021311994814125552,0.06139622683339336,0.2348,0.2334,0.4284,0.0748,0.0208,0.2702,394.0,270.0,475.0,94.95000000000002,515.0,520
802415,Chandler Simpson,225,-0.011194168060019747,-0.009363676786195096,0.04433220590884428,-0.0859366662442842,-0.039778077569073644,0.019111177328050226,0.05758446499308251,0.219,0.2188,0.4148,0.0658,0.0154,0.2682,399.0,280.0,473.0,109.0,514.0,520
665966,Carlos Narváez,304,-0.011952151155367793,-0.011305247928787282,0.04042241563432991,-0.07997405866094758,-0.037952001554880405,0.015568255932793297,0.053276319954307,0.1936,0.194,0.3872,0.0546,0.0098,0.2634,405.0,294.0,472.0,124.0,512.0,520
624413,Pete Alonso,430,-0.012140413136179718,-0.01039279044635218,0.03964944361641962,-0.07940697626552459,-0.03860249871868015,0.01463273050326692,0.05113414282342046,0.1854,0.1854,0.3964,0.0488,0.008,0.2682,402.0,300.0,473.0,132.0,512.0,520
672724,Oswald Peraza,199,-0.012182417116550423,-0.010161175824293454,0.04616167998019791,-0.09188800531731778,-0.04156827678408763,0.01870356675183613,0.05935644823031154,0.2168,0.2172,0.4144,0.0702,0.0198,0.2822,401.0,281.75,478.0,101.0,515.0,520
680718,Addison Barger,349,-0.013227551042617284,-0.0114792694707497,0.042350036448677984,-0.08559297568456536,-0.04038418644487406,0.015371429470180779,0.05338693769768734,0.1968,0.1962,0.3896,0.0544,0.0096,0.2848,406.0,293.0,477.0,125.0,514.0,520
628451,Andy Ibáñez,149,-0.013861874269682816,-0.012878878747193335,0.04393003506734593,-0.08754026349814094,-0.04207449999971531,0.016201187554583617,0.05484169474412098,0.2012,0.2016,0.384,0.0598,0.0176,0.3012,411.0,294.0,479.0,118.95000000000002,515.0,520
547180,Bryce Harper,435,-0.014210792472052862,-0.013023835755466812,0.038919968119967334,-0.08060765136407363,-0.04003464043600058,0.011663169324010566,0.04763987491831601,0.1726,0.1706,0.3658,0.0396,0.0048,0.2802,410.0,311.0,475.0,144.95000000000002,512.0,520
663757,Trent Grisham,273,-0.014528093122646505,-0.012807077024501937,0.04362142843606094,-0.08944226596601555,-0.042232126475798215,0.01491209252982657,0.05453905241402841,0.1932,0.1944,0.3758,0.0544,0.0136,0.2962,411.0,300.0,479.0,125.0,515.0,520
602104,Ramón Urías,278,-0.015445436791029974,-0.013514657152904083,0.04144301158672032,-0.08671833435549633,-0.0417457572997965,0.012119024854531939,0.049899355055348295,0.1634,0.1658,0.3664,0.0424,0.01,0.2948,412.0,311.75,477.0,143.95000000000002,514.0,520
666139,Josh Lowe,338,-0.01687197839792962,-0.014553790398598374,0.044512317699043034,-0.0911145420060943,-0.04530698114652954,0.013942304968984246,0.05079839063757255,0.1832,0.183,0.367,0.0478,0.011,0.3194,418.0,302.0,484.0,134.0,515.0500000000002,520
689172,Brett Wisely,58,-0.01788108051142555,-0.015984682808050744,0.045302605955256245,-0.09498339191354202,-0.047169499651565694,0.013792595257892766,0.05203971018495563,0.1856,0.1834,0.3614,0.0522,0.0136,0.3258,419.0,306.0,486.0,127.0,516.0,520
691406,Junior Caminero,426,-0.017881312407436435,-0.0159517757118823,0.04482799774381649,-0.09563040159668064,-0.04696583050718993,0.012704066245449161,0.051559416572521284,0.176,0.175,0.3552,0.0482,0.0124,0.3278,420.0,311.0,486.0,133.0,516.0,520
608348,Carson Kelly,264,-0.019516636963928163,-0.0190461716661446,0.03631112353369201,-0.08039604946871894,-0.043836401774054144,0.005905099859498171,0.037823616005170244,0.1172,0.118,0.308,0.0178,0.0024,0.3204,429.0,340.0,481.0,190.95000000000002,513.0,520
668227,Randy Arozarena,430,-0.02128108875648364,-0.019201777641924142,0.04558180818588025,-0.09914952092772802,-0.04974651504426282,0.010676768967931266,0.04922317139473311,0.1662,0.169,0.3304,0.0416,0.0102,0.3542,431.0,320.0,490.0,143.0,517.0,520
650333,Luis Arraez,374,-0.021766002599213963,-0.01906184354612076,0.04430492445574084,-0.09799635569485983,-0.04986234517770056,0.007968127439088783,0.04723963929269273,0.1506,0.1488,0.3188,0.0418,0.008,0.3488,429.0,332.0,488.0,146.0,517.0,520
646240,Rafael Devers,408,-0.024002998663185462,-0.022883757263571988,0.03708599598932304,-0.0873304144191716,-0.04800739399290156,0.001628231946620783,0.03422135508102266,0.096,0.096,0.2652,0.015,0.003,0.3578,439.0,358.0,489.0,205.0,514.0,520
660844,Leo Rivas,42,-0.0273881500590343,-0.02459637171768257,0.04761410380595871,-0.11058439710862979,-0.057101732146344245,0.005461185462717887,0.04483722068989699,0.1396,0.1412,0.2842,0.0344,0.0078,0.408,445.0,343.0,498.0,161.0,518.0,520
624641,Edmundo Sosa,198,-0.03409618281610346,-0.03160607333710863,0.044501916857020554,-0.1117003088378798,-0.06234615182925548,-0.0031865348328038467,0.033829091755632174,0.0862,0.0882,0.2248,0.019,0.0038,0.4682,462.0,378.75,503.0,207.0,518.0,520
666149,Tyler Fitzgerald,173,-0.040479539596054576,-0.037538704436000964,0.045923999597485395,-0.12010469280860459,-0.07007842782865104,-0.008638247607370175,0.03034009282639987,0.0704,0.0718,0.189,0.0158,0.0016,0.5324,475.0,400.0,508.0,217.0,519.0,520
