player_id,player_name,n_exposures,posterior_mean,posterior_median,posterior_sd,cri90_low,cri50_low,cri50_high,cri90_high,prob_above_league_mean,prob_above_league_median,prob_positive,prob_top_quartile,prob_top_decile,prob_bottom_decile,rank_median,rank_cri50_low,rank_cri50_high,rank_cri90_low,rank_cri90_high,rank_population_size
666397,Edouard Julien,450,0.07671017085153443,0.07559462086231103,0.036349512222567146,0.019629424273065986,0.05165285607439619,0.09996934185350362,0.14057085176459397,0.9542,0.9552,0.9896,0.8288,0.6114,0.0008,37.0,10.0,105.0,1.0,286.0,591
677060,Chad Stevens,64,0.07435281439250616,0.07215933828985774,0.03742886873106086,0.016862209495078093,0.048843837813847234,0.0980756752289575,0.1393606892081658,0.9452,0.9434,0.9836,0.8052,0.5804,0.0024,43.0,11.0,119.0,1.0,309.0,591
683737,Michael Busch,1157,0.06946081585044273,0.06840672813065962,0.03217820428672014,0.01942768689433504,0.04623338020880541,0.09089124558138478,0.12336606923854254,0.9532,0.9522,0.9892,0.7924,0.547,0.0008,51.0,17.0,128.0,3.0,292.0,591
608348,Carson Kelly,707,0.060471277751713265,0.060190041957857016,0.03001036297466922,0.011328119978909418,0.03973168923060037,0.0802877914194743,0.11082315783463592,0.9206,0.9178,0.9832,0.7164,0.428,0.0018,77.0,30.0,164.0,5.0,344.0500000000002,591
703607,Henry Bolte,783,0.05972274320866396,0.05850848218415841,0.03164845613859068,0.009616802290300151,0.038268544722824815,0.08052849408260875,0.11294317881472513,0.9038,0.9024,0.975,0.6998,0.4186,0.0018,81.0,29.0,174.0,5.0,354.0,591
687093,Vaughn Grissom,797,0.05953994768560307,0.05821627180831136,0.03187289280985814,0.01004263433417823,0.03760762382834675,0.07998787030584184,0.11408818499559455,0.9092,0.9084,0.9762,0.6948,0.4044,0.002,83.0,29.0,177.25,5.0,355.0,591
677800,Wilyer Abreu,1255,0.05944642181761576,0.05880916736692968,0.030614188662043938,0.00982784211175616,0.03805184228101051,0.0792376857133873,0.11186703751415442,0.9128,0.912,0.98,0.7008,0.4058,0.0018,82.0,30.0,171.0,5.0,355.0,591
669065,Kyle Stowers,984,0.05822796218539188,0.05762007486129502,0.030474430252418815,0.00917265868194549,0.03725480154646693,0.0782168004742271,0.11004147964449511,0.9094,0.91,0.9768,0.6792,0.3936,0.0024,85.0,33.0,178.25,6.0,356.0500000000002,591
671732,Lawrence Butler,938,0.05787173118603479,0.05735437872712043,0.03005387996661582,0.009083762296235833,0.037688229157171536,0.07788123598479944,0.10879402758168526,0.907,0.9078,0.9744,0.6858,0.3916,0.002,87.0,33.0,179.0,6.0,357.0500000000002,591
686527,Dominic Canzone,900,0.056099342665003084,0.05576206735643513,0.030143225504860996,0.0076383271141200896,0.03528821826603096,0.07674626090145613,0.10615920243881886,0.8926,0.8938,0.9712,0.6608,0.376,0.0016,93.0,37.0,191.0,7.0,370.0,591
686780,Pedro Pagés,402,0.054250541555462314,0.0529398282706489,0.03550425099448401,-0.002118681129605903,0.03052134372102657,0.0773539649568071,0.11402004555024839,0.8474,0.847,0.9436,0.6182,0.3604,0.0086,103.0,34.0,221.0,5.0,427.0,591
571448,Nolan Arenado,1030,0.052400077131369925,0.052031369795618024,0.031194625036417897,0.002589031335679304,0.031211873012347784,0.0730484981561473,0.10391685574789222,0.8618,0.8612,0.9578,0.617,0.3282,0.0062,108.0,44.0,215.25,8.0,403.0500000000002,591
691723,Coby Mayo,769,0.05224870844272012,0.05124462488717627,0.035714000677189536,-0.0047047749422006535,0.02754066266567376,0.07567060332564837,0.11200245766384698,0.827,0.8264,0.9346,0.5932,0.3424,0.0092,110.5,38.0,237.0,5.0,440.10000000000036,591
663647,Ke'Bryan Hayes,379,0.050191972502565775,0.049061602514586744,0.03310549024719346,-0.0019869899826664753,0.02802110390957943,0.07174986399387397,0.1066008551704459,0.8326,0.8344,0.943,0.5724,0.2996,0.006,121.0,47.0,238.25,7.0,426.0500000000002,591
660271,Shohei Ohtani,1049,0.04998860722592208,0.049663807892276875,0.030151330695520524,0.0004207175227978123,0.029915303919810392,0.06965132387620535,0.10020869259356299,0.8496,0.8496,0.9522,0.5914,0.2892,0.0058,117.0,52.0,225.0,10.0,405.0500000000002,591
694197,Angel Genao,217,0.04877373725169976,0.04725379236179864,0.0344356008233521,-0.005832396667599591,0.024890443431986466,0.07140917607435708,0.10752271741856123,0.809,0.812,0.9296,0.545,0.298,0.0094,129.5,47.0,257.0,7.0,441.0500000000002,591
691785,Marcelo Mayer,413,0.048581052070180986,0.04820894763964298,0.03408916813653341,-0.006209728308123817,0.025788890066314227,0.07095364723382479,0.10391941030454424,0.8088,0.8086,0.9266,0.556,0.2948,0.011,124.0,49.0,249.25,8.0,451.0,591
671056,Iván Herrera,1182,0.04786011811848135,0.047649061504698734,0.033734801048983194,-0.006906773614398809,0.0245263990142257,0.0700163138918494,0.10379749704421018,0.807,0.8054,0.926,0.5526,0.2854,0.009,127.0,50.0,257.0,8.0,451.0500000000002,591
666182,Bo Bichette,1295,0.047745941071771304,0.046827664337133576,0.03147255575393463,-0.0019203360768178983,0.025921690642485867,0.06871998864802847,0.1006432012954309,0.8242,0.8238,0.942,0.545,0.2794,0.0084,132.0,54.0,248.0,10.0,424.0,591
691777,Max Muncy,513,0.047595293372159536,0.04624816647012074,0.03364199908032405,-0.0064775660007496925,0.025068391158902838,0.06957204906259902,0.10526971730133533,0.8092,0.8078,0.929,0.5346,0.2828,0.0102,133.0,51.0,256.0,8.0,450.0500000000002,591
605170,Victor Caratini,593,0.046575248958587036,0.04517563757055313,0.03596744241115152,-0.010089117228296685,0.02258639715083781,0.06956044995136605,0.10704419278102466,0.782,0.7822,0.9118,0.521,0.285,0.0182,140.0,50.0,270.0,7.0,464.0500000000002,591
665926,Andrés Giménez,976,0.046503535726685356,0.04515368405720327,0.03178529062583945,-0.004924846539720051,0.02511653184049738,0.06736260338532324,0.10054738069319594,0.8112,0.811,0.932,0.53,0.2588,0.0088,137.0,58.0,255.0,10.0,440.0,591
681481,Kerry Carpenter,507,0.04506858432902373,0.04508875200336691,0.03240838060348871,-0.007626559727203569,0.02355184915038731,0.06631403669105046,0.0987545983982105,0.7938,0.7948,0.9214,0.5218,0.2584,0.0116,140.0,58.0,265.0,12.0,454.0,591
592663,J.T. Realmuto,780,0.0444422383458074,0.044022201380052785,0.03322021566345364,-0.00972809087877547,0.02182293169694387,0.06629911877771533,0.10034846443479638,0.7792,0.7792,0.9144,0.5076,0.2528,0.0146,145.0,60.0,275.0,11.0,463.0,591
671289,Tyler Freeman,472,0.04402833911714615,0.04366504858822821,0.03328190121111865,-0.009607287658896716,0.021719912989932505,0.06553087274362646,0.0997336397662538,0.7792,0.782,0.911,0.5044,0.249,0.0146,147.0,61.0,278.0,11.0,463.0,591
691458,Blaze Jordan,382,0.04388808513363864,0.04293709044497906,0.03438520974369737,-0.011672842382673923,0.02058284406120525,0.06624860677327293,0.10268011539597859,0.7664,0.7654,0.9062,0.4922,0.2484,0.0172,152.0,61.0,283.0,10.0,471.0,591
683011,Anthony Volpe,409,0.043131400280643356,0.04198874975816118,0.035468069335201184,-0.012962776855356935,0.018623092272134587,0.06558721897454069,0.10398602432620142,0.75,0.7482,0.8938,0.4892,0.2488,0.0196,153.0,61.0,296.0,9.0,477.0,591
641487,J.P. Crawford,735,0.04296698249719692,0.04236585394041582,0.032692082965104376,-0.009668246694814201,0.020798737038520903,0.0646000937558801,0.0991264543669864,0.769,0.7698,0.9078,0.4896,0.2358,0.0142,152.0,65.0,283.0,11.0,462.0500000000002,591
666971,Lourdes Gurriel Jr.,363,0.04243983028141464,0.04205652331985545,0.035476154392711956,-0.015288866247077058,0.018271201625333224,0.06580409957086948,0.10209211614244626,0.743,0.7444,0.8866,0.4888,0.2456,0.0238,154.0,62.0,299.0,9.0,489.0,591
457705,Andrew McCutchen,157,0.041842631392330416,0.04093834704570588,0.036360014760175044,-0.015911983677674525,0.01699192167524378,0.06518267183985542,0.10328245939926434,0.7334,0.736,0.883,0.4696,0.244,0.0254,162.0,63.0,306.0,9.0,491.0,591
681393,Connor Norby,704,0.04164281322645943,0.04112231688617073,0.03249850076882124,-0.011144767686857475,0.019876883708202394,0.06275398605873875,0.09624373464084107,0.7592,0.7588,0.9028,0.4744,0.219,0.0146,158.0,69.0,290.0,13.0,474.0,591
669384,Raynel Delgado,65,0.041606068207486954,0.03998844371923446,0.03610185358526498,-0.013515788268217631,0.016683521356552246,0.06508034052074357,0.10353095676256756,0.7328,0.7334,0.8798,0.457,0.2402,0.0216,168.0,63.0,308.0,9.0,488.0500000000002,591
665804,Miguel Amaya,432,0.0415526016047071,0.04143776071849104,0.03344207631403048,-0.014070196930538847,0.01976947570781493,0.06398540538587559,0.09719598841596717,0.7568,0.7572,0.898,0.4726,0.2306,0.0196,160.0,67.0,291.0,13.0,482.0,591
701675,Nathan Church,922,0.04127622050700487,0.04037221507408896,0.033550702379790284,-0.012684555593259839,0.01852295609884409,0.06379176325174764,0.09655880825323172,0.7468,0.746,0.8956,0.4674,0.2272,0.0196,161.0,67.0,299.0,12.0,476.0500000000002,591
607043,Brandon Nimmo,1193,0.04086291681379781,0.04078804608701317,0.03322225492886048,-0.013113061531448776,0.017987850835958268,0.06251845001342218,0.09524998172999494,0.7418,0.742,0.8966,0.4668,0.2184,0.018,163.0,70.0,300.0,13.0,482.0500000000002,591
545121,Ildemaro Vargas,796,0.040639201153615245,0.03977270577474119,0.03299382626754485,-0.01333172834667494,0.01837662392199306,0.06270425225342834,0.09590489476676756,0.7416,0.7474,0.8938,0.4526,0.2142,0.0162,168.0,71.0,298.0,13.0,479.0,591
671218,Heliot Ramos,821,0.04053867888384159,0.039533005150226785,0.03241328941286694,-0.011239686751759995,0.01898905998436199,0.06189093973945674,0.0946391566180895,0.7468,0.7466,0.8956,0.4544,0.2206,0.016,168.0,71.0,297.0,14.0,467.0,591
575929,Willson Contreras,987,0.040519932169135686,0.04022945006173921,0.03130747503014159,-0.009845042819589598,0.019127914697885353,0.06085301810377561,0.09302397565264986,0.7524,0.751,0.9034,0.4538,0.2002,0.0124,166.0,77.0,295.0,15.0,469.0,591
701538,Jackson Merrill,1258,0.04034316638956406,0.03996045704956608,0.03445554406042625,-0.016337462757854592,0.017306422302981225,0.06254182180082438,0.09788039835551121,0.7358,0.7352,0.8882,0.455,0.2234,0.0232,168.0,70.0,305.0,12.0,493.0,591
592518,Manny Machado,1177,0.040155670150670876,0.039731409012982,0.03458328654352739,-0.015534087441624836,0.01704246717042896,0.0625178390215403,0.09646754237958717,0.7326,0.7334,0.882,0.4578,0.2228,0.0248,166.0,70.0,308.0,13.0,489.0500000000002,591
695491,Joshua Báez,206,0.040089447427498905,0.03943042270444244,0.03587461220283752,-0.018569492079322094,0.016213234672025803,0.06395064839881032,0.09953788868584526,0.7246,0.7238,0.8706,0.4518,0.2346,0.0272,171.0,66.0,314.0,11.0,498.0,591
608324,Alex Bregman,1125,0.039756474478338126,0.03903083878720723,0.03209899798252786,-0.010926628058927568,0.01843641247311937,0.06095790629100991,0.09347451620190197,0.7442,0.7472,0.897,0.4434,0.2,0.0174,173.0,77.0,297.0,15.0,476.0,591
645302,Victor Robles,265,0.039572410824294454,0.03862505011804908,0.035514110481208463,-0.01735604360652073,0.015516290732326361,0.062489211534552405,0.10030426182682643,0.7186,0.7204,0.8746,0.4428,0.22,0.0264,174.0,71.0,318.25,11.0,496.0500000000002,591
687637,Dylan Beavers,577,0.03942614853874399,0.03828037563747583,0.03337761102619129,-0.014743535482718548,0.017025543891687877,0.06141800468902343,0.09556874624858837,0.7314,0.7324,0.8856,0.437,0.2078,0.0218,176.0,74.0,307.0,14.0,490.0,591
800325,Luis Lara,326,0.03935568392082724,0.03868296805572811,0.03475812458458934,-0.0163547135114337,0.015988207232394393,0.0625518198083851,0.09798403042871151,0.725,0.7214,0.8774,0.4442,0.2174,0.025,173.0,73.0,315.0,13.0,494.0,591
542303,Marcell Ozuna,522,0.03921114352625968,0.03811252400471969,0.03411196518874411,-0.014827602859793858,0.01571384924910882,0.0613361628004568,0.0970982782391702,0.7186,0.7182,0.874,0.436,0.2094,0.0188,176.0,72.0,315.25,13.0,489.0,591
668709,JJ Bleday,936,0.038996114377203135,0.03884628461092034,0.03431673366942569,-0.017081541136579365,0.016154650713601178,0.06151433200776095,0.09548267367378152,0.7244,0.7214,0.8724,0.447,0.2116,0.0224,170.0,73.0,314.0,13.0,494.0500000000002,591
666176,Jo Adell,1302,0.0389569127187126,0.03901624848207684,0.03133173950098704,-0.012235842377917331,0.017649818496039395,0.05966567345166664,0.09035285776791611,0.74,0.7402,0.895,0.439,0.1888,0.0158,174.0,80.0,301.0,17.0,475.0,591
701358,Cam Smith,1076,0.03876636970225453,0.03802489102830406,0.032932087789223345,-0.015231423542706799,0.017476842014020506,0.06019375621192111,0.09341298774408337,0.7356,0.7344,0.8854,0.437,0.189,0.021,175.0,81.0,304.0,15.0,489.0,591
665862,Jazz Chisholm Jr.,934,0.03862482843412419,0.03758266539687492,0.0334695168463042,-0.015061789655869242,0.016288553734201294,0.060264759302916596,0.09524973377596273,0.7254,0.7248,0.8816,0.4336,0.1968,0.0216,180.0,79.0,312.0,13.0,488.0500000000002,591
668952,Ryan Kreidler,487,0.03858849617166525,0.03801899564572951,0.03378713111544518,-0.015556373770754492,0.015872020298831807,0.0606442513648796,0.09519599097022795,0.718,0.7166,0.8752,0.441,0.1994,0.0218,176.0,77.0,315.0,14.0,493.0500000000002,591
666018,Jonathan Aranda,1168,0.03846388293683198,0.03780217249197278,0.029096057124235932,-0.009453838639967767,0.018839972066164758,0.057500598624206894,0.08637199748095672,0.7456,0.7452,0.9086,0.4244,0.1702,0.0082,177.0,87.0,298.25,22.0,460.0500000000002,591
682848,Endy Rodríguez,270,0.03821951220970045,0.03806426159281738,0.035305496003329565,-0.018001389655259437,0.014461212168022895,0.06052278649798088,0.09701033951719593,0.7068,0.7068,0.8654,0.436,0.2044,0.0314,178.0,77.75,324.0,13.0,502.0500000000002,591
669127,Shea Langeliers,776,0.038200444727654194,0.03798892988431061,0.03147384243561563,-0.012468531316121122,0.01658679447467093,0.05896672244815843,0.09101594791266858,0.7286,0.7274,0.8878,0.4282,0.1848,0.0166,176.5,82.75,310.0,17.0,478.0,591
679845,Nick Loftin,609,0.03803675080568563,0.03753056606498535,0.03203002399091599,-0.013900838463231528,0.016323293111900214,0.05916250318609775,0.0922313169624915,0.7264,0.7236,0.8856,0.4274,0.1882,0.0198,180.0,81.0,311.0,17.0,480.0500000000002,591
805808,Kevin McGonigle,1146,0.037708804814876914,0.037356916983712816,0.03082348541745107,-0.01212063061044619,0.017537766446514936,0.05763374223322204,0.08989517697179267,0.7356,0.7342,0.8918,0.416,0.1716,0.0156,184.0,88.0,304.0,19.0,477.0,591
683953,Travis Bazzana,835,0.03769377946845582,0.037181030564664916,0.0360699512511017,-0.019071888994326682,0.013461641498494853,0.06092008049013217,0.0981493976567899,0.6968,0.6974,0.854,0.4276,0.2102,0.031,182.0,76.0,329.0,12.0,506.0,591
702284,Cole Young,1105,0.03743960465388287,0.036290290127351146,0.03213278351875579,-0.014984772128643572,0.015968343825892215,0.05897027039253595,0.09067669303291397,0.7186,0.7176,0.8862,0.4144,0.1866,0.019,187.0,82.0,314.0,17.0,485.0,591
699912,Jose Fernandez,357,0.0370436545208735,0.036433202245468366,0.03255521910194519,-0.015189421753538027,0.01426035084611243,0.05870598615541972,0.09202088992874145,0.7026,0.701,0.8806,0.4184,0.1846,0.023,186.0,83.0,323.0,17.0,489.0,591
672724,Oswald Peraza,743,0.03697815779739362,0.03656000795320321,0.03205888656901734,-0.01491931542145862,0.015619131904407772,0.05749462736119669,0.09080014618718003,0.7142,0.7158,0.8776,0.4126,0.1724,0.0194,185.0,87.0,318.0,17.0,485.0500000000002,591
641857,Ryan McMahon,638,0.0369546304922092,0.036157518496629806,0.032141606496065164,-0.015668310776434134,0.01615219690322529,0.058105430252101145,0.09076000172851903,0.7238,0.7206,0.8786,0.4072,0.177,0.0218,185.0,86.0,314.0,18.0,489.0,591
680574,Matt McLain,814,0.03684792625926641,0.03593988118041275,0.03161318212961569,-0.013125925532079296,0.015608645686157148,0.0567084036572094,0.09128449762717915,0.7196,0.7228,0.8806,0.4062,0.1692,0.0186,188.0,89.0,315.0,17.0,483.0,591
665877,José Fermín,572,0.03682974391562835,0.035958282935579594,0.03376937343442922,-0.017525231760295083,0.014053443097352803,0.05948718001222527,0.09379685384141649,0.7018,0.698,0.8678,0.4134,0.1914,0.0254,187.0,81.0,327.0,16.0,493.0,591
666152,David Hamilton,580,0.036706780223989315,0.036186175526230505,0.033159266409682864,-0.016190789391465107,0.01416492313906013,0.0587662991113394,0.09174686222240834,0.6968,0.6968,0.8662,0.4136,0.18,0.0224,189.0,83.0,327.0,16.950000000000017,495.0,591
686765,Nick Sogard,386,0.036118707717232315,0.035190183225350925,0.0366321774303487,-0.022774496713032527,0.012043874262207845,0.059716201114643326,0.09701688787791445,0.6844,0.6844,0.8464,0.4084,0.1938,0.037,192.0,80.0,341.0,12.0,511.0,591
686217,Sal Frelick,560,0.036091495340684863,0.03526576505442207,0.033819101152311855,-0.01850288354433926,0.014096413177180566,0.05846884793705608,0.09162320116191518,0.7026,0.6982,0.8652,0.404,0.1896,0.0288,194.0,85.0,327.0,16.0,502.0500000000002,591
678011,Anthony Seigler,293,0.035964096992965884,0.034839121771150866,0.03562394042573793,-0.019740035873748663,0.01135386476692422,0.059304132536386424,0.09647014874344262,0.6782,0.6774,0.8486,0.3986,0.202,0.0326,197.0,81.0,342.0,13.0,509.0,591
680977,Brendan Donovan,261,0.03586114837451021,0.03451329664051668,0.03606831002418171,-0.022628022264539048,0.011986357331838676,0.05970588757653144,0.09662804431836573,0.6818,0.6834,0.8454,0.4028,0.1938,0.0356,197.0,80.0,340.0,12.0,515.0500000000002,591
650489,Willi Castro,974,0.03576041261255172,0.035119218394956915,0.03178375190627699,-0.015257194472963715,0.014528357512161787,0.0563656268599121,0.08878329006630753,0.6994,0.7006,0.871,0.3932,0.1632,0.0206,194.0,91.75,327.0,19.0,493.0,591
543807,George Springer,933,0.03564281184774825,0.03539968990224855,0.0314201675298478,-0.014727936171572385,0.014387024791081756,0.056682947125028554,0.08638730590371516,0.7014,0.701,0.8714,0.3968,0.175,0.02,193.0,89.0,324.25,21.0,485.0,591
805999,A.J. Ewing,824,0.03562753578472895,0.0356181128750943,0.03215581740795024,-0.017436043727785358,0.014592153950804963,0.05650391609469459,0.08803274367423046,0.7052,0.7078,0.8676,0.3992,0.1632,0.0254,190.0,90.0,322.0,20.0,499.0500000000002,591
668939,Adley Rutschman,642,0.03551737328865797,0.03473555283182288,0.0333112487416675,-0.01731557483802069,0.012635425243633472,0.057657906843549156,0.09151788298791202,0.6858,0.6888,0.8574,0.3954,0.1748,0.0252,195.0,89.0,337.0,18.0,496.0500000000002,591
660670,Ronald Acuña Jr.,870,0.03536529436717255,0.035129821155426594,0.033432154884903996,-0.01844509222697544,0.013001598537241197,0.057060784697996844,0.09114448526582851,0.689,0.689,0.8574,0.4026,0.1714,0.026,192.0,89.0,331.0,18.0,501.0,591
668804,Bryan Reynolds,1228,0.0352524659298525,0.03449870907227226,0.03212726947874883,-0.016496282243936993,0.013250544418376314,0.05707878763695923,0.088457712020258,0.6908,0.6902,0.8658,0.395,0.169,0.0208,198.0,89.0,333.0,19.0,492.0500000000002,591
664034,Ty France,983,0.03468457938767322,0.03466547115598346,0.031587827288420356,-0.0175288891071799,0.01402496269939054,0.05546918010711888,0.08614179330278839,0.695,0.6958,0.8702,0.3894,0.1526,0.0264,198.0,95.75,327.0,21.0,499.0,591
670541,Yordan Alvarez,1080,0.03439431821504855,0.03338064988556204,0.030335988339507406,-0.01384036889715454,0.013886742485086744,0.05452702206110375,0.08592922183925049,0.6974,0.6966,0.8746,0.372,0.1452,0.0208,201.5,100.0,327.25,23.0,487.0,591
666160,Mickey Moniak,858,0.03433917309916332,0.03398445981865329,0.0300097385971041,-0.013956853775872614,0.014206631018400386,0.05375609213530794,0.08511906177920431,0.7006,0.7012,0.873,0.3758,0.1434,0.0194,201.0,100.0,327.0,23.950000000000017,483.0500000000002,591
682998,Corbin Carroll,1118,0.03406821239446025,0.0334288952012871,0.03123871475399988,-0.01583928225415478,0.012445583276939074,0.05459516220313497,0.08648183125177136,0.677,0.679,0.866,0.3794,0.1526,0.0246,204.0,98.0,337.0,22.0,492.0,591
677594,Julio Rodríguez,1186,0.03399719728049856,0.03326434611530933,0.030221088686410186,-0.014242638418425766,0.013588869584189119,0.053700837269550765,0.08487282134189836,0.6916,0.6908,0.87,0.3692,0.1484,0.02,206.0,101.0,329.0,25.0,483.0500000000002,591
673548,Seiya Suzuki,1043,0.03391654311638481,0.03365706939656763,0.0307649592122592,-0.014913387405934989,0.013167588901100043,0.05368115275229051,0.08617208529373957,0.688,0.6894,0.8664,0.3706,0.1478,0.0206,205.0,102.0,331.0,22.0,489.0,591
665161,Jeremy Peña,914,0.03383374843813693,0.03306705566825941,0.03030249550314604,-0.014161689588005311,0.013120166381294839,0.05436345699765932,0.08403044403237295,0.6828,0.6826,0.8742,0.368,0.1424,0.0192,205.0,98.0,332.0,25.0,483.0,591
669394,Jake Burger,1108,0.033709618611244795,0.03427328059125116,0.030301881055097662,-0.016634147560445026,0.013600037894979945,0.053906466637307554,0.08368883124728031,0.6912,0.6912,0.8702,0.3748,0.1372,0.0226,200.0,102.0,330.0,25.0,493.0,591
663368,Blake Perkins,166,0.03360013489478204,0.03414671955572098,0.03657877867050173,-0.024619642064130406,0.009068973683174926,0.0576180023379172,0.09464740406922174,0.6516,0.6528,0.8216,0.3932,0.1794,0.0428,201.0,87.0,360.0,15.0,525.0,591
681047,Christian Franklin,73,0.03295316432027528,0.03266664414784394,0.03784462146905016,-0.029363580461362174,0.00782827711978074,0.05710862607310703,0.0962553024009774,0.6532,0.6512,0.8086,0.3846,0.1844,0.0552,208.0,89.0,366.0,13.0,535.0500000000002,591
687363,Victor Scott II,289,0.03284149150306217,0.032259237608331326,0.035826182563593774,-0.02617538357497186,0.008924874602179299,0.05612375076243292,0.09212697898703534,0.651,0.6494,0.8314,0.3784,0.1682,0.0418,210.0,92.0,359.0,17.0,522.0500000000002,591
608070,José Ramírez,918,0.03280886360921195,0.03194003674397934,0.03299058872032745,-0.02112086828165271,0.010575423106037232,0.05421769666346907,0.08827532386862769,0.6586,0.6576,0.8506,0.364,0.1574,0.0314,212.0,99.0,348.0,20.0,509.0500000000002,591
596142,Gary Sánchez,379,0.0327438635551598,0.0323627809033461,0.03556671146125982,-0.02443187223080238,0.009020443072643576,0.05570418844806706,0.09243744347381248,0.6528,0.654,0.8278,0.3734,0.1702,0.041,210.0,94.0,359.0,17.0,520.0,591
628451,Andy Ibáñez,51,0.03241347199483706,0.03208807799359628,0.0374620870407844,-0.026921629326349967,0.0073471998770251925,0.056940755266544046,0.09444065800831784,0.64,0.6384,0.8106,0.375,0.1824,0.0488,215.0,89.0,369.0,14.0,531.0,591
695734,Daylen Lile,1250,0.032281814553749254,0.03219740407158464,0.030603276612467947,-0.016580808358905144,0.010951629481336555,0.05240688760084405,0.08312591461415901,0.6646,0.6676,0.8552,0.3524,0.1382,0.0232,209.0,106.0,346.0,26.950000000000017,496.0,591
592450,Aaron Judge,516,0.03226466574535163,0.03213017155331376,0.03303394355662539,-0.02083069360958308,0.010391387012354194,0.0530977729989211,0.08829190455469257,0.6646,0.664,0.8364,0.3568,0.15,0.0302,213.0,103.0,351.0,20.0,510.0500000000002,591
553993,Eugenio Suárez,889,0.03224433043372748,0.03178392209947444,0.03373579243318145,-0.02208318706221559,0.009581578490707858,0.053955955269718796,0.08818388109620935,0.6546,0.6552,0.831,0.3642,0.1528,0.0352,213.0,102.0,354.0,20.0,516.0,591
620443,Luis Torrens,498,0.03193373256299851,0.030787658223279998,0.033182163687991144,-0.022128503079808213,0.009169074905117912,0.05423646947692164,0.08632338313116172,0.6546,0.6534,0.8318,0.3598,0.1512,0.0296,217.0,102.0,358.0,22.950000000000017,510.0,591
663604,Brandon Lockridge,201,0.03187812338231942,0.0318670909630846,0.0326784303781828,-0.022451474025181675,0.010220842325271836,0.053514055268709976,0.08588768173783816,0.6604,0.6578,0.8406,0.3624,0.1418,0.0372,213.0,105.0,348.0,22.0,514.0,591
802139,JJ Wetherholt,978,0.03186283265360505,0.031661457827121584,0.03221448980108445,-0.020238633915983423,0.010568657724698546,0.053137339502068295,0.0848912095414441,0.6592,0.661,0.8424,0.3562,0.1376,0.0304,214.0,106.0,348.0,22.950000000000017,510.0,591
681198,TJ Rumfield,1073,0.031813570098537955,0.031659560500390725,0.03169762740678023,-0.019920443972485838,0.010656418507549306,0.0522359609355767,0.08423492614392246,0.6602,0.6608,0.8456,0.3514,0.1376,0.0284,215.0,109.0,348.0,23.950000000000017,506.0500000000002,591
543877,Christian Vázquez,468,0.03180481766448107,0.03131313169096239,0.03337024730544148,-0.022929163142482216,0.009370680754364674,0.053672734478344815,0.08693439313835313,0.6548,0.6554,0.834,0.355,0.1442,0.036,216.0,101.0,357.0,23.0,513.0,591
672284,Jarred Kelenic,147,0.03179288495090322,0.03136184217735892,0.03652040248389641,-0.02660115113296596,0.008127318064248823,0.05519513785820443,0.09383014916647908,0.64,0.6408,0.815,0.3582,0.1626,0.0484,215.0,98.0,365.0,15.0,531.0,591
621566,Matt Olson,1293,0.031723480339314894,0.03153267856648931,0.02917075045469069,-0.014580787984831086,0.011557768096599794,0.050124145442120606,0.08125531660646079,0.6634,0.6638,0.8606,0.3374,0.1184,0.0166,214.0,115.0,342.25,29.0,485.0,591
694249,Cole Carrigg,641,0.03166776141928561,0.030674437775978693,0.03597973717534212,-0.024626893768953113,0.007016677614606313,0.05582694190071381,0.09268895544018045,0.6326,0.6316,0.8098,0.3624,0.1688,0.0444,218.5,96.0,372.0,17.0,525.0,591
695600,Carter Jensen,1045,0.03165860634125243,0.031721044060866455,0.033223359356289804,-0.02339241009191958,0.009232522308515128,0.05440720823398317,0.0852400877018663,0.6492,0.652,0.8322,0.3632,0.1484,0.037,212.0,101.0,358.0,23.0,515.0,591
805347,Jim Jarvis,192,0.03154351232334645,0.03080382349090908,0.03649466960794566,-0.027609998058573303,0.0076606314280801314,0.055317182552130875,0.09310202019444408,0.6286,0.6304,0.8124,0.3614,0.167,0.05,217.0,96.0,368.0,15.950000000000017,531.0500000000002,591
673490,Ha-Seong Kim,237,0.031515448658251274,0.030397418566466987,0.0368172999113323,-0.027554841323685263,0.007731166333903099,0.05493975744063922,0.09412435790854011,0.6328,0.6332,0.8112,0.3606,0.1686,0.0466,221.0,95.0,369.0,15.0,528.0500000000002,591
687282,Gabriel Rincones Jr.,197,0.03149181123876937,0.03051016220645112,0.03465130280171651,-0.02497325970086492,0.009009768959119924,0.053929590311853716,0.08868679487528255,0.6414,0.638,0.8256,0.3506,0.1574,0.0402,223.0,100.0,360.0,19.0,521.0500000000002,591
621438,Tyrone Taylor,407,0.03144001714040715,0.03116690003769476,0.03585485528759974,-0.02698579721430565,0.007802789460779167,0.05464077371508861,0.09055477168516356,0.6342,0.633,0.8176,0.3606,0.1636,0.047,215.0,97.0,367.0,18.0,527.0,591
691011,Drew Romo,365,0.03131908313163409,0.030798833619766104,0.035236177266531166,-0.02554259212724105,0.007697588127060532,0.053538662072453544,0.09187704373324611,0.6428,0.64,0.817,0.3506,0.151,0.0426,219.0,104.0,365.0,17.0,522.0,591
663837,Matt Vierling,522,0.031124579401324855,0.030830858848189535,0.03054653658743292,-0.018376498996649338,0.010852709666394957,0.05108088326967977,0.0819751593891393,0.6618,0.6608,0.8488,0.3336,0.1242,0.024,220.0,114.0,348.0,26.0,500.0500000000002,591
664728,Kyle Isbel,481,0.030937027266423764,0.030394391081981924,0.03340464063454417,-0.022977481425650183,0.008245314196325569,0.052899678740660296,0.08605754571378517,0.6346,0.6348,0.8268,0.3456,0.1486,0.0354,221.0,106.0,363.0,23.0,518.0,591
702222,Justin Crawford,827,0.030919770235006378,0.030599229940600773,0.033076485639449316,-0.02395098112432242,0.009149978794161167,0.05326909442440789,0.08523129754405169,0.646,0.6484,0.8298,0.3464,0.145,0.0378,219.5,104.0,356.0,23.0,519.0,591
663457,Lars Nootbaar,475,0.030693556880200715,0.029879005476169233,0.035283268697482745,-0.025121866577672184,0.0072837699909010034,0.053802466097954194,0.09037007198676837,0.6268,0.627,0.8132,0.3518,0.151,0.0464,226.5,100.0,370.25,18.0,527.0500000000002,591
669392,Samad Taylor,232,0.030689635957758168,0.03014929926527078,0.03547574374936859,-0.027401954974482823,0.007054150580108723,0.054444749876048,0.08949943086297191,0.6292,0.63,0.806,0.358,0.155,0.0458,223.0,100.0,371.0,19.0,527.0500000000002,591
543510,James McCann,273,0.030532657831594968,0.02979507610391674,0.03514309451185227,-0.026181691731773548,0.006933409741192977,0.053364969733120174,0.09054170279392684,0.6294,0.6268,0.8106,0.3516,0.1522,0.0454,226.0,104.0,370.0,19.0,526.0,591
642851,Austin Wynns,173,0.030474084625113782,0.03029463454823938,0.034570302525472225,-0.025533495868921736,0.006982978638675192,0.05305284663775371,0.08742489455804574,0.6318,0.6284,0.8088,0.3534,0.1478,0.0454,223.0,102.75,370.0,22.0,527.0,591
670623,Isaac Paredes,1127,0.03043936119694999,0.029831912456423762,0.03299373382831896,-0.023710242530461147,0.009124171099722009,0.052017145273251235,0.08539034784961515,0.64,0.6396,0.8278,0.3408,0.1374,0.0376,224.0,108.0,360.0,24.950000000000017,519.0,591
681624,Andy Pages,1051,0.030301041276893148,0.029454291482917404,0.032875360282818955,-0.02304458881759704,0.008880521288826604,0.05237074171359547,0.0844936051136733,0.6344,0.6346,0.8276,0.3322,0.1366,0.0356,228.0,109.0,360.0,24.0,517.0,591
665923,Esteury Ruiz,420,0.03011324899335026,0.029863740870477537,0.03479431744306284,-0.026502730546927797,0.006571764614646549,0.052830798964500505,0.0881587368455727,0.6228,0.6236,0.801,0.3428,0.153,0.0464,226.0,104.75,373.0,20.0,527.0,591
670042,Luke Raley,580,0.02993065554009059,0.029649044042978953,0.03587721569076057,-0.028643676619329483,0.006691825756369609,0.05358465583305895,0.08904932342533033,0.625,0.6256,0.8004,0.3464,0.1498,0.048,227.0,104.0,373.0,20.0,530.0500000000002,591
805805,Walker Jenkins,126,0.029855646114309395,0.029311748290523104,0.03668515884074729,-0.028234548615533255,0.005824119949327223,0.053861800827791864,0.09094870454878301,0.6182,0.6202,0.7974,0.347,0.1532,0.0534,227.0,103.0,378.0,18.0,536.0,591
808959,Munetaka Murakami,932,0.029765136960724692,0.02975005361566702,0.032099998185751065,-0.022370919901316653,0.007447758299564058,0.05159874076935438,0.08142098521278923,0.6332,0.632,0.8198,0.334,0.1268,0.0332,225.0,110.0,368.0,27.950000000000017,512.0,591
642708,Amed Rosario,453,0.029730621769440087,0.029066647057235905,0.03499937069531567,-0.02635083146786595,0.007136629448977044,0.05144445806568841,0.09020023489784476,0.6238,0.624,0.81,0.3296,0.1446,0.0468,228.0,113.0,373.25,19.0,529.0,591
672580,Maikel Garcia,485,0.029660424289958236,0.029284311462830587,0.033312843023167414,-0.023635794535983076,0.006975295243692606,0.05182758538034588,0.08498808679099962,0.6268,0.6254,0.818,0.3344,0.1358,0.0382,228.0,109.0,368.0,24.0,520.0,591
672012,Tyler Black,51,0.029641614652896005,0.029194772125292028,0.03594228762788439,-0.03036800064785893,0.006205569074121709,0.05297228619495942,0.08938587954498588,0.6162,0.6138,0.7978,0.3454,0.1528,0.055,228.5,103.0,377.25,20.0,536.0,591
686681,Michael Massey,806,0.029487285702580454,0.028855872422291273,0.03293712052255367,-0.02519179019699442,0.007939527605121083,0.05131909057303375,0.08369246703032275,0.6296,0.627,0.8216,0.3292,0.133,0.041,232.5,111.0,365.0,25.0,521.0500000000002,591
664954,Brett Sullivan,389,0.02945037718252799,0.029004814650582973,0.03320248818316565,-0.024135047972886344,0.007294286022767846,0.05158171306719354,0.08378776959554277,0.6266,0.6252,0.8096,0.333,0.1332,0.041,233.0,110.0,368.0,25.0,523.0,591
680474,Max Schuemann,138,0.029413416711072695,0.029112428913493686,0.03676247534955746,-0.029478011716039792,0.0047805838345531815,0.053059520348076254,0.09061098697998188,0.6166,0.6146,0.7894,0.3416,0.1512,0.0564,228.0,104.75,385.0,18.0,537.0,591
701398,Sal Stewart,1254,0.029255830205346986,0.028870083874343522,0.03296335728671066,-0.024235785813390455,0.007230339428287361,0.05122690110361171,0.0841742983298889,0.6262,0.624,0.8136,0.333,0.1272,0.0424,234.0,113.0,370.0,26.0,522.0,591
696135,Kahlil Watson,180,0.0292425490010295,0.028169454941108174,0.03555946781980479,-0.027535613251551003,0.005796468191394432,0.05236912943336361,0.08945201894178002,0.616,0.6154,0.7994,0.3348,0.149,0.05,237.0,109.0,379.0,19.0,531.0500000000002,591
677942,Blaze Alexander,594,0.02920862007584114,0.028835126280439202,0.034882544777625826,-0.028118943096462512,0.005987669868631537,0.051939017413125815,0.08743382420761643,0.6178,0.6164,0.8018,0.3366,0.1466,0.052,233.0,107.0,378.0,21.0,534.0,591
641584,Jake Fraley,171,0.029156991439634766,0.028767150626613436,0.03635782086313207,-0.03005410206815977,0.00578990464745388,0.05283399855438624,0.08984067554563528,0.6154,0.6168,0.7968,0.3386,0.1496,0.058,232.5,105.0,381.0,19.0,538.0,591
608701,Rob Refsnyder,227,0.028828009562540412,0.028204152237550073,0.035038971895778405,-0.02711281211754878,0.005871117372274781,0.0515960878646155,0.08705844536400491,0.6088,0.609,0.7986,0.3264,0.1416,0.049,233.0,111.0,379.0,21.0,530.0,591
681351,Logan O'Hoppe,494,0.028826503218045734,0.027846401803949934,0.03547856579680153,-0.027938258039516765,0.0053024065757603465,0.05090398799866362,0.08868682575332913,0.602,0.6058,0.7964,0.327,0.1418,0.0514,237.0,111.0,382.0,19.0,533.0,591
666126,Carlos Cortes,638,0.028762243256390492,0.0283190228444031,0.03183748656415231,-0.02356741543851248,0.007657156389003853,0.049196519575181966,0.08224088132950776,0.6228,0.6226,0.822,0.3096,0.119,0.0368,233.0,119.75,365.0,28.0,518.0,591
682663,Agustín Ramírez,446,0.028725362808249163,0.028041119654873055,0.03547573646110454,-0.029453938486703784,0.005659048532143792,0.05199574458101274,0.08725422186379742,0.6102,0.6094,0.7974,0.3306,0.141,0.0514,234.0,109.0,381.0,20.0,532.0500000000002,591
642201,Eli White,409,0.02868751098975406,0.028550661559824324,0.03367160968962935,-0.02541146401582762,0.005967063274983668,0.05067334030476642,0.08400090260723449,0.6124,0.6102,0.8072,0.3218,0.1336,0.044,234.0,114.0,377.0,24.0,525.0,591
687859,Troy Johnston,802,0.028594772368700914,0.028096038211787452,0.034285942185488805,-0.026583642670360858,0.006064536563561376,0.05063598734773254,0.08539141842652502,0.6098,0.6142,0.8002,0.3246,0.1358,0.0464,238.0,115.0,379.0,23.0,529.0,591
690984,Petey Halpin,354,0.028572886678925352,0.02797546356812456,0.03431168224354475,-0.026994236054875366,0.0050857504286447395,0.05112409130949659,0.08510105733343076,0.6062,0.6056,0.7964,0.3282,0.1316,0.0432,238.0,113.0,383.0,23.0,526.0,591
661531,Brian Serven,147,0.028444077510639158,0.027969689080064152,0.036392813674909555,-0.030106665997522413,0.004551254579568942,0.05189942175932822,0.08917795085847735,0.597,0.6,0.784,0.3316,0.1444,0.0556,236.0,107.0,391.0,20.0,537.0,591
663494,Bryan Torres,302,0.02843084928157798,0.027580271742672635,0.03678399307542633,-0.03171173442703979,0.003951775100292446,0.052285772881597505,0.09063493198295738,0.602,0.6022,0.7834,0.333,0.1514,0.0588,238.0,107.0,388.0,19.0,540.0,591
695731,Braden Montgomery,654,0.02837643705166224,0.02778697485971588,0.03400649931059592,-0.026519299036561705,0.0054350444576327425,0.05017569136917269,0.08642284279319878,0.6028,0.6038,0.8046,0.3222,0.1332,0.0486,237.0,113.75,380.0,23.0,530.0,591
694374,Tim Tawa,590,0.02830769610697784,0.02836588879030668,0.03334774955396962,-0.027022357670115987,0.006804507663387532,0.05000404082890477,0.08355900907255161,0.6096,0.61,0.8124,0.316,0.1206,0.0466,233.0,119.0,373.0,26.0,529.0500000000002,591
670156,Miles Mastrobuoni,42,0.02829670896271658,0.028363525496577814,0.03730205327162677,-0.03214715833119135,0.0032338064450179852,0.052535014977957026,0.08948832190408998,0.6036,0.605,0.7838,0.334,0.1524,0.0618,237.0,107.0,392.0,19.0,544.0,591
605137,Josh Bell,1164,0.02824111170182132,0.028671821281918555,0.030940373776778485,-0.022908517789183038,0.008450861082072884,0.04837239771671232,0.07893559486384717,0.6236,0.6256,0.8252,0.3042,0.11,0.0394,236.0,124.0,362.0,32.0,521.0,591
656484,Tristan Gray,390,0.02822533500279027,0.02792678089943443,0.035955054004603026,-0.030129835083674745,0.0047175014002889815,0.05162830061193884,0.08871486833460088,0.603,0.6032,0.7874,0.3276,0.1414,0.0576,239.5,110.0,388.0,20.0,538.0500000000002,591
806198,Cooper Pratt,433,0.028154560690749952,0.027785757446601785,0.03553251853980795,-0.031088073807644372,0.0051714675188295044,0.05160961703662882,0.08670829104257388,0.6028,0.5998,0.795,0.3246,0.14,0.0558,237.0,109.0,383.0,24.0,537.0,591
805346,Ben Ross,41,0.028115627858743095,0.02809274576485253,0.03600900364300905,-0.031113316045919815,0.004431490041459962,0.05209277175539864,0.08717703563218467,0.6068,0.606,0.7886,0.3296,0.142,0.0594,236.0,109.0,384.0,21.0,538.0,591
516782,Starling Marte,336,0.02807501605103698,0.02771353328842452,0.033990740360550824,-0.028164258175109293,0.005290319019622543,0.05054105948963708,0.08387215051802811,0.6036,0.6082,0.801,0.3272,0.1286,0.0504,238.5,115.0,381.0,26.0,532.0,591
668885,Austin Martin,524,0.028056883424309193,0.02775896297703727,0.033573536010863415,-0.02642088106811405,0.006094003170101691,0.05025355348707201,0.08209648483527315,0.6066,0.607,0.8078,0.3178,0.1226,0.045,238.0,115.75,376.0,27.0,526.0500000000002,591
681987,Nate Eaton,108,0.028055773951355674,0.02766913860238497,0.035871414356619676,-0.029977423482534227,0.004574579165671677,0.05183322265520237,0.08705611757286455,0.5992,0.5998,0.7896,0.3314,0.1448,0.0548,238.0,108.75,387.0,21.0,536.0,591
695257,Billy Cook,104,0.02786664438376703,0.028076872445772755,0.03682387280893639,-0.03316661367823565,0.003927182042200644,0.051611988857848574,0.08816284112107005,0.5968,0.596,0.7802,0.3386,0.1496,0.0632,234.5,108.0,391.0,20.0,545.0,591
695508,Cam Cauley,99,0.027822323255229934,0.027930302706747193,0.03738848714183191,-0.03226103359735662,0.002348548725007131,0.05312058099466219,0.08909264488912444,0.5912,0.5926,0.7698,0.3394,0.149,0.0642,237.0,105.0,397.25,19.0,544.0,591
663586,Austin Riley,1162,0.027697909754136264,0.027738763609953733,0.030966193527811964,-0.022720289903849313,0.007337218246829471,0.047747110965148123,0.07827945063307024,0.6182,0.6174,0.82,0.2994,0.107,0.0366,240.0,128.0,369.0,31.950000000000017,515.0,591
664983,Jake McCarthy,1015,0.027505500718080417,0.027278395014562862,0.03126596203649306,-0.023421120951234352,0.006953833241594162,0.04788347549136855,0.07921620022675095,0.6108,0.6098,0.8116,0.2988,0.1092,0.0368,241.0,127.0,370.0,31.0,520.0,591
805300,Jakob Marsee,882,0.027375471146287345,0.0261020591317314,0.033515244622557686,-0.025482185631006835,0.004567729295571924,0.04947480807504015,0.08449130635123325,0.5926,0.5902,0.7934,0.3082,0.1264,0.0442,250.0,118.0,384.25,25.0,525.0,591
521692,Salvador Perez,1245,0.027348648125891738,0.026602950456658836,0.03191700137515761,-0.02560576531214904,0.0071758350096181815,0.047885099987226135,0.08118770404599585,0.6058,0.6042,0.8128,0.2982,0.1092,0.0424,243.0,127.0,370.0,29.0,523.0,591
519317,Giancarlo Stanton,172,0.02731481291302967,0.027126520014508874,0.03664527545915988,-0.03231543873786266,0.0025239202670989183,0.051957568622373856,0.08689908445628604,0.5926,0.5888,0.77,0.3322,0.1382,0.062,240.0,110.0,398.0,22.0,540.0,591
693307,Dillon Dingler,1082,0.027049708966805697,0.02684644567131384,0.03237093828504717,-0.02517649151233117,0.005260355029370839,0.049264919872327353,0.08005318357938838,0.5968,0.597,0.7984,0.3068,0.1152,0.0416,244.5,124.0,383.0,28.0,524.0,591
814430,Brett Callahan,145,0.02701360076870285,0.027140688730383195,0.037103721167680265,-0.03381068953914163,0.0028708272526106536,0.051068295815294526,0.08811046369837242,0.589,0.5888,0.7712,0.3234,0.1396,0.0694,243.0,111.0,397.0,19.0,547.0,591
669326,Bryce Teodosio,92,0.026995707338101117,0.026000363488108715,0.036660610782241365,-0.03208918412357681,0.0030477013913611005,0.05079926464723376,0.08846757762190817,0.5776,0.5798,0.7758,0.313,0.1388,0.0636,251.0,114.75,394.0,21.0,542.0,591
805367,Chase Meidroth,1041,0.02694209546681887,0.026866074127590647,0.029216166099911647,-0.022403637223038664,0.007762696161007762,0.04634508081967656,0.0754305531818551,0.6128,0.6108,0.8224,0.2796,0.0916,0.031,243.5,135.0,368.0,38.95000000000002,512.0,591
621550,Patrick Wisdom,104,0.026934188234760757,0.02647393161588319,0.03669477518566615,-0.031710708823824346,0.0023467578775431073,0.05126978959236545,0.08718477538911895,0.5862,0.5864,0.7698,0.318,0.142,0.06,245.0,113.0,395.0,21.0,542.0,591
700246,Carson Williams,79,0.02692010129688456,0.02608458764731829,0.03582251235843779,-0.0319894110132306,0.003715853049087273,0.050433807240601876,0.08599603025082865,0.583,0.5834,0.7832,0.3204,0.1306,0.0622,248.0,115.75,391.0,22.950000000000017,541.0,591
642715,Willy Adames,939,0.026908765964171202,0.026976642194312436,0.03335277330440891,-0.02861849546208767,0.004573634663989289,0.04844828219636452,0.08251020573518099,0.5976,0.596,0.7934,0.3032,0.117,0.0478,244.0,125.0,387.0,28.0,530.0,591
656775,Cedric Mullins,892,0.02688337856661827,0.02660903723584606,0.032456492874267634,-0.02422525292104142,0.00491925052719616,0.04825386082565194,0.08110043576549994,0.5984,0.5978,0.7992,0.2944,0.1142,0.0392,246.5,126.0,381.0,30.0,522.0,591
695490,Edwin Arroyo,311,0.026854055773949555,0.02729777316206268,0.03617932811023558,-0.0328155134255103,0.002836690941298987,0.05044610150599827,0.08684637738764601,0.5914,0.5916,0.7746,0.3144,0.132,0.0628,243.0,115.75,399.0,23.0,542.0,591
665487,Fernando Tatis Jr.,1063,0.026800907484666816,0.025756245395489624,0.03258865532144851,-0.026397523259198627,0.005072040344875194,0.04827258322852982,0.08151549503490006,0.5932,0.5876,0.8002,0.2946,0.1162,0.0466,249.0,124.0,382.0,29.0,528.0,591
595879,Javier Báez,354,0.02666891307482495,0.026529187716744784,0.035670059808243684,-0.03087099961395377,0.0026014942462534553,0.05025471611017902,0.08515509925737823,0.588,0.587,0.773,0.3106,0.1302,0.0576,246.0,118.0,396.0,23.0,537.0,591
701678,Hao-Yu Lee,580,0.026509484528963772,0.027548619743300487,0.03476399244095642,-0.03087592691468913,0.003580844823743422,0.048884556185658214,0.0827992604495474,0.5972,0.5958,0.7808,0.3106,0.1242,0.0578,241.0,120.0,388.25,27.0,538.0500000000002,591
665861,Sebastián Rivero,133,0.02649681497049799,0.02707337697127415,0.03642765126309531,-0.032914304708825136,0.0019999413609571135,0.05014535914553239,0.086537906087999,0.5842,0.5816,0.7672,0.3126,0.1328,0.0652,246.0,120.0,403.0,22.0,544.0,591
677956,Rece Hinds,128,0.02637227678718379,0.02636135825280753,0.03617250641320785,-0.033935953282988096,0.0021546423601906672,0.050148675050768796,0.08457796911542863,0.5934,0.593,0.7698,0.3098,0.136,0.0654,246.5,117.0,399.0,22.950000000000017,544.0,591
681715,Heriberto Hernández,852,0.02624775114017786,0.02598163412972125,0.03205006796246964,-0.02508548697380428,0.004779248166138408,0.04738908965472297,0.07899096148237714,0.589,0.5922,0.7968,0.2904,0.1092,0.0404,250.0,129.0,385.0,32.0,524.0,591
687551,Drew Gilbert,614,0.026112270064686475,0.025815825886893413,0.03391956708357462,-0.02893275868080979,0.00346861058656389,0.04839785938957707,0.08228584971824683,0.5838,0.5848,0.7814,0.3012,0.1132,0.0534,252.0,123.0,392.25,30.0,535.0,591
691594,Javier Sanoja,792,0.026054906473167834,0.026035532498763385,0.03281225786071354,-0.026967829286195507,0.004388273792754851,0.0475953926805232,0.08071091914778125,0.587,0.5894,0.7894,0.2904,0.1076,0.0476,247.0,129.0,386.0,31.0,530.0,591
694025,Felix Reyes,69,0.025947596044789127,0.025401655740051134,0.03767913607562216,-0.03437709154796996,0.0006142814994527109,0.050832171786046064,0.08881469426371662,0.5722,0.571,0.7534,0.3108,0.1406,0.0692,250.0,116.0,409.0,20.0,546.0500000000002,591
545361,Mike Trout,1026,0.02593599982221278,0.02565112888443251,0.0334356579966787,-0.03021600479883533,0.004348670278326839,0.04855508575952106,0.08046854556171809,0.5878,0.586,0.7898,0.2992,0.1092,0.055,252.5,125.0,389.0,30.0,535.0,591
669707,Jared Triolo,570,0.025846431223911417,0.02589380837494873,0.03617154770304947,-0.03241053859559792,0.0011554612823776013,0.04924742600718756,0.08595673593706486,0.5742,0.576,0.7616,0.307,0.1292,0.0628,250.0,121.0,404.0,21.0,542.0,591
596117,Garrett Stubbs,113,0.025833151798684964,0.02522711501237611,0.03642407029467266,-0.03288959664376259,0.0019093872734896812,0.049257459181825516,0.0867491381228758,0.573,0.5712,0.7646,0.308,0.1296,0.0654,254.0,121.0,403.0,22.0,543.0,591
681546,James Outman,345,0.025804488531997436,0.025395427335885505,0.03566223925103876,-0.03235575354288036,0.002748058595159171,0.04913993343391128,0.08446957521690258,0.5756,0.5724,0.772,0.2998,0.1288,0.064,255.0,120.0,399.0,24.0,543.0,591
623168,Tyler Heineman,343,0.02570391176721313,0.025277004474220273,0.03592685062818552,-0.033442572258233674,0.0019679628738489413,0.0493041720423111,0.08529496421792673,0.5772,0.5772,0.7672,0.2994,0.129,0.0658,251.0,123.0,399.25,24.0,544.0,591
815873,Sean Keys,119,0.025585001856317683,0.02557196371164689,0.036780022407636094,-0.03503811266507287,0.0014688545553776168,0.05005674181868974,0.08501501199828894,0.5724,0.5722,0.763,0.312,0.131,0.0718,253.0,119.0,407.0,23.0,548.0500000000002,591
641355,Cody Bellinger,950,0.025560562844793095,0.02555479824894484,0.0304666043322471,-0.024108825798217267,0.004335173464948279,0.046182204275032446,0.07536801414987297,0.5862,0.584,0.796,0.2802,0.0956,0.0398,252.0,135.0,387.25,36.0,522.0,591
691740,Daniel Susac,307,0.025542327286739986,0.025447518046470025,0.034805821895904344,-0.03122990280590025,0.00260794390959133,0.04774110928862503,0.0824276602807788,0.5788,0.5774,0.7736,0.2952,0.1204,0.0628,254.0,128.0,398.0,26.0,542.0,591
543309,Kyle Higashioka,326,0.025474628047493696,0.02525584692258344,0.03457732849567395,-0.03142040888963846,0.0026115322995585834,0.047789333501879194,0.08171033164803293,0.5786,0.5752,0.773,0.296,0.1198,0.0582,256.0,126.0,399.0,28.0,538.0,591
694371,Tommy Troy,239,0.02537806650032982,0.0252860743751383,0.035997209854487094,-0.03322571756729318,0.0011910009306211223,0.04918897794071247,0.08587472383506015,0.5708,0.5716,0.759,0.303,0.129,0.0662,255.0,121.0,404.25,25.0,546.0,591
695238,Will Wagner,69,0.02536761949804595,0.02497041042297404,0.03714162380906893,-0.034817354292215365,0.0010625157326320895,0.04983335167410711,0.08581903572819313,0.5696,0.573,0.76,0.308,0.1276,0.0736,255.5,120.0,409.25,23.0,550.0,591
666464,Jerar Encarnacion,83,0.025335975016278614,0.024994890263245383,0.037859823699808455,-0.03567401450302235,0.00013082478593089752,0.05018261069204489,0.08838995302740772,0.568,0.5694,0.752,0.3078,0.1344,0.0708,256.5,117.0,410.0,20.950000000000017,546.0,591
686894,Joey Wiemer,129,0.025329136552863306,0.02468723713022419,0.0367526682792355,-0.03344910529887251,0.001130401928959493,0.049091174141726535,0.08713122275259412,0.563,0.5608,0.7622,0.3028,0.1242,0.068,256.0,121.0,405.0,23.0,547.0,591
813841,Jonah Cox,250,0.02532760795923497,0.02517899125242888,0.036425647902540034,-0.0335857465807956,0.0011184151878677,0.04908232124979859,0.08634971408843709,0.573,0.5762,0.7594,0.2988,0.1286,0.0654,253.5,123.0,407.25,24.0,543.0,591
643376,Danny Jansen,351,0.0253011825641596,0.025232191166382287,0.03589861530552569,-0.03246007218742877,0.0012732524441710364,0.04888356696892907,0.08403503572436322,0.5704,0.5694,0.7616,0.304,0.126,0.0658,253.0,121.0,406.0,25.0,543.0,591
663728,Cal Raleigh,1083,0.025171535731292747,0.025280228213827364,0.03542378058888346,-0.03224505927141101,0.0013776599645187737,0.04776729707241004,0.08417542581655323,0.5678,0.5672,0.7636,0.2926,0.1244,0.0632,252.0,127.0,406.0,24.0,541.0,591
657656,Ramón Laureano,397,0.025165503938845483,0.024376681576745184,0.03647489019639357,-0.034302327596869374,0.0014723801206851955,0.048820088131968815,0.08592643767936414,0.5694,0.5668,0.7626,0.2934,0.1302,0.0684,260.0,123.0,407.0,23.0,545.0,591
682674,Victor Bericoto,204,0.025143047949752063,0.02522982055777158,0.035192725219181216,-0.03183430279676515,0.0016243778926008407,0.048659826916066455,0.08331486792267136,0.5752,0.5774,0.763,0.2944,0.1206,0.0622,253.5,124.0,404.0,26.0,542.0,591
694497,Evan Carter,656,0.02510500735688703,0.02510663250775284,0.03384291171039866,-0.03051161680921056,0.002388523066048614,0.04818865460064795,0.07988232090352637,0.5736,0.575,0.7704,0.3006,0.1106,0.0564,255.0,124.0,399.0,31.0,536.0500000000002,591
641933,Tyler O'Neill,484,0.02505426505547133,0.024922622388259305,0.03352801693728182,-0.029704462565921907,0.0027541403922061126,0.0467350058690646,0.08112542390888332,0.5764,0.5762,0.776,0.2814,0.108,0.0546,258.0,134.0,395.0,30.950000000000017,536.0,591
686823,Will Brennan,47,0.024934164200835492,0.024371061274739862,0.03735337049787641,-0.0358108510611608,0.0005728858888405527,0.04983508196485842,0.08679633717510615,0.5604,0.558,0.7546,0.3028,0.1306,0.0728,258.0,119.0,409.0,22.0,550.0,591
687231,Darell Hernaiz,302,0.024815093038225138,0.024376496224101665,0.03592063520931639,-0.0335969099767749,0.0010356067164543547,0.04875752022968953,0.08427843758386276,0.566,0.5626,0.7576,0.2978,0.1232,0.071,261.0,124.0,407.0,24.0,546.0,591
680757,Steven Kwan,862,0.024777239196997126,0.02471863855709361,0.0342464373102601,-0.031331625616199336,0.0023326213112542273,0.04735598606409114,0.08252622270222683,0.571,0.5692,0.77,0.286,0.1124,0.0612,258.0,129.75,400.0,28.0,539.0,591
691373,Jhostynxon Garcia,109,0.02469370730489993,0.02453959750940518,0.034771826708880176,-0.0318478288436105,0.0011711957336537344,0.04792045684289098,0.0819106219194785,0.5706,0.5668,0.7622,0.2944,0.1154,0.0626,258.0,127.0,408.0,28.0,545.0,591
691720,Kyle Karros,760,0.024662239909298733,0.024780728543501385,0.03233581079084794,-0.027420170127500584,0.003264387932630439,0.046633265127271714,0.07777646013052003,0.5728,0.5726,0.7808,0.2784,0.1018,0.0512,258.0,134.75,396.0,33.95000000000002,532.0500000000002,591
624428,Adam Frazier,285,0.024645509055402342,0.024408887959054392,0.03638006945621353,-0.03487691959267386,0.00091333687123199,0.04747560513969299,0.08583496649057928,0.5622,0.563,0.7592,0.296,0.1214,0.0694,261.0,128.0,407.0,24.0,546.0,591
656941,Kyle Schwarber,1250,0.024612444101002533,0.02443233581292912,0.03018116500305113,-0.024980282117924857,0.003854048507857193,0.04477095988911581,0.07355359232267406,0.5724,0.5736,0.7922,0.2622,0.0814,0.0396,260.0,143.0,388.0,40.95000000000002,519.0,591
605141,Mookie Betts,718,0.024355824010408058,0.023714601309471138,0.0347286421758949,-0.03234696450923599,0.0015157615892625925,0.046844135649703626,0.0816408959914947,0.56,0.5612,0.7644,0.2844,0.1116,0.0606,262.5,131.0,403.0,27.0,540.0,591
668227,Randy Arozarena,1161,0.02433401357698187,0.023994142971326963,0.03239623829998127,-0.02942392288672839,0.003463969869907127,0.04617194635970013,0.07865277859013034,0.5636,0.5644,0.7896,0.269,0.0942,0.0524,262.0,138.0,393.0,35.95000000000002,534.0,591
660162,Yoán Moncada,210,0.02432887271185426,0.024327666693691772,0.03679410145725767,-0.03549181656538595,0.00039263059481940574,0.04833423739829456,0.08509129263343215,0.5606,0.5572,0.7526,0.2988,0.1282,0.076,261.0,124.0,409.0,23.0,548.0,591
663853,Romy Gonzalez,148,0.02427604753905032,0.023859789860639996,0.037239134339637804,-0.03655055819622098,-0.0009362478959675912,0.04906176097387681,0.08492055464127923,0.5536,0.552,0.74,0.3022,0.1302,0.0766,263.0,121.0,421.0,23.0,550.0,591
694388,Joey Loperfido,226,0.02427035162857081,0.023805965203878968,0.03702102583093506,-0.03519174000960836,-0.0005713767183435282,0.04824697696651362,0.08664892803686787,0.5538,0.5544,0.7456,0.2916,0.129,0.076,265.0,127.0,412.0,23.0,548.0,591
806146,George Lombard Jr.,248,0.024263161839478516,0.02335285211264563,0.036016388631400276,-0.033416125916896466,0.0006765374918620763,0.047845954673987265,0.0840992908298355,0.549,0.551,0.7574,0.289,0.1278,0.066,266.0,127.0,408.25,25.0,545.0,591
571771,Enrique Hernández,164,0.024229784990089476,0.02411376968246426,0.03621752587532655,-0.03510209173475871,0.00011995144707735816,0.04882754718354511,0.08377516711018348,0.5572,0.5578,0.7514,0.2992,0.1214,0.072,261.0,122.0,413.0,25.0,549.0,591
805779,Jacob Wilson,596,0.024127627735123888,0.023594549383134246,0.03432501033636568,-0.032996500597762296,0.0018985595582803117,0.04686964056132457,0.08081078977801465,0.5534,0.5518,0.7678,0.2858,0.112,0.0634,267.0,130.75,403.0,29.0,541.0500000000002,591
695391,Brett Harris,46,0.02410148939575727,0.02360125721941959,0.037537382825421184,-0.03594017845883178,-0.0010992200300326386,0.04906935647542441,0.08458527856768538,0.5552,0.5534,0.7392,0.3032,0.1298,0.0762,265.0,122.0,421.0,25.0,551.0500000000002,591
670224,Kameron Misner,92,0.02403392411043533,0.023715194657639257,0.037327831028371276,-0.03680135372330352,-0.0008341562578006336,0.048708362500987964,0.08577052012907316,0.5548,0.5538,0.7432,0.2974,0.1276,0.0744,265.0,124.0,418.0,23.0,552.0,591
669911,Michael Toglia,46,0.024020813428573613,0.024411324285669472,0.03751168007282015,-0.03794914892480962,-0.0007221006892420621,0.048864726009938214,0.08349635352979468,0.5608,0.5592,0.7436,0.3022,0.1264,0.0822,258.0,123.0,414.0,24.0,555.0,591
656305,Matt Chapman,607,0.024012072929417535,0.023672357412125176,0.0337779103660573,-0.031037297006699008,0.0017135926895570507,0.04619935323818591,0.08066150854855854,0.5616,0.5608,0.7666,0.2784,0.1048,0.0584,265.0,135.0,402.0,31.0,538.0,591
682927,Ronny Simon,95,0.023904401657384954,0.023705005481042957,0.03655651621773488,-0.03529895324335477,-0.0003660851694442034,0.047766241188386654,0.0855775991348701,0.5578,0.5588,0.7462,0.2874,0.1196,0.0756,265.5,128.0,414.25,25.0,549.0,591
676572,Eric Wagaman,96,0.023870580295620687,0.02381770282234011,0.03658588547496552,-0.03661908463311744,-0.00011279976629616101,0.04753286555395561,0.08452287896261111,0.5534,0.5526,0.7482,0.289,0.1196,0.077,267.0,128.0,413.0,24.0,549.0,591
643446,Jeff McNeil,983,0.02386386913703749,0.02369234284781301,0.03297799096618727,-0.02968270675403104,0.0019916304607957413,0.04594187282860213,0.07872042995233185,0.5606,0.5602,0.7694,0.2716,0.1002,0.0528,265.0,136.0,402.0,32.95000000000002,533.0500000000002,591
624413,Pete Alonso,1215,0.023817574102908544,0.023326192004303893,0.029692381278526744,-0.025568112477709484,0.004451780578051156,0.04387066082962097,0.07266124190333903,0.5604,0.564,0.7982,0.2514,0.0774,0.0424,267.0,148.0,385.0,45.0,525.0,591
683002,Gunnar Henderson,1272,0.023806357666767714,0.023767205168514258,0.030830556424382535,-0.02761575990564071,0.002961213063518891,0.04426091198184827,0.07475191182268111,0.5578,0.5606,0.7844,0.2602,0.0848,0.0474,263.5,143.0,396.0,38.0,528.0,591
656537,Derek Hill,393,0.023724078213085475,0.022916004022855152,0.03478343772656573,-0.03222278732698609,0.0011309136696702595,0.04663039884207225,0.08267744998577059,0.5504,0.5504,0.7604,0.2774,0.1084,0.0636,268.0,133.0,406.25,28.0,541.0500000000002,591
694673,Abimelec Ortiz,275,0.02371803783575074,0.024224704768228855,0.03495956575550108,-0.035082185795056973,0.0010150267184009258,0.04697654613621215,0.08128138981183901,0.5606,0.5594,0.761,0.2824,0.109,0.0684,260.0,131.0,407.0,29.0,547.0,591
681807,David Fry,362,0.023711283146616087,0.0235001114166224,0.035261804811047445,-0.033566120692252836,-4.758072667922941e-06,0.04681019947843518,0.08145335725658898,0.5538,0.5546,0.75,0.288,0.1126,0.0656,267.0,129.0,411.0,29.0,544.0500000000002,591
678391,Jorbit Vivas,617,0.023618393548710294,0.02310973564711239,0.03303798102820494,-0.030741832069668854,0.002214772823746997,0.04560502052427853,0.0783360295416752,0.554,0.5552,0.7694,0.2772,0.1038,0.059,265.0,136.0,401.25,33.95000000000002,540.0,591
669087,Sam Huff,73,0.023578491669599553,0.023515080807860963,0.037056211258026814,-0.037032715703675695,-0.0010556756669150265,0.04802294024746162,0.08395480470747411,0.5512,0.5534,0.7402,0.2878,0.1244,0.079,265.0,128.0,419.0,25.0,553.0,591
686797,Brooks Lee,1153,0.023564543561769402,0.023221591214693138,0.03186107657032753,-0.028392926949289438,0.002287773984208097,0.04480087777006542,0.07587269144817822,0.5562,0.5554,0.7744,0.2658,0.0866,0.0526,266.0,141.0,399.0,39.0,534.0,591
669221,Sean Murphy,186,0.023501739724158283,0.02281325741329182,0.03568732075590562,-0.035986614881606475,0.0003068031044466321,0.04641385365464534,0.08267344310582601,0.5478,0.5468,0.7524,0.2774,0.1148,0.073,270.0,133.0,413.0,28.0,548.0,591
666969,Adolis García,488,0.02346233502525371,0.023412387054920894,0.03449754697333492,-0.03486879649344764,0.0016539140383296353,0.04618993971076308,0.07940832482144869,0.552,0.5538,0.7646,0.277,0.1012,0.0698,264.0,136.0,405.0,32.0,546.0,591
804668,Rafael Flores Jr.,263,0.02319767579810945,0.02289977068319335,0.03584478309557438,-0.035249306634605605,-0.0010770400778610115,0.04696803426999755,0.08279465942737647,0.5418,0.5434,0.7382,0.286,0.1146,0.0714,269.0,129.0,419.0,27.0,548.0,591
641598,Mitch Garver,258,0.023168561874485443,0.02257531806460513,0.03582442781567395,-0.03515747850158419,-4.9530139810266305e-05,0.04710809462035401,0.08111530086043352,0.5476,0.5472,0.7494,0.284,0.115,0.0726,269.5,131.75,416.0,28.0,546.0,591
687749,Jase Bowen,153,0.023156512203140918,0.023035891857923357,0.03714504375237157,-0.03681186391697439,-0.0013863498220792001,0.046721614154024094,0.08545333594614078,0.551,0.5472,0.735,0.28,0.1206,0.0772,268.0,131.75,422.25,22.950000000000017,551.0500000000002,591
672613,Eliezer Alfonzo,49,0.023052820302100725,0.022562544717765205,0.037246112556492426,-0.0376736051421921,-0.001208192861064512,0.04746165017605815,0.08436719233588075,0.5402,0.5384,0.7416,0.2858,0.1244,0.0772,269.5,128.0,420.0,25.0,553.0,591
805249,Otto Kemp,57,0.023038841130912653,0.022774256545077844,0.03746841129788638,-0.03958910339884102,-0.0010173427540937998,0.04738912898234458,0.08457878214305568,0.5454,0.546,0.7412,0.2896,0.1224,0.0872,271.0,128.0,418.25,25.0,556.0,591
663886,Tyler Stephenson,799,0.022974883906724735,0.022345373371551056,0.03301249859046968,-0.030519943880486525,0.001472224103895849,0.045107240131225745,0.07794393043633246,0.546,0.5454,0.7618,0.2612,0.0952,0.055,273.0,143.0,405.0,34.0,536.0500000000002,591
624512,Reese McGuire,53,0.022760152168263024,0.023282124438016714,0.036781926479046274,-0.03611665854335095,-0.0018973591271419555,0.046517661204831445,0.08309082710617119,0.5474,0.548,0.7342,0.2758,0.1082,0.0784,267.0,134.0,422.0,27.0,553.0,591
691019,Kyle Teel,239,0.022668944969939347,0.02171871166914396,0.035976385425687825,-0.03623249765010978,-0.0010701937612094857,0.046295585770416724,0.0813574193476025,0.5376,0.5376,0.739,0.2794,0.1098,0.076,276.0,132.0,421.0,29.0,548.0,591
695720,Tommy White,349,0.022662413013135933,0.022302173570105333,0.03577137603862848,-0.03567675643912907,-0.0003815346599676393,0.045317841263607446,0.08302307976464077,0.5424,0.543,0.746,0.2678,0.1026,0.074,272.0,139.0,415.0,29.0,549.0,591
682622,Noelvi Marte,391,0.022640597038731745,0.0218271848309847,0.03521163338408372,-0.03428553776332823,-0.0012079400148023926,0.04613032893454336,0.08205253590115838,0.5394,0.5386,0.7386,0.272,0.1054,0.0716,275.0,135.75,419.0,28.950000000000017,545.0,591
624585,Jorge Soler,685,0.02260208789791571,0.02184477279845446,0.0320566246515495,-0.02925649554314832,0.0015480011412363718,0.04317839861714408,0.07565826887119688,0.538,0.539,0.769,0.249,0.0868,0.0546,275.0,149.0,404.25,40.0,535.0500000000002,591
683679,Jesus Rodriguez,106,0.022423638484545923,0.021982357842535157,0.037012429029452704,-0.03743588537784556,-0.001976719296786243,0.04647501377401808,0.08586259872007089,0.5328,0.5322,0.7322,0.2742,0.1188,0.085,276.0,137.0,423.0,23.0,555.0,591
691907,Tsung-Che Cheng,74,0.022389807759805275,0.021615469381418333,0.037354840686579044,-0.03898732647433822,-0.0021857402856058443,0.04709050882304783,0.08467832789152538,0.5298,0.5272,0.7302,0.2836,0.1154,0.0816,278.0,131.0,426.0,26.0,554.0,591
672356,Gabriel Arias,287,0.0223848617494977,0.02208866035060824,0.03532299217544552,-0.03558982989826161,-0.0005666985872623792,0.04499135813183307,0.08073331083654742,0.542,0.5392,0.7446,0.267,0.1098,0.074,274.0,139.0,416.25,29.950000000000017,550.0,591
695020,Tanner Murray,47,0.022381931190525478,0.022641488441232406,0.037470917547376484,-0.03949186226392761,-0.001846060642697238,0.04716201821841903,0.08392072528433682,0.5406,0.5434,0.7334,0.2816,0.1202,0.0872,269.0,132.0,426.0,25.950000000000017,557.0,591
694362,Blake Dunn,239,0.022355893284018123,0.022187416569730854,0.03500089981357561,-0.034722655708345984,-0.0009537013741574837,0.04492194524997583,0.08066158809774118,0.5354,0.5358,0.7422,0.2656,0.1042,0.071,274.0,141.0,417.0,30.950000000000017,546.0,591
506702,Sandy León,98,0.022273747743222803,0.022123756442066315,0.03699449380919882,-0.038369090393448706,-0.002629628664200713,0.0471618982137233,0.08235020741809033,0.5416,0.5426,0.7282,0.2836,0.111,0.086,273.0,133.0,429.0,28.950000000000017,554.0500000000002,591
663662,Daz Cameron,49,0.022271538286879906,0.0213215285014823,0.037160341000345626,-0.03782518973848746,-0.00257511899777033,0.04654069944418638,0.08342158495088621,0.5284,0.531,0.7242,0.2786,0.1202,0.0818,277.0,133.0,426.0,28.0,554.0,591
677870,Leo Jiménez,320,0.022237780872344574,0.021988081576991045,0.03400700077506663,-0.033455813187453366,-0.0005890133389516911,0.0443289006463519,0.07782765732899626,0.5376,0.5388,0.7442,0.258,0.0986,0.0662,277.0,143.0,412.0,33.0,544.0500000000002,591
678246,Miguel Vargas,1177,0.022192506224319272,0.022279722338570743,0.029605043632061578,-0.025886504322771342,0.0023441835635132245,0.041808622945416256,0.07037399464194831,0.55,0.548,0.7758,0.2318,0.0696,0.0446,272.0,157.0,399.0,46.0,525.0,591
671739,Michael Harris II,1157,0.02216268474623412,0.022024286587874545,0.02975046974589675,-0.025960445291782947,0.002576548989735,0.04173483768735913,0.07128980848058686,0.5422,0.5452,0.774,0.2368,0.0706,0.044,273.0,154.0,398.0,47.0,527.0,591
592626,Joc Pederson,783,0.022154198861169764,0.02191860251556671,0.029134176810381295,-0.026543910810170396,0.00333304486927556,0.04111506046948547,0.07049361921189735,0.54,0.5388,0.7822,0.2252,0.0672,0.0434,278.0,160.0,395.0,48.95000000000002,526.0500000000002,591
701762,Nick Kurtz,736,0.022115201141583277,0.022249725749791404,0.029760018792810507,-0.027748230227003214,0.0023652432747781706,0.041875044147981155,0.07106962500700087,0.5468,0.5434,0.7728,0.2358,0.0662,0.05,274.0,157.0,400.0,49.0,531.0500000000002,591
678489,Jorge Barrosa,280,0.02203992231042343,0.021623110065781728,0.03640149416005622,-0.03904286546631444,-0.0006110831967290211,0.04626208231741609,0.08152869453417283,0.5302,0.5316,0.7444,0.2704,0.113,0.0852,279.0,134.0,416.0,27.0,556.0,591
666211,Taylor Trammell,490,0.021936278131025208,0.02167971917859199,0.035393614384191543,-0.035257109140623244,-0.001922465652906071,0.04595697563694859,0.07904445474060563,0.5326,0.5316,0.7336,0.275,0.1042,0.0764,276.5,136.0,424.0,32.0,550.0,591
663757,Trent Grisham,748,0.02193493840835634,0.021118964547787614,0.03417780431508469,-0.034241442765595154,0.00042200952773215826,0.0444418566927157,0.0776882373337605,0.5308,0.5314,0.7544,0.2602,0.0984,0.067,281.5,143.0,411.25,33.95000000000002,545.0,591
655316,Andruw Monasterio,652,0.021842045221295098,0.021983969926413834,0.03037330976673137,-0.028055176657884106,0.0016670907552600212,0.042405314537961175,0.07077316720086681,0.5456,0.5478,0.7638,0.2392,0.0714,0.0522,274.0,156.0,403.25,45.95000000000002,534.0,591
607208,Trea Turner,1236,0.02181697537946881,0.021697317801886926,0.03138793929183549,-0.02977495702441767,0.0010567739700964463,0.04236994200287788,0.07394975700922343,0.536,0.5378,0.7598,0.2388,0.0786,0.057,277.0,155.0,407.0,42.0,537.0,591
804606,Konnor Griffin,621,0.021787135226712055,0.022036634225731454,0.032572480830644415,-0.03141958034978876,-0.00047634367497894313,0.043852218322365966,0.07559584424471606,0.5348,0.5348,0.747,0.254,0.0896,0.0622,275.5,146.75,414.0,39.95000000000002,541.0500000000002,591
691277,Deyvison De Los Santos,52,0.021783410494959226,0.02200058440467206,0.037692074311750645,-0.039521905426466025,-0.003171734761107906,0.046115341922286494,0.08512509692445915,0.5292,0.5292,0.72,0.2818,0.1124,0.0918,278.0,131.0,429.0,24.0,558.0,591
691181,Emmanuel Rodriguez,57,0.02178143006055528,0.0221749136217411,0.036232939912362754,-0.03714739993878332,-0.002833686679223602,0.045465816287177205,0.08093586623930958,0.5352,0.5356,0.7298,0.2716,0.1032,0.0816,275.5,136.0,427.0,30.0,551.0500000000002,591
686668,Brenton Doyle,382,0.021534005754068875,0.021373149584368548,0.034171016963060886,-0.03440522037667794,-0.0013822277315623443,0.04419343002351537,0.07816111458977905,0.5282,0.5298,0.7368,0.2574,0.0944,0.0698,279.0,144.0,419.25,34.0,546.0,591
656413,Stuart Fairchild,40,0.021463179221629304,0.02195435948543816,0.037463891391081236,-0.03913242076633772,-0.0027967263713545533,0.04595474213246317,0.08142779581416033,0.5314,0.531,0.7244,0.271,0.1106,0.087,278.0,135.0,429.0,28.0,556.0,591
683734,Andrew Vaughn,495,0.021435778556106445,0.02151494937719757,0.03616824289893624,-0.03881237290113745,-0.002467890990462432,0.04514358589660145,0.0816386735347232,0.5278,0.5266,0.725,0.267,0.108,0.0832,279.0,141.0,427.0,27.0,555.0,591
676369,Nelson Velázquez,208,0.021299471772480708,0.02120154757551438,0.03675279500308242,-0.03870806974843319,-0.002743148944492299,0.045385025716338484,0.08244556111421655,0.5256,0.5244,0.7296,0.2684,0.1082,0.0866,282.0,139.0,428.0,29.0,555.0,591
673237,Yainer Diaz,608,0.02127340928443661,0.021609192862438197,0.03382626182124142,-0.0340287543943229,-0.0010291084900746856,0.04407490756084763,0.07581802109338075,0.5306,0.5312,0.7386,0.2566,0.0894,0.071,277.0,144.0,417.0,37.0,547.0500000000002,591
668670,Jake Rogers,282,0.021216819324263038,0.02110962821782279,0.03512899954138675,-0.03685921553647746,-0.0018832845558226293,0.04451685163115745,0.07986029398814401,0.5184,0.5208,0.7296,0.2614,0.1004,0.0796,283.5,143.0,424.25,32.0,550.0,591
676475,Alec Burleson,1248,0.021203450852168054,0.02113535226037226,0.03138084228429653,-0.030035158610395872,0.0003194653598435866,0.041549352260189576,0.07359339035039808,0.5254,0.528,0.7536,0.2378,0.0784,0.0582,282.5,156.0,413.25,41.95000000000002,537.0,591
683021,Michael Stefanic,48,0.02116215955289581,0.020238506636840424,0.03641502419022572,-0.03821909967107537,-0.002496462185233953,0.04519520961923594,0.07999603169740205,0.5182,0.5176,0.7222,0.2662,0.104,0.0854,286.0,141.0,428.0,30.0,553.0500000000002,591
702176,Alan Roden,128,0.021127323737704755,0.021266359019412318,0.03662527827840595,-0.03999055447763781,-0.0031926566737345502,0.04490355398781817,0.08178625205681138,0.5306,0.5292,0.7204,0.2622,0.1048,0.0832,279.0,142.0,431.0,29.0,555.0,591
691182,Adael Amador,141,0.02111607787234784,0.02118362306275956,0.03571470052598079,-0.03794135513509339,-0.003022156235773131,0.044445502589142455,0.07956181274486349,0.5224,0.5212,0.7224,0.2594,0.102,0.0798,281.0,143.0,428.0,31.0,553.0,591
691176,Jasson Domínguez,414,0.021101729448789096,0.020689475901187224,0.03398732311450333,-0.03577082963579649,-0.0017399932912169427,0.04382568319139227,0.07705354406567638,0.52,0.5196,0.7354,0.2544,0.0936,0.074,283.0,146.0,421.0,36.0,547.0,591
593428,Xander Bogaerts,828,0.021077496904624717,0.02176553144649739,0.032977944659925415,-0.03272392405589454,-0.000748453616559604,0.04305058144845908,0.07462312530136626,0.5332,0.533,0.7428,0.2418,0.0806,0.067,278.0,153.0,416.25,39.0,545.0,591
665966,Carlos Narváez,558,0.02104021863433362,0.02112371743596915,0.03314826556572201,-0.03295859656825351,-0.0011674173733663782,0.043292689019384024,0.07644573429560143,0.5314,0.5294,0.738,0.2462,0.0884,0.0678,281.0,150.0,420.0,38.0,544.0,591
814439,Ryan Waldschmidt,464,0.02104007738223593,0.021099626082048392,0.03404258128259751,-0.03543269070493568,-0.0016681457289760763,0.04319692098849946,0.07640512386030543,0.5284,0.53,0.7348,0.2512,0.0942,0.0744,280.0,148.0,420.0,36.95000000000002,549.0,591
701852,Drew Cavanaugh,276,0.020977840117148126,0.021012306780871258,0.03570304029414726,-0.03641858962396616,-0.0027032213572469035,0.04411346277583414,0.08090580422947811,0.5212,0.5176,0.726,0.2586,0.1022,0.0798,285.5,143.0,426.0,32.0,551.0,591
621043,Carlos Correa,254,0.02059456626746385,0.020621390835095336,0.03652895209063102,-0.03936839092203242,-0.002951173656117023,0.04431839890669725,0.08062053207741265,0.519,0.5172,0.7196,0.2584,0.1012,0.0852,287.0,143.0,428.0,33.0,556.0,591
810938,Ben Williamson,426,0.02057906598206802,0.021224406283785743,0.033997803303535044,-0.034973030232516904,-0.0023943857538342586,0.04332689206488014,0.07575324392125221,0.526,0.5252,0.7282,0.2488,0.0892,0.069,281.0,149.0,425.0,38.0,545.0,591
805904,Zach Cole,94,0.02055901287725293,0.021533913794841188,0.03596652300123817,-0.04002081484426408,-0.003006992982331483,0.043982129717056305,0.07859952196077914,0.529,0.528,0.7246,0.2544,0.0962,0.0892,281.0,147.0,428.0,32.0,556.0,591
676551,Brewer Hicklen,73,0.020444477465696467,0.020534337528373955,0.03681512379352633,-0.04058951575355177,-0.0034100188785965557,0.04433593358293354,0.08134354449883384,0.5194,0.5212,0.7168,0.256,0.106,0.0918,286.0,145.0,430.0,31.0,556.0,591
545341,Randal Grichuk,497,0.020432926913542225,0.020435794729318828,0.03436442565605087,-0.03556518044891375,-0.001480886870957216,0.04278893314573158,0.07735698384797783,0.517,0.5148,0.7366,0.2452,0.0888,0.0722,287.0,151.0,423.0,35.95000000000002,548.0,591
681297,Colton Cowser,698,0.02037893894605415,0.020402518779632055,0.03410421656727046,-0.035143750536161464,-0.0020042285598279447,0.04299232711835633,0.0773541832539851,0.518,0.5208,0.7292,0.2452,0.088,0.0748,285.0,150.0,425.0,37.0,548.0,591
702616,Jackson Holliday,590,0.02026786348381119,0.020136368656123883,0.03395281460352868,-0.034016027602724035,-0.00268795333666343,0.04238197320628593,0.07656579578095203,0.5118,0.5144,0.7272,0.2364,0.089,0.0766,289.0,156.0,426.0,36.0,549.0,591
703601,Max Clark,304,0.020224224758556272,0.020664253020136185,0.034770846382445805,-0.03659023338851385,-0.0025784978894131624,0.04274522682095595,0.07690265543995732,0.5186,0.5204,0.7234,0.2436,0.0904,0.0802,285.0,152.0,428.0,35.0,550.0,591
656811,Ryan O'Hearn,762,0.02013252572588179,0.019975053990432846,0.032275622147747096,-0.032489255614145604,-0.001428375525470384,0.0414501026365936,0.07344674884342042,0.5168,0.5196,0.7358,0.2262,0.0762,0.0662,286.0,160.75,422.0,43.0,543.0,591
641343,Jake Bauers,887,0.02003673936203438,0.019126305387243813,0.0313848204241328,-0.031156467473261187,-8.283306753237418e-05,0.03998451179875775,0.07272854547522756,0.5044,0.5006,0.7486,0.2198,0.0766,0.06,295.0,166.0,412.0,43.95000000000002,539.0,591
670242,Matt Wallner,291,0.019988987449596273,0.01958261906689797,0.03650681235796094,-0.03969615990684997,-0.003673814933286166,0.04416472488244026,0.08018369383248444,0.5132,0.511,0.712,0.2552,0.1054,0.0904,290.0,145.0,433.0,31.0,555.0,591
687597,Jordan Beck,322,0.01989245394814404,0.019966968310336296,0.035362713410026295,-0.037941329483666006,-0.0026747241862365217,0.04320538450580312,0.07765804461554657,0.5136,0.514,0.7218,0.249,0.0908,0.0868,287.0,149.0,429.0,33.0,556.0,591
650968,Yohel Pozo,116,0.019886586235316042,0.01979127195725147,0.03590008153020795,-0.03891090780835705,-0.0042157950036166925,0.043766266003826756,0.0780196776454504,0.5138,0.5122,0.7118,0.253,0.0966,0.0876,288.0,146.0,434.25,33.0,556.0500000000002,591
670097,Zack Short,117,0.019885424649719666,0.019843064228382716,0.037171066407010345,-0.04071994854971471,-0.004792150075043074,0.04435556026174372,0.08077460813177216,0.5074,0.5078,0.7052,0.2606,0.106,0.0926,291.0,143.0,439.0,28.0,556.0500000000002,591
665052,Griffin Conine,545,0.019823670926045,0.019793309852204455,0.03320045234406717,-0.03522204318352315,-0.0019825968883841302,0.04185054948896215,0.07451542807742774,0.5134,0.5146,0.7296,0.2352,0.0798,0.0736,288.0,157.0,425.25,40.0,548.0,591
691023,Jordan Walker,1168,0.019742330108820542,0.019667938038969785,0.03338110510832578,-0.034636913628282,-0.0021618843581593244,0.04225273882064077,0.07491013819386923,0.5054,0.5046,0.7278,0.235,0.0802,0.0728,292.0,158.0,424.0,40.0,549.0,591
801501,Nate Furman,65,0.01968070212486511,0.019416832577430404,0.03668129041949795,-0.041173616918589284,-0.0042946010889729595,0.04369391115570785,0.0788679622992529,0.5098,0.5076,0.7098,0.2558,0.0966,0.093,290.0,146.0,439.0,32.0,560.0,591
687529,Grant McCray,150,0.019653244600181,0.020664575406265734,0.035906768357086304,-0.03938060294064206,-0.004423767569413377,0.04359433141922113,0.07727319168395141,0.517,0.5152,0.7108,0.2462,0.097,0.0896,286.5,151.0,434.0,34.0,556.0,591
666023,Freddy Fermin,476,0.01956899572140068,0.020308859747339026,0.0363286682929045,-0.04120913155159093,-0.0037798746498379065,0.043123869613611795,0.07825381473552072,0.5144,0.5154,0.716,0.2496,0.0962,0.0926,287.0,149.75,431.25,32.0,559.0,591
602104,Ramón Urías,171,0.019560154882798806,0.019887364143896184,0.03701753845617648,-0.04169514106396922,-0.005619097942405156,0.04392551015158784,0.08073572084534712,0.5114,0.5108,0.7058,0.2562,0.101,0.0992,289.0,145.0,440.0,31.0,560.0,591
702332,Caleb Durbin,922,0.019457146420778327,0.019209163470408117,0.03188993755019706,-0.032931342400810304,-0.0015056119828639346,0.04042465770054179,0.07153091231796095,0.5044,0.5034,0.7336,0.218,0.0714,0.0634,294.0,164.0,421.0,45.0,542.0,591
592206,Nick Castellanos,263,0.019432699467812845,0.019299463075290617,0.03623761215410134,-0.03912343274372341,-0.004576331671609956,0.043863545373891345,0.07917187332599522,0.5044,0.5056,0.7044,0.255,0.0974,0.0912,293.0,145.75,437.25,32.95000000000002,557.0,591
666139,Josh Lowe,753,0.019309250460809675,0.019552951725732987,0.031720855564222765,-0.03265024705207556,-0.0010867084382603796,0.03975721324145594,0.07082687772180717,0.5106,0.5076,0.739,0.2194,0.0686,0.0652,291.0,167.0,419.0,49.0,543.0500000000002,591
647304,Josh Naylor,1034,0.01927648448430781,0.01909003076698717,0.03294175182888548,-0.03470781324049918,-0.0020766222753124883,0.041734832073946654,0.07324466655193332,0.5036,0.5048,0.7266,0.229,0.0782,0.0772,293.0,157.0,424.0,42.0,548.0,591
596115,Trevor Story,511,0.019209957165103583,0.018999342627893955,0.0360357984578449,-0.040166092639773374,-0.0043573575983408335,0.04243576082172925,0.07893824204535692,0.4978,0.4994,0.7112,0.2418,0.0926,0.0942,296.0,154.0,436.25,33.0,558.0500000000002,591
828599,Lucas Spence,76,0.019145016068006022,0.019031298245097483,0.036879445293590614,-0.041798596543671546,-0.004667128059946053,0.04332577457153189,0.0790206027225958,0.502,0.5014,0.7038,0.25,0.096,0.0934,294.0,148.75,438.25,32.0,561.0,591
686475,Tyler Tolbert,222,0.019086518033995997,0.01874926456622783,0.034295735692321166,-0.03780768762593993,-0.0028231468676487782,0.04245853847779158,0.07481715539537825,0.5014,0.4996,0.7204,0.235,0.0806,0.079,296.0,157.0,432.0,39.95000000000002,555.0,591
572233,Christian Walker,1183,0.01904320099637711,0.01921007946983495,0.03122112284473273,-0.033254674134823435,-0.0014061709000593274,0.039627538126414744,0.06941174766848203,0.5078,0.5056,0.7368,0.2146,0.0652,0.0654,293.0,170.0,419.0,51.0,544.0,591
547180,Bryce Harper,1285,0.019020633353291093,0.019107699019242013,0.028248857803472804,-0.028322599531676124,0.0004195916323658345,0.03862940937590616,0.06505975881737776,0.5056,0.5064,0.7552,0.1918,0.0452,0.0502,293.5,175.0,411.0,64.0,532.0,591
644433,Chadwick Tromp,93,0.01895961047311268,0.019371644745345553,0.037841697837018906,-0.0435114588759381,-0.005530117081545359,0.043622799465397474,0.08209251447366811,0.504,0.5066,0.701,0.2474,0.1074,0.108,291.0,150.0,445.0,29.0,562.0500000000002,591
643289,Mauricio Dubón,1153,0.018887327111750726,0.018587496143649768,0.030316561087369798,-0.030386777822448984,-0.0013784205037057362,0.03893300305252327,0.06895642274677243,0.5,0.502,0.7352,0.2086,0.0606,0.059,294.5,172.0,420.0,52.0,538.0,591
800543,Josue De Paula,56,0.018546786363929642,0.018543632524975033,0.03738722506477101,-0.04300145787343832,-0.005956489199916498,0.04376955206840935,0.0789285426486181,0.4948,0.493,0.698,0.2514,0.1012,0.0988,299.0,147.75,443.25,32.0,562.0,591
664040,Brandon Lowe,1268,0.018407157248855967,0.018586046383085024,0.03334780281025535,-0.036803683605199464,-0.0033947657524070465,0.03952830325799539,0.07347692841753574,0.4932,0.4956,0.7202,0.2146,0.0722,0.082,298.5,168.0,431.25,42.0,551.0,591
699024,Leo Bernal,133,0.018377397746687143,0.018970971028041086,0.03641636997099766,-0.04179748420429871,-0.0050396262367425945,0.041476215548157225,0.07727849225567548,0.4984,0.4992,0.7032,0.2342,0.0898,0.0984,296.0,158.0,442.0,35.0,559.0500000000002,591
695336,Thomas Saggese,324,0.018354272754619264,0.018649414173267792,0.034282240552836844,-0.0380943162101613,-0.004088894493934037,0.04093909657576552,0.07417489067097571,0.5,0.4964,0.711,0.2274,0.083,0.083,297.0,161.0,436.0,40.0,553.0,591
665489,Vladimir Guerrero Jr.,998,0.018334210541165203,0.018284757811272208,0.030568378118376635,-0.032103515259814065,-0.0022012422553585632,0.039211861523110486,0.06833134442017455,0.4918,0.4888,0.7276,0.1998,0.062,0.0632,301.0,174.0,425.0,52.0,541.0,591
687401,Joey Ortiz,658,0.018266586319549548,0.017847706116476562,0.03352586727669929,-0.03651391509322432,-0.003596845104432211,0.0400148214737555,0.07458192701003463,0.4864,0.4874,0.7066,0.2168,0.0778,0.0782,301.0,167.75,434.0,41.0,551.0,591
676356,Jonny DeLuca,627,0.01822565377439329,0.017945499675939596,0.03302969464175415,-0.03584195456552824,-0.0039029173416972743,0.04006417828132703,0.0720735923773634,0.4878,0.484,0.7148,0.2192,0.0684,0.08,302.5,164.0,431.25,44.0,552.0,591
669743,Alex Call,344,0.018150484638712525,0.01793605759633901,0.03588784449332238,-0.04089010991038006,-0.005024090201858995,0.04185370274812192,0.07710674100491105,0.49,0.489,0.7018,0.2332,0.0922,0.0914,302.0,160.0,438.0,35.0,560.0,591
680700,Richie Palacios,665,0.017961803972702438,0.017955691868632415,0.03288057510269862,-0.035982385018724396,-0.004032734695738039,0.03998584316042365,0.07164757158569396,0.4898,0.4882,0.7078,0.2182,0.0732,0.0812,301.0,168.0,434.0,44.0,551.0,591
657136,Connor Wong,402,0.01791881949849545,0.017749726936207973,0.03572108726243998,-0.04064348481455209,-0.005134411294622069,0.04087241630606994,0.07640965551564816,0.4834,0.4848,0.6982,0.2294,0.0864,0.0978,304.0,162.0,442.25,36.0,558.0,591
691026,Masyn Winn,837,0.01789717246029635,0.017437950818627812,0.031228404004286198,-0.03366366635401913,-0.0030949984517430343,0.03840398422711748,0.0697102038363768,0.4836,0.4828,0.7152,0.2038,0.0662,0.0702,305.0,177.0,430.0,48.0,543.0500000000002,591
678554,Curtis Mead,557,0.01787194675867679,0.01734296140580697,0.03413208534599472,-0.03692481567174907,-0.004575361414143754,0.04025158046407166,0.07434898386143494,0.4836,0.479,0.7016,0.2188,0.0794,0.087,308.0,165.0,437.0,41.0,556.0500000000002,591
680716,Jonathan Ornelas,51,0.017803150376761015,0.017980526035150872,0.037476871126226795,-0.043941639139224456,-0.006651061208338586,0.042557270986047745,0.0784578052801726,0.4946,0.4926,0.6904,0.2402,0.098,0.1076,301.0,154.0,447.0,32.0,565.0,591
673962,Josh Jung,722,0.017794965460816874,0.018472787703095173,0.0320776048925966,-0.03622469534445954,-0.0028704346848781592,0.038977290861718764,0.06986406043111788,0.4964,0.4938,0.7194,0.2092,0.0664,0.0752,299.0,170.0,430.0,50.0,550.0,591
691788,Joe Mack,575,0.017749346475076682,0.01791384432280663,0.03182001986278819,-0.03281168276575814,-0.0028732978763895112,0.038262472295553136,0.06973716417206746,0.4854,0.4828,0.7202,0.1988,0.0646,0.0686,303.0,175.0,430.0,50.0,544.0,591
642020,Chuckie Robinson,45,0.017689851765334372,0.017420869897118302,0.037418269345751064,-0.04384501616125548,-0.006905299274687586,0.04247590726254954,0.07923613208284075,0.4852,0.4842,0.6872,0.2394,0.0946,0.1092,308.0,155.0,449.0,31.0,564.0500000000002,591
666310,Bo Naylor,187,0.017655675304506464,0.017520045300218022,0.03731158237657372,-0.04159695579981321,-0.006654338873454202,0.041906949749017444,0.07803881610317631,0.4834,0.4788,0.6852,0.231,0.097,0.1002,305.0,158.0,446.0,34.0,563.0,591
802415,Chandler Simpson,845,0.01760852143554093,0.017470334930721455,0.033538893414668876,-0.03634926066396672,-0.004503176912428409,0.03950558649244088,0.07337748402804431,0.4818,0.479,0.7004,0.2108,0.077,0.0818,306.0,168.0,436.0,43.95000000000002,550.0,591
687957,Dustin Harris,205,0.017557602155719748,0.01757123895144306,0.036230926029844374,-0.04225784385795854,-0.005759999436934447,0.041062458125359066,0.07778762605677801,0.4836,0.4866,0.6944,0.2272,0.0862,0.1018,305.0,162.0,446.0,37.0,561.0,591
650859,Luis Rengifo,630,0.017536986722881027,0.017195098479586383,0.03424666335785396,-0.037895908357448584,-0.0057609308032616335,0.04015870213132323,0.07440325017877929,0.4808,0.481,0.6936,0.2234,0.0768,0.0916,307.0,163.0,439.0,42.0,554.0,591
691002,Yohandy Morales,65,0.017516802534958284,0.016964759924904205,0.036882264010606944,-0.04109472674382179,-0.007010508106114727,0.04203001105838461,0.07747193381332466,0.4774,0.4766,0.688,0.2368,0.0914,0.1026,308.0,156.0,449.0,33.95000000000002,560.0,591
650391,Eloy Jiménez,66,0.017507456544108756,0.017328977422418786,0.03625902128896223,-0.043166790628431755,-0.006614811384193281,0.04169613229420458,0.07700113947389092,0.4788,0.4814,0.683,0.2326,0.091,0.0982,307.0,157.75,448.0,35.0,560.0500000000002,591
696285,Jacob Young,708,0.017392742591573425,0.017682433699745988,0.03132966348511855,-0.034464764380795376,-0.0040228584093936195,0.038113821426634276,0.06923183170230611,0.4866,0.4832,0.708,0.2012,0.0598,0.0758,304.0,177.0,432.0,53.0,549.0500000000002,591
680718,Addison Barger,51,0.017319305403224385,0.017627964054483233,0.03755215179034255,-0.04508388581795462,-0.007097294326019196,0.041797927523135284,0.0781724011298397,0.4828,0.4804,0.6834,0.239,0.0924,0.1092,306.0,155.0,448.0,35.0,565.0500000000002,591
678218,Brandon Valenzuela,520,0.017116340296037053,0.016948818210375062,0.03543661675492782,-0.04221538655364683,-0.0061552713167430245,0.04091255114415062,0.07475846358014705,0.4808,0.4848,0.69,0.2262,0.0818,0.0962,306.0,164.0,447.0,38.95000000000002,561.0,591
694410,LuJames Groover,86,0.017097383130372738,0.01741439974726667,0.03531673970156192,-0.04334998791128342,-0.006172951085893939,0.04085613200584311,0.07466776351450305,0.488,0.4874,0.6932,0.227,0.0812,0.0994,303.0,161.0,444.0,43.0,560.0,591
691783,Jordan Lawlar,208,0.016911247933092535,0.016260818046868884,0.036232276879433194,-0.040590558948864645,-0.006339863517908311,0.03991728872174434,0.07842923378020267,0.4706,0.4678,0.6856,0.2192,0.0878,0.0984,313.0,166.0,447.25,32.0,561.0,591
682729,Jonatan Clase,45,0.01684541205545716,0.016837598330194672,0.037086258093816625,-0.04351260031740076,-0.007499602678581466,0.04090893818392661,0.0771307150520176,0.4724,0.4722,0.6828,0.2316,0.0898,0.104,312.0,159.0,451.0,34.0,564.0,591
669369,Bryce Johnson,81,0.016840133464276767,0.016160650486508464,0.03613981617962587,-0.04149893294981009,-0.0071292643295416125,0.040954570382449276,0.07644547375198124,0.4736,0.4764,0.682,0.2304,0.084,0.0986,312.0,162.0,450.0,36.0,561.0,591
691728,Zac Veen,136,0.01678461635493375,0.01714446472935295,0.03695861921538618,-0.04513740659474625,-0.006499225107339855,0.0406083796926163,0.07804346193723616,0.4812,0.4794,0.6856,0.2246,0.0906,0.1058,307.0,165.0,450.0,34.0,564.0,591
606115,Orlando Arcia,83,0.016765674875841012,0.0170140616368126,0.03680908924142656,-0.044492106045223224,-0.006941336315878295,0.04150342778793296,0.0772188082237385,0.4782,0.478,0.6844,0.235,0.0892,0.1068,308.0,158.0,451.0,35.0,563.0500000000002,591
645305,Ali Sánchez,135,0.01669740091880714,0.016503681670418654,0.03660316284288848,-0.044181891454480086,-0.00733559638771873,0.04059900479496588,0.07688338552665001,0.4776,0.476,0.6836,0.2234,0.0858,0.1058,309.0,166.0,452.0,35.0,563.0,591
682634,Kevin Alcántara,48,0.016690704519784744,0.016584687515254826,0.03832141275331758,-0.0467519853812869,-0.008560758501673149,0.04245394056867547,0.08000260168350895,0.4758,0.477,0.679,0.2368,0.0954,0.1186,312.0,155.0,457.0,31.0,568.0,591
641555,J.C. Escarra,154,0.016687296797241555,0.016886803108460198,0.03623647893633017,-0.04341277931912364,-0.006233746825038918,0.04039578646892114,0.07616008417569678,0.477,0.478,0.688,0.2208,0.0812,0.1022,308.0,164.0,446.0,36.0,563.0,591
676914,Davis Schneider,238,0.016608965257479767,0.016474397582683677,0.03582144821041499,-0.042337791219091925,-0.006982460705457596,0.04039145713565799,0.076010339510833,0.4714,0.4672,0.6858,0.2224,0.0864,0.1038,312.0,167.0,450.0,38.0,562.0,591
682997,Tyler Callihan,223,0.01648479412729581,0.015942879821276703,0.0378053717482619,-0.04555777016642004,-0.007902107601006406,0.041186792755823015,0.08005507808455739,0.4628,0.4646,0.6746,0.2328,0.0936,0.116,313.0,161.0,455.0,33.0,566.0,591
664774,LaMonte Wade Jr.,254,0.01646309289454599,0.01670726726259282,0.034975393433532655,-0.03983145364548673,-0.006336582869317585,0.03918900552734186,0.07436113410796537,0.4712,0.473,0.6876,0.2086,0.077,0.0966,310.0,172.0,449.0,40.0,557.0,591
677588,José Tena,548,0.01641303164859786,0.01660063250564963,0.03130079715826081,-0.034711470107333664,-0.00443361011746335,0.03681366486700769,0.06809476943895024,0.4658,0.467,0.701,0.1888,0.0546,0.0736,311.0,186.0,434.0,56.0,546.0500000000002,591
669004,MJ Melendez,284,0.01635952521916654,0.016579192069880715,0.035628628456129796,-0.04228644319200445,-0.007195185562839933,0.040008977014623276,0.07425793403163453,0.475,0.4734,0.6834,0.2242,0.0778,0.1022,310.0,163.0,451.0,40.0,561.0500000000002,591
656976,Pavin Smith,186,0.016281997787610684,0.01627099332364479,0.03572286891648552,-0.043031313800895046,-0.007136924507336378,0.04007586743278678,0.07476012896834144,0.469,0.473,0.6836,0.2192,0.0794,0.1034,313.0,166.0,450.0,38.0,561.0,591
650333,Luis Arraez,1119,0.016205650824123286,0.01673168516705626,0.0319700924337443,-0.03603947002316469,-0.005174248091537393,0.03746373098377854,0.06807682758413511,0.4706,0.4706,0.6972,0.1932,0.0618,0.0818,309.0,179.0,441.0,52.0,552.0,591
701162,Ben Malgeri,211,0.016131812008813265,0.016792435422515097,0.035990785482511355,-0.04468095454481208,-0.007475134458781046,0.04003439759742057,0.07453939967833338,0.4758,0.4734,0.6772,0.2216,0.0782,0.1066,311.0,166.0,451.25,42.0,564.0500000000002,591
680664,Eduardo Valencia,234,0.016114882513261222,0.016299935119942495,0.03677427682412621,-0.04372986894788766,-0.008369445660689506,0.0414054874534372,0.07601996330757209,0.4688,0.4678,0.6712,0.2314,0.0822,0.1088,313.0,161.75,458.0,37.0,563.0,591
467793,Carlos Santana,54,0.01602964399024691,0.01633053013239035,0.03638261927503319,-0.0441643553443522,-0.008348340066061968,0.03975853880999537,0.07427587637591544,0.4706,0.47,0.676,0.2182,0.0804,0.1078,313.0,168.0,453.0,40.0,564.0,591
682641,Luis Matos,43,0.016018372105066327,0.01593328691490732,0.036503836367668664,-0.043259054892385844,-0.008225040212685943,0.039900850171854005,0.07662977699708497,0.4672,0.4682,0.6746,0.2224,0.0816,0.112,316.0,166.0,452.0,39.0,565.0,591
701350,Roman Anthony,336,0.01597926311786163,0.016176171595615036,0.03473841609782873,-0.041279781613245164,-0.007033841834031245,0.03841313901968076,0.07348276012988039,0.464,0.4672,0.68,0.2074,0.076,0.0968,317.0,174.0,449.0,42.0,559.0,591
665953,Andrés Chaparro,397,0.0159402309692844,0.015905982470914827,0.033473495604377,-0.0393624065330707,-0.0059971440106899926,0.03834800240649936,0.07073571927996027,0.4638,0.4642,0.6902,0.206,0.0658,0.0932,316.0,175.75,447.0,49.0,555.0,591
688363,Graham Pauley,278,0.015926187319980824,0.016139058355962244,0.03474986211399979,-0.04056480567658348,-0.006360483573303994,0.038613980416996145,0.07280070148795251,0.4666,0.4674,0.6816,0.2086,0.0706,0.0996,314.0,172.0,445.0,47.95000000000002,560.0500000000002,591
669357,Nolan Gorman,587,0.01592607655986324,0.015455328698671007,0.033089815532011235,-0.03793143324548229,-0.005611371064220486,0.037452167113516635,0.07151330218586958,0.454,0.4534,0.6938,0.1914,0.069,0.0882,320.0,184.0,443.0,48.0,555.0,591
805811,Bryce Eldridge,799,0.01586271481948367,0.015814175770918603,0.03337414164853295,-0.0384252930437235,-0.006236584907639882,0.037990363123177544,0.07078728675973672,0.4624,0.4632,0.6844,0.2004,0.0618,0.0886,316.0,175.0,446.0,50.0,555.0500000000002,591
514888,Jose Altuve,888,0.015821564755088672,0.016322378574987147,0.032425598047076294,-0.03747387244560956,-0.005855299849561073,0.037343387694255575,0.06774566911725727,0.4662,0.4672,0.692,0.1942,0.0566,0.085,313.0,180.0,440.0,55.0,553.0,591
663968,Jake Mangum,934,0.015763983305511427,0.01637902904390525,0.031124635635448695,-0.035996672261958886,-0.005222174457029548,0.03632848221029882,0.06669511060131128,0.4678,0.4698,0.6972,0.1838,0.0526,0.0802,310.0,187.0,436.0,59.0,552.0,591
666181,Will Benson,201,0.01575257459222931,0.015361235849734827,0.034969742312992505,-0.04213548625390036,-0.006770016488811423,0.038408443469141025,0.07347364371381324,0.4562,0.4544,0.681,0.2078,0.0766,0.1004,319.0,178.0,450.0,44.95000000000002,562.0,591
701807,Carson Benge,1141,0.01570867975825557,0.015534013612886005,0.029868268086355655,-0.03282855837481165,-0.004168917140595415,0.03509487451189404,0.06358341225675056,0.4622,0.4608,0.7022,0.1738,0.0482,0.072,314.0,193.0,436.0,62.0,544.0,591
661388,William Contreras,998,0.01569200544613078,0.015407833558926652,0.03162264062219474,-0.035721770059633465,-0.005166338126828621,0.03666301608494703,0.067434248993058,0.4544,0.456,0.6942,0.1844,0.0546,0.0798,317.0,184.0,441.0,58.0,549.0,591
676724,Jared Young,614,0.015676133418544798,0.015763509156195416,0.033201793276144385,-0.037602348584654124,-0.006243354819092048,0.037474935034222,0.070430060623401,0.4628,0.4632,0.6824,0.1974,0.0652,0.0874,315.0,180.0,446.0,50.0,554.0,591
518692,Freddie Freeman,1302,0.015563433213489773,0.01596900086981745,0.028465969407845224,-0.03154504795042583,-0.004048743373498554,0.03463837234716996,0.062263001650095066,0.4572,0.4594,0.7052,0.1636,0.0364,0.0658,314.0,197.0,434.0,72.0,542.0500000000002,591
669289,Santiago Espinal,105,0.015505666016061187,0.015272683276252157,0.03688541116849856,-0.04470890404017394,-0.008632520688802464,0.03986661469491099,0.07699320668798192,0.4646,0.4644,0.6658,0.2192,0.0856,0.1138,315.0,166.0,461.0,37.0,565.0,591
668901,Mark Vientos,543,0.015328717271614235,0.015144911627459647,0.03301618440380956,-0.038571891222877505,-0.007050725771185038,0.03750700382215358,0.06940863838740849,0.4528,0.4522,0.6782,0.194,0.0648,0.0916,319.0,181.0,450.0,50.0,554.0,591
667670,Brent Rooker,344,0.01528573362213709,0.015718504438728333,0.03617531789661076,-0.044852998616926994,-0.008700813954599885,0.03954385155787103,0.07325420943043931,0.4662,0.4686,0.666,0.2128,0.077,0.11,316.0,170.0,457.0,41.0,564.0,591
695681,Christian Moore,237,0.015268665878848554,0.014609001618831885,0.03627138511928678,-0.04391516760264524,-0.008813673059687076,0.03867038311604294,0.07579399836076432,0.4536,0.4524,0.662,0.2154,0.0862,0.1082,321.0,171.0,459.0,39.0,564.0,591
606992,Eric Haase,149,0.015258804462425874,0.01563336175458245,0.03738026576147628,-0.04629423907989746,-0.008875863732065281,0.03980382227812205,0.07658340464886271,0.465,0.4644,0.6676,0.2198,0.0836,0.1256,317.0,169.0,460.0,38.95000000000002,568.0,591
656582,Connor Joe,83,0.015257533577792744,0.015101120864422099,0.03677278669963077,-0.045266206603962265,-0.009092332494959837,0.03927326819606081,0.07622962535671952,0.4594,0.459,0.6644,0.2134,0.0774,0.1138,321.5,172.0,459.0,38.0,565.0,591
806956,Ethan Salas,54,0.015147610961694716,0.015754470384649492,0.03671589934785061,-0.04498919840514459,-0.008458213359194592,0.0391433564552066,0.07539619785064655,0.4604,0.4576,0.669,0.2134,0.0816,0.118,318.0,171.0,456.0,41.0,567.0,591
656555,Rhys Hoskins,548,0.015081487201352417,0.014781931564851422,0.03425778334449969,-0.041370087745712984,-0.0076862326774548365,0.03821097058760578,0.07089676171091926,0.4518,0.4468,0.6768,0.2044,0.0676,0.1018,322.0,178.75,453.0,47.0,561.0,591
699625,Jimmy Crooks,275,0.015061402711630976,0.015284408756356145,0.035337029346595945,-0.042153016725739866,-0.008369663212069986,0.03840537176806434,0.0718423017960352,0.4594,0.4594,0.6656,0.2094,0.0678,0.113,319.0,173.0,460.0,44.0,560.0,591
650559,Bryan De La Cruz,148,0.014993256342520696,0.015197046121169313,0.03754896267067848,-0.0454780141079073,-0.009743872811661183,0.039560750733611864,0.07612642696867948,0.4574,0.4578,0.6588,0.2164,0.082,0.1174,319.0,170.0,463.0,37.0,564.0,591
669397,Nick Allen,243,0.01492458419644006,0.015156853894913502,0.036471297924689,-0.045134105048169705,-0.008641199314283995,0.03929874829538886,0.07457729521633956,0.4558,0.456,0.6652,0.2096,0.0784,0.118,319.0,171.0,459.25,40.0,567.0,591
669477,Casey Schmitt,765,0.014860677336588038,0.01523342249181601,0.0375412779619115,-0.04765179278174962,-0.008372589383459132,0.03940989197243916,0.07550525329059463,0.4554,0.4544,0.6662,0.2092,0.0834,0.118,322.0,174.0,458.0,36.0,569.0,591
676439,Hunter Feduccia,392,0.014857085068351898,0.015305300042588406,0.03368794889585382,-0.0401294437540829,-0.007186563757941953,0.03693966845155011,0.06967510490807519,0.4554,0.4564,0.6758,0.1934,0.0632,0.0974,319.5,183.0,450.0,51.0,559.0,591
646240,Rafael Devers,1200,0.01482451684093825,0.014835300062250461,0.034525661056657275,-0.04150667371908906,-0.007803271496397892,0.03811516483075946,0.0711789769235149,0.4498,0.4504,0.6718,0.1982,0.0642,0.1032,322.0,177.0,451.0,49.0,560.0,591
686452,Drew Millas,249,0.014746606764777922,0.01465257753769849,0.034751101734315844,-0.040566080764742364,-0.00839998127784709,0.03743051471881627,0.07198908389678293,0.4458,0.4492,0.667,0.2004,0.0652,0.1056,322.5,179.0,454.0,46.0,559.0,591
669398,Gage Workman,90,0.014471082486362587,0.015585000465415545,0.035448967932828666,-0.04415302751953756,-0.008471536635731157,0.037690007255164595,0.07239307891510768,0.4536,0.455,0.6622,0.1986,0.0686,0.11,321.0,179.0,458.0,46.0,564.0,591
643396,Isiah Kiner-Falefa,278,0.014450244852395698,0.014912084872432304,0.03538954382316935,-0.043148489977522936,-0.009707646738400435,0.03841960936273117,0.07244861716225208,0.4528,0.4494,0.6592,0.206,0.073,0.1134,321.0,176.0,463.0,45.0,564.0,591
668800,Andrew Knizner,119,0.014417429292478929,0.014532407420111176,0.03726614934348672,-0.046932005589944516,-0.010265859249255157,0.03909559951147828,0.07494072301782072,0.447,0.4496,0.658,0.2132,0.0764,0.1206,324.5,172.0,466.0,40.0,568.0,591
808975,Hyeseong Kim,239,0.014373357689007722,0.014024479745922318,0.03527265316998364,-0.04360877373267397,-0.009452464805530247,0.03797673980362187,0.07320488618246372,0.4434,0.4462,0.658,0.2022,0.0756,0.109,327.0,178.0,460.25,43.95000000000002,562.0,591
669701,Josh Smith,410,0.014290231415173821,0.015295317142356785,0.03526576455912488,-0.04391078806301782,-0.009115461189771646,0.03750358186527207,0.07145527685272039,0.4526,0.4546,0.6678,0.1932,0.0678,0.108,319.0,181.0,460.0,47.0,563.0,591
703197,Michael Arroyo,41,0.014271801168387135,0.015268981214897157,0.036561352422368125,-0.04643136240648298,-0.009647976996055838,0.038485812426702175,0.07301460915172636,0.4578,0.4568,0.6582,0.212,0.075,0.1212,322.0,173.0,463.0,44.0,568.0,591
670770,TJ Friedl,396,0.014217374503445925,0.014836866281390427,0.03653301008668578,-0.046837951140799035,-0.010470782394905167,0.03897860044239961,0.07374954660510806,0.4526,0.4538,0.652,0.2108,0.0758,0.12,323.5,175.0,467.0,43.0,567.0,591
676694,Jake Meyers,267,0.014200862267577566,0.014830278423655287,0.03646656830787286,-0.04591291926798038,-0.008601599884477422,0.03782576319816303,0.07437270775795554,0.4534,0.4492,0.6614,0.1966,0.0764,0.1192,322.0,180.75,461.0,41.95000000000002,567.0,591
502054,Tommy Pham,45,0.014090320557276397,0.014174432101599601,0.037717492144604924,-0.04781420293799718,-0.010954408209739261,0.03892799298360111,0.0772038235924337,0.448,0.447,0.6548,0.2102,0.0848,0.1284,326.0,173.0,468.0,36.0,568.0,591
669699,Braden Shewmake,177,0.01396095066041492,0.0147869482108769,0.036839712825062064,-0.04758339323233837,-0.010568313007845888,0.03877671174152772,0.07371143854834311,0.4534,0.4536,0.654,0.2118,0.078,0.1274,319.0,173.0,465.0,41.95000000000002,569.0,591
699115,Carlos Jorge,56,0.0139486137375819,0.013796882227877219,0.036792450719158966,-0.046705969111228325,-0.009810518808036179,0.037825693453475195,0.07381493258393407,0.4398,0.4408,0.6534,0.209,0.0784,0.1194,327.0,178.0,464.0,43.0,567.0,591
666163,Ben Rortvedt,43,0.013695327694106613,0.013719113450701464,0.03713604410159743,-0.047090459597747394,-0.009872053702963709,0.038409311824102566,0.07350436935745436,0.4422,0.4416,0.6518,0.2134,0.0738,0.1212,329.0,174.75,463.25,43.0,569.0,591
669016,Brandon Marsh,1039,0.013695281858215544,0.013425235917342094,0.030386926359969334,-0.03479741057142011,-0.006678253667453335,0.03425784868113519,0.06297785810383924,0.4234,0.4258,0.6742,0.1668,0.0432,0.079,333.0,197.0,449.0,68.0,548.0,591
694728,Brice Matthews,412,0.01361672825240568,0.013361029961751338,0.0323274803137935,-0.03905052404667225,-0.008032267932174191,0.035538037925919135,0.06789711919976896,0.4286,0.4308,0.67,0.17,0.053,0.0982,329.5,192.0,456.0,59.0,557.0,591
801126,Brock Rodden,127,0.013607141610203646,0.013612630904223228,0.03592284761062347,-0.04588571542839981,-0.010124892606497585,0.03806035869376603,0.0717850003564168,0.4442,0.4426,0.6488,0.2042,0.0712,0.1164,330.0,175.0,464.0,46.95000000000002,566.0,591
609280,Miguel Andujar,480,0.013553024795045885,0.013556374281362537,0.03572457447149657,-0.04516252075403379,-0.009791748287585736,0.037099769089257974,0.07152520406810507,0.4418,0.438,0.6514,0.1974,0.0724,0.1116,330.0,183.75,466.0,45.0,563.0,591
670231,John Rave,227,0.01352882090000486,0.013194922751936277,0.035151338662451716,-0.04413174690985315,-0.008678994249590745,0.03616066211666124,0.07257780375281851,0.4306,0.432,0.6558,0.1902,0.065,0.1122,333.0,187.0,461.0,47.0,563.0,591
700932,Kyle Manzardo,661,0.013501195014947611,0.013514210121960028,0.032506792542845726,-0.04010901480291412,-0.007775251673990253,0.0349936238120055,0.06661300528661519,0.4336,0.4314,0.6698,0.1708,0.0532,0.1014,331.0,195.0,454.0,58.0,557.0500000000002,591
694671,Wyatt Langford,820,0.013471064665594619,0.01357695834407826,0.03267920618789863,-0.04016058011178843,-0.008546934883263451,0.035323531727582506,0.06616287733508373,0.439,0.4402,0.6628,0.1756,0.0532,0.1006,329.0,194.0,456.25,59.0,558.0,591
593871,Jorge Polanco,251,0.013409041680963827,0.014597382758453516,0.03628862361653312,-0.046832070492377434,-0.010622620783464768,0.03677098634244666,0.07214986165849781,0.454,0.4526,0.6536,0.1978,0.0712,0.1238,324.0,181.0,468.0,45.0,568.0,591
553869,Elias Díaz,476,0.013403085801015692,0.013634446557486912,0.035064852952128876,-0.04316003155784335,-0.010174793903416406,0.036898271284320855,0.07019128900772487,0.4402,0.439,0.6494,0.198,0.0656,0.114,333.0,183.0,464.0,46.95000000000002,563.0,591
683227,Cody Freeman,156,0.013378466409664024,0.0132863712134563,0.03646404931422758,-0.045556049481657805,-0.010648399657574487,0.037054128328444735,0.07369817312928895,0.4366,0.436,0.645,0.1986,0.076,0.1224,330.0,184.0,465.0,44.0,566.0,591
682877,Juan Brito,209,0.013354052621267811,0.014124989980710571,0.036183950707242035,-0.04612569568514825,-0.01026923674574586,0.03780330703968832,0.07097371870562366,0.4442,0.444,0.655,0.2012,0.0682,0.1216,327.0,181.0,465.0,46.0,568.0500000000002,591
664056,Harrison Bader,222,0.01335111049127429,0.013308781299254878,0.03692946133335061,-0.047818820156424975,-0.010658078172294602,0.037655314141989714,0.07399445625500815,0.4408,0.4402,0.6538,0.2044,0.075,0.1266,330.0,179.0,465.25,43.0,569.0,591
694377,Nick Yorke,223,0.013213158925762662,0.013822453801192899,0.03420278331322841,-0.04405347340009348,-0.008664382983143733,0.03590167017716933,0.06816955907531691,0.439,0.4394,0.663,0.1852,0.0576,0.1088,331.0,188.0,458.25,52.0,563.0,591
696100,Hunter Goodman,1058,0.013211718958199262,0.012706955581250078,0.030846783585295568,-0.03743472695912101,-0.007424669965146644,0.0337578464224533,0.06471750543247505,0.4196,0.4232,0.6666,0.1592,0.0426,0.0916,333.5,203.0,451.0,67.0,554.0,591
621439,Byron Buxton,762,0.013132303137178579,0.01296548060580002,0.033451628647662456,-0.04286821861427803,-0.008565197047918428,0.03516583943998647,0.06855703484043957,0.4304,0.431,0.6648,0.1734,0.0616,0.103,334.0,196.0,457.0,52.0,561.0,591
664731,P.J. Higgins,47,0.013096661542410131,0.013021442004484157,0.038205762051930596,-0.05050097987573275,-0.011649278508803831,0.0380917650443309,0.07550549601842561,0.4402,0.4416,0.6434,0.2032,0.0786,0.1322,333.0,176.0,474.0,37.0,571.0,591
686469,Vinnie Pasquantino,825,0.013019724254790106,0.013043124100018396,0.03275565364371689,-0.04204901328529503,-0.008150044794319494,0.0349537757377629,0.06704411354107327,0.424,0.4248,0.6614,0.1742,0.054,0.1038,331.5,194.0,457.0,57.0,560.0,591
686555,Isaac Collins,775,0.013002233881616495,0.012952069161767662,0.032844329735436245,-0.04160852964958289,-0.009107019024291929,0.0352352306682872,0.0653057624116588,0.4272,0.4262,0.6602,0.178,0.0504,0.1002,333.0,194.75,457.0,60.0,561.0,591
678577,Junior Perez,69,0.012982807996341075,0.013545545815838719,0.036902503024918064,-0.04810471116666242,-0.010936657870827447,0.03730936857879836,0.07359499064637626,0.4366,0.4342,0.6466,0.2002,0.077,0.1274,332.0,180.75,468.0,41.0,569.0,591
807712,Luke Keaschall,868,0.012967688797232434,0.01285320710871304,0.034645254828668086,-0.04320997360897589,-0.009909027500093134,0.03541898445772552,0.06983755558318695,0.43,0.4292,0.6508,0.1824,0.063,0.1072,334.0,189.0,464.0,48.0,564.0,591
682988,Tyler Locklear,84,0.01296268867379453,0.01272434285430904,0.03695282110731805,-0.0474359326585765,-0.011455131951626311,0.037020995408349765,0.07356799406757765,0.4328,0.435,0.6446,0.1994,0.0694,0.1274,334.0,183.0,471.0,43.0,569.0,591
665750,Leody Taveras,832,0.01289281289542223,0.013102216794885085,0.03107279604348244,-0.038694130387250246,-0.007623335482043157,0.03331347643828542,0.06346721378194398,0.4246,0.426,0.6694,0.1534,0.0444,0.096,332.0,204.0,453.0,67.95000000000002,555.0,591
811965,Joshua Kuroda-Grauer,118,0.01285496775761569,0.013142986987643771,0.03744562138942925,-0.04922925879474983,-0.01155558347263201,0.036975963808966755,0.07365001153799944,0.4332,0.434,0.6416,0.2018,0.0744,0.131,331.0,183.0,471.0,43.95000000000002,569.0,591
663698,Joey Bart,224,0.012832388928268528,0.012963235620150178,0.03659360912137163,-0.04952143955223346,-0.010475950063896762,0.03707960635000527,0.0714251924467455,0.4362,0.4372,0.6442,0.1938,0.069,0.1294,335.0,184.0,468.0,47.0,570.0,591
694192,Jackson Chourio,955,0.01275709970590917,0.012850538837650416,0.02920490332475117,-0.03551611992151545,-0.006320106388174671,0.03208062155771779,0.06083306935132845,0.4182,0.4178,0.6714,0.1444,0.0342,0.0784,333.0,211.0,446.0,77.0,551.0,591
596146,Max Kepler,275,0.01272472966341887,0.012373859508119244,0.03675225267673911,-0.04804332094930157,-0.010620603167013373,0.037854999757482855,0.07295090827442055,0.4326,0.4314,0.64,0.2002,0.074,0.124,339.0,180.0,468.0,43.0,571.0,591
666624,Christopher Morel,180,0.012706720966221257,0.012984268599648187,0.03719595790169511,-0.05005501215069461,-0.011010695039846122,0.03702549058489004,0.07304325557960446,0.4356,0.4348,0.6336,0.1964,0.0722,0.1242,335.0,185.0,468.25,44.0,571.0500000000002,591
664702,Myles Straw,455,0.012652204811331596,0.01362208630397979,0.032763995118010675,-0.04261601386451962,-0.008890294886916058,0.03452396798929009,0.0652391374994513,0.4278,0.43,0.6612,0.1666,0.0498,0.107,331.0,200.0,458.0,61.0,563.0,591
642215,Weston Wilson,329,0.01262570599938586,0.012896650417108451,0.03493574959563829,-0.04463341064215883,-0.010088976267734768,0.03577462198953993,0.06877956877305595,0.4318,0.4302,0.6526,0.1826,0.0598,0.1178,334.0,189.0,465.25,52.0,565.0,591
663611,Nick Madrigal,110,0.012548335067905004,0.012806680667545384,0.03625768676082952,-0.04764726795558057,-0.010722312564470628,0.03685044632663244,0.07126659366287652,0.4292,0.432,0.6384,0.1952,0.0676,0.1254,334.0,186.0,470.0,47.0,568.0,591
665561,Rafael Marchán,181,0.012509069737899791,0.013020507319693092,0.03780492403579773,-0.048656401620854633,-0.012939250978508145,0.03777723439812905,0.07327962025320091,0.4388,0.4362,0.6368,0.2056,0.0756,0.1442,332.5,178.0,478.0,42.95000000000002,569.0,591
665833,Oneil Cruz,699,0.012395762995600142,0.013207033144752158,0.03097576594012813,-0.038745753709210004,-0.008134342163406045,0.03315758578020064,0.06317360587236974,0.4188,0.4224,0.666,0.1562,0.041,0.0938,334.0,205.0,456.0,68.0,554.0,591
687221,Dalton Rushing,456,0.012354586585450238,0.012673322611798318,0.033420284149880373,-0.042590799514146516,-0.009094340741501396,0.034341064822032474,0.06688543726859086,0.4256,0.4262,0.6534,0.1724,0.0512,0.109,335.0,199.0,460.0,59.0,562.0,591
671277,Luis García Jr.,1003,0.012292762665237995,0.012581994691078895,0.03093028322974194,-0.03885697837223619,-0.008278545593087857,0.032924261341757494,0.061904646938839965,0.418,0.4196,0.6584,0.1512,0.0382,0.0938,336.0,204.0,454.0,70.95000000000002,555.0,591
672016,Denzel Clarke,127,0.012290394332855328,0.013472856886674973,0.03651678841767947,-0.04902669058389724,-0.011646416552354395,0.03637839729362403,0.07050980102102374,0.4386,0.4396,0.6432,0.189,0.0714,0.129,331.0,185.0,472.0,43.0,570.0,591
677950,Alek Thomas,208,0.012218109671680556,0.012736595464059117,0.03613245347308229,-0.048157374434995244,-0.010966834632257068,0.0362451798438319,0.07041040270389193,0.4306,0.4258,0.6408,0.1872,0.0632,0.1308,336.0,189.75,470.0,51.95000000000002,570.0,591
670032,Nicky Lopez,461,0.012146678477677609,0.012209260686368534,0.032255677050486785,-0.04050566898800068,-0.009432839629538625,0.03334437469053844,0.06514229276446085,0.4144,0.4136,0.6478,0.1672,0.0498,0.0996,338.0,204.0,459.25,61.0,560.0,591
682987,Spencer Jones,595,0.012095342764680307,0.012381164363159215,0.033832885283066355,-0.04396693652229077,-0.010260872429401489,0.0349701495221699,0.06696152793175265,0.422,0.4234,0.646,0.173,0.0526,0.113,339.5,196.0,464.0,58.0,564.0,591
683766,Christian Koss,344,0.012039605112090165,0.012371808695246529,0.03597742872918673,-0.048588390753889744,-0.011415249054819407,0.03628267755895585,0.07007002698505273,0.427,0.4278,0.64,0.1836,0.066,0.1314,338.0,189.0,472.0,47.95000000000002,570.0,591
660710,Rodolfo Durán,153,0.012032593633991416,0.01271409299995005,0.036304258006162514,-0.045473468445003745,-0.012240594707866898,0.03584258362119407,0.07195622187890041,0.4234,0.4248,0.6354,0.1878,0.068,0.1302,338.0,189.0,476.0,47.95000000000002,568.0,591
663538,Nico Hoerner,1096,0.011914718350503556,0.01160309180015386,0.02928412358825481,-0.03608380170050319,-0.0075375301021331645,0.031249526012193336,0.059746783371412635,0.404,0.401,0.6564,0.1396,0.0366,0.0858,342.5,216.0,453.0,75.95000000000002,552.0,591
680737,Michael Helman,58,0.011522211276927808,0.011580039412460556,0.037655513465259506,-0.05006795672898364,-0.012407148472757635,0.036623342290256065,0.07312776015389942,0.4216,0.4198,0.6254,0.1932,0.0702,0.1388,341.0,185.0,476.25,43.0,572.0,591
687515,Colby Thomas,231,0.011337283492134977,0.011023257313729544,0.036034332481640056,-0.04774445090235938,-0.012006224513719813,0.03488921033157488,0.07007065112669661,0.4114,0.4106,0.6338,0.1824,0.0676,0.1288,345.0,199.0,473.0,46.0,568.0,591
701785,Kaelen Culpepper,234,0.011145214638370612,0.011781142192780151,0.03614020454559486,-0.04811835908127732,-0.01291230606127796,0.03560251764601149,0.06913373572781306,0.4148,0.416,0.6308,0.1862,0.0618,0.1344,344.0,190.0,476.25,52.0,569.0,591
669242,Tommy Edman,524,0.01105051627358908,0.011116299270097638,0.030409663458843227,-0.038889876161816925,-0.008848012268785904,0.031175700409593346,0.06105316440673575,0.4014,0.402,0.636,0.142,0.0342,0.0992,346.5,220.75,461.0,75.0,557.0,591
700250,Ben Rice,1104,0.011042903782763845,0.011298039549986216,0.031122405986326106,-0.04066166568320752,-0.009987059387784806,0.032162098360795165,0.06133440113458182,0.4042,0.4012,0.6406,0.1436,0.0382,0.1048,347.0,211.0,461.0,71.0,557.0,591
664059,Sam Haggerty,83,0.011029616364679773,0.01132456606128655,0.03780283536406103,-0.05095504050848999,-0.014372094928749982,0.03670601731870565,0.07092266935300012,0.4188,0.4168,0.6178,0.1948,0.0658,0.1456,345.0,184.0,483.25,44.0,573.0,591
690924,Braxton Fulford,140,0.010933283648987354,0.011077774512596053,0.035398831616681226,-0.048054416140452555,-0.012297353237520393,0.033814314437606754,0.06951324758249491,0.4146,0.4138,0.6288,0.1702,0.0616,0.1252,343.5,199.75,472.25,50.0,568.0,591
669257,Will Smith,446,0.010922447419613363,0.01092913955594711,0.03303286670395211,-0.04409844808964563,-0.010670857292008425,0.0331817342514311,0.06457872706987065,0.4072,0.4062,0.6312,0.1598,0.0466,0.1126,346.5,204.75,467.0,63.95000000000002,564.0,591
695578,James Wood,936,0.010921516430763924,0.011026738391887527,0.032952523266741654,-0.04417542211379414,-0.010259931046212024,0.033518099094760785,0.0644937159113864,0.4116,0.4078,0.6328,0.1586,0.0476,0.1196,348.5,207.0,463.25,64.95000000000002,565.0,591
691406,Junior Caminero,1116,0.010836246020953668,0.010642440294385325,0.030883238696462364,-0.04048247540943142,-0.009511199755905333,0.03159391846807513,0.060879862903360574,0.3994,0.3972,0.6426,0.1414,0.0344,0.0998,346.5,215.0,462.0,75.95000000000002,559.0,591
689414,Liam Hicks,789,0.01072304697334671,0.011082356353255766,0.032860088155694994,-0.0443476604396035,-0.010290735602714733,0.032645979508404074,0.0639858188670493,0.4098,0.4056,0.6398,0.155,0.0434,0.1156,345.0,210.75,466.0,66.95000000000002,565.0,591
699393,Pedro Ramírez,444,0.01063348829939817,0.010916853140125643,0.034709875912789206,-0.04574614998517012,-0.011680537258709043,0.03360728236569173,0.067648749114895,0.4014,0.4048,0.6298,0.1646,0.0568,0.124,348.0,204.0,475.0,55.0,566.0,591
687605,Andrew Pinckney,42,0.010541688593495567,0.011165482067763504,0.03757786388742817,-0.05113614458310069,-0.014044570087323075,0.034557823963613676,0.07256221407561503,0.415,0.4122,0.6174,0.1826,0.0706,0.1522,347.0,198.75,482.25,45.0,573.0,591
676609,José Caballero,845,0.010449924580463243,0.010963022156006221,0.03198327251360799,-0.04285545425348965,-0.010485221210432438,0.031628996699304246,0.06196337360612904,0.3974,0.4004,0.6384,0.1432,0.0392,0.1114,347.0,214.0,468.0,72.0,562.0,591
677592,Everson Pereira,211,0.010313636914311744,0.010906865915167985,0.035870835609645345,-0.04866350987766686,-0.01353220798044371,0.0346502756085826,0.0673269786264995,0.41,0.4056,0.6204,0.1762,0.057,0.1402,347.0,196.75,479.0,55.0,568.0,591
663993,Nathaniel Lowe,775,0.010296471050479697,0.0113268303768814,0.033477874747989175,-0.04596357004470201,-0.011304003848535828,0.03285411896578662,0.0641227494823127,0.4008,0.3976,0.63,0.1532,0.0482,0.1192,346.0,207.0,471.0,63.0,565.0,591
680777,Ryan Jeffers,579,0.010268180326326504,0.010525777572216576,0.03292253916328566,-0.04439119513457342,-0.01134861119562301,0.03243598602986161,0.06407767191427667,0.3966,0.3984,0.6342,0.1538,0.0446,0.1214,347.0,212.0,471.0,65.0,564.0,591
669364,Xavier Edwards,958,0.010264658613923228,0.010436403278091238,0.031474691377026215,-0.04103332599561774,-0.010703203302917023,0.031250585920727755,0.06181799319833817,0.3916,0.3892,0.6302,0.1474,0.0386,0.113,352.0,218.0,467.0,73.0,561.0,591
701305,Zach Dezenzo,153,0.010158606583649926,0.010594250139210584,0.0370052419688207,-0.05076767699678771,-0.01367488567701119,0.034312529297934505,0.0701731211279207,0.405,0.4036,0.613,0.1752,0.061,0.142,350.0,200.0,479.0,49.0,572.0,591
672761,Wenceel Pérez,305,0.01014005508406315,0.011199618152475853,0.03521807828868551,-0.048326751317237904,-0.012808517714594124,0.033372034844574266,0.0657448657060984,0.4052,0.4048,0.626,0.163,0.0528,0.1396,346.0,205.0,477.0,59.0,570.0,591
657757,Gavin Sheets,733,0.010089798029646976,0.010558431306357646,0.03545414324511735,-0.04935452858510324,-0.01343363350640607,0.03379483766915514,0.06761245462324439,0.4056,0.4046,0.62,0.1652,0.0532,0.1336,350.5,202.0,481.0,55.0,570.0,591
693409,César Prieto,49,0.009995510291850921,0.010514716467709056,0.03731408719049969,-0.0505586971961004,-0.01441717708394939,0.03489448669397587,0.07055299780643448,0.4052,0.406,0.6156,0.18,0.0654,0.1478,351.0,197.0,484.0,48.0,573.0,591
668930,Brice Turang,1125,0.009966751686965931,0.01047292578807026,0.030939878349200877,-0.04258105008481829,-0.010234658219179587,0.03041043124257175,0.060343593058137385,0.3886,0.3874,0.6388,0.1326,0.0352,0.105,351.0,224.0,465.0,76.0,560.0,591
641680,Jonah Heim,653,0.009773850090140913,0.010341480477488556,0.03346989135259574,-0.045827897252957966,-0.012345664104164447,0.03261086527614036,0.06366702189546097,0.3954,0.3964,0.6232,0.1538,0.0458,0.1268,352.0,209.0,475.0,66.0,566.0,591
695506,Jac Caglianone,1026,0.009769155956282806,0.010458810677392943,0.031934986131490824,-0.043819172028210014,-0.011893522755715022,0.03086557473083558,0.06118404876831001,0.3842,0.3834,0.63,0.1468,0.0382,0.117,349.0,219.0,473.0,73.0,564.0,591
694384,Nolan Schanuel,710,0.009753646439427856,0.009905378299252502,0.033153723841127934,-0.0458866921958057,-0.01174797950331109,0.032159144347143294,0.0637698782778414,0.3988,0.3966,0.6288,0.1478,0.0452,0.1224,353.0,214.0,471.0,65.0,566.0,591
807727,Charles McAdoo,170,0.009733350312760583,0.01066315651672788,0.03564879245563007,-0.04891526688135176,-0.013838345959360903,0.033039790008404346,0.06773765411817019,0.4,0.4018,0.617,0.1676,0.0538,0.1408,349.0,207.0,481.0,57.0,570.0,591
657041,Lane Thomas,623,0.009689859773887394,0.009914116318852405,0.032999710561585634,-0.04574239683876227,-0.011165081542426984,0.031964042067964965,0.06265678972400583,0.3878,0.3906,0.62,0.155,0.0406,0.1236,355.0,213.0,471.0,69.0,565.0,591
672386,Alejandro Kirk,485,0.009591770480780313,0.010155664032313659,0.03529967953850693,-0.04850233352068327,-0.013692907439093807,0.032221383703767356,0.06830052263692762,0.3936,0.395,0.6104,0.1586,0.0568,0.1388,355.0,211.75,481.0,55.0,569.0,591
677595,Ronny Mauricio,118,0.009574976004918091,0.01018922230141783,0.03628348982518799,-0.049860759717276326,-0.014411156058333565,0.033356354901661625,0.06876993290504928,0.3994,0.3972,0.6102,0.1674,0.059,0.144,351.0,203.0,483.0,52.0,571.0,591
649966,Luis Urías,115,0.009413621935449966,0.010376953994963346,0.03706286332571847,-0.05298696051592491,-0.014181132382959788,0.03349796156394048,0.06897131618241203,0.399,0.3984,0.6136,0.17,0.0596,0.15,350.0,207.0,483.0,54.0,575.0,591
807713,Matt Shaw,326,0.009244749626472768,0.009046931979772962,0.03427464253279048,-0.04794181883952365,-0.012757281277114053,0.03215511868520822,0.06505688281524875,0.388,0.3842,0.6158,0.1534,0.051,0.131,359.0,214.0,478.0,60.0,569.0,591
703492,Nick Morabito,58,0.009169375109728784,0.009544836708806372,0.03691429866708744,-0.051839921261176466,-0.014865889010984547,0.03347405915643327,0.06885566175513778,0.396,0.3958,0.6018,0.1738,0.0596,0.147,358.0,203.0,483.0,49.0,573.0,591
665742,Juan Soto,693,0.009136998753798227,0.009549888562711675,0.035428235994054105,-0.050379426731830254,-0.014389410463661621,0.03327107651431057,0.06644277036583497,0.3916,0.3898,0.6092,0.1652,0.0546,0.146,356.0,207.0,484.0,57.0,571.0,591
672275,Patrick Bailey,623,0.009063250938019272,0.009588988635592929,0.0344219622530074,-0.04830551642021497,-0.013409848406163154,0.03159293731459689,0.06467350544575545,0.3816,0.3826,0.6148,0.1582,0.0468,0.1338,356.0,214.0,480.0,64.0,568.0,591
680779,Henry Davis,550,0.009001866162541608,0.010134750936546779,0.034680273955570544,-0.048244623513164706,-0.014008919310727749,0.03179306054699795,0.0649138286556025,0.3922,0.391,0.606,0.1548,0.048,0.1348,353.0,213.75,481.0,62.0,570.0,591
686948,Drake Baldwin,1155,0.008928607360864782,0.009175268017416978,0.029500182831087858,-0.03987755175314344,-0.010651904955620371,0.02830724655115117,0.058075441044632956,0.3624,0.363,0.6182,0.1188,0.0292,0.1008,359.0,235.0,468.0,84.95000000000002,558.0,591
686611,Dylan Crews,778,0.008834384203281953,0.009117386750093485,0.03282274055879765,-0.044775174330394886,-0.013379654725917628,0.03086516130672591,0.06300056361747444,0.379,0.3804,0.607,0.1426,0.0424,0.1302,361.0,218.0,479.0,68.95000000000002,566.0,591
679822,Justin Foscue,429,0.008778326298185566,0.009412419154635554,0.035809065676574325,-0.051830954741377375,-0.014634672934599148,0.03246787560252634,0.0666800927357199,0.3874,0.3844,0.6076,0.1628,0.0512,0.1418,357.0,210.0,484.0,59.0,572.0,591
640902,Jhonny Pereda,181,0.008715515351028064,0.008581279508898126,0.035146547040450664,-0.04991579030020965,-0.014451787433330306,0.03234980129668732,0.0654296963576384,0.3782,0.3802,0.6036,0.1646,0.051,0.1404,361.0,212.0,482.0,59.0,570.0500000000002,591
663656,Kyle Tucker,1130,0.008633539619867544,0.009171301484453363,0.031851944236675485,-0.04380389548210093,-0.012904982403100822,0.02995369139388703,0.06076327089554679,0.379,0.3762,0.6114,0.1374,0.0338,0.122,359.0,224.0,476.0,80.0,563.0,591
677587,Brayan Rocchio,1053,0.008575252640399465,0.00900713008530936,0.03029495042052547,-0.042621529975269995,-0.011553751251477892,0.02962917495689893,0.057369503807430944,0.376,0.3774,0.6136,0.1184,0.0306,0.1118,359.0,227.0,471.0,83.0,561.0,591
571912,Luke Maile,70,0.008131657058946511,0.008302650878791167,0.03518884312499049,-0.050444729180042155,-0.014989197836933497,0.03126855242073157,0.06482128284196674,0.3778,0.3766,0.5952,0.1578,0.0486,0.1464,363.0,216.0,487.0,62.0,572.0,591
682818,Yohendrick Piñango,350,0.007961870838062836,0.007884921604848164,0.032990352480281405,-0.04616673671602818,-0.013736604417478262,0.029531613773124937,0.061685816030049224,0.3686,0.3684,0.6016,0.1404,0.0426,0.1324,363.5,228.0,481.0,70.0,567.0,591
669720,Austin Hays,186,0.007911376977554152,0.008578441024616273,0.03647980055329697,-0.05329346895988646,-0.015123391922250633,0.031581667541323584,0.06706177156250867,0.3782,0.3772,0.5982,0.1616,0.0568,0.1528,364.0,217.0,487.0,53.0,575.0,591
694378,Jacob Gonzalez,466,0.00780954999124007,0.008529466391212652,0.033805383907513496,-0.048765898565837636,-0.014300174991909817,0.029743140378720594,0.06347889603192858,0.3714,0.3714,0.5918,0.1432,0.0418,0.138,365.0,226.0,482.0,69.0,569.0500000000002,591
678545,Osleivis Basabe,230,0.007777340489931277,0.008334604434493615,0.0368518738303648,-0.05343974221317823,-0.01597300901521287,0.03181891457780994,0.06788664571833183,0.3748,0.3732,0.5964,0.1588,0.057,0.1546,366.0,214.0,491.0,55.0,574.0,591
660844,Leo Rivas,207,0.00773741423524875,0.008288092378429368,0.03626032049409143,-0.05416219946529787,-0.015274774264905991,0.03161073195865363,0.06603314693474051,0.3786,0.3788,0.5942,0.1562,0.0492,0.1498,361.0,214.0,486.25,63.0,575.0,591
694514,Sterlin Thompson,132,0.007645502439137606,0.007944662347381316,0.03425282759994173,-0.04967263880813508,-0.01449553872033201,0.03053373331946253,0.06299808739808593,0.3688,0.3726,0.5904,0.1458,0.043,0.141,362.0,221.0,484.0,66.0,570.0,591
682668,Luisangel Acuña,366,0.007632250502646256,0.008125569311444394,0.03435126776829264,-0.04956300690504107,-0.01534582122319217,0.03042210007057514,0.0641384153929181,0.3732,0.3742,0.5972,0.1534,0.0478,0.1406,366.0,225.0,485.0,63.95000000000002,571.0,591
671083,Buddy Kennedy,99,0.007494554078348376,0.008114529665731895,0.03609310362300777,-0.05234800540426617,-0.016117782230204308,0.031322954457822655,0.06575456644504345,0.3722,0.3714,0.5922,0.1546,0.0508,0.1554,366.0,218.0,489.0,59.95000000000002,572.0,591
670764,Taylor Walls,646,0.0074390669025397186,0.007852645055389913,0.03227985920977554,-0.04659058745068,-0.013896808141020903,0.029218666217941162,0.05980892338533781,0.363,0.364,0.5966,0.1272,0.0346,0.131,367.0,230.0,482.0,77.0,566.0,591
621493,Taylor Ward,835,0.007322594872033721,0.007281642064356451,0.03353795190652808,-0.04801414077023995,-0.01483015705308703,0.02945872999464008,0.06287351349455911,0.3642,0.3622,0.5938,0.133,0.0438,0.1418,369.0,231.0,483.0,67.0,569.0,591
595978,Austin Hedges,381,0.0072662699405516345,0.007920801838914908,0.03591715816916048,-0.052639309161155674,-0.016343801656580687,0.03165210195955315,0.06488614962978267,0.3734,0.3752,0.5906,0.154,0.0458,0.1554,366.0,214.0,493.0,63.0,575.0,591
806367,Turner Hill,164,0.00695448678437627,0.007081515869247166,0.035557139601208855,-0.052395536578146454,-0.015570805750793221,0.03051112413040085,0.0643062160015377,0.3624,0.363,0.582,0.1542,0.048,0.1538,371.0,221.0,490.0,62.0,573.0,591
672960,Kazuma Okamoto,1200,0.006906249930677701,0.007423375268339312,0.03214209673213584,-0.047443084962032964,-0.01360020810074936,0.028248762470603685,0.058093223443446695,0.352,0.352,0.588,0.121,0.0322,0.1254,372.0,236.0,480.0,82.0,566.0,591
656716,Zach McKinstry,732,0.006557004827074788,0.0075603226956388525,0.031880284159890596,-0.04704984587885635,-0.014450960812687645,0.027498815171536288,0.058318508562498525,0.3518,0.3512,0.5922,0.1232,0.028,0.1408,369.0,238.0,482.0,85.95000000000002,568.0,591
690976,Alex Freeland,431,0.0061467894464690125,0.006521161259230108,0.035029101858586376,-0.05256490977348368,-0.017179223005155987,0.029800302228861073,0.06306709628840004,0.3558,0.3558,0.5728,0.145,0.042,0.159,376.0,227.0,496.0,69.0,573.0,591
694376,Shay Whitcomb,182,0.006022009797611749,0.006856993698277628,0.03705532960556788,-0.05520425014306335,-0.018234013808334736,0.03040960075155822,0.06557301519733562,0.3622,0.36,0.5704,0.153,0.0504,0.175,374.0,222.0,496.0,60.0,576.0,591
683748,Victor Mesa Jr.,448,0.00580895975023196,0.006763248483159144,0.035639235564229155,-0.05465244897988856,-0.018057428241903383,0.029447847018013465,0.06470380884620687,0.3606,0.3596,0.581,0.1398,0.0434,0.1658,372.0,228.0,497.0,66.0,575.0,591
669236,Jeremiah Jackson,554,0.005681661951960455,0.006070771459015198,0.03505485589088025,-0.053470075785009875,-0.01685268424214419,0.028748679916814558,0.0628150570425717,0.3562,0.358,0.572,0.132,0.0412,0.1588,378.0,230.0,493.0,69.0,575.0,591
671976,Tristan Peters,860,0.005668386833230498,0.005956980690153208,0.03328217868838257,-0.05110797039314051,-0.01548469288798352,0.027786897034651398,0.059477268422830396,0.3468,0.3458,0.5734,0.1232,0.0354,0.1514,377.0,239.0,489.0,79.0,571.0,591
807799,Masataka Yoshida,455,0.005662805784692033,0.006061561696774401,0.032512566083587206,-0.04897622492516351,-0.015731532444814213,0.02791892351273112,0.05796811917303356,0.3422,0.3402,0.5752,0.1192,0.029,0.147,377.0,239.0,489.0,86.0,569.0,591
691016,Tyler Soderstrom,740,0.005506833756186355,0.005940436562745009,0.03196768672694881,-0.04689944025418973,-0.015474319336649785,0.026652329058211025,0.05722489335898703,0.3296,0.3296,0.5786,0.1174,0.0306,0.1364,378.0,247.75,488.25,85.95000000000002,568.0,591
624641,Edmundo Sosa,526,0.0054910239580136,0.005709553248273561,0.03248636805155937,-0.048640292795686366,-0.016047136208179526,0.026842836492923298,0.05855581972377237,0.3388,0.3366,0.5794,0.12,0.033,0.1508,378.0,245.0,488.0,81.0,571.0,591
669134,Luis Campusano,411,0.005488521665431258,0.005991225555477025,0.03592408770909742,-0.0537591720716329,-0.01845565024252242,0.029779993083291517,0.06357964840414526,0.3576,0.3588,0.566,0.141,0.0454,0.1694,380.0,224.0,499.0,65.95000000000002,575.0,591
699302,Héctor Rodríguez,265,0.005431777972779401,0.006156175070539013,0.03544552894564434,-0.05384419719157945,-0.01736427964381772,0.028833696925976447,0.062449069236023995,0.3528,0.353,0.5708,0.1354,0.042,0.1648,377.0,231.0,496.0,67.95000000000002,575.0,591
823550,Sung-Mun Song,232,0.005089324878181432,0.005489515145701065,0.03499862257938428,-0.052725142431475504,-0.017245970005269846,0.028413242651718816,0.06270269639853522,0.3416,0.342,0.5632,0.126,0.0414,0.1624,382.0,236.0,495.25,69.95000000000002,574.0,591
645277,Ozzie Albies,1333,0.005000684770869043,0.005329652562825591,0.029389488360899305,-0.043800626375974136,-0.014534615945315712,0.024914368676561126,0.05278079725610183,0.3198,0.3208,0.5738,0.092,0.0222,0.1308,382.0,257.0,486.0,101.0,563.0,591
518595,Travis d'Arnaud,151,0.004541696300549086,0.005313743479153393,0.03685576750613988,-0.05836002676518315,-0.019272745376678044,0.028722747141863153,0.06390053639285248,0.3486,0.3466,0.5658,0.1402,0.045,0.1824,381.0,232.75,502.0,65.0,579.0,591
680728,Adrian Del Castillo,358,0.004380990888408355,0.0050716305077419446,0.03544445344781456,-0.055135361134950475,-0.019207631824440366,0.028376176264098774,0.06193945360515383,0.3404,0.3414,0.5564,0.1338,0.0382,0.1754,384.0,236.75,502.0,74.0,576.0,591
683083,Nasim Nuñez,862,0.004331612581762139,0.004122082133118929,0.0334687601022278,-0.05113161398852311,-0.017768595975294905,0.026548096513935922,0.05966902031028162,0.3298,0.329,0.5488,0.1188,0.0344,0.1596,390.0,247.0,496.0,79.0,573.0,591
624431,Jose Trevino,255,0.004289546349445834,0.005450275864287489,0.03618801957462573,-0.05603922525205561,-0.019691870034529633,0.02892039166239854,0.060872345806091355,0.3432,0.3442,0.563,0.1348,0.0404,0.1812,381.5,231.0,505.0,72.95000000000002,578.0,591
543760,Marcus Semien,965,0.004113754791051916,0.004953938010646825,0.032446368022977255,-0.05168562368204382,-0.016966771067083414,0.025745183322514048,0.05554945409723069,0.3218,0.3228,0.5648,0.1122,0.0252,0.1566,385.0,254.0,493.0,95.0,572.0,591
703520,Brett Bateman,273,0.004067254973637637,0.005014986347202365,0.035654280546008624,-0.055470840818346204,-0.018981127659730722,0.027619227906489626,0.06174432911743114,0.3378,0.3366,0.5586,0.1302,0.0404,0.1758,386.0,238.75,500.0,70.0,577.0,591
694208,Moisés Ballesteros,626,0.003949815992949955,0.004450497710287809,0.03385513022730355,-0.052567297493799715,-0.01866846741891123,0.026546394314646758,0.06013494352189352,0.331,0.3344,0.5538,0.116,0.035,0.1686,388.0,242.75,500.0,78.0,574.0,591
672515,Gabriel Moreno,940,0.0038750606640875285,0.004757664573840588,0.029180825857595342,-0.0440829134940082,-0.015723420056532177,0.023211108166036432,0.052246033727222675,0.3044,0.3036,0.5598,0.0838,0.0184,0.1358,387.0,268.0,490.0,110.0,565.0,591
668904,Royce Lewis,950,0.003608265349344379,0.003724922992160356,0.031100584286292244,-0.04858787363967503,-0.017020062031294556,0.024613235584542675,0.05467416308134144,0.3136,0.314,0.5548,0.0994,0.0214,0.1492,391.0,259.0,493.0,96.0,571.0,591
669224,Austin Wells,699,0.0035437570436050664,0.0039837983775446945,0.034111207823636434,-0.053267798159549656,-0.01919079320109374,0.026630958351978033,0.05835672592207914,0.324,0.3264,0.5482,0.1206,0.0338,0.1738,389.0,249.0,502.0,82.0,575.0500000000002,591
682626,Francisco Alvarez,753,0.003337585987402096,0.0037246769064281614,0.0316328839767928,-0.04965096201779582,-0.017106673318974155,0.023868307627631664,0.05520416272808042,0.3086,0.3066,0.5504,0.0958,0.026,0.1556,393.0,264.0,495.0,91.0,571.0,591
690993,Colt Keith,697,0.003108490462824572,0.0036750637703342843,0.03196573272273659,-0.05027942312441516,-0.01805302523382345,0.025029845088218018,0.05401420320639824,0.3122,0.3156,0.545,0.102,0.024,0.1628,394.0,254.0,496.0,101.95000000000002,572.0,591
672820,Lenyn Sosa,239,0.003089808183018656,0.004391721646878142,0.03596110491411372,-0.05798239634764858,-0.020523946849498795,0.02714290103225128,0.0603423181574071,0.3364,0.3378,0.5486,0.1242,0.0388,0.1922,388.0,243.0,506.0,76.0,578.0,591
687263,Zach Neto,1333,0.0030763782844582545,0.0036455972014355557,0.0319073197014092,-0.05111858211900815,-0.01736653954147873,0.02383037892208033,0.05501771108410432,0.3096,0.308,0.5432,0.0994,0.0228,0.1592,391.0,263.0,496.0,97.95000000000002,572.0,591
664770,Nathan Lukes,803,0.0029774315121459533,0.002851858032880193,0.03261759656868495,-0.05123254739754989,-0.018397467215502106,0.02547185375505604,0.05662698139599301,0.3114,0.3112,0.5418,0.1076,0.027,0.1658,396.5,257.0,499.0,89.0,573.0500000000002,591
692216,CJ Kayfus,55,0.0029265630288045578,0.0035506982677345617,0.037484611638730195,-0.05932267559292207,-0.022106936753256354,0.028018123372432133,0.06421383901589055,0.3428,0.3414,0.538,0.1366,0.0474,0.1972,394.0,235.0,512.0,64.0,579.0,591
650490,Yandy Díaz,1154,0.00285721003916348,0.0034012173125780544,0.029715163081298096,-0.0475583145199219,-0.01685454322310448,0.02298243785321664,0.05102073721215237,0.2958,0.2946,0.5426,0.083,0.0192,0.1476,395.0,271.0,493.0,107.95000000000002,567.0500000000002,591
668723,Ryan Vilade,486,0.002836121767078175,0.0035049979667952334,0.03422970843105576,-0.054897166075738496,-0.019371567759005604,0.025360495275853573,0.058382276985067705,0.3164,0.3162,0.5442,0.1128,0.0314,0.1744,394.5,253.0,502.0,85.0,576.0,591
622268,Donovan Walton,473,0.0026387447748532455,0.0028546742475369816,0.03449725870228931,-0.0551136502834151,-0.020135373049873475,0.026563414645408893,0.05761294822140448,0.3208,0.3218,0.5354,0.1138,0.0314,0.1802,397.0,245.0,506.0,87.0,577.0,591
642350,Jose Siri,461,0.002559125333560448,0.003144194808172693,0.03371805964246576,-0.05383739435896167,-0.019511029490391473,0.025444140835252323,0.05606211604010299,0.3168,0.3162,0.5404,0.1104,0.0262,0.1748,394.0,251.0,502.0,94.0,576.0,591
695657,Colson Montgomery,1211,0.0025094668648154533,0.002958764870974378,0.03111236383539991,-0.04918930333154629,-0.018032953560263396,0.02298153385525109,0.05271062487460264,0.299,0.2962,0.5374,0.094,0.0218,0.153,397.0,270.0,497.0,100.90000000000003,571.0,591
663697,Jonathan India,91,0.0025000087208157953,0.0034118323749132923,0.03697967692819881,-0.05947330022490638,-0.021652828344520078,0.026662772328697855,0.0619986081816481,0.3266,0.324,0.5356,0.127,0.0448,0.1942,394.5,243.0,510.0,67.0,579.0,591
677649,Ezequiel Duran,1128,0.0021370737016803494,0.0027307197084293863,0.033887020302718285,-0.05593913813731814,-0.019714417364802585,0.024703384757573325,0.057213803464053914,0.3112,0.311,0.532,0.1062,0.0306,0.181,398.5,259.0,505.0,89.95000000000002,577.0,591
691718,Pete Crow-Armstrong,1355,0.001879054596032423,0.002368667405712381,0.034724241904216066,-0.056786808535540086,-0.020482351716596833,0.024947728544398168,0.05716763332605002,0.315,0.3134,0.527,0.1138,0.0294,0.1798,399.0,256.0,506.0,87.0,578.0,591
673357,Luis Robert Jr.,440,0.0016122016945627922,0.00220208543560843,0.034631926111578414,-0.056282481678568703,-0.020362876531237143,0.02475537965539319,0.05762789541710026,0.3076,0.3102,0.526,0.113,0.0308,0.1836,401.0,257.0,508.0,84.95000000000002,578.0,591
596103,Austin Slater,131,0.001545322003853162,0.001446591102415789,0.036718038396684555,-0.05910349196741145,-0.02196015058958036,0.025396535363042535,0.06008646131737886,0.3164,0.3142,0.5142,0.1222,0.0394,0.2006,403.0,251.0,514.0,73.0,580.0,591
662139,Daulton Varsho,996,0.001265616396789257,0.0014807756602372238,0.029779811945742925,-0.047487818980628455,-0.018915497684512613,0.021333692279939375,0.04943594976165978,0.2778,0.277,0.518,0.0798,0.014,0.1654,404.0,282.0,500.0,119.0,569.0,591
656577,Alex Jackson,142,0.0006296517613896523,0.0015783424251672514,0.035933334424454275,-0.0600814456007304,-0.022502030058720687,0.02469965302122914,0.058377103250264246,0.3086,0.3086,0.517,0.1078,0.032,0.2056,404.0,257.0,515.0,83.0,580.0,591
667472,Dane Myers,524,0.0006006210064857267,0.0012064595616046783,0.03349353516622821,-0.054025941153277905,-0.02140633475345087,0.02323131694516127,0.05563338995847927,0.29,0.2926,0.515,0.0998,0.0268,0.1884,407.0,270.0,511.0,94.95000000000002,576.0,591
502671,Paul Goldschmidt,694,0.0005511253329559244,0.0006276507928023442,0.03412471814413826,-0.05633380874950722,-0.021993075464049557,0.02307762803786504,0.05627088308018576,0.2938,0.2928,0.5084,0.0998,0.0286,0.1948,408.5,267.0,512.0,89.0,578.0,591
800050,Chase DeLauter,859,0.000546855594727885,0.0011304053607937435,0.03536868580089611,-0.05819203202899124,-0.023107353913674137,0.02416244339240109,0.05778924215777636,0.2986,0.2972,0.513,0.1148,0.0334,0.204,407.0,262.0,515.0,82.0,578.0,591
682928,CJ Abrams,1232,0.0005050823681674876,0.0009053919419043971,0.03138431776806358,-0.05099176120729975,-0.02039617016388903,0.02152177309077641,0.05173527762843153,0.2794,0.2786,0.5102,0.0846,0.0172,0.1758,408.0,276.75,506.25,108.0,573.0,591
573262,Mike Yastrzemski,691,0.00048121872429527637,0.0009485347544784946,0.032353078314618755,-0.053490098290808655,-0.021162499789547963,0.022558905625354307,0.05168397057979845,0.284,0.286,0.5148,0.0946,0.0228,0.1792,407.0,273.0,508.0,103.0,576.0,591
664023,Ian Happ,1128,0.00033576685023847244,0.00043244769204769365,0.029811574360288386,-0.04949907355049183,-0.019225448053801095,0.020544683168108598,0.04910698070083531,0.266,0.2626,0.506,0.0726,0.0142,0.1692,409.0,287.0,503.0,117.95000000000002,571.0,591
643217,Andrew Benintendi,872,0.00026282932151676434,0.001703987487328821,0.03466564649817718,-0.057806186234711905,-0.022371330124666963,0.02384881124521265,0.05662331338906435,0.2984,0.2974,0.518,0.1066,0.0254,0.2004,406.0,265.0,513.0,91.0,579.0,591
668942,Josh Rojas,194,0.00011318372540515319,0.0005921750730756057,0.03516906050575142,-0.058506210784337966,-0.02329023511097579,0.023388334068869917,0.05717602013481756,0.2926,0.292,0.5078,0.1084,0.0306,0.2116,408.0,269.0,516.0,88.95000000000002,579.0,591
675961,Alika Williams,369,6.047216651765801e-05,0.0014355047552610757,0.035104262144357405,-0.05946827828723331,-0.02292870598052968,0.023793496736071222,0.056152247870809135,0.2984,0.2962,0.5132,0.1054,0.0288,0.2,407.0,263.0,516.0,89.0,580.0,591
682657,Angel Martínez,730,-0.0001676421908271585,0.0007681935118123693,0.03311961062046745,-0.0561424287110857,-0.021945921510200205,0.021823898330152372,0.05307175426378376,0.2862,0.2858,0.5104,0.0906,0.0218,0.1876,408.5,275.0,511.0,101.0,577.0,591
806068,Colt Emerson,507,-0.00021642191236900154,-0.0005991479728371063,0.03346178922875765,-0.05596994731213109,-0.021677138359250267,0.021731540750692648,0.05447098331538283,0.2796,0.282,0.4918,0.0946,0.0246,0.196,415.0,276.0,512.0,98.0,577.0,591
696030,Alejandro Osuna,368,-0.0003433864324215785,-0.0003994880580689439,0.03523170418025748,-0.05857845209144007,-0.023143829159174165,0.023222934551183724,0.05579721484211845,0.2898,0.2906,0.494,0.1036,0.0262,0.2044,417.0,268.0,518.0,92.0,578.0,591
672695,Geraldo Perdomo,1018,-0.00046634264281701193,-0.00045993980121314154,0.033296726334081796,-0.05554472165565506,-0.02251673378957746,0.022209659046236622,0.053389825513513324,0.2832,0.2826,0.495,0.0942,0.023,0.1976,414.0,277.0,514.0,100.0,577.0,591
685133,Wade Meckler,482,-0.00047766157116346336,0.0002982052944561828,0.034065426028005115,-0.0575467799829981,-0.022502592315144815,0.021884639399041377,0.0548133717516013,0.2768,0.2758,0.5044,0.0966,0.0248,0.1976,408.0,278.0,515.0,94.90000000000003,578.0500000000002,591
640459,Brian Navarreto,113,-0.0009208512314855884,0.0010947543842490582,0.036801018653911714,-0.06319098795492978,-0.02452569960623963,0.023838061310903175,0.05628548268308281,0.2982,0.2968,0.5124,0.1024,0.0288,0.2226,409.0,266.0,519.25,85.95000000000002,582.0,591
808982,Jung Hoo Lee,986,-0.0015536252918543793,-0.0009439411618863704,0.03335820451977352,-0.05693576315603787,-0.02395892057909805,0.02077497539521955,0.052622903341323274,0.2748,0.2732,0.4894,0.0908,0.02,0.2102,418.5,281.0,518.25,107.0,578.0,591
650402,Gleyber Torres,724,-0.0015939386809445553,-0.0009507283733787365,0.03228117529038385,-0.055221229497942594,-0.022514828765164262,0.019512681565483875,0.050597553650852806,0.2572,0.259,0.4892,0.078,0.0178,0.2054,418.0,288.75,515.0,113.0,577.0,591
669003,Garrett Mitchell,867,-0.001830515705396509,-0.0014515286531801789,0.03253952360579659,-0.055703769639908696,-0.023198925294911014,0.019897112546401603,0.05125739445576949,0.2582,0.2594,0.4814,0.0852,0.0186,0.1972,422.0,289.0,516.0,111.95000000000002,577.0,591
672640,Otto Lopez,1070,-0.001876332946850266,-0.0014041738016467792,0.030351857008817013,-0.05179683772150724,-0.021560116988889436,0.018718324340980773,0.04613442429092158,0.2476,0.2498,0.4808,0.0642,0.0116,0.1914,420.0,296.0,511.0,130.0,574.0,591
663743,Nick Fortes,525,-0.0021683364513910798,-0.0013223508259323385,0.035514268196597046,-0.06138475497387136,-0.025426578976831184,0.021431525907947536,0.05566894937211119,0.2756,0.2766,0.4854,0.0962,0.0252,0.2286,419.0,277.0,523.0,93.0,581.0,591
683357,Owen Caissie,622,-0.002174495723177751,-0.0016841728046140304,0.032955283449697344,-0.05676983374086218,-0.023407865083849764,0.01970140188869822,0.05145497438802783,0.2532,0.2524,0.479,0.0836,0.019,0.2052,422.0,293.0,516.0,111.0,578.0,591
700337,Edgar Quero,402,-0.002229544613709244,-0.001205189854403875,0.036157827587144795,-0.06351079015105898,-0.025166960013219,0.022477861527366402,0.05461120362643369,0.2866,0.2834,0.4862,0.095,0.0258,0.2264,419.0,271.0,523.0,96.0,582.0,591
660821,Jesús Sánchez,579,-0.0026978051097590098,-0.002391297139933413,0.0349759146500145,-0.06068643614385137,-0.02563919755501453,0.021335408325285965,0.05357729681353846,0.2666,0.2662,0.4704,0.0908,0.0258,0.2272,427.0,285.0,524.0,99.95000000000002,580.0,591
665019,Kody Clemens,1054,-0.002804234549415573,-0.0024045428786051482,0.02947810283189348,-0.05196797896712696,-0.022302711399282932,0.017045746303134802,0.04539903382968918,0.2268,0.2286,0.4678,0.0596,0.011,0.1942,425.5,309.75,515.0,134.0,574.0,591
682829,Elly De La Cruz,1001,-0.0030807123610255105,-0.0020951667262373336,0.033002191599390655,-0.05812745390519236,-0.024637685411706238,0.018590371431876623,0.04945902009190207,0.248,0.247,0.476,0.0728,0.0176,0.2112,425.0,297.0,520.0,120.0,579.0,591
699013,Esmerlyn Valdez,512,-0.0032093210124669682,-0.001956689775384279,0.03545634753313226,-0.06293170922926196,-0.025747381330554858,0.02077306199023094,0.054038435341656116,0.2672,0.265,0.4756,0.0878,0.0216,0.2328,424.0,285.0,525.0,102.0,582.0,591
807726,John Peck,116,-0.003243035700815716,-0.0022876520353366514,0.036790952676569504,-0.06386496275690244,-0.027167869981024936,0.021544236773911842,0.0559530904553269,0.279,0.2732,0.474,0.0972,0.0282,0.2424,426.0,278.0,529.0,92.95000000000002,583.0,591
678009,Parker Meadows,73,-0.0034715763969799824,-0.001978884089307055,0.036699890996487614,-0.06511995269084463,-0.027124032495701323,0.0207558919537084,0.055167746967674146,0.2724,0.2732,0.4742,0.0922,0.0254,0.2398,424.0,280.0,528.0,96.0,584.0,591
676391,Ernie Clement,1038,-0.003769723509990356,-0.003343215693893387,0.032115073018210774,-0.05779795317962045,-0.024416127884210916,0.017508903868534844,0.046697744110165966,0.236,0.235,0.4546,0.0676,0.018,0.2142,430.0,305.0,520.0,129.95000000000002,578.0,591
677951,Bobby Witt Jr.,1046,-0.004171343164890448,-0.0030649962839961464,0.03137826546892886,-0.056833743071379283,-0.02530101631618759,0.016431606515854826,0.04625230466468625,0.229,0.2272,0.4576,0.0614,0.0132,0.215,431.0,309.0,521.0,134.0,578.0,591
687952,Christian Encarnacion-Strand,418,-0.004495532972911893,-0.004101995493538472,0.0340485997783259,-0.060790278267679944,-0.027462698538352405,0.018682186839946522,0.049556156862876344,0.2486,0.2458,0.4488,0.0764,0.018,0.2398,437.0,297.0,528.25,113.0,581.0,591
680776,Jarren Duran,1086,-0.00524996258428686,-0.004784371775797129,0.0331755967424002,-0.06111075947832635,-0.02718710248204498,0.01716242119355811,0.04883503969327049,0.2324,0.2324,0.4422,0.0728,0.0158,0.242,439.0,308.0,529.0,121.0,581.0,591
660688,Keibert Ruiz,561,-0.005747016507009733,-0.0046683343939210465,0.0325547627280081,-0.06126251455400489,-0.02650282835533128,0.01589150113734981,0.045788620822971186,0.2192,0.218,0.4418,0.0576,0.0148,0.2336,437.0,316.0,527.0,137.0,581.0,591
671655,George Valera,67,-0.005829717168001427,-0.0049087066442459765,0.036842673794346,-0.06887196705385834,-0.029417425769092377,0.018204908218643824,0.05345793707347163,0.243,0.2414,0.4462,0.0886,0.027,0.2606,443.5,302.0,535.0,101.95000000000002,584.0,591
606466,Ketel Marte,1019,-0.00587825669435453,-0.00580138025151794,0.030302442381003988,-0.05713234839437057,-0.025261893054847044,0.015100103488025275,0.04266604378999463,0.2114,0.2122,0.4254,0.0494,0.0086,0.2206,443.0,321.75,523.0,150.95000000000002,578.0,591
571970,Max Muncy,951,-0.005993650063546558,-0.005505475813930362,0.03493427326596778,-0.0647710382531194,-0.02844689997740784,0.017434840876958648,0.0506974308732727,0.2382,0.2384,0.437,0.078,0.017,0.2582,444.0,304.0,534.0,112.0,582.0,591
606192,Teoscar Hernández,869,-0.006136133390694138,-0.004915214071106419,0.03280992290847842,-0.06108976300633445,-0.027917015025006396,0.01643906013644161,0.047051457484432575,0.2214,0.2252,0.4332,0.0644,0.012,0.2438,440.0,314.0,530.0,130.0,581.0,591
693304,Nick Gonzales,1100,-0.007487537834163568,-0.007178489655784676,0.031192683594073678,-0.06050208700118478,-0.02806714721353148,0.013903897563437007,0.0425041369250817,0.2,0.201,0.4078,0.048,0.0084,0.2442,450.0,329.75,530.0,151.0,581.0,591
681082,Bryson Stott,985,-0.007516871827852122,-0.006870904742625373,0.03329340956681541,-0.06498226374694097,-0.02873383585398439,0.015520174121048076,0.045000123937027244,0.2126,0.213,0.4208,0.0542,0.0104,0.2564,449.0,321.0,534.0,139.95000000000002,583.0,591
663616,Trevor Larnach,722,-0.007649670587949371,-0.0066858157650172365,0.034489768040353634,-0.06674978750263781,-0.029695855380786704,0.015264515753696443,0.04741670907555349,0.2156,0.213,0.4196,0.0634,0.0156,0.2626,449.0,318.0,535.0,125.0,583.0,591
596019,Francisco Lindor,840,-0.0077762519199220505,-0.006921674952083808,0.03233231470150463,-0.06125458694693856,-0.02910404126343025,0.014088031255300629,0.043637874132942574,0.2024,0.2018,0.4158,0.052,0.0092,0.2592,449.0,328.0,533.0,145.95000000000002,582.0,591
678662,Ezequiel Tovar,1037,-0.00781031457182453,-0.007402755162139608,0.02985340708069522,-0.05628980930319381,-0.02797000476021227,0.012554713174201754,0.040277150933155065,0.1806,0.1814,0.3964,0.0422,0.0068,0.2466,453.0,339.0,531.0,162.0,579.0,591
682177,Daniel Schneemann,551,-0.00809751492384581,-0.00766612159703667,0.03173474112306068,-0.060722256907210496,-0.028929131870085806,0.012739977033539294,0.04420380741127473,0.1928,0.1896,0.4016,0.0554,0.0104,0.2594,453.0,336.0,534.0,139.0,581.0,591
703155,Lazaro Montes,91,-0.008818405984817881,-0.008247237658078457,0.03628701924261613,-0.07054040161291238,-0.032121647367340564,0.015299845826364374,0.049607205909577866,0.2132,0.2126,0.4182,0.075,0.0188,0.2878,456.0,320.0,542.0,117.0,585.0,591
624424,Michael Conforto,498,-0.008851953870382907,-0.008471449676905947,0.03177551782133317,-0.06242064370819922,-0.02963194821496776,0.012277421487675008,0.04249158357066889,0.1874,0.1876,0.399,0.0466,0.0106,0.2634,457.0,338.0,535.0,154.0,582.0,591
691781,Brady House,614,-0.008966315610567965,-0.008506212670719701,0.0338111870797092,-0.06529556382977218,-0.030984948945062166,0.013970070041513481,0.0454151723804803,0.202,0.2018,0.399,0.0566,0.0142,0.278,458.0,330.0,538.0,134.95000000000002,583.0,591
663330,Jahmai Jones,296,-0.009089835598311391,-0.008039661957601373,0.035758209619597955,-0.06951963888259889,-0.03291523025758828,0.01512787267150123,0.04817720881117416,0.2158,0.2152,0.4112,0.0652,0.018,0.2902,457.0,319.0,542.0,124.0,585.0,591
642086,Dominic Smith,540,-0.009793118115315724,-0.009104524187954786,0.03622255164516912,-0.0705707132138462,-0.034055068271324485,0.014838672144914997,0.04811604377327972,0.21,0.209,0.4046,0.0646,0.018,0.3014,459.0,325.75,545.0,128.0,586.0,591
630105,Jake Cronenworth,695,-0.010359340354311639,-0.009413721942914566,0.031642393360385455,-0.0631289581559029,-0.031211196008356985,0.010710212089293932,0.04099056806428699,0.169,0.1718,0.382,0.044,0.0084,0.2824,460.5,350.0,540.0,161.0,582.0,591
679529,Spencer Torkelson,1056,-0.010574488538836456,-0.009768585610734775,0.03271630694419534,-0.06598232895083922,-0.03145960198625504,0.011448863497273972,0.04020302553903468,0.1792,0.1782,0.383,0.0458,0.009,0.287,465.0,346.0,540.0,154.95000000000002,583.0,591
608369,Corey Seager,777,-0.010629625887493591,-0.010117438041231983,0.030138865606328953,-0.06208516902661179,-0.0302445085833261,0.010130733535445823,0.037860175037612194,0.1616,0.1608,0.3656,0.0326,0.0042,0.2674,466.0,353.0,537.0,177.95000000000002,582.0,591
694203,Denzer Guzman,544,-0.01119697347455582,-0.010001978102729315,0.03433467880597197,-0.06876592415444709,-0.03386085279940393,0.012486622321030252,0.04367664807772678,0.1862,0.1842,0.3818,0.0522,0.0094,0.3036,465.0,339.75,546.0,146.95000000000002,585.0,591
678882,Ceddanne Rafaela,1167,-0.01249794959669758,-0.011994085066554055,0.027548712726336518,-0.058168661140214246,-0.03052013181514258,0.006021921205582171,0.031687095442251435,0.1254,0.127,0.327,0.021,0.0024,0.2798,475.0,379.0,537.25,212.0,580.0,591
803011,Sam Antonacci,867,-0.01291024426782168,-0.011999137734431928,0.03363675716554974,-0.06894770483889319,-0.0348881162615004,0.010384415043367982,0.04024046002753935,0.1658,0.1676,0.3592,0.0408,0.0092,0.3172,475.0,351.75,548.0,162.0,585.0,591
500743,Miguel Rojas,397,-0.01308016250529047,-0.011576904512937029,0.03684177594761059,-0.07602886920804704,-0.03666893464985877,0.012156362568052454,0.045426152342278446,0.1882,0.1868,0.3732,0.0596,0.0144,0.3318,474.0,339.0,552.0,135.0,586.0,591
683146,Brett Baty,885,-0.014326551521552775,-0.014277048221854027,0.03150683058915937,-0.06673096341123684,-0.03476151355057485,0.0064071219386131004,0.03673231478612172,0.1396,0.1386,0.3238,0.0318,0.0048,0.314,483.0,377.0,547.0,176.95000000000002,584.0500000000002,591
687462,Spencer Horwitz,679,-0.015378648130060941,-0.014286350484797403,0.03315642351208552,-0.07209197695117583,-0.036027952610663556,0.006981879800124956,0.03641704450909736,0.1508,0.1498,0.3246,0.033,0.0062,0.3416,484.0,374.75,552.0,182.95000000000002,586.0,591
669899,Ryan Ward,132,-0.01665799597949578,-0.01546572460033021,0.037160497634593885,-0.08045270887414754,-0.04016887494858242,0.008624400580634097,0.04273438915244866,0.1644,0.1662,0.3322,0.0496,0.0108,0.3656,490.0,364.0,559.0,149.0,588.0,591
694212,Samuel Basallo,753,-0.01686753306863971,-0.016331737357480745,0.03112574917053269,-0.06856003987717889,-0.03709968540410406,0.0039548521012556185,0.033624606850936115,0.1196,0.1192,0.2954,0.0266,0.0042,0.3492,494.0,391.75,552.0,200.0,585.0,591
695670,Harry Ford,208,-0.01785142594268519,-0.016758594726115225,0.03423671753382515,-0.07510534024822338,-0.039991987228967255,0.005578593189417716,0.03634098096677436,0.1388,0.1384,0.3026,0.0326,0.0062,0.3726,495.0,384.0,559.0,185.0,587.0,591
664761,Alec Bohm,996,-0.018127138139569555,-0.017463437134242265,0.03143838306402874,-0.07057673380733677,-0.03969598373618035,0.0034765823718410777,0.03217029576303121,0.1144,0.1128,0.2884,0.0224,0.0036,0.3748,497.0,393.0,555.0,208.95000000000002,586.0,591
622761,Jorge Mateo,418,-0.018412303805408085,-0.01730817939240807,0.032776015816364655,-0.07276535476029944,-0.040048482598875675,0.004143029805508518,0.03366726294229529,0.1282,0.127,0.294,0.0264,0.0046,0.3772,497.0,391.0,558.0,202.0,586.0500000000002,591
621020,Dansby Swanson,842,-0.01881075899301281,-0.017946522895950508,0.030827495495113592,-0.07080242126050261,-0.03910798926321287,0.0017858133769818822,0.03139528495295839,0.1028,0.103,0.2716,0.0186,0.0024,0.3738,499.0,405.0,556.0,215.0,586.0,591
681508,Mickey Gasper,312,-0.020738519699470912,-0.0197682379628661,0.035130599909908904,-0.08071357171953467,-0.04446082664155559,0.004236432301319555,0.035068578303668906,0.127,0.1274,0.292,0.0288,0.0048,0.4116,505.0,390.0,565.0,195.95000000000002,589.0,591
668715,Spencer Steer,676,-0.02092500453492136,-0.0201523331639446,0.033247800810927305,-0.07742924219223722,-0.04301074967395324,0.0017774668306397947,0.03244368755749334,0.1108,0.1114,0.2666,0.023,0.0032,0.4132,509.0,404.0,562.0,204.0,588.0,591
680869,Zack Gelof,673,-0.023192696057494997,-0.022038142533806093,0.03066901036936024,-0.07514826648676812,-0.04355470645952884,-0.0018089950872128453,0.02496917613007022,0.0772,0.077,0.23,0.013,0.0018,0.4284,513.0,430.0,564.0,258.95000000000005,587.0,591
682985,Riley Greene,1075,-0.025473373296094472,-0.024528914561138173,0.03264290057594532,-0.0804763236771137,-0.04719546949207122,-0.0031955061431700907,0.026234644388963235,0.0814,0.0814,0.2186,0.0154,0.0016,0.4656,524.0,433.75,568.0,246.0,588.0,591
592885,Christian Yelich,848,-0.028928352989307092,-0.02851338408705939,0.0314631574542473,-0.08189864186989994,-0.04992713266226563,-0.007001339497666929,0.022312298985434072,0.0626,0.0618,0.1786,0.011,0.0006,0.5054,532.0,454.0,572.0,271.0,589.0,591
