player_id,player_name,n_exposures,posterior_mean,posterior_median,posterior_sd,cri90_low,cri50_low,cri50_high,cri90_high,prob_above_league_mean,prob_above_league_median,prob_positive,prob_top_quartile,prob_top_decile,prob_bottom_decile,rank_median,rank_cri50_low,rank_cri50_high,rank_cri90_low,rank_cri90_high,rank_population_size
683146,Brett Baty,794,0.0693925258099581,0.06775726155586256,0.03033844168350644,0.022666345647621346,0.04838107005990797,0.08860630981703305,0.12235796032892882,0.94,0.939,0.9932,0.7958,0.533,0.0014,52.0,16.0,127.0,2.0,316.0,587
643396,Isiah Kiner-Falefa,761,0.06909437177785412,0.06731034768560883,0.03115725130482253,0.02106124035962495,0.04752593381913184,0.0893682966251445,0.12187529164863488,0.9346,0.9334,0.991,0.7738,0.5306,0.0036,52.0,16.0,134.0,2.0,328.0,587
669127,Shea Langeliers,988,0.06840091290669197,0.06711241232789439,0.028701756684755032,0.023445685394078132,0.04827442388378444,0.08674532362700216,0.11780431191308699,0.9404,0.9404,0.9956,0.7874,0.5336,0.002,53.0,18.0,128.0,3.0,309.0,587
663616,Trevor Larnach,955,0.06402218539515785,0.062366488347579616,0.031388577438297906,0.015827918104345376,0.04178088176305314,0.08443591349887884,0.11823687424738975,0.8984,0.8988,0.9858,0.714,0.4686,0.0034,67.0,21.0,167.0,3.0,377.0500000000002,587
666969,Adolis García,1108,0.06232744992393537,0.06117442100860533,0.029734953043001118,0.01644718093898867,0.041270429882933626,0.08220316511670742,0.11242641401528825,0.9,0.901,0.9876,0.7068,0.4458,0.0042,73.0,25.0,172.0,4.0,365.0500000000002,587
514888,Jose Altuve,1070,0.06037524254906359,0.05918106924092395,0.029044573898115034,0.014321543174839956,0.04081304249938395,0.07918300968501245,0.11095612994779395,0.8924,0.8932,0.986,0.6912,0.4166,0.0038,80.0,29.0,179.0,5.0,376.0500000000002,587
670042,Luke Raley,438,0.055755320745161825,0.05402043699411644,0.03022825306092115,0.009323697726944784,0.03457809690731966,0.0754239245398009,0.10937613309282321,0.8484,0.8468,0.9762,0.6096,0.3532,0.0072,104.0,36.75,217.0,5.0,420.0500000000002,587
656484,Tristan Gray,158,0.05524339723763072,0.05347256085930976,0.03259719674267782,0.0047505512877688005,0.03297176086719446,0.07581717563725339,0.11097948858764278,0.8262,0.8264,0.9624,0.6062,0.356,0.0126,104.0,35.0,236.0,4.950000000000017,445.0,587
686797,Brooks Lee,949,0.05424518410129819,0.053237808785287985,0.030386528648389317,0.007395064274065456,0.03344848485365954,0.07296586789041241,0.10673911972501877,0.837,0.8356,0.9702,0.5956,0.3322,0.0094,108.0,41.0,228.25,5.950000000000017,430.0500000000002,587
592206,Nick Castellanos,1242,0.053439544792477964,0.05233676098382532,0.028492152661640277,0.010600728815673843,0.03326698660947905,0.07157459700996567,0.10277369715352552,0.8422,0.8414,0.9774,0.5924,0.314,0.0072,114.0,44.0,229.0,8.0,402.0500000000002,587
679529,Spencer Torkelson,1153,0.053207191196263014,0.05200054116863151,0.028991735278080594,0.00839414338229179,0.03282754732483066,0.07214383836561271,0.10281711158662273,0.837,0.8372,0.9728,0.5912,0.3192,0.0088,113.0,44.0,237.0,7.950000000000017,422.0500000000002,587
595879,Javier Báez,822,0.053027188804048594,0.0518687441643285,0.029414683174786984,0.007411559343366395,0.03294480656731763,0.07204956753989261,0.10224231458012702,0.8302,0.8318,0.9702,0.5776,0.314,0.0102,117.0,44.0,231.0,7.0,425.0500000000002,587
630105,Jake Cronenworth,893,0.05092511900336852,0.04966163255981772,0.029910641828015047,0.0042173064196092255,0.03057426947135486,0.06953190088745184,0.10345181255854498,0.8092,0.8088,0.9664,0.555,0.2862,0.0114,124.0,50.0,252.0,7.0,444.0,587
682985,Riley Greene,1384,0.04960517817576219,0.04794547291717535,0.031835983227834395,-0.00038033000459985436,0.028233124759248673,0.06955711295567178,0.1043261329126656,0.7804,0.7824,0.9486,0.529,0.2852,0.019,135.0,49.0,272.0,6.0,467.0,587
673237,Yainer Diaz,1086,0.0495621656069979,0.04811349103074411,0.02655143653907016,0.008774669988245233,0.03141727335966746,0.06648930353605007,0.09552796672445427,0.82,0.8224,0.9768,0.5348,0.252,0.0068,135.0,59.0,245.0,12.0,423.0,587
621439,Byron Buxton,1031,0.0480213958889556,0.04686124532223265,0.029590823678889922,0.0015759784141916612,0.02773714318746464,0.06723375687823382,0.09881174497471196,0.7814,0.7816,0.9546,0.5092,0.2578,0.015,143.0,57.0,270.0,10.0,464.0,587
663586,Austin Riley,890,0.047645015596624415,0.04615431298996944,0.03060454140621344,-0.00021051229778532168,0.02679444679626209,0.06726316724590703,0.10041039469154663,0.7622,0.7634,0.9488,0.4998,0.263,0.0182,148.0,56.0,286.0,8.0,469.0,587
701398,Sal Stewart,106,0.04594020954918599,0.04426316530792315,0.031788029622977096,-0.004411080772702029,0.024713226814782663,0.06627867815015136,0.10114870048667006,0.7444,0.7442,0.9342,0.4846,0.254,0.0226,154.0,59.0,298.0,9.0,486.0,587
663743,Nick Fortes,413,0.04565757012150187,0.04434648991921904,0.0315736719313629,-0.003699794516204264,0.024572332630939137,0.0652702538105818,0.09950190487580644,0.7414,0.7412,0.9342,0.4786,0.241,0.0236,159.0,62.0,299.0,9.0,489.0,587
683734,Andrew Vaughn,799,0.045404543422215275,0.04460317154859525,0.028575098165217132,0.00010839725424506597,0.026393982352059003,0.06393146525414184,0.09283004638978258,0.7574,0.7582,0.9502,0.4832,0.2284,0.016,154.0,65.75,288.0,12.0,474.0,587
676475,Alec Burleson,935,0.04521101807660022,0.04375412765485112,0.02856488458797917,0.0001044151241748348,0.026107430941763956,0.0633763674156053,0.09384688622975468,0.7612,0.761,0.9504,0.4706,0.2236,0.016,160.0,68.0,287.0,13.950000000000017,465.0,587
641313,Tim Anderson,183,0.045163540107586525,0.04275846247282876,0.03241915269283399,-0.004039485334566313,0.02362645904196429,0.06531189262541545,0.10139186708053947,0.7314,0.7322,0.9298,0.4694,0.2406,0.0228,163.0,63.0,306.0,8.0,486.0,587
660757,Oscar Gonzalez,141,0.045159813155352786,0.0438306414594164,0.032701611145601495,-0.0052455128782112155,0.023459557803090766,0.06583043323905341,0.10121890648956806,0.7278,0.7272,0.93,0.4718,0.2412,0.0272,160.0,62.0,308.0,8.0,494.0,587
664774,LaMonte Wade Jr.,412,0.04502149755141336,0.043783343151120264,0.03186345095941558,-0.004447937118907685,0.023515091137892553,0.0654020806394083,0.09935554687977224,0.731,0.7318,0.9324,0.4684,0.238,0.0264,163.0,63.0,306.0,9.0,495.0500000000002,587
663697,Jonathan India,920,0.044416017849360036,0.04397005890571899,0.030510714774686518,-0.00556359583423232,0.02390748755753151,0.06354007924578434,0.09723397141301889,0.7356,0.7376,0.9316,0.465,0.2228,0.026,165.0,69.0,302.0,10.0,490.0500000000002,587
663993,Nathaniel Lowe,1146,0.0443943431226978,0.0430748457117367,0.02818588325685901,-0.0007374117468531876,0.025737183231730507,0.06310346459073361,0.09162999422064562,0.757,0.7578,0.9464,0.4602,0.2074,0.0158,164.0,72.0,289.25,15.0,468.0,587
677800,Wilyer Abreu,823,0.04382657000190752,0.04301678914200527,0.028267659225605327,-0.001281131485747433,0.02477525213254566,0.06163992808202329,0.09122673579855047,0.7434,0.745,0.9458,0.453,0.2046,0.0154,167.0,76.0,296.0,14.0,473.0,587
656180,Riley Adams,553,0.04362645177909762,0.042602166902520625,0.02973857409003661,-0.004605488773692121,0.023690895532371564,0.06276871081498338,0.09374053467560425,0.73,0.7304,0.9348,0.4532,0.2138,0.0214,167.0,71.0,307.0,12.0,490.0,587
542932,Jon Berti,179,0.043617783345410575,0.041885248481895246,0.03158960635089823,-0.005309083040599015,0.02310828018714759,0.06315868896833991,0.09793052094488676,0.7256,0.7262,0.9284,0.4468,0.218,0.027,171.0,70.0,310.0,10.0,497.0,587
643217,Andrew Benintendi,851,0.04354698031868241,0.04194680115876853,0.02959458648681341,-0.003244525298792804,0.023639325516351964,0.062468964569899636,0.09481370894014027,0.7314,0.733,0.9388,0.443,0.2172,0.0196,173.5,70.0,305.0,13.0,484.0,587
656541,Sam Hilliard,113,0.043420498436522084,0.04230554401988479,0.03112573306913913,-0.0057657183719736224,0.02248373499427347,0.06322512666407785,0.09580756288267872,0.719,0.721,0.9282,0.4474,0.2274,0.0278,172.0,67.0,314.0,11.0,498.0500000000002,587
666160,Mickey Moniak,889,0.04320467889476915,0.04183589036757622,0.030594420201106105,-0.005940971532557615,0.023050674308344805,0.06283478516206607,0.09503265154623351,0.724,0.726,0.9262,0.4424,0.2154,0.0276,172.5,71.0,311.0,11.0,495.0,587
663656,Kyle Tucker,1026,0.04268891654706341,0.041691855335305894,0.02792457350795387,-0.0017975548942978435,0.02415655586339005,0.06058970757051092,0.08932212485756857,0.731,0.7326,0.9446,0.437,0.194,0.0164,175.0,78.0,304.0,16.0,477.0,587
641857,Ryan McMahon,1109,0.042631435326731804,0.04155313704611486,0.02918701283266578,-0.003513113459411353,0.022774297887163727,0.06181270499849454,0.0920265829869463,0.7224,0.7232,0.9366,0.4402,0.2024,0.0224,174.0,76.0,311.0,13.0,485.0,587
686469,Vinnie Pasquantino,1204,0.04228154956945837,0.04120006513299267,0.02715878830126069,-0.0010936287862364502,0.02388693543561827,0.059886364434267786,0.0889346981518369,0.7352,0.7314,0.9464,0.4306,0.1874,0.0162,178.0,82.0,304.0,17.0,474.0500000000002,587
681082,Bryson Stott,973,0.042264166559648424,0.04154394006417318,0.02644898807265268,-9.913335203362168e-06,0.024360396588989912,0.059163631924892435,0.08652976818627804,0.741,0.7392,0.9496,0.4242,0.1748,0.015,175.0,83.0,300.0,19.0,468.0500000000002,587
678246,Miguel Vargas,1043,0.041607648784316505,0.041098713717438944,0.028409913416976105,-0.0036451975393447925,0.02276894322168747,0.060103050918427915,0.08947811845073596,0.7146,0.7172,0.9326,0.426,0.1864,0.0196,181.0,81.0,313.0,15.0,487.0,587
518792,Jason Heyward,157,0.04158216895094225,0.0407668698049871,0.03267375681862553,-0.01095678521111167,0.020394568179666228,0.06266393783386005,0.0971896443536447,0.696,0.694,0.9072,0.4334,0.2162,0.0402,179.0,71.0,329.25,11.0,516.0500000000002,587
660670,Ronald Acuña Jr.,786,0.041437782931053005,0.040030431698678294,0.029563555564987194,-0.004824364409274962,0.021378112582607838,0.06004031385977078,0.09239002210564085,0.701,0.701,0.9292,0.4154,0.1908,0.0242,186.0,82.0,323.0,14.0,492.0,587
668939,Adley Rutschman,586,0.04143019489204286,0.040475093323342426,0.0308492811323177,-0.007727363833842415,0.020960866100055174,0.06086065999147769,0.09313475062588665,0.7,0.7002,0.9194,0.4288,0.2046,0.0316,183.0,76.0,328.25,12.0,504.0,587
669720,Austin Hays,795,0.04139312137836494,0.04031148619516818,0.03109973221944873,-0.0071591254529356175,0.020845406359913585,0.06141239814842936,0.0939653112130531,0.689,0.6864,0.9192,0.424,0.1994,0.032,185.0,76.75,327.0,13.0,506.0,587
553869,Elias Díaz,531,0.041174978092113255,0.0400438042602371,0.03162105723163078,-0.009335230319725723,0.02024274910483156,0.06105515924029237,0.09426678332693411,0.6916,0.691,0.9092,0.4208,0.2004,0.0356,183.0,78.0,333.0,12.0,512.0,587
666624,Christopher Morel,614,0.04111863759722773,0.039959059408262776,0.03217387357201806,-0.008180225455136858,0.019189675570786532,0.061708804586231535,0.09534808033991396,0.6796,0.6772,0.9084,0.4254,0.211,0.0342,185.0,74.0,342.0,11.0,507.0,587
666158,Gavin Lux,864,0.04087380479456223,0.039955317682273346,0.03102679578752807,-0.008060387389339084,0.020284947325088926,0.0604190475432886,0.09412629523089933,0.6926,0.692,0.9154,0.4156,0.199,0.032,185.0,79.75,334.0,12.0,505.0,587
660271,Shohei Ohtani,1276,0.04079721877583761,0.04007315082187804,0.027054550667692794,-0.002406855310345135,0.022827135821220017,0.05806031576462956,0.08689870079280818,0.7164,0.7192,0.9406,0.4056,0.1726,0.0212,186.0,88.0,313.0,19.0,480.0500000000002,587
687478,Cam Devanney,78,0.04078914425321946,0.03996194972932929,0.03192472334591901,-0.0105021709374893,0.019924001307573554,0.06100429922257502,0.09545120070637544,0.6906,0.6916,0.904,0.4236,0.2014,0.0386,186.0,77.0,336.0,12.0,515.0500000000002,587
657656,Ramón Laureano,922,0.040774347385364715,0.04003660035747504,0.030183872627909638,-0.007605217140615006,0.02076741770826998,0.05985420881538586,0.09174285246351079,0.689,0.69,0.9154,0.4154,0.1982,0.0318,186.0,79.0,333.0,14.0,503.0,587
668715,Spencer Steer,1091,0.04059788443237252,0.039675248995633385,0.027878393834429967,-0.0036750575998801744,0.0220497140762431,0.05866395829752674,0.08828923276066039,0.7056,0.7088,0.935,0.4036,0.173,0.0246,187.0,88.0,318.0,18.0,485.0,587
665161,Jeremy Peña,897,0.040571310182539407,0.03965675968535569,0.02816078146452487,-0.0050174765337305015,0.02186316405940671,0.05841197884681071,0.08769335316453376,0.7106,0.7102,0.9298,0.4072,0.1724,0.024,188.0,87.0,315.25,17.0,487.0,587
664761,Alec Bohm,853,0.04050271066012156,0.03946881202245635,0.0291275840096244,-0.005415990976596345,0.020603653589353437,0.05914933712665594,0.09094942873337657,0.6888,0.69,0.9228,0.4104,0.1826,0.024,187.0,85.0,332.0,16.0,495.0500000000002,587
681393,Connor Norby,651,0.04050137559986415,0.03969032166420944,0.03006233940356546,-0.006918026152640904,0.0201590627132282,0.05938021316944137,0.09148847426768662,0.6896,0.6902,0.9172,0.409,0.186,0.029,187.0,83.0,334.0,15.0,504.0,587
624428,Adam Frazier,902,0.04049435289184955,0.03976887367917073,0.030468957528423334,-0.00774487343372596,0.02005217018150194,0.06042838673887726,0.09139502406429877,0.6898,0.692,0.9128,0.4146,0.1964,0.0312,187.0,80.0,334.0,15.0,504.0500000000002,587
681715,Heriberto Hernández,509,0.040227122424200575,0.03903570089431857,0.030831563076638077,-0.009853436013903536,0.019858495709378476,0.059613231790623604,0.09237517384051148,0.6874,0.6888,0.9118,0.4152,0.1924,0.033,190.0,81.0,336.0,15.0,509.0,587
691777,Max Muncy,405,0.03992519669292022,0.038566801652051216,0.03072758196748847,-0.00772269724813332,0.019553681621382747,0.05911489508536323,0.09251842491184331,0.6788,0.679,0.9098,0.3974,0.1894,0.0296,196.0,82.0,340.25,13.0,502.0500000000002,587
672356,Gabriel Arias,1004,0.039850825854479396,0.03886475139599588,0.02817150497270807,-0.004914706998758862,0.021393806226191348,0.05740297947895204,0.08779201451534942,0.6976,0.6984,0.9256,0.3992,0.1684,0.0246,192.0,92.0,328.0,18.0,492.0,587
543309,Kyle Higashioka,568,0.03975143196961326,0.03876185074147295,0.030401698328276855,-0.008030792378976168,0.01951707939635687,0.05891121502042778,0.09148989798264252,0.6794,0.6766,0.9112,0.4024,0.179,0.036,192.0,85.0,338.0,14.0,510.0,587
682829,Elly De La Cruz,1200,0.039416912592796546,0.03820461412829582,0.030729243257831152,-0.010172945284085457,0.018967851396295535,0.059561975251453694,0.09106548813469013,0.6692,0.6706,0.908,0.3988,0.1876,0.0388,195.0,82.0,342.0,15.0,514.0500000000002,587
669701,Josh Smith,1009,0.03939933768936624,0.03819028236869005,0.0277354519725906,-0.0035760479829761898,0.020866971136191015,0.057017052275272706,0.08722109848609368,0.6898,0.689,0.9324,0.3866,0.156,0.0208,201.0,92.0,328.25,19.0,489.0,587
669357,Nolan Gorman,760,0.03919887344083374,0.037927880464140126,0.029538011040414855,-0.00735063102806197,0.019205137230616356,0.05848412762221292,0.08942662988463027,0.6762,0.675,0.9166,0.3928,0.1798,0.0288,198.0,86.0,341.0,16.0,504.0500000000002,587
689200,Jacob Melton,149,0.0389174203262195,0.037722196076993106,0.0315969876180524,-0.01043863685566996,0.017625227067104524,0.059872681383220105,0.091576328093947,0.665,0.6632,0.8968,0.3994,0.1894,0.0378,202.0,82.0,351.0,15.0,513.0,587
607043,Brandon Nimmo,1182,0.03891523433302526,0.038102947600888795,0.027413784477047284,-0.005079812302792963,0.020742379681521386,0.05707829135527705,0.08548785979843153,0.6904,0.6936,0.9278,0.3832,0.1586,0.0238,198.0,93.0,329.0,21.0,497.0,587
666182,Bo Bichette,1177,0.03877051297434093,0.03793479501269991,0.029047638540120605,-0.007878536832275393,0.019757765669223867,0.057275157871897596,0.08776042437195503,0.6798,0.6804,0.9182,0.3764,0.1666,0.0304,197.0,92.0,336.0,18.0,500.0,587
681624,Andy Pages,1236,0.03873268633989896,0.038324336973320355,0.02861115191915541,-0.008126427593565652,0.0203076967351634,0.0572436914641349,0.08604327031312443,0.689,0.686,0.914,0.3934,0.1628,0.032,197.5,91.75,331.0,19.0,506.0,587
687597,Jordan Beck,1043,0.038555550394023905,0.03795696311986185,0.03008729663309037,-0.010455161965198589,0.01876662569285826,0.05782458568332708,0.08942762320622229,0.6744,0.676,0.9072,0.3888,0.17,0.0386,197.0,88.0,343.0,16.0,513.0,587
595777,Jurickson Profar,662,0.03855464358429689,0.03715588140127562,0.031229963759111974,-0.010794308535701439,0.018559110610925328,0.05857211742422258,0.0919499850637294,0.666,0.6628,0.898,0.3866,0.1738,0.0418,205.0,88.0,351.0,15.0,521.0,587
681297,Colton Cowser,610,0.038321274280844954,0.03722003570392014,0.030243955341841215,-0.009957737499578286,0.01899404966900941,0.05698855654378572,0.09041664129330908,0.6734,0.6708,0.9056,0.3722,0.1768,0.035,203.0,92.0,343.0,17.0,512.0,587
691781,Brady House,548,0.03825809787364763,0.03765168943111574,0.029799732867825442,-0.01035706730846229,0.018671931739426235,0.05709127780657705,0.08796102665805047,0.6748,0.6762,0.9058,0.387,0.1654,0.0396,198.0,91.0,343.0,18.0,514.0,587
700932,Kyle Manzardo,949,0.03825069970620563,0.03688377124972637,0.028813518634572426,-0.0070171162555708825,0.018952331292689792,0.056384815812403614,0.08686545180371007,0.6672,0.6682,0.9196,0.3738,0.1616,0.0322,207.0,96.0,344.0,18.0,504.0500000000002,587
686611,Dylan Crews,531,0.03814228696883527,0.03750086330562752,0.030386705795604887,-0.010943411630783814,0.017803618507433467,0.05742467941673537,0.08830262885510427,0.6608,0.6612,0.905,0.3858,0.1724,0.0386,202.5,92.0,350.0,15.0,515.0,587
676701,Alan Trejo,78,0.037797563862697184,0.03695453143473129,0.03156356253467664,-0.01260425300440064,0.01707966083971821,0.05797722346674567,0.09069902583778879,0.658,0.6574,0.8916,0.388,0.176,0.0424,204.0,89.0,355.0,14.0,522.0,587
656305,Matt Chapman,911,0.037665966583667186,0.03737266292896216,0.029467434640673588,-0.009825061412272835,0.018136055969397186,0.05639482014136956,0.08684417405434823,0.658,0.658,0.908,0.3742,0.159,0.0354,203.0,94.0,349.0,17.950000000000017,511.0,587
666310,Bo Naylor,774,0.037620843246839446,0.03646619131994869,0.03010229869804553,-0.010690489529993333,0.0172725121706454,0.05746117149657521,0.08802158678282178,0.652,0.6534,0.904,0.3772,0.173,0.0378,209.0,91.0,352.0,18.0,515.0500000000002,587
668845,Aaron Schunk,69,0.03750101383575094,0.03673852732533668,0.03214795440802962,-0.013435719812929266,0.0164171521321516,0.05817064915046764,0.09131464024774755,0.6432,0.644,0.8848,0.3838,0.1798,0.0472,211.0,86.0,362.25,16.0,526.0,587
673490,Ha-Seong Kim,305,0.03722183113501834,0.03662863923572186,0.030768869992454168,-0.012826384931164761,0.016864349531787497,0.057211857247719,0.08788778613628567,0.6536,0.6566,0.8902,0.3784,0.166,0.0436,208.0,93.0,355.0,18.0,520.0,587
807713,Matt Shaw,792,0.036777103680178114,0.03631601060290621,0.030019091150324383,-0.011702589899187875,0.017128543930954497,0.05611347668580736,0.08705813900514248,0.6456,0.6494,0.8984,0.3722,0.157,0.0406,210.0,97.0,357.0,19.0,519.0,587
701350,Roman Anthony,463,0.03676385779632629,0.03627428871847282,0.029595338982091636,-0.011172803086652586,0.017377583711407386,0.05582162276613595,0.0858912199316774,0.6524,0.653,0.8998,0.3654,0.1494,0.0374,212.5,99.0,355.0,21.0,516.0,587
649966,Luis Urías,542,0.03655202916326745,0.03585504279527403,0.0298563310192384,-0.011455708260944237,0.016834315778428036,0.055069459275308576,0.086578782635863,0.642,0.646,0.8972,0.3576,0.149,0.0388,214.0,102.0,359.25,20.0,516.0,587
681460,Brooks Baldwin,638,0.03655092301885672,0.0357699864240842,0.028010120042857443,-0.008619678147671493,0.018216375977424225,0.054868712790672326,0.08332451652716553,0.6562,0.6552,0.9086,0.355,0.1438,0.032,212.0,102.0,349.0,25.0,509.0,587
667472,Dane Myers,516,0.03604727853886214,0.035332815088336716,0.03093914179565037,-0.013651145131068954,0.01591805526823844,0.055695251674778706,0.08735920679301219,0.637,0.6362,0.8832,0.3594,0.1546,0.0448,215.0,98.75,367.0,19.0,524.0,587
696285,Jacob Young,550,0.03597465971411139,0.0352111670306027,0.028605976520890204,-0.01010489607818217,0.017228648536251844,0.05478542825591551,0.08431984283359471,0.6426,0.6424,0.9028,0.35,0.142,0.038,217.0,103.0,357.0,22.0,512.0,587
665953,Andrés Chaparro,141,0.03585475294719627,0.035423001792590156,0.030485606367599668,-0.013380068216224995,0.016045605668770866,0.055087787297875515,0.08797430569973125,0.635,0.6354,0.8878,0.3534,0.1538,0.0452,217.0,103.0,367.0,19.0,525.0,587
650489,Willi Castro,897,0.03572573889141299,0.03486074167595736,0.028455659020803686,-0.009281384368296262,0.01669491987080817,0.05411616679972629,0.08492100605715099,0.6414,0.6406,0.9,0.337,0.136,0.033,222.0,110.0,357.0,23.0,511.0,587
642133,Rowdy Tellez,562,0.035646082017713666,0.034469197592436995,0.0302301623631674,-0.01193529312285361,0.015428161769153355,0.05490548331239226,0.08764741368607702,0.63,0.6306,0.8896,0.3454,0.155,0.0434,222.0,105.0,371.0,19.0,521.0500000000002,587
543807,George Springer,1025,0.03559912642735336,0.03460922913329333,0.028158950179855053,-0.009288625620493438,0.01694823489152732,0.05377589500603986,0.08359012250568063,0.6362,0.633,0.9058,0.3342,0.1346,0.032,226.0,108.0,360.0,24.0,507.0500000000002,587
660821,Jesús Sánchez,914,0.03553624085586052,0.034659791785556976,0.03039745402498375,-0.013138233676226416,0.015849957398560887,0.054953017399226985,0.08695215506975931,0.6274,0.626,0.883,0.3518,0.1516,0.0412,222.0,101.0,365.0,20.0,520.0500000000002,587
669722,Logan Davidson,88,0.035488322702437965,0.03475019051000164,0.03255903376686583,-0.017196657334926906,0.014480171934706715,0.056608053792790713,0.08957702971620225,0.6228,0.6236,0.8752,0.359,0.1666,0.055,222.0,93.0,377.0,16.0,532.0500000000002,587
641584,Jake Fraley,378,0.03542788460182696,0.034273127406792746,0.03214045976475046,-0.016864928151129204,0.014958745891235803,0.056275893405018984,0.08751137239455455,0.6206,0.6216,0.8732,0.3552,0.1622,0.0572,228.0,96.0,374.0,18.0,535.0,587
677942,Blaze Alexander,464,0.035350646088871854,0.03429475193671033,0.03204443555835487,-0.016001591247001477,0.014159398180644362,0.055647391160561,0.08986630856288735,0.621,0.6218,0.8764,0.3566,0.1644,0.0524,227.0,100.0,377.0,17.0,531.0,587
668885,Austin Martin,271,0.03526235130206547,0.0344741358912833,0.031712703583379534,-0.015180058056408922,0.014726314390149079,0.05548270971025235,0.08745231623878852,0.6248,0.6242,0.8742,0.352,0.1554,0.0544,222.0,100.0,372.0,18.950000000000017,532.0500000000002,587
516782,Starling Marte,605,0.03494499271684511,0.03426107648570677,0.029635852406401465,-0.013312574546732056,0.015478037982686205,0.05423154680405559,0.084150812430802,0.6286,0.6318,0.8864,0.336,0.1482,0.0452,225.0,104.0,365.0,22.0,524.0,587
693304,Nick Gonzales,770,0.03489115768492525,0.03401532911410542,0.02973683077156655,-0.012356801341361264,0.014929805926777319,0.05353907111413322,0.08649619651693889,0.6242,0.6276,0.8862,0.3374,0.1412,0.0424,228.0,107.0,369.0,21.0,521.0,587
665742,Juan Soto,1022,0.03485617887273897,0.03433473790659173,0.030093971554145553,-0.014991892020401418,0.015531173979926356,0.05479554032816632,0.08461710643168499,0.6302,0.6318,0.8824,0.348,0.144,0.05,224.0,103.0,368.0,21.950000000000017,528.0500000000002,587
621493,Taylor Ward,993,0.03484516122818212,0.03430204838528911,0.02818982769504079,-0.01091977073431683,0.015951285434174345,0.05286585231942298,0.08268391808738505,0.625,0.6262,0.8998,0.3318,0.1346,0.0368,228.0,110.0,363.0,22.0,513.0,587
663728,Cal Raleigh,1423,0.034787319490551194,0.03441342288354048,0.027915681777637594,-0.009893581390257497,0.01675218777320786,0.052327670775682615,0.08194746444250502,0.6334,0.6322,0.9008,0.3268,0.1206,0.037,226.0,115.0,359.0,26.0,512.0,587
650559,Bryan De La Cruz,96,0.03466481928284696,0.03405949557285808,0.032378347037693885,-0.01760013098544259,0.013471539059181888,0.05540433039365824,0.08908141438546846,0.6106,0.6118,0.8632,0.3434,0.1558,0.0592,228.0,102.0,385.0,16.0,535.0,587
670770,TJ Friedl,984,0.03458125890657526,0.0342830744855606,0.03020089934289343,-0.014599923078492024,0.014564349065597025,0.05407094688026763,0.08471578201364856,0.6282,0.6266,0.8754,0.3402,0.144,0.049,226.0,106.0,377.0,22.0,528.0,587
669743,Alex Call,480,0.03453203661733937,0.03420113711211123,0.030619842305762354,-0.014954722564965316,0.014502436695783369,0.05419224827037371,0.0855986576566624,0.6184,0.6182,0.868,0.3436,0.1484,0.046,227.0,106.0,375.25,20.0,526.0,587
694384,Nolan Schanuel,907,0.03450152274321861,0.033418777100109376,0.029341061935269693,-0.012184096510402856,0.0145296630497313,0.05307686080940746,0.08445046777317539,0.619,0.619,0.8854,0.3304,0.136,0.0402,231.0,110.0,373.0,21.0,519.0,587
680757,Steven Kwan,1071,0.03450050129855908,0.0335379385122487,0.028058099287929676,-0.010876233242136822,0.015507402835052767,0.0527192850812869,0.08208024194922428,0.6204,0.624,0.9026,0.3266,0.1278,0.0374,232.0,113.0,364.0,26.0,514.0,587
683090,Matthew Lugo,121,0.03440169975752633,0.03365191806448168,0.03178061363263501,-0.016348037874675505,0.013492293647134654,0.05473163856739176,0.08772881377557133,0.6124,0.6128,0.8696,0.3478,0.152,0.0596,226.0,103.0,380.0,18.0,536.0500000000002,587
643376,Danny Jansen,565,0.034394423231714384,0.033827678558020616,0.03058434272089812,-0.015986566495211386,0.014460905688204285,0.053973300666268126,0.08560431013266774,0.6152,0.614,0.8784,0.3408,0.1434,0.052,227.0,106.0,376.0,22.0,530.0,587
596146,Max Kepler,870,0.03432751580271945,0.03309492814403506,0.030083815263611407,-0.01393213966250773,0.014443326759895004,0.05324347026796472,0.08607447504568472,0.6094,0.6112,0.8846,0.3276,0.1384,0.0456,235.0,110.0,377.0,20.950000000000017,523.0,587
691016,Tyler Soderstrom,1056,0.034299399046284894,0.03357812045263422,0.027622194767420734,-0.010989405158162878,0.01642911688729866,0.05184337724866774,0.08077978375763702,0.6246,0.6242,0.8982,0.3184,0.13,0.0366,231.0,116.0,363.0,27.0,512.0,587
668670,Jake Rogers,247,0.03413616327475535,0.03321561422120027,0.030667238983248343,-0.015494831214361631,0.014089030456229463,0.05358051633164644,0.08641836525460281,0.6154,0.6152,0.877,0.338,0.1384,0.0512,230.0,106.75,377.0,21.0,529.0500000000002,587
669065,Kyle Stowers,903,0.03411112214597793,0.03384083959123724,0.027250935090718294,-0.010843048369714182,0.016647246754986363,0.0520673147235245,0.07925704209129426,0.628,0.6312,0.8978,0.3232,0.1136,0.033,231.0,117.0,361.0,30.0,513.0,587
663624,Ryan Mountcastle,760,0.034076678123981324,0.03351074738704461,0.029826808284906064,-0.01440227805574524,0.014537969994625385,0.053511099906215935,0.08498797478741482,0.612,0.6132,0.8802,0.337,0.1312,0.049,232.0,110.75,374.25,22.0,527.0,587
621028,Kevin Newman,211,0.03407487821753986,0.03309723561005479,0.03085794143246113,-0.01556345407151924,0.013502699979283527,0.054104431791692775,0.08564592532369793,0.609,0.608,0.8718,0.3404,0.1424,0.0578,232.0,105.0,382.25,21.0,534.0500000000002,587
669450,Cooper Hummel,185,0.0340596403094731,0.03298285337429201,0.032353730134942665,-0.018031654065125774,0.012838657458352165,0.05428520056987342,0.08810077104831286,0.6062,0.6052,0.8666,0.3364,0.1586,0.0574,234.0,105.0,387.0,17.0,535.0,587
665561,Rafael Marchán,200,0.03393401518796029,0.03290620855437315,0.03253452917133886,-0.018519071591666887,0.012741925295451671,0.05485793841058914,0.0889648755996198,0.604,0.6026,0.858,0.3452,0.1548,0.0638,235.5,103.0,388.0,17.0,540.0,587
621035,Chris Taylor,239,0.033914045797049916,0.03351375913449379,0.03010994984428637,-0.015239411351396944,0.014664911074592214,0.05325236185942883,0.08369270053464019,0.6214,0.6232,0.8788,0.3308,0.1338,0.0532,229.0,113.0,375.0,24.0,531.0,587
691723,Coby Mayo,496,0.0339092330310491,0.033152261187205975,0.03013479277744043,-0.014627986931705342,0.014600132679157904,0.05316346517351366,0.08455246550014842,0.6132,0.6152,0.878,0.328,0.13,0.0508,233.0,109.0,373.0,21.950000000000017,529.0500000000002,587
643446,Jeff McNeil,876,0.03383942719749018,0.03332630118754801,0.028557932749786713,-0.011981502592743037,0.014982561487039364,0.052772818577642114,0.0808831495109979,0.6178,0.6152,0.8844,0.323,0.125,0.041,233.0,112.0,369.0,25.0,519.0,587
681508,Mickey Gasper,171,0.03379663590621191,0.03361314536793014,0.03198491906023624,-0.01741200511608056,0.012474250178976267,0.05400629970349119,0.08739469662237342,0.6052,0.604,0.8664,0.3368,0.1474,0.059,231.0,106.0,389.0,18.0,538.0,587
669326,Bryce Teodosio,311,0.0337772886716223,0.03287594363196761,0.03126705659095145,-0.017198245376724184,0.013270835756705412,0.052931477302162376,0.08697064514079664,0.61,0.6082,0.8668,0.3254,0.145,0.0544,237.0,109.0,383.0,19.0,532.0,587
678009,Parker Meadows,367,0.03376863059701576,0.03289698792904603,0.030183241772948902,-0.015320630285821858,0.014214493427627598,0.05308275679300023,0.08446628314530015,0.6108,0.6114,0.8764,0.3296,0.1372,0.0554,233.0,110.0,376.25,21.0,532.0,587
686554,Oliver Dunn,61,0.03375707796879208,0.03287660270405039,0.03200646295451876,-0.01777667027943911,0.013069907910938726,0.05412745273197557,0.08848019952108288,0.598,0.5968,0.8666,0.3368,0.1484,0.061,236.0,108.0,385.0,19.0,536.0,587
657136,Connor Wong,349,0.03375502779242875,0.03247187558470531,0.032530567624600264,-0.018204981369775802,0.012546576719298898,0.054219866294605665,0.0879983501501313,0.6,0.5956,0.8612,0.338,0.15,0.0648,237.0,106.0,388.0,18.0,540.0,587
672640,Otto Lopez,969,0.03371196415001348,0.03303496833790377,0.027157474893173803,-0.010582825385628297,0.0159465968505373,0.05157040927765244,0.07971664885880785,0.615,0.6146,0.8986,0.3148,0.1158,0.038,235.0,118.75,367.0,28.0,513.0,587
690924,Braxton Fulford,215,0.033502228055398174,0.03244877663969249,0.030765749030427083,-0.015086663940698249,0.013277855080060528,0.05281213912783544,0.08552154400059521,0.5982,0.5976,0.8636,0.3212,0.1388,0.0524,237.0,111.0,384.25,20.0,529.0500000000002,587
687859,Troy Johnston,230,0.0334411409010326,0.03235517633591117,0.031845886833000436,-0.01805157832730703,0.012778981595894587,0.05368012644271957,0.08618564185585435,0.6012,0.6,0.859,0.331,0.1502,0.06,237.0,108.0,386.25,19.0,537.0,587
687363,Victor Scott II,732,0.03323775711077781,0.03252062291206823,0.031245600502692917,-0.017153071130953802,0.012916867874057051,0.05276325810828472,0.08485409353285774,0.6008,0.6008,0.8648,0.3256,0.1394,0.0572,236.0,112.75,383.0,22.0,534.0,587
680837,Ryan Fitzgerald,77,0.033180781079500454,0.032201223763829556,0.03195627505737047,-0.017793146439481065,0.012111456304024182,0.05331380313745223,0.08652049221902451,0.5958,0.598,0.8534,0.3306,0.1458,0.06,241.0,108.0,390.0,21.0,537.0,587
543877,Christian Vázquez,349,0.033105009510473675,0.0321141406123039,0.031099036517447682,-0.016653924373496352,0.012769765578270646,0.053084740344304965,0.08376868523861553,0.6,0.6004,0.8646,0.3282,0.1368,0.058,242.0,110.0,387.0,22.0,535.0,587
666150,Dominic Fletcher,67,0.03297314141141843,0.03252138660560626,0.031622635061144676,-0.017576247823928016,0.01254642570355523,0.052847062463680455,0.08666570448082665,0.5908,0.5916,0.8644,0.3184,0.141,0.0564,240.0,114.0,391.0,20.0,534.0500000000002,587
805249,Otto Kemp,407,0.03287485314418616,0.03202894365292891,0.029683549380570894,-0.015917320602172175,0.013820166146169025,0.0520891979121747,0.08169575983265971,0.5996,0.6,0.8748,0.3164,0.1286,0.0502,241.0,115.0,378.0,26.0,529.0,587
669397,Nick Allen,714,0.03275493691007952,0.03230608319166918,0.03106544558517346,-0.016471253195459445,0.012264106695205633,0.05250717885576482,0.08544884737773835,0.5946,0.595,0.8594,0.3184,0.1358,0.0606,242.0,116.0,392.0,21.0,536.0,587
667670,Brent Rooker,1251,0.03273312396681157,0.03195186766290596,0.028290439550135108,-0.0128426757470155,0.014531798656744279,0.050563161999559667,0.07980879302707551,0.5994,0.5984,0.882,0.2982,0.1178,0.0454,243.0,124.0,378.0,27.950000000000017,521.1000000000004,587
701305,Zach Dezenzo,211,0.03271073031992489,0.031413071032685924,0.03167674717153329,-0.017034913013143554,0.012073320865022353,0.05344601080762803,0.08480873119253167,0.5862,0.586,0.8566,0.3186,0.1432,0.0588,247.0,111.0,393.0,20.950000000000017,537.0,587
805904,Zach Cole,87,0.032663919292666634,0.032021273931404914,0.031839784121099717,-0.019058727621699884,0.012353347285194447,0.05305900287780753,0.08652680921546375,0.5932,0.5926,0.8554,0.3228,0.144,0.065,243.0,109.0,393.0,21.0,540.0,587
676801,Chas McCormick,219,0.032659495122467665,0.031627057358740385,0.03212669464917934,-0.01897897449065354,0.01137054383416229,0.05387812129706874,0.0861406446907918,0.5834,0.5846,0.8572,0.3272,0.1492,0.063,244.0,106.0,395.0,22.950000000000017,537.0,587
457759,Justin Turner,369,0.03262315238352667,0.03186454133990617,0.030783026869736354,-0.0180636487081434,0.012540874716422946,0.05233363695178057,0.08418218572948667,0.5906,0.592,0.8702,0.32,0.1326,0.057,242.0,115.0,388.0,21.0,535.0,587
553993,Eugenio Suárez,1281,0.032611487995492655,0.03226488221501474,0.028578131237662206,-0.013504608545647709,0.013644936198269396,0.05079222578496463,0.08092178861836646,0.5992,0.6016,0.8786,0.306,0.1148,0.0428,242.0,121.0,381.0,26.0,522.0,587
641343,Jake Bauers,381,0.03260232018244771,0.03193687085407089,0.02947937508821001,-0.015127584249885837,0.013533493911290374,0.05141146471262891,0.08200126124181319,0.5968,0.5962,0.8766,0.3118,0.1238,0.0496,245.0,117.0,383.0,25.0,528.0,587
677956,Rece Hinds,91,0.032492739979076264,0.03236147788502327,0.031226272670654212,-0.019745773960484547,0.012539975036838487,0.0528965837553063,0.08325505176093334,0.5956,0.5972,0.8584,0.3236,0.1304,0.0662,240.0,114.0,391.0,24.0,543.0,587
695238,Will Wagner,304,0.03235777956025101,0.03181507506879623,0.030411213702502417,-0.01647958812822438,0.01211797409582447,0.051683086231427616,0.0833617914772072,0.5928,0.593,0.869,0.3126,0.1236,0.0558,243.0,116.0,390.0,24.0,534.0,587
677587,Brayan Rocchio,688,0.032294658765974774,0.03194673011475048,0.030064704379645403,-0.017543913656828135,0.012910504234657519,0.051132769133205386,0.08259014914452074,0.5958,0.594,0.8678,0.3144,0.124,0.0608,244.0,121.0,387.0,23.0,537.0,587
542303,Marcell Ozuna,1011,0.0322625082410622,0.03199244419111036,0.028212887365710527,-0.014143665661698652,0.01346034373552294,0.05045311157769112,0.0786991629268225,0.6052,0.6014,0.8792,0.3048,0.1084,0.043,244.0,121.75,381.25,31.950000000000017,522.0,587
700250,Ben Rice,869,0.032238724782197525,0.03224529146431214,0.027538013756275567,-0.011995621956551022,0.014123144448193115,0.05025953278759423,0.0786459811088235,0.6034,0.6014,0.8852,0.2952,0.1068,0.0404,243.0,126.0,378.0,33.0,517.0500000000002,587
668800,Andrew Knizner,150,0.032218505447682046,0.031134815117744682,0.03232466617891314,-0.019364685631195328,0.011560013364711361,0.05271608923331698,0.08585825205519404,0.5782,0.5784,0.8486,0.3192,0.1394,0.0676,248.0,109.0,401.0,20.0,540.0,587
663609,Luken Baker,73,0.03218579064341371,0.03106855701804366,0.03218902361755322,-0.021006888977567986,0.011893731410670731,0.05299255073432664,0.08554975564273129,0.5712,0.571,0.8522,0.3242,0.1392,0.0672,247.0,112.0,392.0,21.0,544.0,587
680728,Adrian Del Castillo,247,0.03218298115473494,0.03153064044170147,0.029966626842304864,-0.016352694444590345,0.012524390917639757,0.051030633668843355,0.08171479937932292,0.5914,0.5902,0.867,0.3094,0.1262,0.0572,249.0,120.0,390.0,25.0,533.0,587
682988,Tyler Locklear,232,0.03213741927153959,0.03160184657655446,0.03160646195368781,-0.018925395963254515,0.011578912417289791,0.051964108306838806,0.08466293643965726,0.5878,0.5888,0.856,0.3152,0.1304,0.0632,244.0,116.0,394.25,22.0,538.0500000000002,587
687637,Dylan Beavers,215,0.03205551284467572,0.031343182188350555,0.03176638791808029,-0.019185421543684588,0.0113252764899998,0.05230187742752208,0.08559172501468267,0.5852,0.5846,0.8526,0.3176,0.1334,0.0636,245.5,113.0,399.0,22.0,540.0,587
592192,Mark Canha,228,0.032053761340186386,0.03125989636877051,0.03183963739318929,-0.0194479410292958,0.011089944086966477,0.05312387991173432,0.08572008974210811,0.583,0.5806,0.8476,0.32,0.1328,0.0694,248.0,114.0,399.25,20.0,541.0,587
596019,Francisco Lindor,1308,0.032046833869113237,0.0314551428077388,0.027917886849422317,-0.013621797682117808,0.013613741032555877,0.05055594125971586,0.07881673262015906,0.586,0.587,0.8764,0.2982,0.1134,0.0448,247.0,124.0,381.0,30.0,526.0,587
665750,Leody Taveras,336,0.031998888742577114,0.03126412927444054,0.03090364984907948,-0.01782116874038345,0.011949831357716918,0.05195018832730109,0.08347836824284223,0.5852,0.5836,0.851,0.3108,0.1298,0.0574,248.0,117.0,392.0,23.0,535.0,587
695734,Daylen Lile,664,0.03199435325292069,0.03192097680139843,0.02993517951310323,-0.01697021251088343,0.012072207673067471,0.05098193823289454,0.08199804821350458,0.585,0.5884,0.8616,0.3116,0.1172,0.0542,243.0,119.0,396.25,25.0,533.0,587
678662,Ezequiel Tovar,859,0.03182051259860561,0.031601330590916424,0.028287516349033707,-0.014102324356746215,0.013102858925532718,0.05013207907491332,0.07911592999163913,0.5956,0.5944,0.8742,0.2946,0.1084,0.0458,246.0,126.75,385.0,28.0,525.0500000000002,587
691023,Jordan Walker,758,0.03181450845105605,0.03145737433184091,0.03063961199739156,-0.018393375242979328,0.011846625952825086,0.05147993067600347,0.08202382890292498,0.5872,0.585,0.8558,0.3084,0.1308,0.0642,247.0,118.0,393.0,23.0,541.0,587
691720,Kyle Karros,273,0.03177308212988127,0.03126357827959423,0.03182753911642532,-0.019425283493353044,0.011576742018908983,0.052172249274404336,0.08435032184975162,0.5742,0.5738,0.8552,0.3112,0.1356,0.067,248.0,116.0,398.0,22.0,542.0,587
700246,Carson Williams,196,0.03174343886109792,0.031395057275475285,0.030712350690156143,-0.018852990697679838,0.011985662148218161,0.051473854988954126,0.082193140308182,0.5864,0.5854,0.8566,0.3052,0.1272,0.0624,243.0,118.0,394.0,24.0,538.0,587
595978,Austin Hedges,337,0.03173278702667568,0.031111360895390457,0.031667472444113005,-0.02120493775160951,0.01142525285278178,0.052507670591106684,0.08467804712040573,0.58,0.584,0.8552,0.3122,0.1334,0.0678,247.0,116.0,393.0,22.950000000000017,544.0,587
695578,James Wood,1145,0.03170819318671742,0.03122251492955374,0.02824087588067828,-0.013523270252523126,0.01299663659688415,0.04930342754877972,0.07861645861342799,0.5856,0.5854,0.8776,0.2932,0.1092,0.0482,249.0,128.0,385.25,28.0,527.0,587
671739,Michael Harris II,1188,0.03158167523342388,0.031383917338080936,0.028948461698263445,-0.016308148193791994,0.012816476446294026,0.05042001512709656,0.07938899463465332,0.5898,0.589,0.867,0.3006,0.1104,0.0504,246.0,123.0,386.0,30.0,529.0,587
664059,Sam Haggerty,312,0.03157500431840065,0.031010874433144806,0.029894133128135048,-0.017458458467216567,0.012175272198496349,0.050699830296497245,0.08028090686589154,0.5842,0.5886,0.8596,0.299,0.1168,0.059,250.0,120.0,390.0,27.0,537.0,587
701358,Cam Smith,977,0.03152605018566123,0.031164706837594074,0.028494755964440927,-0.014241081733807117,0.012864748258136374,0.049592327915560626,0.07951359522694217,0.5872,0.5884,0.872,0.2958,0.1072,0.0458,250.0,129.0,384.0,30.0,525.0,587
678894,Liover Peguero,137,0.03152223277558332,0.030515930348657117,0.03142063901837339,-0.01880180580485613,0.011372716052194417,0.05200626505755894,0.0848236228339363,0.5652,0.5636,0.8546,0.3044,0.1354,0.066,253.0,119.0,397.0,23.0,541.0,587
665487,Fernando Tatis Jr.,1152,0.03144586112401199,0.03104170614626882,0.028439716912695305,-0.014527517734614286,0.01289606821849353,0.04943909284730149,0.07902908150734018,0.5838,0.5848,0.8726,0.2908,0.1078,0.0454,248.0,128.75,391.0,30.0,523.0500000000002,587
683357,Owen Caissie,61,0.03143032422833272,0.030824765704758478,0.03177517322665161,-0.01954211655652979,0.010800526300675881,0.05115550580670562,0.08466712278876423,0.5754,0.575,0.8484,0.3084,0.1286,0.0666,249.5,119.0,400.0,22.0,543.0,587
678877,Jhonkensy Noel,337,0.03141721860413183,0.030823692728707948,0.0313445136916015,-0.019319387305605215,0.01022307399567813,0.05176987978602184,0.08398855758730032,0.5748,0.5744,0.8476,0.3086,0.1352,0.0654,250.0,113.0,401.0,23.0,541.0,587
665052,Griffin Conine,153,0.03140773709374798,0.03040836143975864,0.030949962598164425,-0.019592139891493252,0.012121578493105557,0.0513736542759564,0.0823734243227131,0.5758,0.5732,0.8632,0.3042,0.1196,0.066,253.0,120.0,394.25,25.0,541.0,587
671277,Luis García Jr.,970,0.031388295626652296,0.031314854414823005,0.027557940225247456,-0.01369667462081096,0.01297049743365284,0.049198636664457264,0.07709477590213566,0.5868,0.5886,0.8754,0.288,0.1032,0.0446,248.0,130.0,384.0,34.0,524.0,587
665877,José Fermín,96,0.031386518931039005,0.03100100730233808,0.03232664100538918,-0.02060128937746015,0.010393845068220511,0.051872914178292616,0.08630326503072962,0.5712,0.5698,0.8436,0.3116,0.1382,0.0686,252.0,116.0,404.0,20.0,545.0,587
608701,Rob Refsnyder,359,0.031336335062985214,0.030642189214459818,0.030444387880966674,-0.018597894635746286,0.01120115483569359,0.05097551158102187,0.0818975414907475,0.5804,0.5792,0.858,0.302,0.1192,0.0614,251.0,121.0,397.0,24.0,539.0,587
543592,Austin Nola,70,0.031318274346491086,0.03063196057228052,0.0319945179936187,-0.021871291198898253,0.011195224454792645,0.05219783752470001,0.08475903197718707,0.5778,0.5754,0.8436,0.3066,0.1322,0.0744,251.0,114.0,401.0,21.0,548.0,587
671284,Tim Elko,142,0.0310854868791424,0.03036438060062936,0.031479445064516776,-0.020294942566890795,0.010708845294888279,0.051450171979205206,0.08421325817528448,0.569,0.5702,0.8518,0.3104,0.1254,0.0664,255.0,118.0,400.0,24.0,541.0500000000002,587
682927,Ronny Simon,147,0.030890624295996184,0.03052071361378451,0.031727380500992865,-0.02018855024077352,0.010094535386300315,0.05173221655376577,0.0835803682789929,0.5666,0.5624,0.8438,0.306,0.1286,0.0722,256.0,119.0,404.0,23.0,545.0,587
593428,Xander Bogaerts,825,0.030714957584113113,0.030437128709897874,0.030154839718484188,-0.018801672702626487,0.011005351676216944,0.049931117092039665,0.08128148136038932,0.5744,0.5744,0.8516,0.289,0.1196,0.063,253.0,126.75,398.0,25.0,538.0500000000002,587
665833,Oneil Cruz,904,0.03069075688358508,0.03057824291541761,0.02737167926097184,-0.013671173883191806,0.012236062726082469,0.04883917682232172,0.0756944342466228,0.5764,0.5808,0.871,0.2774,0.0982,0.0466,252.0,134.0,394.0,34.0,525.0,587
642851,Austin Wynns,219,0.030682539466767026,0.029824776323738644,0.03166372875106963,-0.021360078995081536,0.010401965260641766,0.050321272836678706,0.08309481721284889,0.5606,0.5602,0.8492,0.3,0.1234,0.0676,258.0,122.0,404.25,23.0,544.0,587
578428,Jose Iglesias,594,0.030677514708948535,0.030483482535130384,0.03183554228405265,-0.021526972345794655,0.010183508709716103,0.05101598237761788,0.0838123030104962,0.568,0.569,0.8404,0.3066,0.1282,0.0734,252.0,119.0,405.0,24.0,546.0,587
666134,Nolan Jones,762,0.030673998218404722,0.030441258366410817,0.028746060762785804,-0.015381389310733611,0.01164484977951059,0.04992394433616938,0.07721272019780237,0.5694,0.5702,0.8638,0.2902,0.1012,0.053,252.5,127.0,396.0,34.0,531.0500000000002,587
690291,Jace Jung,102,0.030577850811287697,0.02960260617381403,0.032151286202515464,-0.02119364014331639,0.009717694541558904,0.051189805376176414,0.08328275973882987,0.5606,0.5594,0.837,0.3048,0.1304,0.0702,260.0,117.75,411.0,22.0,544.0,587
694376,Shay Whitcomb,69,0.03050816160845589,0.029866912217266867,0.03144824959723429,-0.019262792791722872,0.009151464640124552,0.05070801526575428,0.08341412342983562,0.5608,0.5622,0.8394,0.295,0.126,0.0694,256.0,124.0,411.0,25.950000000000017,542.0,587
670223,Matt Mervis,289,0.03050608961321329,0.029752539867269053,0.03157152444246398,-0.019839020913934136,0.009647139875194688,0.051322215195731644,0.08378609209585279,0.5584,0.5572,0.8378,0.3014,0.13,0.069,260.0,121.0,407.0,23.0,541.0500000000002,587
680737,Michael Helman,211,0.030483589316412627,0.029637568163925133,0.031806872621077384,-0.020223091823328893,0.009497901765268638,0.050689269650172265,0.08307365949456541,0.5618,0.562,0.841,0.2924,0.1256,0.0762,255.5,126.0,408.0,24.0,545.0,587
669224,Austin Wells,894,0.030480302731163558,0.030083044429305077,0.028015313952477427,-0.014810838272718287,0.012571689109427608,0.04834080236995871,0.07735459162768762,0.5694,0.5718,0.8662,0.2744,0.102,0.05,259.5,136.0,391.0,33.0,528.0500000000002,587
666181,Will Benson,470,0.03047257833652384,0.02971514836819789,0.030539662492199533,-0.018957198303552143,0.010020802051592486,0.050167334995814813,0.08165034199631696,0.5562,0.5576,0.8502,0.2942,0.1188,0.0648,260.5,125.75,406.0,24.0,540.0500000000002,587
642086,Dominic Smith,413,0.03043374907346917,0.029863737052896508,0.030242486283107776,-0.019158106355387932,0.0106851484152634,0.04964117163186056,0.08048199080594542,0.566,0.5656,0.849,0.29,0.1196,0.068,259.0,127.0,401.0,28.0,541.0,587
686527,Dominic Canzone,513,0.030272657037033565,0.029530008690180708,0.02991958963460478,-0.019075120951012065,0.011197321363020662,0.04997031197787663,0.08107806187115807,0.5618,0.5586,0.854,0.287,0.118,0.0618,260.0,126.0,399.25,27.0,537.0500000000002,587
592885,Christian Yelich,1170,0.030246553312922954,0.030032792133609966,0.027294505231556018,-0.015093465609107305,0.012124669763532233,0.0476866443196874,0.07579965950496746,0.581,0.578,0.8692,0.2672,0.099,0.051,257.0,138.0,391.0,34.0,529.0,587
664702,Myles Straw,476,0.030236095063627063,0.029889407290842517,0.03152264611337389,-0.020697438901725273,0.009828473893005745,0.05064002572263787,0.08239703723205762,0.5664,0.5654,0.844,0.2954,0.1208,0.071,260.0,123.0,407.25,22.0,544.0,587
681807,David Fry,321,0.030170709703108495,0.0294917192570382,0.03167642941583835,-0.02134427148661261,0.009920280046603547,0.049983916490184827,0.084181338979966,0.5566,0.5566,0.8412,0.2906,0.124,0.072,262.0,125.0,405.0,22.0,548.0,587
606466,Ketel Marte,936,0.030140781969560937,0.02958666188236419,0.02910649016625214,-0.017204697882008263,0.01122882215741631,0.04935982976040622,0.07842486602199342,0.5642,0.5686,0.8536,0.2786,0.1058,0.0586,258.0,133.0,397.0,31.0,536.0,587
668709,JJ Bleday,576,0.030023876005731767,0.029782866828198442,0.02945834036246376,-0.017365706874517186,0.011096804211025428,0.04902989328698089,0.07913748319512398,0.5628,0.5618,0.8528,0.2776,0.1058,0.0634,259.0,133.0,400.0,29.0,537.0,587
663662,Daz Cameron,84,0.030012761620976717,0.029536416461537367,0.03186421601730598,-0.021520853199159404,0.00911287904922969,0.0502876963143485,0.0823163686240107,0.5594,0.5568,0.8384,0.2972,0.121,0.071,261.0,124.0,412.25,27.0,547.0,587
663457,Lars Nootbaar,897,0.029897606148596583,0.029381083950618128,0.029405471165604966,-0.01794415629355474,0.010799497672417054,0.04901495814285323,0.07946006686028258,0.563,0.5592,0.8478,0.2828,0.1082,0.0628,262.0,130.0,400.25,30.0,539.0,587
677870,Leo Jiménez,58,0.029821233978912294,0.02900605606823886,0.03295956777085105,-0.024470024467051512,0.009000702200875493,0.05065857627767801,0.08552996067665682,0.5588,0.5594,0.8274,0.2928,0.128,0.0806,263.0,122.0,415.0,21.0,551.0,587
608671,Travis Jankowski,80,0.02979724046879212,0.030048281137621567,0.032238986381077764,-0.02362571244966489,0.009385538908443524,0.04992990007741652,0.08156976363770202,0.563,0.5648,0.8362,0.2916,0.1196,0.0774,257.0,125.0,412.25,24.0,553.0,587
608070,José Ramírez,1191,0.02978243625451076,0.029835413367247127,0.029225212617874634,-0.018500709740881943,0.010865641881396399,0.048732881947026456,0.07816097029222635,0.5636,0.5622,0.852,0.2778,0.1002,0.0606,260.0,132.0,398.0,30.950000000000017,536.0,587
670623,Isaac Paredes,726,0.029689263900515545,0.028771152639294764,0.032014317685164065,-0.022049242264399926,0.00896485463281449,0.049818756619399975,0.08379601791428566,0.5466,0.55,0.8288,0.2866,0.1282,0.0758,265.5,128.0,416.25,23.0,548.0,587
664238,Dylan Moore,480,0.02966498955762771,0.029495364881165664,0.02984213350878873,-0.01796239214576433,0.0103246484806645,0.04766996796898078,0.07973566367426421,0.562,0.5606,0.8492,0.2734,0.1076,0.063,263.0,136.0,403.25,27.0,539.0500000000002,587
605131,Austin Barnes,69,0.029664442514947473,0.029658154433471487,0.032894354616736204,-0.02472830015682705,0.008443542927629989,0.05104262214201431,0.08393949301624397,0.5534,0.5504,0.823,0.2984,0.1272,0.0844,260.0,122.0,414.25,23.0,551.0,587
807799,Masataka Yoshida,317,0.02963468354221377,0.029018935036403806,0.031839882014090486,-0.02254324092738043,0.009110059749095817,0.049823938167451676,0.08277589793463087,0.55,0.5454,0.8334,0.2884,0.1198,0.0768,266.5,127.0,413.0,25.0,547.0500000000002,587
669003,Garrett Mitchell,131,0.029623577032340705,0.029529089441721397,0.032710438781717074,-0.023934418037032872,0.008728324083274685,0.050942700610042246,0.08304405324714069,0.5572,0.5556,0.8246,0.2984,0.1274,0.079,263.0,123.0,417.0,24.0,549.0,587
642136,Matt Thaiss,366,0.029592737567646417,0.028932785798233066,0.031165508415808583,-0.02135798160381636,0.009917314915931744,0.049466639259170025,0.08207604232563787,0.554,0.5546,0.8364,0.2886,0.1178,0.074,264.0,127.0,407.0,26.0,546.0,587
679845,Nick Loftin,306,0.02956824895365849,0.02951279609756608,0.030843491445296568,-0.021563700399607623,0.009624607848582127,0.04980394508172525,0.07982250852157309,0.559,0.5582,0.8404,0.2894,0.113,0.0692,260.0,129.0,412.0,27.0,548.0,587
681962,Vinny Capra,157,0.02947015163366368,0.029259277326982518,0.03148078528424373,-0.021610581956163062,0.008667012811096976,0.04968389604380223,0.08107883552514444,0.5528,0.5538,0.8382,0.2876,0.1106,0.076,262.0,128.0,411.0,27.0,547.0,587
669234,Justyn-Henry Malloy,220,0.029421790356085102,0.02930290456453881,0.030889729882432135,-0.02068296811624079,0.00947142428439128,0.04961346225104922,0.08068730161073565,0.556,0.559,0.8322,0.286,0.1138,0.073,265.0,130.75,412.0,25.950000000000017,546.0,587
687957,Dustin Harris,90,0.029414787831677256,0.029037035496515602,0.03250369379827922,-0.023225434242906205,0.008643291557956236,0.050118746058772215,0.08452018423873368,0.5468,0.5498,0.8294,0.2928,0.1262,0.0788,263.0,125.0,416.0,23.0,548.0,587
691718,Pete Crow-Armstrong,1352,0.029295915369561408,0.028945229812415325,0.0285829022503869,-0.017074282546347238,0.010705661010918672,0.04757013607640011,0.07626579668870306,0.5568,0.5576,0.8506,0.2682,0.0982,0.0582,263.0,139.0,400.25,35.0,536.0,587
596103,Austin Slater,315,0.029197324387284136,0.02897529313759985,0.030999584053931717,-0.021495211801913574,0.008902093268132013,0.04987148852867996,0.0806569988222696,0.547,0.5458,0.8312,0.2856,0.1112,0.0696,266.0,131.75,412.0,25.0,545.0,587
665923,Esteury Ruiz,45,0.029145742246095296,0.029295483912200812,0.032636028075969346,-0.02260067155569526,0.007700981263022219,0.050211712942974794,0.08278874863997926,0.555,0.5538,0.8206,0.2898,0.122,0.083,264.0,127.0,422.0,26.0,552.0,587
672275,Patrick Bailey,831,0.029124501897061474,0.029102170803710335,0.028696837689802124,-0.0178286982678491,0.01047746398083369,0.047454478608254726,0.0765417230120946,0.55,0.5524,0.8558,0.2672,0.0964,0.0616,264.0,139.0,402.0,33.0,536.0,587
695506,Jac Caglianone,430,0.029099594342339653,0.02903143773477878,0.03042679050957064,-0.021189966413243166,0.008852536240846247,0.049022981556176654,0.07789353900470256,0.55,0.55,0.8386,0.276,0.1058,0.071,263.0,135.0,413.25,31.0,544.0,587
807712,Luke Keaschall,302,0.029089589245929626,0.028500030857133672,0.031945729791386476,-0.022924932771584902,0.008816258778494753,0.048946957205464894,0.0824622314272291,0.5454,0.5476,0.8318,0.2832,0.1158,0.0738,266.0,130.0,415.0,25.0,547.0,587
683748,Victor Mesa Jr.,73,0.029049683827384827,0.029322520191299873,0.03241412567077412,-0.023629330752380537,0.007775648739671196,0.050036195782621744,0.08283048013025872,0.5514,0.5524,0.8188,0.2918,0.1202,0.084,263.0,122.0,422.0,24.0,550.0,587
668942,Josh Rojas,353,0.028998700444113585,0.0287174609518212,0.028623682835602696,-0.01770801863947176,0.010450230517455132,0.047180149651018126,0.07627606960453535,0.5522,0.5544,0.8486,0.2624,0.0922,0.0602,268.0,141.0,402.0,32.0,537.0,587
642715,Willy Adames,1271,0.028914960485439276,0.028139440355867632,0.02889713331592862,-0.01754726198124167,0.009496959688819986,0.04788060061880067,0.07726108558756273,0.5446,0.5448,0.8454,0.2656,0.0982,0.057,270.0,139.0,412.0,32.0,535.0,587
694203,Denzer Guzman,91,0.028881611746018773,0.028220078306793052,0.031957465288761415,-0.022733736171984376,0.008080497197332013,0.049256294820392586,0.08171861041907329,0.5438,0.542,0.8236,0.2786,0.1192,0.079,267.5,133.0,417.0,24.950000000000017,548.0,587
692216,CJ Kayfus,251,0.028768638462927907,0.0287476019187853,0.030980756500424582,-0.022569955467240232,0.008778271195844171,0.04906768566276341,0.08050997551830082,0.5454,0.546,0.8316,0.2812,0.1126,0.075,267.0,133.0,413.0,27.0,548.0500000000002,587
527038,Wilmer Flores,862,0.02873001014203325,0.029023353645891994,0.02856244807631973,-0.017594583861923075,0.010279768567766532,0.046811973239228206,0.07601025332549761,0.5488,0.5518,0.8518,0.2576,0.0942,0.0568,268.0,144.0,404.25,34.0,535.0,587
622569,Pablo Reyes,56,0.028713959946678615,0.02821737069674838,0.03200439302751075,-0.023149755796929267,0.0080983783232358,0.04922334369588028,0.08245662511800221,0.5448,0.5424,0.8312,0.2792,0.1126,0.082,270.0,130.75,420.0,25.0,551.0,587
592669,Hunter Renfroe,168,0.02871091858303401,0.028687288833773042,0.031307063674698404,-0.02268821873479872,0.009489781062623345,0.048847806717405844,0.08111647934218869,0.5384,0.5382,0.831,0.2774,0.1102,0.0778,270.0,132.0,412.0,30.0,549.0,587
676480,José Barrero,68,0.028659069673989724,0.02865071883528527,0.03064712793111301,-0.021749650098039152,0.008575379664266452,0.04780983809257285,0.07982920474104568,0.5458,0.5464,0.833,0.2746,0.105,0.0734,269.0,136.0,415.0,30.0,545.0,587
669208,Ryan Bliss,65,0.02859553898155409,0.028232493927056818,0.031819564162644344,-0.023817977272877457,0.008270750864175473,0.04887890564887459,0.08127756512109154,0.5374,0.5402,0.8246,0.2796,0.1154,0.0816,270.0,132.0,416.0,27.0,551.0,587
608385,Jesse Winker,131,0.028504667177709348,0.028330483556202164,0.031138751720258706,-0.021525461867006577,0.008188097001802293,0.04871062321906148,0.08061618412075533,0.5414,0.5406,0.8224,0.2818,0.1112,0.0722,270.0,134.0,421.0,30.950000000000017,546.0500000000002,587
656537,Derek Hill,296,0.028452311282434625,0.028754849530924116,0.03010794808799342,-0.020583227987733287,0.008885826573190704,0.04815754324767966,0.0778722067875576,0.5442,0.543,0.8336,0.2716,0.098,0.0698,269.0,136.0,413.0,32.0,543.0,587
642350,Jose Siri,80,0.028385723613603746,0.028215596681469626,0.03262917391826873,-0.025062168555795968,0.007464796640715993,0.049126149017086944,0.082219231302391,0.5392,0.5374,0.8208,0.2818,0.1132,0.0818,268.0,131.0,423.0,26.0,554.0,587
502671,Paul Goldschmidt,988,0.028355765078113295,0.027955717634056017,0.02815932775087399,-0.017426209216813506,0.010262087911277917,0.046878367000943125,0.07442545931062801,0.5434,0.5408,0.8506,0.2548,0.0908,0.059,271.0,145.0,404.0,39.0,536.0,587
640902,Jhonny Pereda,135,0.02832758687897999,0.027653772585203996,0.032737681246981634,-0.024997366096014873,0.007474329475913659,0.04915545545504047,0.08343600828569268,0.5338,0.5354,0.8128,0.2786,0.1198,0.0852,273.0,132.0,425.25,23.0,552.0,587
669257,Will Smith,729,0.028283616360130288,0.027963060058729443,0.029721664850003254,-0.02026599042293452,0.008714575434620047,0.04780328625360292,0.07768784809837717,0.5374,0.5372,0.8356,0.266,0.1014,0.0672,274.0,138.0,413.0,32.0,541.0,587
605141,Mookie Betts,962,0.02821353193180442,0.027244733949708312,0.03001735346022609,-0.019534692215145106,0.008454143360661146,0.047832424535584395,0.0782975188620134,0.5238,0.5266,0.833,0.2708,0.1044,0.067,279.0,138.0,418.0,33.0,541.0,587
664913,Seth Brown,142,0.028191769051833696,0.028116903555976375,0.03197030228326736,-0.024758709482352263,0.007907888964732407,0.049043875876099055,0.08077233696443765,0.5394,0.5408,0.8208,0.2782,0.1162,0.0816,271.5,136.0,420.0,28.0,552.0500000000002,587
699625,Jimmy Crooks,99,0.028154657552060418,0.02762035110972094,0.03068036455949312,-0.021935112502882104,0.00807743963895145,0.047571784490504324,0.07960482535847399,0.5324,0.5306,0.8318,0.2656,0.1046,0.0774,276.0,139.0,415.0,30.0,548.0,587
661388,William Contreras,1172,0.028141764382844527,0.027808288788133073,0.027009390273957188,-0.015462432904098159,0.010456554602811884,0.04560562531786498,0.07319474773929664,0.5368,0.5358,0.855,0.2398,0.0834,0.0526,274.0,153.0,403.0,41.0,531.0,587
670156,Miles Mastrobuoni,244,0.028127398717866778,0.027991247232147284,0.030531570970725872,-0.021699947530060906,0.007832191948145975,0.0480394082613417,0.07803163248016624,0.5352,0.533,0.8314,0.2664,0.1048,0.08,275.0,138.0,418.0,29.0,548.0500000000002,587
607732,Jacob Stallings,262,0.028097857242848398,0.028237569084026484,0.03220934521732991,-0.023322698758246965,0.006823177548720539,0.04851890993877221,0.0819158403905084,0.5378,0.5374,0.818,0.2748,0.1138,0.0814,270.0,137.0,425.0,27.0,549.0,587
455117,Martín Maldonado,239,0.028064240516243847,0.02755526901064207,0.03176933506174574,-0.024386943897981465,0.00780024424109524,0.047782138923089884,0.0811212251059383,0.533,0.5322,0.8232,0.2636,0.1104,0.084,276.0,139.0,421.0,25.0,550.0,587
678391,Jorbit Vivas,122,0.02805879231241077,0.027722594646462213,0.03224640703510085,-0.02501159892113748,0.007837912051182745,0.048082448901074416,0.08120371365103705,0.5376,0.5364,0.8186,0.273,0.1112,0.0846,274.0,135.0,419.0,26.0,553.0,587
664023,Ian Happ,1154,0.028011154262959782,0.027677445921150054,0.027399057600596,-0.01667221494261621,0.009484961550782824,0.04601783550637699,0.07349342665237255,0.535,0.5356,0.8526,0.2454,0.083,0.0568,274.0,149.0,408.0,41.0,532.0,587
593871,Jorge Polanco,892,0.02797745613396817,0.0272863529567942,0.0272189231367849,-0.01653112410192966,0.010121871185360738,0.04570105364295842,0.07293734871999624,0.5302,0.5294,0.8496,0.2484,0.0782,0.0536,278.0,148.0,404.0,42.0,531.0500000000002,587
686452,Drew Millas,93,0.02796152863030818,0.026778243334043696,0.03189430020902502,-0.023466410104403874,0.00788950830742077,0.0478538045401691,0.08131645796839533,0.5224,0.5252,0.8244,0.2672,0.1132,0.08,280.0,136.0,420.0,26.0,548.0,587
645277,Ozzie Albies,1243,0.027949456821276152,0.02753759948410392,0.02810621058048083,-0.018254479805057528,0.009707179925143848,0.04570949329870989,0.07455283556055672,0.5342,0.5368,0.8448,0.2496,0.0866,0.0632,275.0,148.0,410.0,37.0,538.0500000000002,587
681351,Logan O'Hoppe,897,0.027947058703099048,0.027090414324729542,0.029607130177351476,-0.020040420636897732,0.008935886014844442,0.046761459492039706,0.07606184047816089,0.5262,0.527,0.8338,0.2512,0.0986,0.0722,279.0,146.0,414.0,34.0,543.0,587
592450,Aaron Judge,1126,0.027926749031488896,0.02776006162963337,0.02688107936621386,-0.0161658227416115,0.01032722867074189,0.045157197593377406,0.07192845213721959,0.5406,0.5398,0.8532,0.2442,0.0786,0.057,275.0,151.0,405.0,41.0,533.0,587
665861,Sebastián Rivero,78,0.027918251898557504,0.028446731879203158,0.033103165411564904,-0.02723775514009487,0.0069327862414119285,0.04931980645992836,0.08099749744026352,0.5392,0.5418,0.8096,0.283,0.1178,0.0908,270.0,131.0,425.0,25.0,557.0,587
666152,David Hamilton,310,0.027879210273902784,0.027645890091941558,0.03095291615309418,-0.022881381207101644,0.00799714837290344,0.04787084243003316,0.07779913347052862,0.534,0.531,0.8278,0.2692,0.1054,0.0776,274.0,137.0,420.25,31.0,547.0,587
672695,Geraldo Perdomo,1130,0.02782084639415255,0.02740660950641546,0.029240937824954374,-0.020784418647164144,0.009082914034128475,0.046786323772215525,0.07670205063663386,0.5298,0.5314,0.8368,0.2606,0.0878,0.0706,278.0,143.0,414.0,36.0,540.0,587
641943,Joshua Palacios,281,0.02775133293603078,0.027967243045252003,0.03093754999809642,-0.022674084679112735,0.008413474420505123,0.04694085341063689,0.07886743367227446,0.5308,0.5324,0.829,0.258,0.0976,0.0776,274.0,142.0,417.0,31.0,549.0,587
678225,Jihwan Bae,45,0.02771320327631769,0.027270673620797152,0.0322597155207115,-0.02441490855519116,0.007554878705591597,0.04846795249623985,0.08097178046170052,0.5256,0.5282,0.8194,0.27,0.1128,0.084,277.0,135.0,421.25,27.0,555.0,587
671221,Drew Waters,438,0.027592796799750532,0.0273000443204054,0.031021185215757273,-0.02333689915227564,0.00750519836554573,0.04728350662954175,0.07914562552607454,0.5284,0.5284,0.8176,0.2672,0.1,0.0838,276.0,139.0,424.0,29.0,552.0,587
680474,Max Schuemann,358,0.027563359564240903,0.02715211576023606,0.03105361303892832,-0.02281774151148345,0.007420892403234649,0.046849072781699565,0.078859759634815,0.5252,0.524,0.816,0.2572,0.104,0.0824,278.0,143.0,422.0,31.0,548.0,587
545121,Ildemaro Vargas,209,0.027551208774313517,0.027490756146841322,0.031483970253134874,-0.024354730112674344,0.00738041317669444,0.04777136969445693,0.0783577253286903,0.5332,0.5306,0.8164,0.2702,0.1056,0.0842,275.0,138.0,423.0,30.950000000000017,551.0,587
666397,Edouard Julien,348,0.02749315909598668,0.02754707564903465,0.029491053596228754,-0.02141078678221247,0.008451192049611367,0.04672417124899347,0.07492299746319295,0.5288,0.531,0.8322,0.2578,0.0908,0.0736,277.0,143.75,417.0,36.0,545.0,587
656775,Cedric Mullins,957,0.027374376575504573,0.027455516335465932,0.028677669248209064,-0.019229481845766568,0.008336004447158166,0.046387222947239924,0.07400488331515852,0.5376,0.537,0.829,0.2518,0.0842,0.0672,274.0,147.0,415.0,38.0,541.0,587
702284,Cole Young,439,0.027333562427320237,0.027213184940218543,0.02944734200872072,-0.02078134252911254,0.007925082039131734,0.04610863248208949,0.0763110830983862,0.5264,0.5276,0.8286,0.2522,0.0884,0.0722,277.0,147.0,418.0,36.0,544.0,587
665828,Oswaldo Cabrera,208,0.027322490760223514,0.026961653645410096,0.03200414541587271,-0.024353831459199483,0.006008419032955319,0.047612272312978876,0.08038095173407786,0.522,0.5198,0.8126,0.2678,0.1066,0.0844,280.5,138.0,432.0,28.0,554.0,587
592178,Kris Bryant,81,0.027290552829926876,0.027276212924682817,0.03231052971882658,-0.02459232430420375,0.006186785482882955,0.04776623239691315,0.08071385500393934,0.527,0.5264,0.8092,0.2704,0.1096,0.0842,279.0,136.0,429.0,28.0,550.0,587
669717,Will Wilson,191,0.027281009083739247,0.027081177422744032,0.03076912162733855,-0.022443854953775565,0.007508866151894,0.04669669696480919,0.07815679599343166,0.5258,0.5264,0.8222,0.2628,0.0956,0.0814,279.0,142.0,423.0,32.0,551.0,587
691785,Marcelo Mayer,255,0.027275457691982717,0.02740720060967795,0.030095057145511122,-0.022069073332495102,0.008082203586959436,0.04679750305771292,0.07611161183142305,0.5324,0.5296,0.825,0.2596,0.0936,0.0738,277.5,143.75,417.0,34.0,545.0500000000002,587
669288,Daniel Johnson,104,0.02725026066673254,0.027008460010979948,0.0320247459318506,-0.024600404974468124,0.006954317151743038,0.04757834902322723,0.08037089064260682,0.5234,0.5202,0.8166,0.2684,0.1072,0.0834,281.0,137.0,423.25,28.0,552.0500000000002,587
682641,Luis Matos,348,0.02724702394307874,0.026782280063903076,0.030915062540445116,-0.023930980609201312,0.007689779146085094,0.04691393613400957,0.07850961233962836,0.5258,0.5246,0.825,0.2578,0.101,0.0822,280.0,143.0,420.0,30.0,552.0,587
671655,George Valera,84,0.027137223987365906,0.02661669864675127,0.03171521725848756,-0.02471523913469686,0.0064945154409695605,0.04777178622044226,0.0795971169980719,0.5166,0.5152,0.8172,0.2678,0.106,0.0802,283.0,136.0,429.0,30.0,551.0,587
694377,Nick Yorke,135,0.027083948336199808,0.027010220801911726,0.031084251522459996,-0.025635290883674465,0.007091876037865232,0.04784734708198772,0.07782631930914265,0.5208,0.521,0.8162,0.2656,0.103,0.0842,284.0,138.0,423.25,31.0,553.0,587
682626,Francisco Alvarez,497,0.02704381315425053,0.0265281945635529,0.029835222482122576,-0.022127445249261087,0.00796707564238748,0.04614961395089938,0.07668731445626599,0.5184,0.5204,0.8236,0.2492,0.0972,0.0754,283.0,148.0,420.0,35.0,547.0,587
621512,Tomás Nido,68,0.02702661384334093,0.02694627005248526,0.028880492032532835,-0.021102598241953457,0.008395468926980863,0.04615133541122672,0.07409689931069578,0.524,0.5246,0.8304,0.249,0.0802,0.068,280.5,148.0,416.0,40.0,543.0,587
695657,Colson Montgomery,545,0.027005561439315564,0.026987514950586045,0.030180223590721172,-0.022059031631664852,0.007558810412220875,0.045899553292658934,0.07616646605314256,0.5188,0.5214,0.8194,0.2466,0.0938,0.0816,282.0,151.0,423.0,33.0,548.0500000000002,587
682622,Noelvi Marte,645,0.027000319847958035,0.026725974921816612,0.031333813444820474,-0.023870109323320225,0.0070403853993789185,0.04698188494931723,0.07905413008981445,0.5214,0.518,0.81,0.2618,0.1046,0.0854,283.0,139.0,427.0,31.950000000000017,551.0,587
696030,Alejandro Osuna,319,0.026995208569058605,0.02691748359194379,0.030866034509088508,-0.022458286127847348,0.006678473921347244,0.046426013287755995,0.0783842281276672,0.5192,0.5182,0.8178,0.2568,0.0992,0.0824,283.0,143.0,425.0,30.0,548.0,587
670231,John Rave,299,0.02696816813267486,0.027019177904731982,0.03172392187980003,-0.026255116523095267,0.006633784417328744,0.04721050080126035,0.07807443747002663,0.5194,0.52,0.811,0.266,0.0988,0.089,282.0,139.0,430.0,30.950000000000017,551.0,587
456781,Donovan Solano,343,0.02694447415018761,0.026942746318352855,0.029815311629201275,-0.020807432392565134,0.007702992088689015,0.04575285773817926,0.07713859024895933,0.5184,0.5236,0.8244,0.2432,0.0936,0.0752,282.0,150.75,421.0,32.95000000000002,545.0,587
669304,Jose F Miranda,63,0.02688223096364349,0.026954614661729055,0.03218457714891478,-0.025217329593822328,0.0057403910458272206,0.047713559729670785,0.08108439729122142,0.5212,0.5228,0.8034,0.2636,0.1062,0.0922,282.0,140.0,434.0,29.0,555.0,587
666464,Jerar Encarnacion,93,0.026876282928203,0.026186907663961347,0.032338569884511635,-0.025915266042633056,0.005887956965956778,0.04741394971583346,0.08078175687924664,0.5138,0.5132,0.8014,0.2626,0.109,0.094,285.0,140.0,433.0,27.0,554.0500000000002,587
691176,Jasson Domínguez,845,0.026775873960074137,0.02698538121329439,0.028404603246245316,-0.02163990003723265,0.00880396528709202,0.04513033075681217,0.07270154298604527,0.5286,0.5262,0.8316,0.2388,0.0788,0.0752,281.0,153.0,418.0,41.95000000000002,546.0,587
670032,Nicky Lopez,45,0.026726561392407092,0.026401444610920977,0.03176698161693725,-0.02571809916384914,0.006470865219230881,0.0469979910445764,0.08009630631723574,0.5122,0.5094,0.8106,0.2614,0.1024,0.0894,287.0,142.0,431.0,29.0,553.0,587
663538,Nico Hoerner,1095,0.026712690135816147,0.02658977164754988,0.02804346983799927,-0.01991813719068571,0.007736704638784772,0.04545162736082056,0.07331489540967716,0.5198,0.5208,0.8316,0.2434,0.0794,0.0664,284.0,151.0,421.0,41.0,541.0,587
676356,Jonny DeLuca,110,0.026693687231284093,0.026239650258587474,0.03206626818376347,-0.02573436471614152,0.00587395322228253,0.04755105885652003,0.07942716324143823,0.5156,0.5142,0.8032,0.2646,0.1064,0.0914,285.0,137.0,432.0,27.0,555.0,587
656577,Alex Jackson,189,0.026693620982050748,0.02654159207475147,0.03179653496892378,-0.025782296473334815,0.006994022680258189,0.046714146229081495,0.07919530966938802,0.5182,0.5196,0.8172,0.2554,0.0972,0.0876,282.5,144.0,425.0,31.0,553.0,587
595751,Jorge Alfaro,95,0.026639336763836632,0.02724613801181441,0.030780755160979084,-0.024427477009185676,0.007135510413311209,0.04623282974812212,0.07660129221905042,0.5242,0.525,0.8178,0.2504,0.0902,0.0862,280.0,147.0,423.0,34.0,551.0,587
605137,Josh Bell,978,0.02662952958890509,0.026293211812021572,0.02707485153160235,-0.01798772647111014,0.008850960584115572,0.04448518237746255,0.07076257139163679,0.5158,0.5166,0.8428,0.2264,0.0722,0.0604,285.0,159.0,411.0,43.0,538.0,587
686681,Michael Massey,534,0.026607207739031965,0.026386499520483046,0.02996722569597934,-0.021594109779349842,0.007027716937143894,0.04580807654941268,0.07764368652571982,0.5156,0.5128,0.8162,0.2392,0.0906,0.08,285.0,154.0,427.0,33.0,547.0,587
663837,Matt Vierling,192,0.026489395561547086,0.02632766144248761,0.030813582755404082,-0.023389619477565918,0.005915380383743645,0.04623840265642576,0.07828598004604466,0.5162,0.515,0.8108,0.257,0.0964,0.0818,287.0,143.75,432.25,32.0,551.0,587
663647,Ke'Bryan Hayes,922,0.026484112484647018,0.02654508192716189,0.027491007002390405,-0.019899390918929054,0.009492822521172293,0.04437907452346043,0.07184150833969843,0.5192,0.516,0.8388,0.228,0.076,0.0648,286.0,160.0,411.0,44.0,540.0,587
518934,DJ LeMahieu,213,0.026481450815063555,0.026424819781472875,0.030371173703300672,-0.024222156109064936,0.006939476661880738,0.04650099899463586,0.07592932999819565,0.517,0.5166,0.8148,0.252,0.088,0.0872,283.5,146.0,425.0,36.0,551.0,587
641658,Garrett Hampson,138,0.026475869664549748,0.02660791176830303,0.03169406109883169,-0.025451618912000776,0.006380173814101667,0.0470511540872691,0.07836813082766798,0.518,0.5184,0.8072,0.2586,0.1,0.0928,283.0,144.0,430.0,30.0,556.0,587
669477,Casey Schmitt,663,0.026469243314410494,0.025997390788837192,0.02971624737859323,-0.022226491305230134,0.00783169309757242,0.045412551635963846,0.07540186595340513,0.5122,0.5098,0.822,0.2432,0.0878,0.0812,288.0,151.0,421.0,36.0,548.0,587
669134,Luis Campusano,43,0.02641401666860028,0.02607685422921312,0.03211917297531734,-0.025355856287375796,0.0054050319769074285,0.04631865968128429,0.0808137964005727,0.5102,0.5088,0.8028,0.2558,0.1036,0.0874,288.0,144.0,434.0,28.0,553.0,587
521692,Salvador Perez,1277,0.026396995436052912,0.026214985225460383,0.027729617699016378,-0.019218683840821937,0.008303096517651397,0.044198180337629976,0.07206889927967357,0.5126,0.5138,0.835,0.2278,0.072,0.0646,286.0,159.0,417.0,45.95000000000002,538.0,587
543510,James McCann,241,0.026261975745142094,0.025798230313676902,0.031419599980885185,-0.02351688791101627,0.005644121898885162,0.046820404100971255,0.07921066498476065,0.5096,0.5102,0.8044,0.2576,0.1028,0.0926,287.5,144.0,431.0,29.950000000000017,553.0,587
606992,Eric Haase,157,0.026247416421767627,0.02601600795355768,0.03232314824349687,-0.025926067670751795,0.0046366493343587755,0.04679035880917514,0.08048768453486226,0.5094,0.5108,0.7982,0.2544,0.105,0.0906,288.0,144.0,437.25,29.0,552.0500000000002,587
691185,Maximo Acosta,93,0.02623176747737005,0.026094465488375292,0.03145901962080175,-0.02499214568222094,0.005868101120199464,0.046431589930559306,0.07850360218730017,0.5082,0.51,0.8074,0.2582,0.102,0.092,288.0,142.0,430.0,32.0,554.0,587
670092,Trenton Brooks,90,0.026217145541618532,0.02607484836372278,0.0320900232780347,-0.02642418281796274,0.005717215772793221,0.0467467585111164,0.07992893564233491,0.5104,0.5122,0.797,0.2562,0.1064,0.0914,288.0,143.75,433.25,30.0,553.0,587
663853,Romy Gonzalez,653,0.026171518368833017,0.02633876729875556,0.029058417198762673,-0.021973479104838663,0.007643082706070852,0.0451373445996851,0.07320878681429586,0.5176,0.5172,0.8196,0.238,0.083,0.0752,285.0,155.0,420.0,41.0,548.0,587
663897,Luke Williams,53,0.026167778375952293,0.026334851448084853,0.03239934039869046,-0.027148739409720173,0.005154093798855688,0.04672697408766397,0.0785198933065105,0.518,0.5158,0.8004,0.258,0.105,0.0976,283.0,143.0,438.0,29.0,557.0,587
676724,Jared Young,89,0.026101275879295765,0.026273948507095753,0.032138804603589886,-0.025067886101468265,0.005397291290529349,0.04657587419842381,0.07878381445929918,0.5066,0.5076,0.8022,0.2572,0.0984,0.0948,290.0,144.0,435.0,30.0,555.0,587
547180,Bryce Harper,1147,0.026073722751453785,0.02568576257470876,0.02606268940387986,-0.017131912583299557,0.00962790866123681,0.04299951724315905,0.06922886572966495,0.5068,0.5106,0.845,0.2136,0.0634,0.0578,289.0,165.0,406.0,51.0,535.0,587
678011,Anthony Seigler,109,0.026057036707008173,0.02614290521467486,0.03152470856752185,-0.025128117863889406,0.006175721366307094,0.04650557162733055,0.07729733625223977,0.512,0.5116,0.8044,0.2512,0.0992,0.0896,287.0,147.0,436.0,33.0,553.0,587
682848,Endy Rodríguez,92,0.026012094518919872,0.025918481374611304,0.03210486511344677,-0.027192509884742463,0.0059740151458622945,0.046645077973784664,0.078725023863726,0.5088,0.5098,0.8022,0.2542,0.1042,0.0946,288.0,145.0,432.0,29.0,557.0,587
676070,Jacob Amaya,100,0.025968811175803137,0.026268253681658874,0.03223450744055377,-0.02682440707312547,0.004790567962494528,0.046071853454592665,0.078327310211619,0.5134,0.511,0.7938,0.2534,0.1024,0.0968,285.5,144.0,439.0,30.0,556.0,587
687952,Christian Encarnacion-Strand,262,0.025862065729559014,0.02569120643240098,0.031128120957671115,-0.024983188909832747,0.005895839732033708,0.045585775862209216,0.07770795174564608,0.5028,0.5012,0.8056,0.249,0.094,0.088,293.0,149.0,432.25,34.0,554.0,587
656248,Sean Bouchard,111,0.025747132860931436,0.025236987907043023,0.03241639201159336,-0.026351501614929402,0.004714731939405259,0.046692294217988456,0.07955643202050271,0.5012,0.5006,0.7962,0.2524,0.0958,0.0944,293.0,146.0,439.0,28.0,557.0,587
808975,Hyeseong Kim,326,0.025745276247955622,0.025893885231353955,0.031187326498328817,-0.025710106521197828,0.005771335027262958,0.045665158848553704,0.07662504097008827,0.5042,0.504,0.8046,0.2468,0.0962,0.0904,291.0,150.0,431.0,33.95000000000002,552.0,587
571912,Luke Maile,91,0.025703941249764137,0.025045937887767707,0.032511041741946835,-0.027333365894776397,0.00496317220251005,0.04717131694486154,0.07847677554898037,0.4956,0.499,0.7984,0.2542,0.1024,0.0974,294.0,144.75,439.0,29.0,557.0,587
656976,Pavin Smith,497,0.025701613585320495,0.02570368041376172,0.030955806285963738,-0.025941658263557068,0.006408879496238309,0.045796469670354806,0.07610109486422506,0.5048,0.5046,0.8076,0.2476,0.0908,0.0906,291.0,148.0,432.0,34.0,554.0500000000002,587
592663,J.T. Realmuto,1036,0.02566785245934187,0.025120636496243957,0.028201243698626595,-0.020049843859556646,0.0070984226569841425,0.04410542410350706,0.0720447745153257,0.5012,0.5008,0.8276,0.226,0.0808,0.0682,293.0,160.0,423.0,42.0,542.0,587
677592,Everson Pereira,138,0.02564977409320852,0.025729839949608035,0.0318130922738364,-0.026898314604534696,0.005566105366167469,0.046159583229356815,0.07727881423434549,0.5044,0.5062,0.796,0.2504,0.0918,0.0956,290.0,147.0,438.0,33.0,559.0,587
676609,José Caballero,630,0.02559337939323174,0.02587996004437225,0.029716482030999126,-0.0237296840218427,0.006232419503159575,0.044887370631558135,0.07453365054040607,0.509,0.5116,0.8144,0.2382,0.0782,0.0826,287.5,154.0,430.0,39.0,551.0,587
605361,Nick Martini,192,0.025492845345833456,0.02565559114220871,0.03111813455146298,-0.02493730076189359,0.005306765041937275,0.04557812469858326,0.07666693158330738,0.5004,0.5008,0.8,0.2478,0.0924,0.0874,293.0,149.0,436.0,33.0,553.0500000000002,587
681546,James Outman,275,0.025407605753045293,0.02494013356274628,0.0310048547183361,-0.026097303363919026,0.005507370041745996,0.04540453210840611,0.07634934345451587,0.4942,0.4958,0.8044,0.2454,0.093,0.0882,296.0,149.0,432.25,35.95000000000002,553.0,587
694362,Blake Dunn,124,0.025350699901222278,0.02501330359878917,0.031261051544023984,-0.024932431223558652,0.005311947076572806,0.04586487464645499,0.07597290985564273,0.4996,0.4962,0.8016,0.2416,0.0872,0.09,295.0,152.0,432.0,37.95000000000002,553.0,587
571771,Enrique Hernández,517,0.02522780853299796,0.024816662838997822,0.029461439881001944,-0.02280898581710351,0.005929876671612336,0.0446401593543695,0.07521101753931182,0.4926,0.493,0.8084,0.2312,0.081,0.081,298.0,158.0,430.0,39.0,550.0,587
592518,Manny Machado,1311,0.025171963240574753,0.025230062570885038,0.026144600357015223,-0.01823825204449574,0.007840907045888879,0.042393760261860335,0.06720768060459335,0.4988,0.501,0.839,0.2062,0.0538,0.0654,293.0,170.0,418.0,56.0,537.0500000000002,587
673962,Josh Jung,971,0.0251612599932759,0.02522633298526397,0.02785486835602313,-0.021326762569925137,0.007494274871280266,0.04350220578994104,0.0709098807636362,0.4958,0.4982,0.8252,0.225,0.0736,0.072,295.0,166.0,424.0,45.0,545.0,587
671289,Tyler Freeman,712,0.025138264547004244,0.024899365626489332,0.028152143121509442,-0.019978709126612065,0.006498494304185457,0.04354563226343433,0.07089366766343097,0.495,0.4956,0.8142,0.2214,0.0738,0.0754,296.0,164.0,428.0,43.95000000000002,544.0,587
669004,MJ Melendez,117,0.025124155007006318,0.02507799047961755,0.03183886354475851,-0.026288732773700377,0.004617521405219671,0.04479705324700886,0.0785078096229979,0.4942,0.4916,0.7902,0.2414,0.1002,0.0942,297.0,153.0,440.25,30.0,555.0,587
683083,Nasim Nuñez,176,0.02505960390433531,0.024876141210234206,0.03231342279364651,-0.027927998810262585,0.00442748507803839,0.0458756185737965,0.0788760512956069,0.4918,0.496,0.79,0.2436,0.0948,0.1034,296.0,151.0,441.0,31.0,557.0,587
657041,Lane Thomas,235,0.024996936579104515,0.02506239565922108,0.031074499310006058,-0.025563972094218283,0.005716750910970486,0.04475460548192675,0.07549695158585847,0.4946,0.4922,0.8012,0.2378,0.0914,0.0916,297.0,155.75,433.0,36.0,556.0,587
679032,Johan Rojas,293,0.024964283198515413,0.024749203918548804,0.03262843430534227,-0.027925558264925276,0.004397576776822763,0.04598543755409537,0.07829868697032097,0.4932,0.4908,0.788,0.2468,0.099,0.0992,298.0,149.0,446.0,30.0,559.0,587
702332,Caleb Durbin,777,0.02481668093991919,0.024961309485747173,0.029974026326389704,-0.02500985533182468,0.005405327237286388,0.04405821056785087,0.07405231279797743,0.4968,0.4974,0.8034,0.2296,0.0826,0.084,295.0,159.0,435.0,39.0,553.0,587
702176,Alan Roden,252,0.02480624484502929,0.024992253055676,0.0314060047356838,-0.026647439061079442,0.0040584612683557,0.04504665378670148,0.07649384633930469,0.4982,0.4968,0.7878,0.2378,0.0936,0.0988,295.0,154.0,442.0,35.0,557.0,587
493329,Yuli Gurriel,69,0.02479177051689737,0.025061561067680666,0.03236612988538758,-0.02851253600578381,0.004313299654951051,0.04561729730577397,0.07828400918188329,0.494,0.4956,0.787,0.241,0.096,0.1012,296.5,153.0,444.0,29.0,559.0,587
810938,Ben Williamson,568,0.024721426201083325,0.02479207883619363,0.02993620980815056,-0.02528197405132931,0.005579004740947693,0.044682111570958444,0.07298622599567817,0.4912,0.493,0.8032,0.2326,0.0788,0.0882,297.0,156.0,436.0,40.0,552.0,587
642180,Tyler Wade,194,0.024680876316611627,0.024496155536736924,0.03217450315539767,-0.026897833045298622,0.0036133950840867898,0.046057855851538265,0.07727486340005617,0.493,0.4934,0.7854,0.2484,0.093,0.0976,297.0,148.0,443.0,32.95000000000002,557.0,587
571448,Nolan Arenado,771,0.024658967314390143,0.02485222839302468,0.0296289899612111,-0.024198589657965428,0.005047199653378947,0.04376854694178753,0.07264383156625548,0.4968,0.4946,0.803,0.2254,0.076,0.087,296.0,160.0,434.25,41.0,550.0500000000002,587
519317,Giancarlo Stanton,495,0.024646491568164987,0.024640865015016236,0.030389565431585323,-0.02593753255232696,0.005342701307130258,0.04427166749050035,0.07470140707703284,0.4862,0.4884,0.7996,0.235,0.086,0.0902,302.0,156.0,436.0,37.0,554.0,587
647304,Josh Naylor,1031,0.02462271669205697,0.02480891598799577,0.0284878614790579,-0.022523011920694478,0.005859188554471327,0.04293019135484153,0.07077004486037301,0.4908,0.4892,0.8142,0.2166,0.0716,0.077,298.0,166.0,430.0,43.0,544.0,587
676116,Ryan Noda,99,0.02460494011016392,0.024914354219271104,0.032312833412054806,-0.02883159146303991,0.003865737294674468,0.04535141595575211,0.07753584238590089,0.4956,0.4964,0.787,0.2428,0.0914,0.1066,296.0,152.0,448.0,32.0,559.0,587
677951,Bobby Witt Jr.,1229,0.024567943025549575,0.024728360959844046,0.02731878378663604,-0.02012227273006156,0.006645368820401347,0.042210320776739974,0.06933714867203425,0.4908,0.4902,0.8142,0.206,0.0622,0.071,299.0,170.0,430.0,52.0,542.0,587
650968,Yohel Pozo,356,0.024558667900869163,0.024872936746244412,0.031479630367659064,-0.026780735517125707,0.004455942139079415,0.04468434937521687,0.07639096388991828,0.4956,0.4954,0.793,0.2358,0.0904,0.1044,296.0,157.0,441.0,34.0,557.0,587
669911,Michael Toglia,656,0.024518550360680586,0.024583325883251992,0.028888572345882275,-0.022336338734134233,0.006000437024660884,0.04310031869221269,0.07201414723160654,0.4862,0.49,0.812,0.2178,0.0752,0.0806,298.5,163.0,431.0,44.0,547.0,587
694497,Evan Carter,351,0.024430468159474725,0.02491709081503612,0.032160870928028926,-0.029870552932780448,0.003919086766594379,0.0446492855049689,0.07857732736033021,0.491,0.4904,0.7866,0.2358,0.0908,0.1032,299.0,155.75,447.0,35.0,559.0,587
671286,Johnathan Rodríguez,135,0.024427549351377056,0.02453239423648127,0.03146916588715882,-0.028281154921980512,0.004879847854810189,0.044393280340485945,0.07650976277834984,0.4866,0.4848,0.7966,0.2362,0.0858,0.1008,302.0,156.0,438.0,38.0,556.0,587
670097,Zack Short,95,0.02433504849322747,0.024335787844738332,0.032256447355920086,-0.02877464542073142,0.0029751944090659144,0.045425150700460264,0.07717895374538233,0.487,0.4852,0.7798,0.244,0.0936,0.1048,301.0,150.0,450.0,32.95000000000002,559.0,587
669236,Jeremiah Jackson,355,0.024315644150436053,0.024069564318755236,0.030961142357289778,-0.026409400773667772,0.004747874910974053,0.04377706845264839,0.07533751848532652,0.4828,0.4828,0.7922,0.2286,0.0866,0.1008,302.0,159.0,439.0,35.0,557.0,587
622761,Jorge Mateo,163,0.02430079208078815,0.02425311706387994,0.032366399884479306,-0.0300687897252441,0.0037684695118918423,0.045379566745475663,0.07658679179129597,0.483,0.486,0.786,0.2422,0.0902,0.1106,303.0,154.0,445.0,33.0,560.0500000000002,587
805373,Nacho Alvarez Jr.,326,0.024298098936623845,0.02384480220792204,0.031468608813907055,-0.02647430411443768,0.004534511974485328,0.04406579850267682,0.0755935030438318,0.484,0.4802,0.7892,0.2318,0.088,0.098,305.0,158.0,443.0,35.0,556.0,587
645305,Ali Sánchez,46,0.02425617325980922,0.02486451083571285,0.03236066014573809,-0.02990710912225246,0.0034250110388301205,0.04532677596855422,0.07691431977780366,0.4934,0.4952,0.7846,0.2436,0.091,0.109,296.5,152.0,445.25,36.0,559.0500000000002,587
668952,Ryan Kreidler,88,0.024244216098440484,0.024362372460471828,0.03218881320073544,-0.02989377220546863,0.003852089065488112,0.04515993573813978,0.07756189566782651,0.481,0.4832,0.787,0.2398,0.0916,0.1036,303.0,152.0,447.25,32.0,560.0,587
655316,Andruw Monasterio,257,0.024149456200862555,0.02435839495345893,0.02987901160624672,-0.024056675369604624,0.004556797018630805,0.04329494386434117,0.07263798695355457,0.4836,0.4848,0.7968,0.2242,0.077,0.0884,302.0,162.0,436.0,43.0,552.0,587
695681,Christian Moore,362,0.024108272318835305,0.024253061580197858,0.030373408504223612,-0.026046323628878123,0.004489702932279607,0.043480644428210216,0.07358974498247393,0.4838,0.481,0.7954,0.2266,0.08,0.093,305.0,163.0,439.0,38.0,555.0,587
670764,Taylor Walls,546,0.024027020850416917,0.0242720343567824,0.029162486568096627,-0.0240468920018544,0.004816119598709636,0.04345854326122449,0.07168759253444913,0.4848,0.4848,0.799,0.2176,0.0742,0.0884,300.0,167.0,438.0,43.0,552.0,587
686894,Joey Wiemer,122,0.02399117437201449,0.024093005310704678,0.03218053648333365,-0.029272670032937275,0.003268578649331023,0.044688237239347284,0.07582513431749643,0.486,0.4846,0.781,0.2312,0.0874,0.1078,303.0,157.0,449.0,33.0,560.0,587
620443,Luis Torrens,522,0.023990601584135626,0.024489463327429177,0.02966475605774139,-0.025843635223246925,0.004791713283983709,0.043179136935942886,0.07291596776813429,0.4876,0.4896,0.7972,0.2154,0.074,0.0938,299.5,166.0,438.0,42.0,553.0,587
671213,Triston Casas,210,0.023977433526427474,0.02353168702457792,0.03201960004833256,-0.027671537168892927,0.003071063234559308,0.04440440316570512,0.0777610600754685,0.4778,0.4782,0.7782,0.2298,0.0938,0.1028,308.0,160.0,449.0,32.95000000000002,559.0,587
663886,Tyler Stephenson,589,0.023916284659514044,0.024054752915926052,0.03061686797760608,-0.025344110234541993,0.004164536178979198,0.043515995974464164,0.07370955915258863,0.4842,0.4856,0.7904,0.2254,0.0872,0.091,303.0,162.0,442.0,39.0,555.0,587
680779,Henry Davis,573,0.023881655718759585,0.023857956772201944,0.02899775242343013,-0.02420516503579478,0.004466817720501759,0.04248546218880773,0.07231497876979832,0.4788,0.4796,0.7984,0.21,0.0772,0.0866,305.0,170.0,440.25,42.0,551.0,587
664068,Scott Kingery,58,0.023766927067546583,0.02441780649717081,0.03204077853279106,-0.029632333038234537,0.003232942810164942,0.0441264368547304,0.07620210115294268,0.4846,0.4844,0.7804,0.2298,0.0838,0.1084,301.0,159.0,451.0,35.0,559.0,587
688760,Blaine Crim,130,0.023764148670308065,0.02400459495913984,0.03206558757438616,-0.028003626688532606,0.002532547585102763,0.0446856893738807,0.07684857907164205,0.489,0.485,0.7768,0.2362,0.0936,0.1024,302.0,157.0,448.0,34.0,560.0,587
663898,Brendan Rodgers,226,0.023743716018438044,0.02397118548889158,0.030380682520888627,-0.026189071244061692,0.003856342945687077,0.04366442036241874,0.07345590877325667,0.4838,0.4812,0.7898,0.2194,0.0792,0.0962,304.0,164.0,442.0,40.0,555.0500000000002,587
669369,Bryce Johnson,120,0.023740889561846886,0.023803945033406562,0.03303054343248712,-0.029225886594069838,0.002030984603026948,0.04466242684639689,0.07767422951582917,0.4788,0.4772,0.7736,0.2402,0.0948,0.1178,305.0,153.75,456.25,33.0,562.0,587
672761,Wenceel Pérez,739,0.023690055198025813,0.02399902894212268,0.02794188704943321,-0.02163134259455904,0.005400806708423975,0.04170050061322683,0.07089150645440913,0.4766,0.4756,0.8054,0.2082,0.0674,0.0806,304.0,171.0,435.0,47.0,547.0,587
669364,Xavier Edwards,1036,0.023688697583256986,0.023414345464743844,0.02866935086383716,-0.02306804424155997,0.005297760049951873,0.042043866061109866,0.07038101793698431,0.4692,0.4684,0.8034,0.2094,0.0686,0.0884,310.0,171.0,436.0,46.0,551.0,587
686765,Nick Sogard,165,0.023651504343253697,0.02415150887088963,0.03216397741993732,-0.02880315007390358,0.0026893147130987896,0.0436828464290221,0.0761120051194498,0.4812,0.4796,0.7776,0.227,0.0884,0.1034,303.0,162.0,451.0,34.0,557.0,587
605170,Victor Caratini,652,0.023633117259944412,0.024110333901536225,0.029890118226471665,-0.02576431530244634,0.004089896924882943,0.0429792298514138,0.07243289770025678,0.4818,0.484,0.791,0.2188,0.0758,0.0938,304.0,166.0,441.0,41.0,556.0,587
645444,Jose Herrera,306,0.023586394616710252,0.02337148084913443,0.0311893864401824,-0.026997227369513006,0.0033015672679700247,0.04374270800919053,0.07392224644844136,0.475,0.4774,0.782,0.2228,0.0824,0.0978,307.0,165.0,447.0,38.0,556.0,587
676439,Hunter Feduccia,200,0.02357746040449689,0.023807046903628726,0.03214733482811798,-0.030121246190736476,0.0034291137908870283,0.044481454292340336,0.07662877489009595,0.4816,0.4812,0.7862,0.2362,0.089,0.1048,306.0,156.0,447.0,32.0,560.0,587
606192,Teoscar Hernández,1046,0.02354715980210246,0.023437879789277888,0.02863484026044027,-0.022969381827703993,0.0049393869157873934,0.042520083173045696,0.07152408699968145,0.4716,0.473,0.8034,0.2072,0.0706,0.0814,309.0,173.0,436.0,46.0,549.0,587
642708,Amed Rosario,346,0.023511043281394695,0.023697294929035828,0.03152215920393111,-0.029271969552321867,0.00338411895912251,0.04363467877756626,0.07546759085279336,0.4752,0.4782,0.7836,0.2262,0.0832,0.104,305.0,160.0,446.0,37.0,559.0500000000002,587
680862,Willie MacIver,207,0.023411468009255493,0.023621702123879727,0.03186571692421965,-0.029072358691068122,0.0032361729142939928,0.04373433998254267,0.07604442714307819,0.4722,0.4748,0.7782,0.225,0.0848,0.1052,308.0,162.0,450.0,37.0,560.0,587
671083,Buddy Kennedy,54,0.023397775598646364,0.023061538424507304,0.03218957770612315,-0.028463588137571515,0.0032834154247687024,0.04365652850190952,0.07641963608820744,0.4698,0.4702,0.7824,0.227,0.0882,0.1076,310.0,162.0,451.0,34.0,558.0500000000002,587
669261,Jack Suwinski,301,0.02338564485956133,0.02347890699142463,0.031936618688411564,-0.02952789785139407,0.0037836800547677647,0.04326716522281118,0.07613690551125488,0.4764,0.476,0.7824,0.2158,0.0874,0.104,307.0,166.0,448.0,36.0,559.0500000000002,587
686217,Sal Frelick,973,0.023377949148762758,0.023467596192292405,0.030386126597432155,-0.02689248812291513,0.003983862881792257,0.04343176770220242,0.07325675383769009,0.4742,0.4712,0.7868,0.223,0.0768,0.0968,309.0,163.75,442.25,39.0,555.0,587
701538,Jackson Merrill,947,0.023365428180409785,0.02353678046248947,0.029472708841919746,-0.025359693332468704,0.004375239118925544,0.04211739109116549,0.07115714609984772,0.473,0.4706,0.7956,0.2088,0.07,0.0914,308.5,171.0,442.0,46.0,554.0500000000002,587
682653,Warming Bernabel,281,0.023352569710196294,0.023218312840169255,0.030501944406258818,-0.026805825280565663,0.003479263046730333,0.04283936451403911,0.07403886423068415,0.4694,0.4702,0.7846,0.2116,0.081,0.1,310.0,170.0,445.0,38.0,557.0,587
682657,Angel Martínez,904,0.023249185921578805,0.023358279549471547,0.02834070711297788,-0.024616815382905295,0.004877819350685609,0.041732137268624986,0.06894319534954174,0.4644,0.4678,0.8024,0.2034,0.066,0.0842,308.5,176.0,439.0,48.0,551.0,587
671056,Iván Herrera,782,0.023235710177644447,0.023596754154963925,0.03065974121408489,-0.02675321769057188,0.0028483390546179656,0.04332891645404138,0.07314045728364872,0.4802,0.4778,0.778,0.22,0.0778,0.0998,306.0,166.0,449.0,39.95000000000002,555.0,587
643289,Mauricio Dubón,693,0.023204350276689677,0.023408113080827693,0.02901146467191925,-0.024914100569628547,0.0044079864180371,0.04293471293833678,0.07063958607400625,0.472,0.4716,0.797,0.2086,0.0692,0.0888,310.0,170.75,441.0,45.0,552.0,587
642215,Weston Wilson,225,0.023040351434024026,0.023569381232648325,0.03218075139382857,-0.03010549074649726,0.002769034330464031,0.043737458083874296,0.07574418898789487,0.476,0.4726,0.7714,0.2264,0.0824,0.1096,309.0,159.75,455.0,36.95000000000002,562.0,587
687529,Grant McCray,46,0.022967845599907506,0.023568145221605746,0.03220813523416807,-0.029761878391076673,0.0029478449472736703,0.043657427047831064,0.07655181826957431,0.4728,0.4706,0.7774,0.2254,0.0888,0.1172,308.5,162.0,450.0,34.0,562.0,587
596142,Gary Sánchez,162,0.02293774792149834,0.023177607562231674,0.032700595050010876,-0.03181581553753712,0.002412883829611326,0.04387374226829626,0.07724551591052235,0.471,0.4734,0.7724,0.2288,0.0942,0.1104,309.5,160.0,454.0,33.95000000000002,564.0,587
518595,Travis d'Arnaud,459,0.022883851228090925,0.02267210164235797,0.030605852942958454,-0.028964026519533448,0.0036211436585851598,0.04274763714033186,0.07277300728654049,0.463,0.4672,0.7868,0.2134,0.0748,0.1042,313.0,167.0,447.0,43.0,558.0,587
624415,Cavan Biggio,123,0.022801962443438465,0.023523062162003686,0.03236828447794114,-0.031042902006047042,0.002097129508574704,0.0436438128374555,0.07587706077325218,0.4726,0.4724,0.77,0.2226,0.0864,0.1138,310.0,166.0,453.0,36.0,562.0500000000002,587
665804,Miguel Amaya,204,0.022751147152022214,0.022998329342667812,0.03144327503567355,-0.029392811167894207,0.002409930884050146,0.0429602467298463,0.07484560276638884,0.4682,0.4692,0.774,0.22,0.0836,0.1064,312.0,166.0,453.0,38.0,560.0,587
666023,Freddy Fermin,692,0.02261576819132292,0.023320170513436343,0.028728860440007116,-0.02539573646237011,0.004148241109520526,0.04160586409979758,0.06971893765381344,0.471,0.4722,0.7944,0.2016,0.063,0.0936,309.5,177.0,443.0,49.95000000000002,555.0,587
672386,Alejandro Kirk,929,0.022495568477071747,0.022612456167285664,0.02720422158680962,-0.022939110177381532,0.004578889678184814,0.040289809636180195,0.06692819587811337,0.4574,0.4548,0.8,0.184,0.0544,0.0834,316.0,183.0,439.0,55.0,547.0500000000002,587
600869,Jeimer Candelario,180,0.02246578805586044,0.022918452268259788,0.03248321656453115,-0.030931747430551198,0.0016681666370195896,0.043625378303441396,0.07522588673778127,0.4666,0.467,0.7642,0.2204,0.0828,0.1238,312.0,164.0,457.0,35.95000000000002,563.0,587
662139,Daulton Varsho,499,0.022446680980754405,0.02294403470951506,0.03087041266065502,-0.027606991781990685,0.0021342847782192293,0.0419933097909976,0.07353445397950092,0.4648,0.4646,0.7754,0.2114,0.079,0.1052,311.0,171.0,455.0,40.0,557.0,587
660162,Yoán Moncada,495,0.022443853902031387,0.02315744250519757,0.03117518671983078,-0.02920544079038459,0.0027650419374165955,0.0426800168462118,0.07295124863201953,0.4662,0.4686,0.7756,0.2094,0.0742,0.1076,311.0,168.0,452.0,40.95000000000002,560.0,587
680776,Jarren Duran,1196,0.022383225955972752,0.022710824599924653,0.0263761967906574,-0.02102680645118263,0.004778614912110272,0.04003513951186821,0.0654262665791404,0.4582,0.4586,0.8068,0.1806,0.052,0.0728,314.0,188.0,437.0,58.0,544.0,587
694374,Tim Tawa,401,0.022368280197148645,0.022507598908707897,0.031048033755522956,-0.029207882594831817,0.0021597196947043614,0.04263923271890471,0.07301249075652352,0.4602,0.4614,0.7702,0.2142,0.0754,0.1096,316.0,170.75,456.0,41.0,560.0,587
668904,Royce Lewis,756,0.022244722403967868,0.022579335744310078,0.02951426604272332,-0.027166794411220937,0.0028027550398054043,0.04205010149770494,0.06988472292220131,0.4616,0.4598,0.7792,0.2072,0.0678,0.098,317.0,171.0,449.25,46.0,557.0,587
689414,Liam Hicks,561,0.02215636964661743,0.02216111533573387,0.030038134615632855,-0.02672448225649305,0.0025465360661456942,0.04174558522011144,0.07219663106121842,0.4532,0.4504,0.7808,0.202,0.07,0.1064,321.0,176.0,453.0,45.0,556.0,587
642731,Thairo Estrada,297,0.022054726671141472,0.022047532908697043,0.03149462731571858,-0.028892799965533008,0.0014723817908767417,0.04197292995326297,0.07506954987235469,0.4568,0.4552,0.7654,0.2128,0.0766,0.117,318.0,169.75,458.0,39.0,561.0500000000002,587
690976,Alex Freeland,154,0.022008479286099197,0.022056338223753767,0.03256670373560499,-0.030108572251225273,0.0011337523518130076,0.042687845509515585,0.07591935869132221,0.4516,0.4536,0.7596,0.2172,0.0832,0.117,319.0,169.0,460.0,37.0,563.0,587
677649,Ezequiel Duran,415,0.0219872823777851,0.022388490380547278,0.031623743786784606,-0.03048465611456791,0.0016746617615122155,0.04171741485872362,0.07518169621279508,0.4606,0.46,0.7674,0.2078,0.0788,0.1168,316.0,173.0,455.0,38.0,563.0,587
680574,Matt McLain,978,0.02196828073414153,0.022218380893364864,0.02840818734690877,-0.02539601276568812,0.0035815075630453923,0.04120764000165606,0.06699137555272311,0.4542,0.453,0.7856,0.1954,0.0564,0.0982,317.0,177.0,445.0,53.95000000000002,553.0,587
669289,Santiago Espinal,551,0.02196586081548868,0.022097576917592072,0.03001376238197735,-0.0290086812416989,0.0028672579178840797,0.04158830380160897,0.07224335416511951,0.455,0.456,0.7802,0.2018,0.0726,0.1058,319.0,174.0,450.25,41.95000000000002,559.0,587
623168,Tyler Heineman,305,0.02196174730442616,0.022064284612076688,0.030703119999999237,-0.029381522575306112,0.002067034224838433,0.042429749072641104,0.07161786335730985,0.4574,0.4604,0.77,0.208,0.0738,0.11,316.0,171.0,455.0,41.0,561.0,587
681146,Jonah Bride,170,0.021938422981343724,0.022179657618374458,0.030832746598797527,-0.029693446391862978,0.002767400127576517,0.04184495577065408,0.07150976761214681,0.4522,0.4536,0.7732,0.2098,0.071,0.1076,320.0,172.75,449.0,45.0,561.0,587
665019,Kody Clemens,724,0.02191438825779517,0.02231687964987428,0.027777626910206563,-0.024491080820807892,0.003725548898436465,0.04045245290408165,0.06761404121622913,0.4514,0.4492,0.7956,0.188,0.0542,0.0896,317.5,184.0,442.0,55.0,552.0,587
695600,Carter Jensen,137,0.021912486953415602,0.02201798443225758,0.03089426154613258,-0.028935657721162193,0.0019919185356287693,0.04181446878578959,0.0722808334327687,0.4594,0.4612,0.7706,0.2136,0.074,0.1082,317.0,172.0,455.0,41.0,560.0,587
694388,Joey Loperfido,196,0.021888541796196453,0.02206588778823728,0.031345979681560956,-0.03082251781850019,0.0023881317788327573,0.041995005716025734,0.07307418257167438,0.4598,0.462,0.7748,0.2082,0.0746,0.1132,315.0,173.0,452.0,42.0,562.0500000000002,587
570482,Gio Urshela,390,0.021738487103117116,0.021950545405167686,0.030867544591061852,-0.029525663351387718,0.002258679199339207,0.041346817303148674,0.07123083842970539,0.4526,0.4546,0.773,0.2008,0.0722,0.1088,320.0,176.0,452.0,45.0,562.0,587
695336,Thomas Saggese,575,0.021713089360854,0.0224129693551021,0.03044597541391706,-0.029060876445633776,0.0019082083911364915,0.04130026639120151,0.0706651146555495,0.4558,0.4564,0.769,0.2014,0.0696,0.1062,319.0,178.0,453.0,46.0,559.0,587
665862,Jazz Chisholm Jr.,974,0.021672600868946026,0.021792039789366037,0.028174971266314932,-0.025885875460123102,0.003418355946848405,0.040570218072441655,0.06686480842669942,0.4504,0.4518,0.7888,0.1908,0.0576,0.0932,321.0,184.0,443.0,55.0,553.0,587
660644,Vidal Bruján,173,0.021661090248635696,0.02218836864960054,0.03153066269768203,-0.03156010071267064,0.0020629160099020177,0.041662364727273235,0.07266950498956955,0.4552,0.4534,0.7706,0.2082,0.0752,0.1148,318.0,174.75,452.0,44.0,564.0,587
676572,Eric Wagaman,862,0.021634591635035914,0.02160133408148203,0.02848124366428114,-0.026016660825926474,0.0034494764829529276,0.03992534614676842,0.06819856353229366,0.452,0.4494,0.7854,0.1856,0.0606,0.0948,320.0,183.75,444.0,48.0,554.0,587
681987,Nate Eaton,152,0.021554917288612196,0.02185747179056654,0.031705209381450924,-0.030897544549304296,0.0013056162249216656,0.04203810207355545,0.07397302679455317,0.4504,0.449,0.762,0.212,0.0798,0.1202,322.0,172.0,462.0,39.0,563.0,587
690022,Ryan Ritter,384,0.021505254904950102,0.021823002426404985,0.03093445622387669,-0.030994202797019338,0.0022530452066984535,0.04139924522607077,0.07302132007946983,0.4454,0.4436,0.7712,0.2084,0.071,0.1162,322.0,175.0,454.0,42.0,562.0,587
664728,Kyle Isbel,610,0.021473307056635856,0.02206577427188,0.031527283412403774,-0.030051014047517477,0.0009805998366801097,0.041592385193148784,0.07414237892477409,0.4466,0.4502,0.7596,0.2064,0.0758,0.1164,322.0,175.0,459.0,41.0,561.0,587
687462,Spencer Horwitz,755,0.021444602393360886,0.021936487225441954,0.02974902470636376,-0.02794117382251147,0.0024305018970117724,0.04093123357914849,0.06980594555481635,0.4514,0.4518,0.7726,0.1982,0.0678,0.1078,320.5,178.0,452.0,48.0,558.0,587
687401,Joey Ortiz,842,0.021369852006575516,0.02173472009887077,0.02845416942688221,-0.02539231795482379,0.0027925857515912365,0.03991211560720595,0.06720757206798095,0.4474,0.4476,0.78,0.185,0.059,0.0992,322.0,187.0,448.0,52.0,554.0500000000002,587
690987,Robert Hassell III,369,0.021243743199859656,0.02211289849814184,0.03172049998637008,-0.03188920100433492,0.000449009765846716,0.04204277000975257,0.07289701620747871,0.454,0.4522,0.7542,0.2052,0.0762,0.123,323.0,174.0,461.0,41.0,563.0,587
664034,Ty France,949,0.02114808451223135,0.020874233410857614,0.028161670215604378,-0.025535648012949656,0.0027578267489843083,0.039407518025333814,0.06840064983121885,0.433,0.4354,0.7792,0.1822,0.0564,0.0968,327.0,190.0,452.0,55.0,553.0,587
666163,Ben Rortvedt,225,0.021114246851100953,0.02094186347477247,0.030655290954846513,-0.02820735662895033,0.0009292068369519879,0.041751940811314184,0.07109484056185203,0.4416,0.4434,0.761,0.2058,0.0686,0.1154,327.5,173.75,459.0,48.0,561.0,587
686948,Drake Baldwin,858,0.021097539088407592,0.021459062578426745,0.027437467581654156,-0.023829721478081586,0.0030004341213335363,0.03919668021781926,0.06639847664731746,0.4458,0.444,0.7826,0.1742,0.0496,0.0918,324.0,192.0,449.0,60.0,552.0,587
676679,Luis Vázquez,100,0.021077966625489115,0.021209396783439548,0.0322958895961891,-0.03210128100514835,0.0003603660747498569,0.04225102336236394,0.0733616090389709,0.4442,0.4448,0.753,0.212,0.0802,0.1236,324.0,169.0,463.0,42.0,564.0,587
685301,Matt Gorski,89,0.021055236035532467,0.02123562880746397,0.031778537167110925,-0.031214371026031567,0.0005523946266777312,0.041659855153416,0.07296981471653456,0.4416,0.4424,0.7554,0.2096,0.0744,0.1218,326.0,173.0,463.0,43.0,563.0,587
545341,Randal Grichuk,513,0.021039119583930763,0.021314845638636323,0.031852754020073044,-0.03271785228961736,0.0005304193105789948,0.042201117175185376,0.07252688034406125,0.448,0.4472,0.7566,0.213,0.0774,0.1172,326.5,170.0,460.0,41.0,564.0,587
687231,Darell Hernaiz,342,0.02083007390653828,0.02082186868351387,0.030459159630161135,-0.029831123713847035,0.001998208117123785,0.040308523839359386,0.0708223763304345,0.4364,0.4372,0.7706,0.1994,0.071,0.115,330.0,181.0,456.0,45.95000000000002,560.0,587
676044,Bob Seymour,149,0.020818883016055584,0.021140509307325802,0.031510799004118274,-0.030895881589971672,0.00047230125116960964,0.041309832184503625,0.07211927598378141,0.442,0.4432,0.7544,0.2,0.0724,0.1176,324.0,180.0,461.0,43.0,563.0,587
666126,Carlos Cortes,175,0.020778983657532786,0.021457113566731325,0.030775172351144974,-0.0310756650185988,0.001285383857260153,0.04068345175205707,0.07081886226616914,0.4496,0.4482,0.7592,0.1946,0.0658,0.1218,324.0,183.0,461.0,46.0,563.0,587
657557,Paul DeJong,459,0.020749377219701545,0.02100085861703648,0.03019650242604305,-0.028767753422120998,0.0009750985664338654,0.040004978408727444,0.07172209961051335,0.4354,0.437,0.764,0.19,0.0686,0.109,326.0,185.0,458.0,46.0,560.0,587
805811,Bryce Eldridge,64,0.020730441877881894,0.021137508030172433,0.03203752608509234,-0.03150616422699901,0.0005851178152038664,0.04102068864433613,0.07353940017141879,0.4382,0.4386,0.7548,0.2022,0.0786,0.125,326.0,175.0,464.25,38.0,564.0,587
663368,Blake Perkins,263,0.02071160110677709,0.02051194898606394,0.03265268602340608,-0.03299237841251748,7.353345231589466e-05,0.04165987399655022,0.07459087434044426,0.4426,0.4392,0.7508,0.2126,0.081,0.129,331.0,172.0,466.0,39.0,566.0,587
467793,Carlos Santana,842,0.02058114870015274,0.021332328564883138,0.030077452158698222,-0.02882692650422334,0.0009135289506013618,0.039995947352636625,0.06958541307431489,0.4458,0.4434,0.7602,0.1898,0.0628,0.1098,325.0,184.0,459.0,50.0,561.0,587
624431,Jose Trevino,478,0.02056411578828396,0.020326099920764847,0.029597960964976935,-0.027671605814604892,0.001072880644192785,0.04032354909225783,0.06849075035896982,0.4354,0.4348,0.7602,0.1914,0.0596,0.1112,330.0,182.0,459.0,51.0,559.0,587
656811,Ryan O'Hearn,996,0.020511804700040763,0.020515732591771974,0.027938004792016767,-0.025300813911252024,0.002308263254573191,0.03840100363655065,0.06801535715874393,0.4248,0.4228,0.7792,0.1708,0.06,0.0936,332.0,198.0,451.0,52.0,554.0,587
691182,Adael Amador,205,0.020482111716987616,0.02101501156582663,0.03207790427917575,-0.03271642835762531,-0.00039277126909123636,0.04129376388009871,0.07277206035764891,0.4404,0.4426,0.746,0.2046,0.0734,0.1262,329.0,178.0,466.0,44.0,564.0,587
668804,Bryan Reynolds,1269,0.020428110668375885,0.021011003595772938,0.027232816753126183,-0.02516650024457987,0.0024829023493849697,0.03849408897776464,0.06457443898459173,0.4356,0.4348,0.7786,0.1656,0.0456,0.0932,327.0,197.0,451.0,63.0,554.0,587
701675,Nathan Church,127,0.02042218994579222,0.020386939326781116,0.03061039114419056,-0.031402733654527254,0.0007543317100397963,0.040833248964679505,0.07028099618223725,0.4336,0.435,0.7594,0.1924,0.0652,0.1142,334.5,182.0,458.0,48.0,561.0,587
665155,Nick Maton,114,0.020372459171287563,0.021182898046115024,0.03254420421889095,-0.03516036975140666,0.0005827716805540577,0.041435351589362526,0.07281112613063952,0.4432,0.442,0.7562,0.2088,0.072,0.1282,327.0,175.0,464.0,45.0,568.0,587
805779,Jacob Wilson,813,0.020367583040958193,0.020575257379282893,0.028433024668121764,-0.02741963092496959,0.0021427965947287417,0.038557646891709985,0.06733506026983228,0.4264,0.4282,0.7752,0.1736,0.057,0.104,331.0,195.0,453.25,53.0,556.0,587
686475,Tyler Tolbert,100,0.020261385807092937,0.020784454483928502,0.032396943675271045,-0.03336904977086055,0.0005247961880432919,0.040843435792805444,0.0734942002806453,0.4378,0.4386,0.7558,0.1998,0.0726,0.1268,331.0,181.0,464.0,44.0,567.0,587
624585,Jorge Soler,571,0.020208069170776433,0.02042317053535047,0.029094151405663092,-0.02787001643911403,0.0010522548053886367,0.039707942040202365,0.06805505954711843,0.423,0.4246,0.7592,0.188,0.056,0.1096,332.0,188.0,462.0,55.0,558.0,587
621043,Carlos Correa,1024,0.02018955120819642,0.02075585271184432,0.02863227950377682,-0.027869982356166847,0.0016904348675405192,0.03892010613629722,0.06571221723660992,0.4362,0.4354,0.7702,0.1716,0.0528,0.1016,331.0,193.0,455.0,57.95000000000002,557.0500000000002,587
686668,Brenton Doyle,960,0.02012344857289779,0.020542627368166436,0.02647792610196574,-0.022899604730907522,0.00297857580798441,0.03678434573474232,0.06371612410059002,0.4162,0.4194,0.7842,0.1558,0.0428,0.0886,332.0,206.0,447.0,65.0,548.0500000000002,587
666185,Dylan Carlson,444,0.020054906627048716,0.02051615405930827,0.030434450392501207,-0.030565346830079002,0.00025589981023340405,0.03960017773400997,0.06978402222015456,0.4308,0.4296,0.7526,0.1902,0.062,0.1178,334.0,189.0,463.0,50.0,563.0,587
670224,Kameron Misner,417,0.020047900527711812,0.019763368865087356,0.03020780080056118,-0.029908267714667064,0.0005553329291255983,0.03950969376516639,0.06963686398113843,0.4202,0.4208,0.7568,0.187,0.0626,0.1146,336.0,189.0,461.0,49.0,562.0,587
686780,Pedro Pagés,756,0.019987249481511277,0.020209348762105273,0.0295729481346103,-0.02921676152963464,0.0009541438971010074,0.03934455656146944,0.06802232582529046,0.426,0.4256,0.7612,0.1798,0.055,0.1104,335.0,191.0,460.0,54.0,560.0,587
545361,Mike Trout,952,0.019975015518367004,0.020922182182063622,0.02916071906349213,-0.028180255303875766,0.0006984020193280732,0.03873431933859517,0.06746998070571521,0.4334,0.4334,0.7582,0.1774,0.0568,0.1096,328.0,194.0,461.0,54.95000000000002,559.0,587
680700,Richie Palacios,71,0.019898052684015587,0.020587049762269514,0.032249775342623035,-0.03407007426941042,-3.0133709669452013e-05,0.04072856072661982,0.0719099792359449,0.4354,0.4362,0.7498,0.1964,0.0706,0.1316,331.0,183.0,470.0,46.0,566.0,587
687221,Dalton Rushing,263,0.01988718182094095,0.020045716582018987,0.03176104845049686,-0.03286261163295621,-0.00010192744227204307,0.040830625216387646,0.07109683350488204,0.4308,0.4298,0.7484,0.2014,0.0708,0.1282,335.5,182.0,468.0,46.0,565.0,587
669394,Jake Burger,718,0.01985748538110945,0.02060786945315135,0.027939857455072766,-0.027046613806856672,0.001816997076735173,0.038765887031340866,0.0644447226802131,0.4302,0.4318,0.7726,0.1704,0.047,0.1066,330.0,194.0,454.0,62.0,558.0,587
672515,Gabriel Moreno,573,0.019843980412947142,0.02026862821660836,0.027550887616441592,-0.02572657498126895,0.001861768419996683,0.03790501504806298,0.06539782803850487,0.4242,0.4262,0.7714,0.1664,0.048,0.1012,334.0,199.0,454.0,61.0,554.0,587
669221,Sean Murphy,640,0.019813051848126893,0.02060140812486841,0.031122888583581167,-0.032144585265145985,-0.00014874415817294452,0.03986693090774042,0.07113823429372325,0.4276,0.4292,0.748,0.1888,0.0678,0.1242,334.0,186.0,466.0,45.0,563.0,587
669707,Jared Triolo,651,0.019755649955383713,0.020048446861122737,0.03129570175788649,-0.03149715547931679,-0.0006274476921685078,0.04008632094775703,0.07156864607427005,0.4274,0.4264,0.7436,0.1968,0.067,0.1264,336.0,184.0,468.0,47.95000000000002,562.0,587
682668,Luisangel Acuña,319,0.019716770602199653,0.019838738686118455,0.031142242462995757,-0.03178661343152189,8.74766928105932e-05,0.040392673943311606,0.07061896672527603,0.4264,0.4262,0.7506,0.1972,0.065,0.1288,334.0,186.75,465.0,50.0,565.0,587
691728,Zac Veen,79,0.019666260346747726,0.020165228561703063,0.03242702843029165,-0.03496129082638785,-0.001528126767829208,0.04109151364049093,0.07250707041733762,0.433,0.4334,0.7336,0.2064,0.0732,0.1354,334.0,177.0,471.0,41.0,568.0,587
692225,Kristian Campbell,440,0.01962785033484766,0.02013958516040929,0.0312704008552235,-0.03246032270144392,-0.0002785196164789348,0.04006510332320479,0.07053146454843844,0.4234,0.4234,0.7458,0.1918,0.0664,0.1286,334.0,186.0,467.0,45.0,565.0,587
663584,Hayden Senger,131,0.019603480531300746,0.02008156206577596,0.031779396613687734,-0.03336040913032015,-0.00032221432524683985,0.03990294019529359,0.07179068884661287,0.4256,0.4224,0.7458,0.1948,0.0738,0.1302,334.0,186.0,468.0,42.0,566.0,587
663330,Jahmai Jones,259,0.019516238474810748,0.019596565748490197,0.030965090799492202,-0.032769978999010754,1.1982238763045645e-05,0.039819671112787586,0.0692771505319272,0.4232,0.424,0.7502,0.1964,0.0606,0.1244,340.0,186.0,465.25,49.0,564.0,587
680577,DaShawn Keirsey Jr.,173,0.019471387163410733,0.02022240208003444,0.03125111400430671,-0.031092986022732274,-0.0008529217389884082,0.039240531607978,0.06987662568014653,0.4234,0.4204,0.7436,0.1824,0.0656,0.1278,335.0,190.75,470.25,48.95000000000002,562.0500000000002,587
672016,Denzel Clarke,285,0.01943271643860758,0.01974437407689855,0.031254652672841214,-0.032688076936323314,-0.0005275909837105148,0.03967830729404354,0.07025047113495105,0.423,0.4266,0.7434,0.1828,0.0676,0.1218,337.0,190.0,468.25,46.0,566.0,587
802415,Chandler Simpson,687,0.01941199711418601,0.020269686791304933,0.030534858547517908,-0.031448158799275844,-0.0004168518259679946,0.03973114311041678,0.06840498632349608,0.4296,0.4292,0.745,0.1848,0.0628,0.1296,331.5,187.0,470.0,50.0,563.0,587
694728,Brice Matthews,87,0.019346407634839684,0.019246256481314637,0.031830013728891784,-0.03298676337924419,-0.0007958894272226342,0.04037713571517035,0.07067239885238101,0.4214,0.4224,0.7412,0.1954,0.0674,0.1288,339.0,184.75,469.0,48.0,565.0,587
688363,Graham Pauley,315,0.019305220551712788,0.020301613005867813,0.03164331282785931,-0.03297742494126583,-0.0011528417302052408,0.04006951659899693,0.07002429781423408,0.4294,0.4312,0.739,0.1946,0.065,0.1352,332.5,184.0,472.0,47.0,566.0,587
694671,Wyatt Langford,993,0.01926050030535884,0.01972057029244567,0.027881762736635677,-0.026881306665186337,0.001664164284988757,0.03729261975561065,0.0650120587631465,0.4168,0.4164,0.7668,0.157,0.0458,0.1066,338.0,205.0,458.0,63.0,557.0,587
673357,Luis Robert Jr.,804,0.019154737256134653,0.01978444152638991,0.029287372221868762,-0.030322176600007095,0.00020251249542266357,0.03835885246387073,0.06666374042264983,0.417,0.4158,0.7524,0.1686,0.0546,0.1164,337.5,200.0,464.0,55.0,564.0,587
672820,Lenyn Sosa,1030,0.019152748805784357,0.019979729574455075,0.02771651100826332,-0.027567080413527366,0.001623582123717496,0.03721342322643126,0.06351579907680555,0.417,0.4164,0.7656,0.1546,0.044,0.1056,335.0,207.0,458.0,65.0,557.0,587
607208,Trea Turner,1182,0.019091775676444697,0.019405348910662465,0.02840504744946577,-0.027319470073378253,0.00028700000171182386,0.03744257430872283,0.06620757090644623,0.4056,0.406,0.7542,0.1676,0.0504,0.1106,338.0,203.75,464.0,59.0,558.0,587
677595,Ronny Mauricio,359,0.019005834136552956,0.019459896635755723,0.030895989656864683,-0.033360428624541194,-0.0008200985565130832,0.03967812352656626,0.06889514848283229,0.42,0.4176,0.7408,0.1862,0.0582,0.1276,338.0,188.0,468.0,52.0,566.0,587
502054,Tommy Pham,715,0.01882448472584514,0.019557697711930562,0.030831431929013938,-0.033149442368372486,-0.0008095924315939208,0.039105202221284496,0.06821415788128118,0.4214,0.4206,0.7418,0.1816,0.0622,0.1268,339.0,194.0,470.25,51.0,565.0,587
683770,Will Robertson,139,0.01843469364905525,0.019623013917622258,0.031295770365355996,-0.03431333741024968,-0.0017974283256957247,0.03881811440134865,0.06802896978102985,0.4146,0.416,0.7316,0.1764,0.06,0.1366,337.0,195.0,477.0,52.0,567.0,587
669242,Tommy Edman,628,0.01840384352846745,0.01884981394597329,0.028831748648391407,-0.02814937672636322,-0.0005872503121416084,0.036592208662139025,0.06638453799995984,0.398,0.3998,0.7456,0.1632,0.0504,0.1154,344.0,207.0,467.0,58.0,560.0,587
805300,Jakob Marsee,374,0.01839418860606073,0.01894539122936876,0.030757278688690805,-0.03246192696796337,-0.0012729150427590447,0.038980956703069496,0.06737687837928205,0.4144,0.4144,0.7346,0.1782,0.0544,0.1306,343.0,194.0,472.0,56.0,566.0,587
543760,Marcus Semien,966,0.018173967510435703,0.018700551601992507,0.030203469401272897,-0.033170704272256435,-0.001406778249433207,0.03803804193090909,0.06705940784546591,0.4066,0.4066,0.7382,0.182,0.056,0.132,345.0,198.75,471.0,55.0,564.0,587
663604,Brandon Lockridge,285,0.01813635760562253,0.018876310072301842,0.031137796914002872,-0.03376008782324896,-0.0019586993167116425,0.03804230695123852,0.06787448496124109,0.413,0.4136,0.73,0.1726,0.0576,0.1384,342.0,194.0,475.0,53.0,566.0,587
672580,Maikel Garcia,987,0.01806838257310476,0.01824189735162441,0.02958709200024681,-0.031522778928163964,-0.0007167731115352997,0.03711690229124751,0.06622686277959394,0.402,0.402,0.7432,0.165,0.05,0.121,347.0,206.0,467.0,59.95000000000002,563.0500000000002,587
678554,Curtis Mead,477,0.01801554792920148,0.01850424923666953,0.031442931325079936,-0.03363874128078849,-0.002678688140581486,0.03885499461603983,0.06904732197324234,0.4106,0.4142,0.7202,0.1766,0.0582,0.1364,344.0,193.0,477.0,50.0,566.0,587
676914,Davis Schneider,408,0.017956243452336023,0.017763389807921838,0.029585431179913167,-0.031178134184211923,-0.001048007732788313,0.03706517851663053,0.06641599757555569,0.3916,0.3902,0.7394,0.1634,0.056,0.1258,351.0,205.0,471.0,55.0,563.0,587
670541,Yordan Alvarez,350,0.017909852477628514,0.01824128329484056,0.029177215672258144,-0.03038016950021723,-0.0005634162929029946,0.03692686275249081,0.0639153411048524,0.4,0.3986,0.7446,0.1554,0.0468,0.119,346.5,206.75,467.0,63.0,561.0500000000002,587
650490,Yandy Díaz,1090,0.017823620359228735,0.017842722508962246,0.02678142241117487,-0.027217176888014585,0.001118169082864434,0.03526438017074806,0.06162417052728048,0.384,0.3832,0.7614,0.1432,0.0356,0.1084,350.0,218.0,463.0,74.0,556.0,587
656555,Rhys Hoskins,562,0.01782045202383023,0.018079716235460713,0.03016727802521681,-0.03173680745575162,-0.0018447304357527084,0.03693161911518536,0.0677672400553263,0.3964,0.3948,0.7302,0.1654,0.0568,0.1296,347.0,204.0,472.0,52.0,566.0500000000002,587
683737,Michael Busch,1054,0.017803008341044993,0.018375792826414543,0.028822104891348038,-0.029901380061485097,-0.0011007000019324176,0.036762267594708214,0.06528590969051393,0.3972,0.3988,0.7378,0.1526,0.0486,0.1176,347.0,210.75,469.0,62.0,561.0,587
624512,Reese McGuire,261,0.017771353344135914,0.018302873408639363,0.029889210108786216,-0.0328720103631816,-0.001481235387650093,0.0379059869300957,0.06600534799894041,0.4032,0.4026,0.7336,0.1708,0.049,0.1304,347.0,201.0,471.0,60.0,565.0500000000002,587
647351,Abraham Toro,534,0.017755761194494204,0.01827906575890851,0.028073958505867497,-0.02986796432889775,-0.00035774783536735944,0.036643424636315626,0.06281653748512317,0.3924,0.3932,0.7476,0.1564,0.0416,0.1176,347.0,210.75,467.0,69.95000000000002,561.0,587
663698,Joey Bart,521,0.017691077814650766,0.018461893198981366,0.029770882208964858,-0.032955779220467225,-0.0012342528752117765,0.03726148277208119,0.06594615535057358,0.4056,0.4072,0.7344,0.1576,0.0482,0.1328,346.0,205.0,473.0,62.0,564.0,587
572233,Christian Walker,1285,0.017558475626691408,0.017599200009263752,0.028086989847461344,-0.02983380399076792,-0.0003930437542604154,0.03601494474794069,0.06356882364861367,0.3868,0.3858,0.7464,0.1484,0.0444,0.1176,352.0,212.0,468.0,64.0,560.0,587
657077,Alex Verdugo,316,0.01744031606369465,0.017824181023118793,0.03019340842079317,-0.03272586766097217,-0.0016486056816724425,0.03713476814255358,0.0659889799984732,0.3986,0.399,0.7326,0.1624,0.0508,0.1362,349.5,204.0,475.25,59.0,565.0,587
656896,Emmanuel Rivera,247,0.01737604311953578,0.018030111097333663,0.03108789956017165,-0.03602220645236452,-0.0015937517629523387,0.03726358406307438,0.06763131933061808,0.397,0.3924,0.731,0.1698,0.0588,0.14,349.0,202.0,474.0,52.0,568.0,587
687515,Colby Thomas,268,0.017374748492121568,0.01789818602701749,0.030498595508766754,-0.03351971956803896,-0.0026605867354007225,0.03687118699240195,0.06772860592876713,0.4006,0.3974,0.724,0.1618,0.0564,0.1352,349.0,205.0,479.0,54.0,566.0,587
808982,Jung Hoo Lee,1014,0.017262847446668707,0.017724287754024393,0.03031505712707034,-0.03261006338108397,-0.0016609052082566993,0.03659908616636341,0.06550098310957879,0.3916,0.391,0.7344,0.1644,0.0512,0.133,352.0,207.75,472.0,58.0,566.0,587
641487,J.P. Crawford,1181,0.017259861175092754,0.017726814234153832,0.027945286670221014,-0.029784055839200345,-0.0007646787684185595,0.0356094927428742,0.06233510996832498,0.3828,0.3842,0.743,0.146,0.0386,0.1188,351.5,219.0,469.0,70.0,560.0,587
691019,Kyle Teel,535,0.017156061030691172,0.017636028978720665,0.0298114316774343,-0.032219455228606864,-0.0020634528188314153,0.03649885991576588,0.06590740906197519,0.3888,0.3896,0.7256,0.159,0.0536,0.136,352.0,210.0,476.0,58.0,564.0500000000002,587
669087,Sam Huff,105,0.0171125205126834,0.017690644532709833,0.032374412031181056,-0.03685857560300505,-0.003675420246943022,0.038239587499131374,0.07001362418029068,0.3994,0.3988,0.7164,0.1794,0.06,0.1524,354.5,199.0,483.0,50.0,570.0,587
668901,Mark Vientos,886,0.017075919237917528,0.01749946737170041,0.029626226664233212,-0.033332249677844296,-0.0013734775943708775,0.03655788814679383,0.06394522456888777,0.3882,0.3908,0.7334,0.1554,0.0456,0.128,352.0,211.75,471.0,65.0,566.0,587
682729,Jonatan Clase,187,0.017062163067404015,0.017667631957575605,0.031460294097761236,-0.03492136813897989,-0.003591876979579272,0.036984629469737705,0.06895822577370823,0.3956,0.3968,0.7122,0.166,0.0622,0.1454,353.0,205.0,484.0,48.0,569.0,587
683011,Anthony Volpe,1081,0.016860710401037038,0.017221836804923042,0.02665330572966007,-0.02790637265126885,-0.0008083946493565649,0.03450765189752825,0.060410742914280266,0.3712,0.372,0.7386,0.135,0.0308,0.1084,357.0,225.0,466.0,77.95000000000002,557.0,587
668974,Maverick Handley,88,0.016741016331634252,0.017789154972385205,0.03241481364688218,-0.037311508251006056,-0.003925361448135094,0.03777818937579441,0.06907656503546061,0.398,0.398,0.7082,0.179,0.0616,0.1532,352.0,200.0,486.0,50.0,572.0,587
641933,Tyler O'Neill,382,0.016717763800437112,0.017609272750844934,0.030467539281968065,-0.03514534031559015,-0.0034491592340293886,0.03707099687459879,0.06583754167566248,0.3928,0.3946,0.7142,0.1588,0.0498,0.1434,353.0,208.0,481.25,60.0,568.0,587
664056,Harrison Bader,922,0.01666850537711562,0.016773197950134516,0.027382896525858277,-0.027694067704991894,-0.0014645039194363327,0.03449963935595368,0.06114539602982113,0.3726,0.3738,0.7336,0.1386,0.0366,0.1194,357.0,226.0,473.25,75.0,558.0500000000002,587
672744,Alexander Canario,474,0.016659983375359722,0.01637189595836887,0.03018535306971189,-0.03339885607295615,-0.002571123967602869,0.036038617270083825,0.0660974875103793,0.376,0.3766,0.724,0.1538,0.0512,0.1338,361.5,215.0,478.0,58.95000000000002,565.0,587
571970,Max Muncy,672,0.016405221301677427,0.016287945899238813,0.028880930693355972,-0.031242895789652704,-0.0022002885573778074,0.03554580737579682,0.06319713157351083,0.3768,0.3772,0.7224,0.1514,0.0468,0.1314,361.0,217.0,478.0,63.0,564.0,587
573262,Mike Yastrzemski,936,0.016306007811535562,0.01644257323216812,0.027324943290803864,-0.029654316013774943,-0.0011536871975624948,0.03478340592109277,0.060658648081529556,0.3724,0.3704,0.7326,0.138,0.0354,0.1178,361.0,221.0,472.0,76.0,559.0,587
678489,Jorge Barrosa,150,0.016240817963475263,0.01648619644454273,0.03262551172647535,-0.03803061793232248,-0.004937299268686971,0.03766243598920577,0.068525157832565,0.3922,0.3936,0.7004,0.1724,0.0606,0.1606,360.0,203.0,489.0,50.0,572.0,587
650859,Luis Rengifo,1007,0.016152889356985462,0.016813407446478173,0.02953195575935754,-0.033310684729480296,-0.0026980673382609307,0.035465830378133306,0.06285750583336186,0.3778,0.3768,0.7222,0.1464,0.0442,0.1398,359.0,218.0,476.0,64.0,565.0,587
664770,Nathan Lukes,773,0.016150638435472865,0.017026299340125776,0.029317168873368157,-0.03260818013663178,-0.003136154564486232,0.03563145353614268,0.06331167070715334,0.383,0.384,0.7196,0.1484,0.0402,0.1388,358.0,216.0,479.0,68.0,565.0,587
671218,Heliot Ramos,1246,0.016145031211702736,0.016913076060403674,0.028693980728526948,-0.031870339217363035,-0.0021680130984486393,0.03529124462851494,0.06165130609282503,0.3752,0.3746,0.726,0.1382,0.0426,0.1298,355.5,222.0,476.0,67.0,566.0,587
641555,J.C. Escarra,162,0.0161337996164744,0.01694613721335502,0.03212750616454558,-0.03816082598449736,-0.004417310044281704,0.03738988049458379,0.06704524453105261,0.3882,0.3888,0.7016,0.1706,0.0582,0.1524,355.0,207.0,488.0,54.0,571.0,587
683002,Gunnar Henderson,1161,0.016069226137542563,0.016291988981126382,0.02721706727131331,-0.029125416003522496,-0.00162911438908358,0.033835897127272294,0.05972853452494579,0.3682,0.372,0.7328,0.1268,0.0314,0.1222,360.0,225.0,473.0,82.0,560.0,587
660688,Keibert Ruiz,458,0.016012375754053385,0.01665090886356487,0.029813740332043568,-0.03485771911993898,-0.0029324971431622716,0.035022438940673736,0.06401247184560135,0.375,0.3744,0.7212,0.1538,0.0406,0.1426,360.0,219.0,479.0,67.0,567.0,587
665489,Vladimir Guerrero Jr.,1021,0.015936649485904075,0.0163538592506546,0.02733834302152332,-0.029373968476489303,-0.002139399635791377,0.0338491207481793,0.06016586373683673,0.3696,0.3708,0.725,0.1288,0.033,0.1204,360.0,226.75,474.0,76.0,561.0,587
691783,Jordan Lawlar,117,0.015920413796733427,0.016900523911428655,0.031637823081557256,-0.037161853386475575,-0.004069507797249319,0.03642014920805021,0.0662941768765425,0.3844,0.3832,0.706,0.1542,0.0532,0.1568,358.0,209.0,486.0,57.0,570.0,587
609280,Miguel Andujar,640,0.015874687775580456,0.01632544734168537,0.02912016541074468,-0.03314524963855046,-0.002729639196603235,0.03529767108618729,0.06303036943409428,0.3624,0.3612,0.7214,0.1424,0.0454,0.1388,361.0,219.0,476.0,67.0,567.0,587
672284,Jarred Kelenic,128,0.01586167144859502,0.016862092637260087,0.031079122415005496,-0.035162560635314435,-0.004577436914632098,0.036174871211332726,0.06537815142561432,0.3802,0.3782,0.7038,0.1534,0.052,0.1486,358.0,213.0,486.0,58.0,570.0,587
671732,Lawrence Butler,1151,0.01572805428604937,0.016169260010463864,0.02711002096979733,-0.02990357120620516,-0.0017802812776219852,0.03355362009865874,0.060387777049649545,0.358,0.3594,0.7262,0.1274,0.0286,0.1248,364.5,230.0,474.0,80.0,561.0,587
650402,Gleyber Torres,1055,0.01568257950499562,0.0158230800156099,0.024986029288381475,-0.026462186592629774,0.00016555609867334253,0.032249637145836056,0.05547516415090247,0.3474,0.3444,0.7518,0.109,0.0236,0.1064,365.5,242.0,465.0,94.0,556.0,587
693307,Dillon Dingler,862,0.015626244820019265,0.0159618004294686,0.02917289798132509,-0.032627038096337956,-0.003463149522702228,0.03458109288030027,0.06360041090922766,0.3636,0.3626,0.7144,0.1406,0.0436,0.1414,363.0,224.0,481.0,67.0,564.0,587
672724,Oswald Peraza,522,0.015603206600720582,0.01626673714191117,0.03016607927286042,-0.03474816047464541,-0.0040498034902346335,0.035707483252034516,0.06438038772031894,0.374,0.3746,0.704,0.1526,0.0462,0.149,362.0,217.0,485.0,62.0,567.0,587
572191,Michael A. Taylor,608,0.015428647876649257,0.016164278247952732,0.030036437940065566,-0.034449921268599235,-0.004442717822159629,0.03561300014154337,0.06321721334030661,0.3698,0.3722,0.706,0.1524,0.0426,0.1472,364.0,215.0,484.25,66.0,568.0,587
607680,Kevin Pillar,88,0.01529233521412275,0.016522461139705555,0.03254939683411883,-0.03967334338343365,-0.005538998809867869,0.03616149642118471,0.06724502220604614,0.3782,0.3772,0.6976,0.1598,0.0544,0.1682,362.0,209.0,492.0,54.0,573.0,587
606115,Orlando Arcia,405,0.015184567067019225,0.015959467163554772,0.029633683682325267,-0.034770998889341126,-0.0038184422678844937,0.03420259395672692,0.06341872969241599,0.363,0.364,0.7068,0.1378,0.0472,0.148,367.0,226.0,485.0,63.0,568.0,587
680777,Ryan Jeffers,711,0.015137797062303868,0.015534368442160721,0.029308997046101168,-0.03391467913117112,-0.003048915386090935,0.033980509007165705,0.06340550372653973,0.3574,0.356,0.7148,0.1356,0.044,0.135,369.0,227.0,483.0,66.0,567.0,587
680869,Zack Gelof,207,0.015088735439085897,0.015211568189014502,0.0315168652289914,-0.03729235472692287,-0.005748647141142139,0.03568933615373901,0.06667683506147774,0.3692,0.3696,0.696,0.1542,0.053,0.1646,367.0,214.0,491.0,57.0,571.0,587
596115,Trevor Story,1293,0.015085050520255812,0.01543477141976157,0.02505698892471344,-0.02656832230037828,-0.0012650658695410922,0.031602117505086826,0.05590036095052395,0.3368,0.3322,0.735,0.1114,0.0232,0.1088,368.0,247.0,472.0,93.0,558.0,587
665926,Andrés Giménez,713,0.014969733465161176,0.01549374822591211,0.029808849288872393,-0.034291110849461064,-0.003622845920785805,0.03429229866879127,0.06406380767114107,0.3566,0.3564,0.706,0.1432,0.042,0.145,368.0,227.0,485.0,66.0,568.0,587
681481,Kerry Carpenter,910,0.014907641672133943,0.015293345399719886,0.02859409203024222,-0.03326893973778077,-0.0036622878976947477,0.03396153785959859,0.06078716258679976,0.3578,0.359,0.7106,0.1348,0.0362,0.141,373.0,227.0,486.0,76.0,565.0,587
666971,Lourdes Gurriel Jr.,1026,0.014715788235886075,0.01586687331345262,0.02987165774869679,-0.035333276268775846,-0.0048098372161279445,0.03451053188790666,0.06203422037852406,0.3664,0.3676,0.6964,0.1362,0.0404,0.1484,367.0,224.0,489.0,72.0,568.0,587
518692,Freddie Freeman,1211,0.01465156442962965,0.015172058672565162,0.026558393788859186,-0.030119203315519916,-0.002747641084305385,0.03241123765321138,0.05746566926483074,0.3498,0.3494,0.719,0.1116,0.0274,0.1322,369.0,236.75,478.0,92.0,563.0,587
668930,Brice Turang,1192,0.014420533840795061,0.01504882024264519,0.02869101007780612,-0.03394805332241101,-0.0034708181854522326,0.03330657672249043,0.06068162830478442,0.3568,0.3554,0.7008,0.1276,0.0344,0.1416,369.0,232.0,484.0,77.0,567.0,587
694192,Jackson Chourio,1101,0.014326488812279829,0.015413168537514338,0.02803651244433399,-0.033173124048178564,-0.003526607052375421,0.032373066169862366,0.05988369667260791,0.354,0.3514,0.7138,0.1208,0.0364,0.148,368.0,237.0,482.0,76.0,566.0,587
666018,Jonathan Aranda,815,0.01412847035424438,0.015550512071821272,0.029068076148179692,-0.035108278664249995,-0.003872240805109832,0.03329856013677657,0.06057019477557872,0.3524,0.3542,0.7022,0.1246,0.0348,0.1504,367.0,234.0,487.0,76.0,569.0,587
694208,Moisés Ballesteros,109,0.014040447055645822,0.014582083938612607,0.031210611871257083,-0.03851239480462386,-0.005694804063267961,0.034379587968081736,0.06393209949999787,0.36,0.3604,0.6858,0.1434,0.0472,0.1626,375.0,223.0,493.0,64.0,570.0,587
686676,Korey Lee,70,0.01397618540619975,0.014352663535755476,0.031954780355848936,-0.04088857467710775,-0.005199899029038937,0.03460108529704842,0.06520744523241148,0.3562,0.3546,0.6932,0.15,0.0528,0.168,376.0,225.0,492.0,57.0,574.0,587
628451,Andy Ibáñez,362,0.013819022773652921,0.014634720492883621,0.029882197275285297,-0.03623440944109622,-0.0055858253590109,0.03361406431799405,0.06144802819214729,0.353,0.3544,0.6828,0.133,0.0392,0.1538,375.0,230.0,492.0,70.95000000000002,571.0,587
670242,Matt Wallner,768,0.013752400509653677,0.014500136710062037,0.030845111814340742,-0.038475719655543424,-0.00584006920578528,0.033910225151409026,0.06490910719210018,0.3482,0.3492,0.687,0.1404,0.0492,0.1666,379.0,228.0,495.0,61.95000000000002,571.0,587
656941,Kyle Schwarber,1260,0.013739546197688557,0.014722613978775664,0.0290549884779157,-0.03502390974363483,-0.004868075576149965,0.03270209991973304,0.06011402764406872,0.344,0.3474,0.6944,0.1262,0.0344,0.1506,374.0,239.0,489.0,79.0,568.0,587
623993,Anthony Santander,446,0.013674191789314349,0.014411198368509355,0.03162240547005727,-0.03922899219413709,-0.006125304483233311,0.03402419289425226,0.06478972097485566,0.3546,0.356,0.683,0.146,0.0494,0.1758,377.0,227.75,495.0,60.0,573.0,587
683227,Cody Freeman,222,0.0136047612997008,0.014487551050126713,0.031528316587523544,-0.03903340005342115,-0.00668757776190582,0.03457354536588774,0.06329139055828727,0.3558,0.3556,0.6798,0.1492,0.0474,0.1706,377.0,225.0,495.0,63.0,572.0500000000002,587
676694,Jake Meyers,585,0.013521819202918048,0.014557610324228783,0.03091512536758755,-0.0393905615141675,-0.005781857740309337,0.03406390474556128,0.062379214258873085,0.352,0.3524,0.6882,0.1382,0.039,0.168,374.5,227.0,493.0,71.95000000000002,573.0,587
602104,Ramón Urías,709,0.013387034050128565,0.013307537132108315,0.029709887818126317,-0.03616206141740929,-0.005557345407443979,0.03282577357460588,0.0615699834335968,0.3438,0.3436,0.6896,0.132,0.0398,0.1582,384.0,235.75,493.0,70.0,569.0,587
677347,Kyren Paris,244,0.013231172224322395,0.014850319562737552,0.031933054566196294,-0.040636716038010195,-0.007406414849018413,0.034400333210409334,0.06377039916044633,0.3592,0.3592,0.6786,0.1452,0.042,0.1832,374.0,227.0,501.0,67.95000000000002,573.0500000000002,587
683766,Christian Koss,334,0.013187820459376519,0.014235504593142427,0.03203057089960246,-0.04036446730951477,-0.00702048408151454,0.03437355547588834,0.064897363242084,0.3494,0.3494,0.6784,0.141,0.047,0.1762,379.5,228.0,496.0,64.0,573.0500000000002,587
677008,Heston Kjerstad,343,0.01308682328651121,0.013963111492676653,0.03124547131015451,-0.03917882398002304,-0.0067901383039693265,0.03343734533573049,0.06329558488100503,0.3472,0.347,0.6774,0.137,0.0396,0.1748,381.0,230.0,499.0,68.0,573.0,587
668227,Randy Arozarena,1214,0.012919643330882698,0.01330447213536351,0.028741927583111313,-0.03511484567389482,-0.0055845259655457535,0.03208580017955413,0.059056775802027915,0.3252,0.3258,0.6838,0.1258,0.0314,0.1536,385.0,246.0,493.0,81.0,567.0,587
641598,Mitch Garver,464,0.012914370980749263,0.013554935076960838,0.03089538780336419,-0.03894864147991653,-0.006690282020834988,0.033057002153669975,0.06193394147395991,0.3438,0.3428,0.6774,0.1328,0.0408,0.173,381.0,231.0,496.0,69.0,572.0,587
665839,Enmanuel Valdez,160,0.012847212872623871,0.013979302708007338,0.0318868416893952,-0.04163402460004269,-0.007484223172085698,0.03363979829510398,0.06262744868476552,0.3494,0.3496,0.6744,0.1386,0.0448,0.177,381.0,230.0,499.0,65.0,574.0,587
680977,Brendan Donovan,810,0.012822517796009467,0.013670094989736504,0.027515914949757574,-0.03325477637387556,-0.004905093864569032,0.030823154673278633,0.057916994099792465,0.327,0.3262,0.6874,0.1084,0.0276,0.1474,382.5,253.0,489.0,86.0,566.0,587
682663,Agustín Ramírez,1044,0.012644681210127903,0.013133631967310239,0.02820237651436506,-0.03483795190005047,-0.005752703950283265,0.03104680338404718,0.05998417041700878,0.3236,0.3216,0.6858,0.112,0.0306,0.1518,385.0,247.0,492.0,84.0,568.0,587
666211,Taylor Trammell,242,0.012499390651184071,0.01379628932042908,0.03134031269336301,-0.041429203904118854,-0.007095354687585177,0.032743543318633134,0.06248997296192119,0.3416,0.342,0.6692,0.1328,0.0408,0.1772,382.0,237.0,498.0,69.95000000000002,573.0,587
682177,Daniel Schneemann,728,0.012364570059825561,0.01235143843830494,0.03032748701189878,-0.03831032751191803,-0.007226516107172476,0.032834242287862615,0.061884982819909624,0.3366,0.3324,0.6608,0.134,0.04,0.1756,389.0,238.0,500.0,69.0,571.0500000000002,587
608324,Alex Bregman,781,0.011955160266947238,0.01252004539857187,0.028904853170689384,-0.03607536511265192,-0.007127433069456466,0.03127636565172925,0.0585235528286085,0.3212,0.3244,0.6682,0.1116,0.0324,0.169,391.0,248.0,497.0,84.0,570.0,587
669016,Brandon Marsh,760,0.011878725418876369,0.012458321788313676,0.029077215170890236,-0.03770771825952671,-0.006745952570718596,0.03120643294843703,0.057763443831352596,0.3238,0.3242,0.6688,0.118,0.031,0.1684,391.0,252.0,496.0,82.0,570.0,587
457705,Andrew McCutchen,978,0.011843546047325817,0.012477243331582177,0.029205061135282203,-0.03704173050205346,-0.0070986784915865134,0.030907709357366288,0.059421019391177735,0.3182,0.3188,0.6706,0.1142,0.0334,0.1612,390.0,252.0,497.0,82.95000000000002,571.0500000000002,587
682998,Corbin Carroll,1200,0.011803035957608368,0.012509512075414609,0.027712091285564365,-0.03446861589942736,-0.006392764707555296,0.030273083567027795,0.056476321672456295,0.3168,0.315,0.6726,0.1052,0.0264,0.1638,387.0,257.0,495.0,91.0,570.0,587
660844,Leo Rivas,166,0.01153224477414052,0.012704994906879446,0.03208912053988223,-0.04367500154146624,-0.008683152575996757,0.03285769060509943,0.0626661859877675,0.3406,0.3404,0.6576,0.13,0.0404,0.191,390.0,236.0,506.0,71.0,576.0,587
642201,Eli White,508,0.0115305182018162,0.012235549607020588,0.0301026263719766,-0.03941086882754346,-0.007211079364075645,0.03154011338868089,0.05925843106831743,0.324,0.3224,0.6632,0.1198,0.0312,0.1742,393.0,244.0,498.0,80.0,574.0,587
692585,Yanquiel Fernández,315,0.01151379300049084,0.01235117243107153,0.03103059314622038,-0.04042405092563733,-0.008057974783710323,0.03150985850400495,0.06150360484112415,0.3242,0.3236,0.6582,0.1236,0.037,0.1814,392.0,245.0,503.25,74.0,573.0,587
691594,Javier Sanoja,525,0.011209911226727242,0.012030423131076912,0.03124637127383357,-0.04213354584601717,-0.00917518569533402,0.03205559490689339,0.06053332287497288,0.3248,0.3252,0.65,0.1274,0.0328,0.1914,394.0,239.0,507.0,80.95000000000002,574.0500000000002,587
805367,Chase Meidroth,768,0.011028845290407808,0.012432805585882833,0.03078205801403036,-0.04126294448034905,-0.008105028532454138,0.031655741491236136,0.059758424895809056,0.3216,0.3212,0.6614,0.123,0.0312,0.1886,391.0,247.0,503.25,82.0,575.0,587
690993,Colt Keith,806,0.011009731713501699,0.011732333911599311,0.028905655493602803,-0.03776195591302503,-0.007880657859074838,0.030226386723904663,0.057633258174407696,0.311,0.3126,0.6586,0.1022,0.0268,0.1768,393.0,257.0,502.0,89.0,571.0500000000002,587
677594,Julio Rodríguez,1338,0.010930185305477905,0.012004190196224153,0.026975813308190464,-0.03440320100796533,-0.0066255163586927904,0.029315186942443835,0.05338409525374464,0.3042,0.3032,0.6698,0.0918,0.0164,0.164,391.5,264.0,497.0,108.0,568.0,587
645302,Victor Robles,207,0.010593618787006905,0.011511031758648184,0.03188066184940365,-0.04326763513062073,-0.009020305314463168,0.03161972561882423,0.06195321251249127,0.3172,0.3178,0.6462,0.1252,0.0402,0.1912,398.0,248.0,506.0,71.0,576.0,587
700242,Trey Sweeney,593,0.010522980317925996,0.011907249348308151,0.03127683017742976,-0.04235021453576581,-0.00914325450746124,0.03064251499664371,0.06019244521545821,0.31,0.312,0.648,0.121,0.038,0.1936,395.5,250.0,505.0,75.0,574.0500000000002,587
682928,CJ Abrams,1149,0.010448325397548175,0.011244119022109589,0.028902537660260037,-0.038690895279658716,-0.008619895326774853,0.029304646029338747,0.05711547507683795,0.302,0.3062,0.6462,0.1092,0.0286,0.1762,398.0,261.0,503.0,88.0,571.0,587
701762,Nick Kurtz,804,0.010276627045802017,0.010882564983957382,0.028242686974264263,-0.03549607386071871,-0.008204113833328416,0.029141611274227888,0.05587465083680252,0.2964,0.2962,0.6508,0.1006,0.024,0.1748,401.0,264.0,501.25,95.0,570.0,587
676812,Carson McCusker,57,0.010275290857820809,0.011587936037527249,0.03205169440629244,-0.044526238158359675,-0.009810374193989002,0.031202642771544064,0.060560429818971646,0.3188,0.3192,0.6428,0.1272,0.0378,0.2028,398.0,248.0,512.0,71.0,576.0,587
694212,Samuel Basallo,237,0.010107630504547088,0.01093672465074974,0.028792816521894166,-0.037781330862748375,-0.008646200069648056,0.028715923221557617,0.056222112146944475,0.2928,0.2924,0.6482,0.104,0.0262,0.181,400.0,268.0,505.0,92.0,570.0,587
656716,Zach McKinstry,931,0.010062572182631069,0.011175518469300448,0.028450233779565584,-0.03686318742049561,-0.008333115155762155,0.02881265394760464,0.055525059892487544,0.295,0.2958,0.654,0.0924,0.0254,0.1828,396.0,268.0,503.0,97.0,571.0,587
500743,Miguel Rojas,488,0.01003745654278698,0.010939439411058433,0.029857097539165538,-0.04172787556561983,-0.009758113418725206,0.030266650494642916,0.05751846450968183,0.3022,0.3016,0.6484,0.1054,0.0294,0.1862,398.0,257.0,505.25,89.0,574.0,587
677950,Alek Thomas,854,0.009986881067924435,0.011466619110203463,0.03060842022347909,-0.04145378919721062,-0.009005432254713813,0.030098841637894468,0.05836772358699857,0.3116,0.3116,0.6432,0.1082,0.0328,0.194,398.0,256.0,508.0,82.0,574.0,587
664983,Jake McCarthy,383,0.009537053221663157,0.010443707197494713,0.030761954514581257,-0.04225323110569019,-0.01007905486561252,0.02959723305492,0.05901576711279396,0.3006,0.3024,0.6336,0.113,0.0334,0.1944,402.5,259.0,510.0,80.0,575.0,587
673548,Seiya Suzuki,1100,0.008802506247218327,0.009334549107657405,0.02935252633572608,-0.040440515761238846,-0.009554056691178384,0.027905668781688334,0.05586987742237161,0.2804,0.2794,0.63,0.099,0.0278,0.1946,410.0,273.0,508.0,91.0,574.0,587
663968,Jake Mangum,848,0.008731685659747065,0.00995360507291853,0.030437930559050842,-0.04313458055132314,-0.010559425438181289,0.02830800965923323,0.05749735886732162,0.2878,0.2888,0.6282,0.101,0.0304,0.2056,407.0,268.0,513.0,88.95000000000002,575.0,587
656582,Connor Joe,134,0.008403217439978038,0.009420872664901747,0.031182194826948045,-0.04525854378341293,-0.011415525546349971,0.028792591485904642,0.05897383900514166,0.2922,0.2908,0.6186,0.1074,0.0296,0.2078,411.0,267.0,515.0,84.0,576.0,587
592626,Joc Pederson,532,0.007920549877616163,0.00906256647149966,0.030478205103923375,-0.043678557675798035,-0.011814515759541847,0.028588948963480135,0.05698734140682388,0.2832,0.2856,0.6156,0.1026,0.024,0.2112,415.0,272.0,516.0,92.0,576.0,587
575929,Willson Contreras,1028,0.0076867735634414585,0.008748896955271267,0.028619580295665584,-0.04199690406453761,-0.010659461322434626,0.026621428420690395,0.05265343489738444,0.2676,0.2678,0.6224,0.0868,0.0178,0.203,414.0,283.0,512.0,107.0,574.0,587
621438,Tyrone Taylor,590,0.007597178018237543,0.008975364100018613,0.03057521370578099,-0.04418306209853943,-0.011650843819057042,0.0283528215073248,0.055355292920229955,0.2836,0.286,0.6184,0.0934,0.0252,0.2172,412.0,273.0,517.0,97.0,577.0,587
608369,Corey Seager,817,0.007580382770982027,0.008942351583482912,0.02802329702879016,-0.03931068685180574,-0.010814719979231207,0.026157836511691897,0.05234369008648286,0.2602,0.2596,0.6248,0.085,0.0154,0.2052,418.0,287.0,514.0,111.95000000000002,572.0,587
691026,Masyn Winn,990,0.007092175124655247,0.008272859986939279,0.027849687872357625,-0.04033905980032154,-0.011221951109526021,0.025878479163364606,0.05126170046144492,0.2576,0.2596,0.6188,0.0778,0.015,0.202,420.0,289.0,514.0,114.0,574.0,587
672569,Gustavo Campero,123,0.0069474005441909825,0.00876589708736669,0.03255729901392036,-0.04847658439443829,-0.014064173051785794,0.028792697693482625,0.05759676844905876,0.2908,0.2872,0.606,0.1036,0.0276,0.237,415.0,269.0,524.0,84.95000000000002,579.0,587
702616,Jackson Holliday,1105,0.006879988525603443,0.00730052772523361,0.02944803569366773,-0.042243132640026125,-0.012514325112093157,0.02668867458689964,0.05472593604122221,0.269,0.2696,0.602,0.091,0.0218,0.2122,424.0,279.0,517.25,103.0,575.0,587
686555,Isaac Collins,755,0.006818388603717702,0.007786636267479236,0.02974071492968106,-0.04312138500862638,-0.012508296202307726,0.026148192631613287,0.054679512392186026,0.2606,0.2598,0.609,0.0902,0.0226,0.2192,420.0,287.0,518.0,100.95000000000002,576.0,587
665966,Carlos Narváez,879,0.00658128913388434,0.007580884980752663,0.02783333235682413,-0.04043598694026283,-0.011460422109951171,0.025224484316390457,0.05033075483972444,0.2454,0.2486,0.6114,0.0754,0.017,0.2084,423.0,294.0,516.0,117.0,574.0,587
624413,Pete Alonso,1250,0.00652514423020066,0.0069943472197757615,0.026071819604546756,-0.03728826782958787,-0.010256110910106697,0.0243084856435189,0.04849574129396746,0.2372,0.2396,0.6066,0.0592,0.012,0.1944,427.0,301.0,511.0,131.0,571.0,587
621020,Dansby Swanson,1253,0.006518708201634256,0.007561945382762236,0.027623462507061502,-0.04105568245269594,-0.011263754585185365,0.025241568809697693,0.04988072619942791,0.2494,0.2486,0.6078,0.071,0.014,0.201,423.0,294.0,514.0,121.0,573.0,587
646240,Rafael Devers,1408,0.006463316174616681,0.007153246853850388,0.025840902739904734,-0.037578653692652626,-0.00995196046850247,0.02345108013491765,0.047283247274230916,0.2278,0.2246,0.6158,0.059,0.0108,0.1904,425.0,311.0,509.0,137.0,570.0500000000002,587
664040,Brandon Lowe,1163,0.00615588913868371,0.006567489518329743,0.026641223939496476,-0.038367944357879186,-0.01127791086587027,0.024423733674069532,0.04818450226549251,0.2396,0.2398,0.6018,0.067,0.0114,0.2018,427.0,302.0,514.0,126.95000000000002,573.0,587
695391,Brett Harris,140,0.005169769025177905,0.006772011896851854,0.030800246403508154,-0.048135711674586336,-0.014663654719907483,0.026439291031682435,0.05354717045795763,0.2662,0.2618,0.5782,0.0824,0.0214,0.246,428.5,285.0,527.0,106.0,578.0,587
624424,Michael Conforto,914,0.004565071131980692,0.006190407917564417,0.02917106224820247,-0.04532778519894106,-0.013944686982871426,0.024046981077331834,0.050059970640524726,0.2338,0.2326,0.5822,0.0684,0.0172,0.2428,431.0,305.0,526.0,121.0,578.0,587
656413,Stuart Fairchild,91,0.004481561480778972,0.005459031890477074,0.03169170648821441,-0.04809771169341454,-0.015813596164404795,0.025630685498381354,0.054613111185284384,0.2532,0.253,0.5732,0.0876,0.0248,0.2486,435.0,291.0,528.0,97.0,580.0,587
621566,Matt Olson,1385,0.0037133639405600065,0.004559534509164775,0.028527038787152105,-0.04386810696941839,-0.014709700003185056,0.023084762011517275,0.048966133918641644,0.2248,0.2234,0.5658,0.0664,0.013,0.2448,441.0,313.0,527.0,123.95000000000002,577.0,587
677588,José Tena,295,0.003470065407852486,0.003761605278136477,0.029028289437266614,-0.04555771719770167,-0.015054953026679821,0.022733297841668713,0.050768602788271514,0.2218,0.224,0.5568,0.0724,0.0144,0.246,446.0,315.0,528.0,117.0,578.0,587
608348,Carson Kelly,732,0.0027964511770370115,0.003291454330305269,0.024839215346553697,-0.0388486228851573,-0.013707189255233789,0.0201561605904827,0.04263317636407454,0.1802,0.1758,0.5558,0.043,0.0054,0.2316,448.0,336.0,524.0,161.0,573.0,587
689172,Brett Wisely,123,0.0022859734288887172,0.004093814745808203,0.03202994337521147,-0.05166285500421657,-0.018592579004206675,0.023308963510311177,0.0529689045392911,0.2274,0.2278,0.549,0.0798,0.0214,0.2804,447.0,308.0,536.0,108.0,581.0,587
687551,Drew Gilbert,186,0.002146875266550776,0.0032135122866201148,0.030720910037096823,-0.0509227669951253,-0.01767524424671155,0.02269809966191312,0.050825570577985875,0.2186,0.2176,0.5408,0.0674,0.0182,0.2728,449.0,312.0,535.0,119.0,580.0,587
696100,Hunter Goodman,1147,0.0017425550209373758,0.0030159072666987854,0.028215646990849674,-0.046726532602208375,-0.01692899219550663,0.021007791185757258,0.04636299013445564,0.2034,0.203,0.5396,0.0546,0.0098,0.267,449.0,328.0,533.0,140.0,578.0,587
676059,Jordan Westburg,628,0.0015982628932066218,0.0021355513772793513,0.029299864214692464,-0.04838953780776061,-0.01714151905532548,0.02176824838980057,0.04791429199073489,0.2084,0.21,0.5302,0.062,0.012,0.2714,454.5,326.0,534.0,132.0,580.0,587
687263,Zach Neto,1026,0.0013429161786105211,0.0014797901682491342,0.029566261933139375,-0.048270072557872294,-0.017704103556752025,0.02131501097837862,0.04911133352078706,0.208,0.2092,0.5206,0.0676,0.014,0.2828,455.5,323.0,536.0,127.95000000000002,579.0,587
571657,Kyle Farmer,525,0.001253994502533292,0.0029382560238318664,0.031791975104185924,-0.05538149568147906,-0.018399201592771176,0.022953446598605882,0.04984083853768331,0.2258,0.2262,0.541,0.0702,0.0168,0.2846,452.0,311.0,538.0,118.0,582.0,587
641680,Jonah Heim,821,0.0007860492666039874,0.0018756674010630802,0.029554713616589533,-0.04902504565253442,-0.018633155183439252,0.021029247283720402,0.04741982730944946,0.1982,0.199,0.528,0.0594,0.0136,0.2894,456.0,330.0,539.0,136.0,580.0,587
676391,Ernie Clement,956,0.0007241221757461337,0.002297902651465203,0.029671744993815034,-0.0494449699385385,-0.018330267251942176,0.020921193557263143,0.04739929295050117,0.1998,0.2008,0.5282,0.061,0.0124,0.2766,456.0,330.0,535.0,132.0,580.0,587
678882,Ceddanne Rafaela,1224,0.00013227973192134562,0.0013682216587213086,0.027288857784764274,-0.046537188965060046,-0.017861804733933746,0.018986458144242067,0.04306188446461277,0.1722,0.1734,0.5204,0.04,0.008,0.2774,459.0,344.0,536.0,163.0,578.0,587
680718,Addison Barger,943,-0.001653653128083205,-0.00020622220515206953,0.03054116425188964,-0.05332886116401298,-0.021593266610163416,0.01905366722684803,0.04642611481715683,0.1848,0.1824,0.4966,0.0518,0.0126,0.3194,468.0,344.0,546.0,146.0,582.0,587
643565,Mike Tauchman,733,-0.001969925432480547,-0.0009569281996082797,0.03086762450817484,-0.0549936540056082,-0.02131243534317206,0.019229006861258696,0.04632907346327132,0.1854,0.1884,0.4912,0.0502,0.0118,0.3134,473.0,340.0,544.0,147.0,582.0,587
666149,Tyler Fitzgerald,459,-0.004358229420391421,-0.0026243765970098845,0.031467099986140445,-0.05831880984170039,-0.02442935298279148,0.01756175865434538,0.044427442865338576,0.1674,0.1678,0.4686,0.0472,0.0096,0.3494,482.0,356.0,551.0,152.0,583.0,587
691406,Junior Caminero,1205,-0.005373052771803072,-0.0034735503089830576,0.030945627171277548,-0.057763423197631045,-0.02563180843959855,0.016118995154724963,0.042138268988003935,0.1526,0.1504,0.4522,0.0402,0.0086,0.3622,485.0,365.0,554.0,167.0,583.0,587
624641,Edmundo Sosa,523,-0.005839879951810117,-0.004656609928601646,0.02987531953113001,-0.05591118397898408,-0.025167245670369702,0.01497478148984017,0.04069800312162258,0.144,0.143,0.4438,0.0364,0.0068,0.3692,490.0,375.0,553.0,179.95000000000002,583.0,587
641355,Cody Bellinger,1233,-0.007069756917446315,-0.006453868505498561,0.02582351806376111,-0.05125980342189693,-0.023975720388943206,0.010839428135848454,0.03362473565384309,0.0992,0.0972,0.4048,0.017,0.0028,0.3628,496.5,403.0,551.25,231.95000000000002,581.0,587
666176,Jo Adell,1145,-0.007845193260338426,-0.006263434593437086,0.030420346747804413,-0.061161222148176896,-0.026849918398273234,0.013136790858273692,0.03842610086227705,0.1274,0.1276,0.4188,0.0312,0.0054,0.3858,496.0,388.75,556.0,189.95000000000002,584.0,587
650333,Luis Arraez,1149,-0.00845431465590428,-0.0071413179209539185,0.029990976014438425,-0.05993549012749977,-0.027522178789307017,0.012018198274632347,0.03888969195456605,0.1196,0.1202,0.4002,0.0318,0.0058,0.3998,501.0,397.75,558.0,190.95000000000002,584.0,587
657757,Gavin Sheets,1010,-0.008930300872386205,-0.006860356308917859,0.030525392465798874,-0.062122641523315016,-0.028567870001609433,0.01217677419266321,0.037299943672146105,0.1224,0.123,0.4084,0.0278,0.0054,0.4008,503.0,394.0,559.0,196.95000000000002,584.0,587
663757,Trent Grisham,895,-0.009643140445198943,-0.008195720866972216,0.031187517140930068,-0.063014652331238,-0.029586949471200774,0.012019352940278557,0.03793205622919176,0.1304,0.1318,0.3966,0.0262,0.0056,0.4182,508.0,397.0,561.0,193.95000000000002,585.0,587
700337,Edgar Quero,725,-0.012118288653007398,-0.0104184024441498,0.030833096686940616,-0.06599831939547046,-0.03172349055640519,0.009092166905800513,0.03507723328783095,0.1046,0.1026,0.363,0.0214,0.0036,0.4446,516.0,415.0,564.0,214.0,585.0,587
666139,Josh Lowe,967,-0.015317556474085052,-0.014268161445299868,0.03184630733370462,-0.0697405518955909,-0.03534318402374524,0.006876873519191797,0.03293647722762369,0.0906,0.0902,0.3324,0.0204,0.005,0.4948,527.0,428.75,569.0,228.0,586.0,587
