player_id,player_name,n_exposures,posterior_mean,posterior_median,posterior_sd,cri90_low,cri50_low,cri50_high,cri90_high,prob_above_league_mean,prob_above_league_median,prob_positive,prob_top_quartile,prob_top_decile,prob_bottom_decile,rank_median,rank_cri50_low,rank_cri50_high,rank_cri90_low,rank_cri90_high,rank_population_size,point_rank,point_percentile,rank_interval_width,evidence,season,authority_composite_prior,authority_composite_future,future_authority_residual
683146,Brett Baty,794,0.0693925258099581,0.0677572615558625,0.0303384416835064,0.0226663456476213,0.0483810700599079,0.088606309817033,0.1223579603289288,0.94,0.939,0.9932,0.7958,0.533,0.0014,52.0,16.0,127.0,2.0,316.0,587,1,100.0,314.0,90% interval above zero,2025,0.6753304836268486,-0.1026341520388996,-0.3533123155470151
643396,Isiah Kiner-Falefa,761,0.0690943717778541,0.0673103476856088,0.0311572513048225,0.0210612403596249,0.0475259338191318,0.0893682966251445,0.1218752916486348,0.9346,0.9334,0.991,0.7738,0.5306,0.0036,52.0,16.0,134.0,2.0,328.0,587,2,99.82935153583618,326.0,90% interval above zero,2025,,,
669127,Shea Langeliers,988,0.0684009129066919,0.0671124123278943,0.028701756684755,0.0234456853940781,0.0482744238837844,0.0867453236270021,0.1178043119130869,0.9404,0.9404,0.9956,0.7874,0.5336,0.002,53.0,18.0,128.0,3.0,309.0,587,3,99.65870307167235,306.0,90% interval above zero,2025,0.6043124018822912,0.8202951312367928,0.6231821556516971
663616,Trevor Larnach,955,0.0640221853951578,0.0623664883475796,0.0313885774382979,0.0158279181043453,0.0417808817630531,0.0844359134988788,0.1182368742473897,0.8984,0.8988,0.9858,0.714,0.4686,0.0034,67.0,21.0,167.0,3.0,377.0500000000002,587,4,99.48805460750853,374.0500000000002,90% interval above zero,2025,0.3979607345026511,0.2032798357144818,0.1618070234497084
666969,Adolis García,1108,0.0623274499239353,0.0611744210086053,0.0297349530430011,0.0164471809389886,0.0412704298829336,0.0822031651167074,0.1124264140152882,0.9,0.901,0.9876,0.7068,0.4458,0.0042,73.0,25.0,172.0,4.0,365.0500000000002,587,5,99.31740614334471,361.0500000000002,90% interval above zero,2025,0.2025534722390282,0.0747631373393318,0.1806757016934637
514888,Jose Altuve,1070,0.0603752425490635,0.0591810692409239,0.029044573898115,0.0143215431748399,0.0408130424993839,0.0791830096850124,0.1109561299477939,0.8924,0.8932,0.986,0.6912,0.4166,0.0038,80.0,29.0,179.0,5.0,376.0500000000002,587,6,99.1467576791809,371.0500000000002,90% interval above zero,2025,-0.943066627493528,-1.338228787270695,-0.36823549272610023
670042,Luke Raley,438,0.0557553207451618,0.0540204369941164,0.0302282530609211,0.0093236977269447,0.0345780969073196,0.0754239245398009,0.1093761330928232,0.8484,0.8468,0.9762,0.6096,0.3532,0.0072,104.0,36.75,217.0,5.0,420.0500000000002,587,7,98.97610921501706,415.0500000000002,90% interval above zero,2025,0.1451518673368225,0.6310147551688944,0.7802223181788471
656484,Tristan Gray,158,0.0552433972376307,0.0534725608593097,0.0325971967426778,0.0047505512877688,0.0329717608671944,0.0758171756372533,0.1109794885876427,0.8262,0.8264,0.9624,0.6062,0.356,0.0126,104.0,35.0,236.0,4.950000000000017,445.0,587,8,98.80546075085324,440.04999999999995,90% interval above zero,2025,,,
686797,Brooks Lee,949,0.0542451841012981,0.0532378087852879,0.0303865286483893,0.0073950642740654,0.0334484848536595,0.0729658678904124,0.1067391197250187,0.837,0.8356,0.9702,0.5956,0.3322,0.0094,108.0,41.0,228.25,5.950000000000017,430.0500000000002,587,9,98.63481228668942,424.10000000000014,90% interval above zero,2025,-0.4500339186728698,-0.955274819113658,-0.35715005510985076
592206,Nick Castellanos,1242,0.0534395447924779,0.0523367609838253,0.0284921526616402,0.0106007288156738,0.033266986609479,0.0715745970099656,0.1027736971535255,0.8422,0.8414,0.9774,0.5924,0.314,0.0072,114.0,44.0,229.0,8.0,402.0500000000002,587,10,98.46416382252559,394.0500000000002,90% interval above zero,2025,,,
679529,Spencer Torkelson,1153,0.053207191196263,0.0520005411686315,0.0289917352780805,0.0083941433822917,0.0328275473248306,0.0721438383656127,0.1028171115866227,0.837,0.8372,0.9728,0.5912,0.3192,0.0088,113.0,44.0,237.0,7.950000000000017,422.0500000000002,587,11,98.29351535836177,414.10000000000014,90% interval above zero,2025,0.4709354433381889,0.0378527366801603,-0.058661043974368346
595879,Javier Báez,822,0.0530271888040485,0.0518687441643285,0.0294146831747869,0.0074115593433663,0.0329448065673176,0.0720495675398926,0.102242314580127,0.8302,0.8318,0.9702,0.5776,0.314,0.0102,117.0,44.0,231.0,7.0,425.0500000000002,587,12,98.12286689419795,418.0500000000002,90% interval above zero,2025,,,
630105,Jake Cronenworth,893,0.0509251190033685,0.0496616325598177,0.029910641828015,0.0042173064196092,0.0305742694713548,0.0695319008874518,0.1034518125585449,0.8092,0.8088,0.9664,0.555,0.2862,0.0114,124.0,50.0,252.0,7.0,444.0,587,13,97.95221843003414,437.0,90% interval above zero,2025,-0.7612205211366994,-1.287319771446271,-0.45448338991305115
682985,Riley Greene,1384,0.0496051781757621,0.0479454729171753,0.0318359832278343,-0.0003803300045998,0.0282331247592486,0.0695571129556717,0.1043261329126656,0.7804,0.7824,0.9486,0.529,0.2852,0.019,135.0,49.0,272.0,6.0,467.0,587,14,97.7815699658703,461.0,Positive tendency,2025,0.2570772844378337,0.695343524531686,0.7601316572627083
673237,Yainer Diaz,1086,0.0495621656069979,0.0481134910307441,0.0265514365390701,0.0087746699882452,0.0314172733596674,0.06648930353605,0.0955279667244542,0.82,0.8224,0.9768,0.5348,0.252,0.0068,135.0,59.0,245.0,12.0,423.0,587,15,97.61092150170649,411.0,90% interval above zero,2025,0.1817887586490712,-0.3487817823536415,-0.22720749131961415
621439,Byron Buxton,1031,0.0480213958889556,0.0468612453222326,0.0295908236788899,0.0015759784141916,0.0277371431874646,0.0672337568782338,0.0988117449747119,0.7814,0.7816,0.9546,0.5092,0.2578,0.015,143.0,57.0,270.0,10.0,464.0,587,16,97.44027303754267,454.0,90% interval above zero,2025,1.3430519098039624,0.926921980437266,0.17261681385052985
663586,Austin Riley,890,0.0476450155966244,0.0461543129899694,0.0306045414062134,-0.0002105122977853,0.026794446796262,0.067263167245907,0.1004103946915466,0.7622,0.7634,0.9488,0.4998,0.263,0.0182,148.0,56.0,286.0,8.0,469.0,587,17,97.26962457337883,461.0,Positive tendency,2025,0.7122293148147254,0.1438455382354808,-0.13466346466122303
701398,Sal Stewart,106,0.0459402095491859,0.0442631653079231,0.031788029622977,-0.004411080772702,0.0247132268147826,0.0662786781501513,0.10114870048667,0.7444,0.7442,0.9342,0.4846,0.254,0.0226,154.0,59.0,298.0,9.0,486.0,587,18,97.09897610921502,477.0,Positive tendency,2025,,,
663743,Nick Fortes,413,0.0456575701215018,0.044346489919219,0.0315736719313629,-0.0036997945162042,0.0245723326309391,0.0652702538105818,0.0995019048758064,0.7414,0.7412,0.9342,0.4786,0.241,0.0236,159.0,62.0,299.0,9.0,489.0,587,19,96.9283276450512,480.0,Positive tendency,2025,-0.4969415265895066,-0.8262378492976822,-0.19273315427698934
683734,Andrew Vaughn,799,0.0454045434222152,0.0446031715485952,0.0285750981652171,0.000108397254245,0.026393982352059,0.0639314652541418,0.0928300463897825,0.7574,0.7582,0.9502,0.4832,0.2284,0.016,154.0,65.75,288.0,12.0,474.0,587,20,96.75767918088737,462.0,90% interval above zero,2025,0.79339298485983,-0.080478814986895,-0.42020528717720146
676475,Alec Burleson,935,0.0452110180766002,0.0437541276548511,0.0285648845879791,0.0001044151241748,0.0261074309417639,0.0633763674156053,0.0938468862297546,0.7612,0.761,0.9504,0.4706,0.2236,0.016,160.0,68.0,287.0,13.950000000000015,465.0,587,21,96.58703071672355,451.05,90% interval above zero,2025,0.691101080964317,1.0110482336259885,0.7484751415406941
641313,Tim Anderson,183,0.0451635401075865,0.0427584624728287,0.0324191526928339,-0.0040394853345663,0.0236264590419642,0.0653118926254154,0.1013918670805394,0.7314,0.7322,0.9298,0.4694,0.2406,0.0228,163.0,63.0,306.0,8.0,486.0,587,22,96.41638225255973,478.0,Positive tendency,2025,,,
660757,Oscar Gonzalez,141,0.0451598131553527,0.0438306414594164,0.0327016111456014,-0.0052455128782112,0.0234595578030907,0.0658304332390534,0.101218906489568,0.7278,0.7272,0.93,0.4718,0.2412,0.0272,160.0,62.0,308.0,8.0,494.0,587,23,96.24573378839591,486.0,Positive tendency,2025,,,
664774,LaMonte Wade Jr.,412,0.0450214975514133,0.0437833431511202,0.0318634509594155,-0.0044479371189076,0.0235150911378925,0.0654020806394083,0.0993555468797722,0.731,0.7318,0.9324,0.4684,0.238,0.0264,163.0,63.0,306.0,9.0,495.0500000000002,587,24,96.07508532423208,486.0500000000002,Positive tendency,2025,,,
663697,Jonathan India,920,0.04441601784936,0.0439700589057189,0.0305107147746865,-0.0055635958342323,0.0239074875575315,0.0635400792457843,0.0972339714130188,0.7356,0.7376,0.9316,0.465,0.2228,0.026,165.0,69.0,302.0,10.0,490.0500000000002,587,25,95.90443686006826,480.0500000000002,Positive tendency,2025,,,
663993,Nathaniel Lowe,1146,0.0443943431226978,0.0430748457117367,0.028185883256859,-0.0007374117468531,0.0257371832317305,0.0631034645907336,0.0916299942206456,0.757,0.7578,0.9464,0.4602,0.2074,0.0158,164.0,72.0,289.25,15.0,468.0,587,26,95.73378839590444,453.0,Positive tendency,2025,-0.4211352453504965,-0.1231824056524837,0.4531456154766469
677800,Wilyer Abreu,823,0.0438265700019075,0.0430167891420052,0.0282676592256053,-0.0012811314857474,0.0247752521325456,0.0616399280820232,0.0912267357985504,0.7434,0.745,0.9458,0.453,0.2046,0.0154,167.0,76.0,296.0,14.0,473.0,587,27,95.56313993174061,459.0,Positive tendency,2025,0.2692377989978556,0.0980664656046071,0.15368256451484663
656180,Riley Adams,553,0.0436264517790976,0.0426021669025206,0.0297385740900366,-0.0046054887736921,0.0236908955323715,0.0627687108149833,0.0937405346756042,0.73,0.7304,0.9348,0.4532,0.2138,0.0214,167.0,71.0,307.0,12.0,490.0,587,28,95.39249146757679,478.0,Positive tendency,2025,,,
542932,Jon Berti,179,0.0436177833454105,0.0418852484818952,0.0315896063508982,-0.005309083040599,0.0231082801871475,0.0631586889683399,0.0979305209448867,0.7256,0.7262,0.9284,0.4468,0.218,0.027,171.0,70.0,310.0,10.0,497.0,587,29,95.22184300341297,487.0,Positive tendency,2025,,,
643217,Andrew Benintendi,851,0.0435469803186824,0.0419468011587685,0.0295945864868134,-0.0032445252987928,0.0236393255163519,0.0624689645698996,0.0948137089401402,0.7314,0.733,0.9388,0.443,0.2172,0.0196,173.5,70.0,305.0,13.0,484.0,587,30,95.05119453924915,471.0,Positive tendency,2025,-0.2103224983835422,-0.3809662796455281,0.03635682146239466
656541,Sam Hilliard,113,0.043420498436522,0.0423055440198847,0.0311257330691391,-0.0057657183719736,0.0224837349942734,0.0632251266640778,0.0958075628826787,0.719,0.721,0.9282,0.4474,0.2274,0.0278,172.0,67.0,314.0,11.0,498.0500000000002,587,31,94.88054607508532,487.0500000000002,Positive tendency,2025,,,
666160,Mickey Moniak,889,0.0432046788947691,0.0418358903675762,0.0305944202011061,-0.0059409715325576,0.0230506743083448,0.062834785162066,0.0950326515462335,0.724,0.726,0.9262,0.4424,0.2154,0.0276,172.5,71.0,311.0,11.0,495.0,587,32,94.7098976109215,484.0,Positive tendency,2025,0.6100828500768607,-0.2552640553336271,-0.45672937519991497
663656,Kyle Tucker,1026,0.0426889165470634,0.0416918553353058,0.0279245735079538,-0.0017975548942978,0.02415655586339,0.0605897075705109,0.0893221248575685,0.731,0.7326,0.9446,0.437,0.194,0.0164,175.0,78.0,304.0,16.0,477.0,587,33,94.53924914675768,461.0,Positive tendency,2025,0.3707699354637842,-0.4120431087093158,-0.43300733746245984
641857,Ryan McMahon,1109,0.0426314353267318,0.0415531370461148,0.0291870128326657,-0.0035131134594113,0.0227742978871637,0.0618127049984945,0.0920265829869463,0.7224,0.7232,0.9366,0.4402,0.2024,0.0224,174.0,76.0,311.0,13.0,485.0,587,34,94.36860068259385,472.0,Positive tendency,2025,0.3112778287483712,-0.1063759876926979,-0.08246846269150077
686469,Vinnie Pasquantino,1204,0.0422815495694583,0.0412000651329926,0.0271587883012606,-0.0010936287862364,0.0238869354356182,0.0598863644342677,0.0889346981518369,0.7352,0.7314,0.9464,0.4306,0.1874,0.0162,178.0,82.0,304.0,17.0,474.0500000000002,587,35,94.19795221843003,457.0500000000002,Positive tendency,2025,0.9801626340600468,0.2456043860154866,-0.23499256749407646
681082,Bryson Stott,973,0.0422641665596484,0.0415439400641731,0.0264489880726526,-9.913335203362168e-06,0.0243603965889899,0.0591636319248924,0.086529768186278,0.741,0.7392,0.9496,0.4242,0.1748,0.015,175.0,83.0,300.0,19.0,468.0500000000002,587,36,94.02730375426621,449.0500000000002,Positive tendency,2025,-0.91419009216026,-0.3373912073554452,0.6108220418303385
678246,Miguel Vargas,1043,0.0416076487843165,0.0410987137174389,0.0284099134169761,-0.0036451975393447,0.0227689432216874,0.0601030509184279,0.0894781184507359,0.7146,0.7172,0.9326,0.426,0.1864,0.0196,181.0,81.0,313.0,15.0,487.0,587,37,93.8566552901024,472.0,Positive tendency,2025,-0.2353418355678461,0.5678072538563206,1.0040011194944236
518792,Jason Heyward,157,0.0415821689509422,0.0407668698049871,0.0326737568186255,-0.0109567852111116,0.0203945681796662,0.06266393783386,0.0971896443536447,0.696,0.694,0.9072,0.4334,0.2162,0.0402,179.0,71.0,329.25,11.0,516.0500000000002,587,38,93.68600682593856,505.0500000000002,Positive tendency,2025,,,
660670,Ronald Acuña Jr.,786,0.041437782931053,0.0400304316986782,0.0295635555649871,-0.0048243644092749,0.0213781125826078,0.0600403138597707,0.0923900221056408,0.701,0.701,0.9292,0.4154,0.1908,0.0242,186.0,82.0,323.0,14.0,492.0,587,39,93.51535836177474,478.0,Positive tendency,2025,0.9486008456249336,0.3537155819104111,-0.1030759816592442
668939,Adley Rutschman,586,0.0414301948920428,0.0404750933233424,0.0308492811323177,-0.0077273638338424,0.0209608661000551,0.0608606599914776,0.0931347506258866,0.7,0.7002,0.9194,0.4288,0.2046,0.0316,183.0,76.0,328.25,12.0,504.0,587,40,93.34470989761093,492.0,Positive tendency,2025,0.0179874066476144,-0.2688943434456833,-0.023773344496313298
669720,Austin Hays,795,0.0413931213783649,0.0403114861951681,0.0310997322194487,-0.0071591254529356,0.0208454063599135,0.0614123981484293,0.0939653112130531,0.689,0.6864,0.9192,0.424,0.1994,0.032,185.0,76.75,327.0,13.0,506.0,587,41,93.1740614334471,493.0,Positive tendency,2025,,,
553869,Elias Díaz,531,0.0411749780921132,0.0400438042602371,0.0316210572316307,-0.0093352303197257,0.0202427491048315,0.0610551592402923,0.0942667833269341,0.6916,0.691,0.9092,0.4208,0.2004,0.0356,183.0,78.0,333.0,12.0,512.0,587,42,93.00341296928327,500.0,Positive tendency,2025,-0.6433735067350941,-0.6673294760645504,0.07662112712148683
666624,Christopher Morel,614,0.0411186375972277,0.0399590594082627,0.032173873572018,-0.0081802254551368,0.0191896755707865,0.0617088045862315,0.0953480803399139,0.6796,0.6772,0.9084,0.4254,0.211,0.0342,185.0,74.0,342.0,11.0,507.0,587,43,92.83276450511946,496.0,Positive tendency,2025,,,
666158,Gavin Lux,864,0.0408738047945622,0.0399553176822733,0.031026795787528,-0.008060387389339,0.0202849473250889,0.0604190475432886,0.0941262952308993,0.6926,0.692,0.9154,0.4156,0.199,0.032,185.0,79.75,334.0,12.0,505.0,587,44,92.66211604095564,493.0,Positive tendency,2025,,,
660271,Shohei Ohtani,1276,0.0407972187758376,0.040073150821878,0.0270545506676927,-0.0024068553103451,0.02282713582122,0.0580603157646295,0.0868987007928081,0.7164,0.7192,0.9406,0.4056,0.1726,0.0212,186.0,88.0,313.0,19.0,480.0500000000002,587,45,92.4914675767918,461.0500000000002,Positive tendency,2025,2.6206326963537108,1.4504363725729597,-0.2674805001779095
687478,Cam Devanney,78,0.0407891442532194,0.0399619497293292,0.031924723345919,-0.0105021709374893,0.0199240013075735,0.061004299222575,0.0954512007063754,0.6906,0.6916,0.904,0.4236,0.2014,0.0386,186.0,77.0,336.0,12.0,515.0500000000002,587,46,92.32081911262799,503.0500000000002,Positive tendency,2025,,,
657656,Ramón Laureano,922,0.0407743473853647,0.040036600357475,0.0301838726279096,-0.007605217140615,0.0207674177082699,0.0598542088153858,0.0917428524635107,0.689,0.69,0.9154,0.4154,0.1982,0.0318,186.0,79.0,333.0,14.0,503.0,587,47,92.15017064846417,489.0,Positive tendency,2025,0.7959673939584556,-0.374129972670224,-0.7157981856647191
668715,Spencer Steer,1091,0.0405978844323725,0.0396752489956333,0.0278783938344299,-0.0036750575998801,0.0220497140762431,0.0586639582975267,0.0882892327606603,0.7056,0.7088,0.935,0.4036,0.173,0.0246,187.0,88.0,318.0,18.0,485.0,587,48,91.97952218430034,467.0,Positive tendency,2025,-1.033988954136703,0.3164313509506093,1.355002554013736
665161,Jeremy Peña,897,0.0405713101825394,0.0396567596853556,0.0281607814645248,-0.0050174765337305,0.0218631640594067,0.0584119788468107,0.0876933531645337,0.7106,0.7102,0.9298,0.4072,0.1724,0.024,188.0,87.0,315.25,17.0,487.0,587,49,91.80887372013652,470.0,Positive tendency,2025,0.2977574826152948,-0.1063061945003301,-0.0722009865483679
664761,Alec Bohm,853,0.0405027106601215,0.0394688120224563,0.0291275840096244,-0.0054159909765963,0.0206036535893534,0.0591493371266559,0.0909494287333765,0.6888,0.69,0.9228,0.4104,0.1826,0.024,187.0,85.0,332.0,16.0,495.0500000000002,587,50,91.6382252559727,479.0500000000002,Positive tendency,2025,0.024470563409638,0.0602410689987962,0.30047216523942677
681393,Connor Norby,651,0.0405013755998641,0.0396903216642094,0.0300623394035654,-0.0069180261526409,0.0201590627132282,0.0593802131694413,0.0914884742676866,0.6896,0.6902,0.9172,0.409,0.186,0.029,187.0,83.0,334.0,15.0,504.0,587,51,91.46757679180887,489.0,Positive tendency,2025,-0.6729494580289768,-0.9667110571500384,-0.2004528760888733
624428,Adam Frazier,902,0.0404943528918495,0.0397688736791707,0.0304689575284233,-0.0077448734337259,0.0200521701815019,0.0604283867388772,0.0913950240642987,0.6898,0.692,0.9128,0.4146,0.1964,0.0312,187.0,80.0,334.0,15.0,504.0500000000002,587,52,91.29692832764505,489.0500000000002,Positive tendency,2025,,,
681715,Heriberto Hernández,509,0.0402271224242005,0.0390357008943185,0.030831563076638,-0.0098534360139035,0.0198584957093784,0.0596132317906236,0.0923751738405114,0.6874,0.6888,0.9118,0.4152,0.1924,0.033,190.0,81.0,336.0,15.0,509.0,587,53,91.12627986348123,494.0,Positive tendency,2025,0.5634282159785989,0.7918983397594356,0.6256221461207742
691777,Max Muncy,405,0.0399251966929202,0.0385668016520512,0.0307275819674884,-0.0077226972481333,0.0195536816213827,0.0591148950853632,0.0925184249118433,0.6788,0.679,0.9098,0.3974,0.1894,0.0296,196.0,82.0,340.25,13.0,502.0500000000002,587,54,90.95563139931741,489.0500000000002,Positive tendency,2025,-0.6585869964707849,-0.0828231595123687,0.6726021754129508
672356,Gabriel Arias,1004,0.0398508258544793,0.0388647513959958,0.028171504972708,-0.0049147069987588,0.0213938062261913,0.057402979478952,0.0877920145153494,0.6976,0.6984,0.9256,0.3992,0.1684,0.0246,192.0,92.0,328.0,18.0,492.0,587,55,90.78498293515358,474.0,Positive tendency,2025,,,
543309,Kyle Higashioka,568,0.0397514319696132,0.0387618507414729,0.0304016983282768,-0.0080307923789761,0.0195170793963568,0.0589112150204277,0.0914898979826425,0.6794,0.6766,0.9112,0.4024,0.179,0.036,192.0,85.0,338.0,14.0,510.0,587,56,90.61433447098976,496.0,Positive tendency,2025,,,
682829,Elly De La Cruz,1200,0.0394169125927965,0.0382046141282958,0.0307292432578311,-0.0101729452840854,0.0189678513962955,0.0595619752514536,0.0910654881346901,0.6692,0.6706,0.908,0.3988,0.1876,0.0388,195.0,82.0,342.0,15.0,514.0500000000002,587,57,90.44368600682594,499.0500000000002,Positive tendency,2025,0.5465073193340717,1.8020567216148464,1.6485430665624874
669701,Josh Smith,1009,0.0393993376893662,0.03819028236869,0.0277354519725906,-0.0035760479829761,0.020866971136191,0.0570170522752727,0.0872210984860936,0.6898,0.689,0.9324,0.3866,0.156,0.0208,201.0,92.0,328.25,19.0,489.0,587,58,90.27303754266211,470.0,Positive tendency,2025,-1.0821609107088233,-1.3445086468817182,-0.2696038813930912
669357,Nolan Gorman,760,0.0391988734408337,0.0379278804641401,0.0295380110404148,-0.0073506310280619,0.0192051372306163,0.0584841276222129,0.0894266298846302,0.6762,0.675,0.9166,0.3928,0.1798,0.0288,198.0,86.0,341.0,16.0,504.0500000000002,587,59,90.10238907849829,488.0500000000002,Positive tendency,2025,-0.5226835387246119,-0.180319122056815,0.4726014130381453
689200,Jacob Melton,149,0.0389174203262195,0.0377221960769931,0.0315969876180524,-0.0104386368556699,0.0176252270671045,0.0598726813832201,0.091576328093947,0.665,0.6632,0.8968,0.3994,0.1894,0.0378,202.0,82.0,351.0,15.0,513.0,587,60,89.93174061433447,498.0,Positive tendency,2025,,,
607043,Brandon Nimmo,1182,0.0389152343330252,0.0381029476008887,0.0274137844770472,-0.0050798123027929,0.0207423796815213,0.057078291355277,0.0854878597984315,0.6904,0.6936,0.9278,0.3832,0.1586,0.0238,198.0,93.0,329.0,21.0,497.0,587,61,89.76109215017065,476.0,Positive tendency,2025,0.4104614403776665,0.3323956094728967,0.2814941750471634
666182,Bo Bichette,1177,0.0387705129743409,0.0379347950126999,0.0290476385401206,-0.0078785368322753,0.0197577656692238,0.0572751578718975,0.087760424371955,0.6798,0.6804,0.9182,0.3764,0.1666,0.0304,197.0,92.0,336.0,18.0,500.0,587,62,89.59044368600682,482.0,Positive tendency,2025,0.3834811761889035,-0.3073739725192284,-0.3379256187504281
681624,Andy Pages,1236,0.0387326863398989,0.0383243369733203,0.0286111519191554,-0.0081264275935656,0.0203076967351634,0.0572436914641349,0.0860432703131244,0.689,0.686,0.914,0.3934,0.1628,0.032,197.5,91.75,331.0,19.0,506.0,587,63,89.419795221843,487.0,Positive tendency,2025,-0.5225923733830766,-0.2829069738122415,0.369944800080903
687597,Jordan Beck,1043,0.0385555503940239,0.0379569631198618,0.0300872966330903,-0.0104551619651985,0.0187666256928582,0.057824585683327,0.0894276232062222,0.6744,0.676,0.9072,0.3888,0.17,0.0386,197.0,88.0,343.0,16.0,513.0,587,64,89.24914675767918,497.0,Positive tendency,2025,,,
595777,Jurickson Profar,662,0.0385546435842968,0.0371558814012756,0.0312299637591119,-0.0107943085357014,0.0185591106109253,0.0585721174242225,0.0919499850637294,0.666,0.6628,0.898,0.3866,0.1738,0.0418,205.0,88.0,351.0,15.0,521.0,587,65,89.07849829351535,506.0,Positive tendency,2025,,,
681297,Colton Cowser,610,0.0383212742808449,0.0372200357039201,0.0302439553418412,-0.0099577374995782,0.0189940496690094,0.0569885565437857,0.090416641293309,0.6734,0.6708,0.9056,0.3722,0.1768,0.035,203.0,92.0,343.0,17.0,512.0,587,66,88.90784982935153,495.0,Positive tendency,2025,0.2639923878791466,-0.4111673497444652,-0.35159491428717893
691781,Brady House,548,0.0382580978736476,0.0376516894311157,0.0297997328678254,-0.0103570673084622,0.0186719317394262,0.057091277806577,0.0879610266580504,0.6748,0.6762,0.9058,0.387,0.1654,0.0396,198.0,91.0,343.0,18.0,514.0,587,67,88.73720136518772,496.0,Positive tendency,2025,-0.3461541148569854,0.4241294908164982,0.9439032056773776
700932,Kyle Manzardo,949,0.0382506997062056,0.0368837712497263,0.0288135186345724,-0.0070171162555708,0.0189523312926897,0.0563848158124036,0.08686545180371,0.6672,0.6682,0.9196,0.3738,0.1616,0.0322,207.0,96.0,344.0,18.0,504.0500000000002,587,68,88.5665529010239,486.0500000000002,Positive tendency,2025,0.0232484638200023,-0.353411936659713,-0.11225907524926357
686611,Dylan Crews,531,0.0381422869688352,0.0375008633056275,0.0303867057956048,-0.0109434116307838,0.0178036185074334,0.0574246794167353,0.0883026288551042,0.6608,0.6612,0.905,0.3858,0.1724,0.0386,202.5,92.0,350.0,15.0,515.0,587,69,88.39590443686006,500.0,Positive tendency,2025,0.1098351211222917,0.047561148655047,0.2234062679230709
676701,Alan Trejo,78,0.0377975638626971,0.0369545314347312,0.0315635625346766,-0.0126042530044006,0.0170796608397182,0.0579772234667456,0.0906990258377887,0.658,0.6574,0.8916,0.388,0.176,0.0424,204.0,89.0,355.0,14.0,522.0,587,70,88.22525597269625,508.0,Positive tendency,2025,,,
656305,Matt Chapman,911,0.0376659665836671,0.0373726629289621,0.0294674346406735,-0.0098250614122728,0.0181360559693971,0.0563948201413695,0.0868441740543482,0.658,0.658,0.908,0.3742,0.159,0.0354,203.0,94.0,349.0,17.950000000000017,511.0,587,71,88.05460750853243,493.04999999999995,Positive tendency,2025,0.5812367419158647,-0.7593230412851147,-0.9390312654014893
666310,Bo Naylor,774,0.0376208432468394,0.0364661913199486,0.0301022986980455,-0.0106904895299933,0.0172725121706454,0.0574611714965752,0.0880215867828217,0.652,0.6534,0.904,0.3772,0.173,0.0378,209.0,91.0,352.0,18.0,515.0500000000002,587,72,87.8839590443686,497.0500000000002,Positive tendency,2025,,,
668845,Aaron Schunk,69,0.0375010138357509,0.0367385273253366,0.0321479544080296,-0.0134357198129292,0.0164171521321516,0.0581706491504676,0.0913146402477475,0.6432,0.644,0.8848,0.3838,0.1798,0.0472,211.0,86.0,362.25,16.0,526.0,587,73,87.71331058020478,510.0,Positive tendency,2025,,,
673490,Ha-Seong Kim,305,0.0372218311350183,0.0366286392357218,0.0307688699924541,-0.0128263849311647,0.0168643495317874,0.057211857247719,0.0878877861362856,0.6536,0.6566,0.8902,0.3784,0.166,0.0436,208.0,93.0,355.0,18.0,520.0,587,74,87.54266211604096,502.0,Positive tendency,2025,,,
807713,Matt Shaw,792,0.0367771036801781,0.0363160106029062,0.0300190911503243,-0.0117025898991878,0.0171285439309544,0.0561134766858073,0.0870581390051424,0.6456,0.6494,0.8984,0.3722,0.157,0.0406,210.0,97.0,357.0,19.0,519.0,587,75,87.37201365187714,500.0,Positive tendency,2025,,,
701350,Roman Anthony,463,0.0367638577963262,0.0362742887184728,0.0295953389820916,-0.0111728030866525,0.0173775837114073,0.0558216227661359,0.0858912199316774,0.6524,0.653,0.8998,0.3654,0.1494,0.0374,212.5,99.0,355.0,21.0,516.0,587,76,87.20136518771331,495.0,Positive tendency,2025,1.779152902843639,0.8577748466039659,-0.22545826441258576
649966,Luis Urías,542,0.0365520291632674,0.035855042795274,0.0298563310192384,-0.0114557082609442,0.016834315778428,0.0550694592753085,0.086578782635863,0.642,0.646,0.8972,0.3576,0.149,0.0388,214.0,102.0,359.25,20.0,516.0,587,77,87.03071672354949,496.0,Positive tendency,2025,,,
681460,Brooks Baldwin,638,0.0365509230188567,0.0357699864240842,0.0280101200428574,-0.0086196781476714,0.0182163759774242,0.0548687127906723,0.0833245165271655,0.6562,0.6552,0.9086,0.355,0.1438,0.032,212.0,102.0,349.0,25.0,509.0,587,78,86.86006825938567,484.0,Positive tendency,2025,,,
667472,Dane Myers,516,0.0360472785388621,0.0353328150883367,0.0309391417956503,-0.0136511451310689,0.0159180552682384,0.0556952516747787,0.0873592067930121,0.637,0.6362,0.8832,0.3594,0.1546,0.0448,215.0,98.75,367.0,19.0,524.0,587,79,86.68941979522184,505.0,Positive tendency,2025,-0.0446007592637267,-0.8317287855071932,-0.5394008388841758
696285,Jacob Young,550,0.0359746597141113,0.0352111670306027,0.0286059765208902,-0.0101048960781821,0.0172286485362518,0.0547854282559155,0.0843198428335947,0.6426,0.6424,0.9028,0.35,0.142,0.038,217.0,103.0,357.0,22.0,512.0,587,80,86.51877133105802,490.0,Positive tendency,2025,-1.359535395004491,-0.6418750748769377,0.6422386133447624
665953,Andrés Chaparro,141,0.0358547529471962,0.0354230017925901,0.0304856063675996,-0.0133800682162249,0.0160456056687708,0.0550877872978755,0.0879743056997312,0.635,0.6354,0.8878,0.3534,0.1538,0.0452,217.0,103.0,367.0,19.0,525.0,587,81,86.3481228668942,506.0,Positive tendency,2025,,,
650489,Willi Castro,897,0.0357257388914129,0.0348607416759573,0.0284556590208036,-0.0092813843682962,0.0166949198708081,0.0541161667997262,0.0849210060571509,0.6414,0.6406,0.9,0.337,0.136,0.033,222.0,110.0,357.0,23.0,511.0,587,82,86.17747440273038,488.0,Positive tendency,2025,-0.9044344377499822,-0.5291880658254701,0.4116670085270625
642133,Rowdy Tellez,562,0.0356460820177136,0.0344691975924369,0.0302301623631674,-0.0119352931228536,0.0154281617691533,0.0549054833123922,0.087647413686077,0.63,0.6306,0.8896,0.3454,0.155,0.0434,222.0,105.0,371.0,19.0,521.0500000000002,587,83,86.00682593856655,502.0500000000002,Positive tendency,2025,,,
543807,George Springer,1025,0.0355991264273533,0.0346092291332933,0.028158950179855,-0.0092886256204934,0.0169482348915273,0.0537758950060398,0.0835901225056806,0.6362,0.633,0.9058,0.3342,0.1346,0.032,226.0,108.0,360.0,24.0,507.0500000000002,587,84,85.83617747440273,483.0500000000002,Positive tendency,2025,1.0891280693380214,-0.7055474390949221,-1.2683312649389478
660821,Jesús Sánchez,914,0.0355362408558605,0.0346597917855569,0.0303974540249837,-0.0131382336762264,0.0158499573985608,0.0549530173992269,0.0869521550697593,0.6274,0.626,0.883,0.3518,0.1516,0.0412,222.0,101.0,365.0,20.0,520.0500000000002,587,85,85.66552901023891,500.0500000000002,Positive tendency,2025,0.5509630268384066,0.0210812600718244,-0.1357930998029793
669722,Logan Davidson,88,0.0354883227024379,0.0347501905100016,0.0325590337668658,-0.0171966573349269,0.0144801719347067,0.0566080537927907,0.0895770297162022,0.6228,0.6236,0.8752,0.359,0.1666,0.055,222.0,93.0,377.0,16.0,532.0500000000002,587,86,85.49488054607508,516.0500000000002,Positive tendency,2025,,,
641584,Jake Fraley,378,0.0354278846018269,0.0342731274067927,0.0321404597647504,-0.0168649281511292,0.0149587458912358,0.0562758934050189,0.0875113723945545,0.6206,0.6216,0.8732,0.3552,0.1622,0.0572,228.0,96.0,374.0,18.0,535.0,587,87,85.32423208191126,517.0,Positive tendency,2025,,,
677942,Blaze Alexander,464,0.0353506460888718,0.0342947519367103,0.0320444355583548,-0.0160015912470014,0.0141593981806443,0.055647391160561,0.0898663085628873,0.621,0.6218,0.8764,0.3566,0.1644,0.0524,227.0,100.0,377.0,17.0,531.0,587,88,85.15358361774744,514.0,Positive tendency,2025,-0.4969238451811038,-0.2341530065024351,0.39933835236582205
668885,Austin Martin,271,0.0352623513020654,0.0344741358912833,0.0317127035833795,-0.0151800580564089,0.014726314390149,0.0554827097102523,0.0874523162387885,0.6248,0.6242,0.8742,0.352,0.1554,0.0544,222.0,100.0,372.0,18.950000000000017,532.0500000000002,587,89,84.98293515358361,513.1000000000001,Positive tendency,2025,,,
516782,Starling Marte,605,0.0349449927168451,0.0342610764857067,0.0296358524064014,-0.013312574546732,0.0154780379826862,0.0542315468040555,0.084150812430802,0.6286,0.6318,0.8864,0.336,0.1482,0.0452,225.0,104.0,365.0,22.0,524.0,587,90,84.81228668941979,502.0,Positive tendency,2025,,,
693304,Nick Gonzales,770,0.0348911576849252,0.0340153291141054,0.0297368307715665,-0.0123568013413612,0.0149298059267773,0.0535390711141332,0.0864961965169388,0.6242,0.6276,0.8862,0.3374,0.1412,0.0424,228.0,107.0,369.0,21.0,521.0,587,91,84.64163822525597,500.0,Positive tendency,2025,-0.6789061236084816,-0.9760108167563988,-0.2052598374764869
665742,Juan Soto,1022,0.0348561788727389,0.0343347379065917,0.0300939715541455,-0.0149918920204014,0.0155311739799263,0.0547955403281663,0.0846171064316849,0.6302,0.6318,0.8824,0.348,0.144,0.05,224.0,103.0,368.0,21.950000000000017,528.0500000000002,587,92,84.47098976109216,506.10000000000014,Positive tendency,2025,2.38092516611017,1.641033157950004,0.10391501403895242
621493,Taylor Ward,993,0.0348451612281821,0.0343020483852891,0.0281898276950407,-0.0109197707343168,0.0159512854341743,0.0528658523194229,0.082683918087385,0.625,0.6262,0.8998,0.3318,0.1346,0.0368,228.0,110.0,363.0,22.0,513.0,587,93,84.30034129692832,491.0,Positive tendency,2025,0.4434407783572466,-0.4890114170296297,-0.5647874241424573
663728,Cal Raleigh,1423,0.0347873194905511,0.0344134228835404,0.0279156817776375,-0.0098935813902574,0.0167521877732078,0.0523276707756826,0.081947464442505,0.6334,0.6322,0.9008,0.3268,0.1206,0.037,226.0,115.0,359.0,26.0,512.0,587,94,84.1296928327645,486.0,Positive tendency,2025,1.3503263230336686,0.342253051864088,-0.4175388203912194
650559,Bryan De La Cruz,96,0.0346648192828469,0.034059495572858,0.0323783470376938,-0.0176001309854425,0.0134715390591818,0.0554043303936582,0.0890814143854684,0.6106,0.6118,0.8632,0.3434,0.1558,0.0592,228.0,102.0,385.0,16.0,535.0,587,95,83.95904436860069,519.0,Positive tendency,2025,,,
670770,TJ Friedl,984,0.0345812589065752,0.0342830744855606,0.0302008993428934,-0.014599923078492,0.014564349065597,0.0540709468802676,0.0847157820136485,0.6282,0.6266,0.8754,0.3402,0.144,0.049,226.0,106.0,377.0,22.0,528.0,587,96,83.78839590443685,506.0,Positive tendency,2025,-0.995048162172233,-1.566683104507046,-0.5574828839910213
669743,Alex Call,480,0.0345320366173393,0.0342011371121112,0.0306198423057623,-0.0149547225649653,0.0145024366957833,0.0541922482703737,0.0855986576566624,0.6184,0.6182,0.868,0.3436,0.1484,0.046,227.0,106.0,375.25,20.0,526.0,587,97,83.61774744027304,506.0,Positive tendency,2025,,,
694384,Nolan Schanuel,907,0.0345015227432186,0.0334187771001093,0.0293410619352696,-0.0121840965104028,0.0145296630497313,0.0530768608094074,0.0844504677731753,0.619,0.619,0.8854,0.3304,0.136,0.0402,231.0,110.0,373.0,21.0,519.0,587,98,83.44709897610922,498.0,Positive tendency,2025,-1.01978551078405,-1.0322519550241434,-0.0043936590636803885
680757,Steven Kwan,1071,0.034500501298559,0.0335379385122487,0.0280580992879296,-0.0108762332421368,0.0155074028350527,0.0527192850812869,0.0820802419492242,0.6204,0.624,0.9026,0.3266,0.1278,0.0374,232.0,113.0,364.0,26.0,514.0,587,99,83.2764505119454,488.0,Positive tendency,2025,-1.8377177971584195,-2.4669294367766184,-0.8221480199476299
683090,Matthew Lugo,121,0.0344016997575263,0.0336519180644816,0.031780613632635,-0.0163480378746755,0.0134922936471346,0.0547316385673917,0.0877288137755713,0.6124,0.6128,0.8696,0.3478,0.152,0.0596,226.0,103.0,380.0,18.0,536.0500000000002,587,100,83.10580204778157,518.0500000000002,Positive tendency,2025,,,
643376,Danny Jansen,565,0.0343944232317143,0.0338276785580206,0.0305843427208981,-0.0159865664952113,0.0144609056882042,0.0539733006662681,0.0856043101326677,0.6152,0.614,0.8784,0.3408,0.1434,0.052,227.0,106.0,376.0,22.0,530.0,587,101,82.93515358361775,508.0,Positive tendency,2025,-0.4936317906565026,-0.7533358772190824,-0.12232754119418177
596146,Max Kepler,870,0.0343275158027194,0.033094928144035,0.0300838152636114,-0.0139321396625077,0.014443326759895,0.0532434702679647,0.0860744750456847,0.6094,0.6112,0.8846,0.3276,0.1384,0.0456,235.0,110.0,377.0,20.950000000000017,523.0,587,102,82.76450511945393,502.04999999999995,Positive tendency,2025,,,
691016,Tyler Soderstrom,1056,0.0342993990462848,0.0335781204526342,0.0276221947674207,-0.0109894051581628,0.0164291168872986,0.0518433772486677,0.080779783757637,0.6246,0.6242,0.8982,0.3184,0.13,0.0366,231.0,116.0,363.0,27.0,512.0,587,103,82.5938566552901,485.0,Positive tendency,2025,0.818970258072695,0.3056370874572323,-0.053380970939717
668670,Jake Rogers,247,0.0341361632747553,0.0332156142212002,0.0306672389832483,-0.0154948312143616,0.0140890304562294,0.0535805163316464,0.0864183652546028,0.6154,0.6152,0.877,0.338,0.1384,0.0512,230.0,106.75,377.0,21.0,529.0500000000002,587,104,82.42320819112628,508.0500000000002,Positive tendency,2025,,,
669065,Kyle Stowers,903,0.0341111221459779,0.0338408395912372,0.0272509350907182,-0.0108430483697141,0.0166472467549863,0.0520673147235245,0.0792570420912942,0.628,0.6312,0.8978,0.3232,0.1136,0.033,231.0,117.0,361.0,30.0,513.0,587,105,82.25255972696246,483.0,Positive tendency,2025,1.2395911166978448,0.6774393097683464,0.00116915467808143
663624,Ryan Mountcastle,760,0.0340766781239813,0.0335107473870446,0.029826808284906,-0.0144022780557452,0.0145379699946253,0.0535110999062159,0.0849879747874148,0.612,0.6132,0.8802,0.337,0.1312,0.049,232.0,110.75,374.25,22.0,527.0,587,106,82.08191126279864,505.0,Positive tendency,2025,,,
621028,Kevin Newman,211,0.0340748782175398,0.0330972356100547,0.0308579414324611,-0.0155634540715192,0.0135026999792835,0.0541044317916927,0.0856459253236979,0.609,0.608,0.8718,0.3404,0.1424,0.0578,232.0,105.0,382.25,21.0,534.0500000000002,587,107,81.91126279863481,513.0500000000002,Positive tendency,2025,,,
669450,Cooper Hummel,185,0.0340596403094731,0.032982853374292,0.0323537301349426,-0.0180316540651257,0.0128386574583521,0.0542852005698734,0.0881007710483128,0.6062,0.6052,0.8666,0.3364,0.1586,0.0574,234.0,105.0,387.0,17.0,535.0,587,108,81.74061433447099,518.0,Positive tendency,2025,,,
665561,Rafael Marchán,200,0.0339340151879602,0.0329062085543731,0.0325345291713388,-0.0185190715916668,0.0127419252954516,0.0548579384105891,0.0889648755996198,0.604,0.6026,0.858,0.3452,0.1548,0.0638,235.5,103.0,388.0,17.0,540.0,587,109,81.56996587030717,523.0,Positive tendency,2025,,,
621035,Chris Taylor,239,0.0339140457970499,0.0335137591344937,0.0301099498442863,-0.0152394113513969,0.0146649110745922,0.0532523618594288,0.0836927005346401,0.6214,0.6232,0.8788,0.3308,0.1338,0.0532,229.0,113.0,375.0,24.0,531.0,587,110,81.39931740614334,507.0,Positive tendency,2025,,,
691723,Coby Mayo,496,0.0339092330310491,0.0331522611872059,0.0301347927774404,-0.0146279869317053,0.0146001326791579,0.0531634651735136,0.0845524655001484,0.6132,0.6152,0.878,0.328,0.13,0.0508,233.0,109.0,373.0,21.950000000000017,529.0500000000002,587,111,81.22866894197952,507.10000000000014,Positive tendency,2025,-0.268562818221993,0.8357353008811084,1.2969859990207895
643446,Jeff McNeil,876,0.0338394271974901,0.033326301187548,0.0285579327497867,-0.011981502592743,0.0149825614870393,0.0527728185776421,0.0808831495109979,0.6178,0.6152,0.8844,0.323,0.125,0.041,233.0,112.0,369.0,25.0,519.0,587,112,81.0580204778157,494.0,Positive tendency,2025,-0.8228750937131568,-1.408594768797995,-0.5292555997317325
681508,Mickey Gasper,171,0.0337966359062119,0.0336131453679301,0.0319849190602362,-0.0174120051160805,0.0124742501789762,0.0540062997034911,0.0873946966223734,0.6052,0.604,0.8664,0.3368,0.1474,0.059,231.0,106.0,389.0,18.0,538.0,587,113,80.88737201365188,520.0,Positive tendency,2025,,,
669326,Bryce Teodosio,311,0.0337772886716223,0.0328759436319676,0.0312670565909514,-0.0171982453767241,0.0132708357567054,0.0529314773021623,0.0869706451407966,0.61,0.6082,0.8668,0.3254,0.145,0.0544,237.0,109.0,383.0,19.0,532.0,587,114,80.71672354948805,513.0,Positive tendency,2025,,,
678009,Parker Meadows,367,0.0337686305970157,0.032896987929046,0.0301832417729489,-0.0153206302858218,0.0142144934276275,0.0530827567930002,0.0844662831453001,0.6108,0.6114,0.8764,0.3296,0.1372,0.0554,233.0,110.0,376.25,21.0,532.0,587,115,80.54607508532423,511.0,Positive tendency,2025,,,
686554,Oliver Dunn,61,0.033757077968792,0.0328766027040503,0.0320064629545187,-0.0177766702794391,0.0130699079109387,0.0541274527319755,0.0884801995210828,0.598,0.5968,0.8666,0.3368,0.1484,0.061,236.0,108.0,385.0,19.0,536.0,587,116,80.37542662116041,517.0,Positive tendency,2025,,,
657136,Connor Wong,349,0.0337550277924287,0.0324718755847053,0.0325305676246002,-0.0182049813697758,0.0125465767192988,0.0542198662946056,0.0879983501501313,0.6,0.5956,0.8612,0.338,0.15,0.0648,237.0,106.0,388.0,18.0,540.0,587,117,80.20477815699658,522.0,Positive tendency,2025,,,
672640,Otto Lopez,969,0.0337119641500134,0.0330349683379037,0.0271574748931738,-0.0105828253856282,0.0159465968505373,0.0515704092776524,0.0797166488588078,0.615,0.6146,0.8986,0.3148,0.1158,0.038,235.0,118.75,367.0,28.0,513.0,587,118,80.03412969283276,485.0,Positive tendency,2025,-0.0528737665319838,-0.0365063321285863,0.26206150690108093
690924,Braxton Fulford,215,0.0335022280553981,0.0324487766396924,0.030765749030427,-0.0150866639406982,0.0132778550800605,0.0528121391278354,0.0855215440005952,0.5982,0.5976,0.8636,0.3212,0.1388,0.0524,237.0,111.0,384.25,20.0,529.0500000000002,587,119,79.86348122866895,509.0500000000002,Positive tendency,2025,,,
687859,Troy Johnston,230,0.0334411409010326,0.0323551763359111,0.0318458868330004,-0.018051578327307,0.0127789815958945,0.0536801264427195,0.0861856418558543,0.6012,0.6,0.859,0.331,0.1502,0.06,237.0,108.0,386.25,19.0,537.0,587,120,79.69283276450511,518.0,Positive tendency,2025,,,
687363,Victor Scott II,732,0.0332377571107778,0.0325206229120682,0.0312456005026929,-0.0171530711309538,0.012916867874057,0.0527632581082847,0.0848540935328577,0.6008,0.6008,0.8648,0.3256,0.1394,0.0572,236.0,112.75,383.0,22.0,534.0,587,121,79.5221843003413,512.0,Positive tendency,2025,,,
680837,Ryan Fitzgerald,77,0.0331807810795004,0.0322012237638295,0.0319562750573704,-0.017793146439481,0.0121114563040241,0.0533138031374522,0.0865204922190245,0.5958,0.598,0.8534,0.3306,0.1458,0.06,241.0,108.0,390.0,21.0,537.0,587,122,79.35153583617748,516.0,Positive tendency,2025,,,
543877,Christian Vázquez,349,0.0331050095104736,0.0321141406123039,0.0310990365174476,-0.0166539243734963,0.0127697655782706,0.0530847403443049,0.0837686852386155,0.6,0.6004,0.8646,0.3282,0.1368,0.058,242.0,110.0,387.0,22.0,535.0,587,123,79.18088737201366,513.0,Positive tendency,2025,-1.45141512377874,-2.3258562930882807,-0.9724425784900455
666150,Dominic Fletcher,67,0.0329731414114184,0.0325213866056062,0.0316226350611446,-0.017576247823928,0.0125464257035552,0.0528470624636804,0.0866657044808266,0.5908,0.5916,0.8644,0.3184,0.141,0.0564,240.0,114.0,391.0,20.0,534.0500000000002,587,124,79.01023890784982,514.0500000000002,Positive tendency,2025,,,
805249,Otto Kemp,407,0.0328748531441861,0.0320289436529289,0.0296835493805708,-0.0159173206021721,0.013820166146169,0.0520891979121747,0.0816957598326597,0.5996,0.6,0.8748,0.3164,0.1286,0.0502,241.0,115.0,378.0,26.0,529.0,587,125,78.839590443686,503.0,Positive tendency,2025,,,
669397,Nick Allen,714,0.0327549369100795,0.0323060831916691,0.0310654455851734,-0.0164712531954594,0.0122641066952056,0.0525071788557648,0.0854488473777383,0.5946,0.595,0.8594,0.3184,0.1358,0.0606,242.0,116.0,392.0,21.0,536.0,587,126,78.66894197952219,515.0,Positive tendency,2025,,,
667670,Brent Rooker,1251,0.0327331239668115,0.0319518676629059,0.0282904395501351,-0.0128426757470155,0.0145317986567442,0.0505631619995596,0.0798087930270755,0.5994,0.5984,0.882,0.2982,0.1178,0.0454,243.0,124.0,378.0,27.950000000000017,521.1000000000004,587,127,78.49829351535836,493.1500000000003,Positive tendency,2025,,,
701305,Zach Dezenzo,211,0.0327107303199248,0.0314130710326859,0.0316767471715332,-0.0170349130131435,0.0120733208650223,0.053446010807628,0.0848087311925316,0.5862,0.586,0.8566,0.3186,0.1432,0.0588,247.0,111.0,393.0,20.950000000000017,537.0,587,128,78.32764505119454,516.05,Positive tendency,2025,,,
805904,Zach Cole,87,0.0326639192926666,0.0320212739314049,0.0318397841210997,-0.0190587276216998,0.0123533472851944,0.0530590028778075,0.0865268092154637,0.5932,0.5926,0.8554,0.3228,0.144,0.065,243.0,109.0,393.0,21.0,540.0,587,129,78.15699658703072,519.0,Positive tendency,2025,,,
676801,Chas McCormick,219,0.0326594951224676,0.0316270573587403,0.0321266946491793,-0.0189789744906535,0.0113705438341622,0.0538781212970687,0.0861406446907918,0.5834,0.5846,0.8572,0.3272,0.1492,0.063,244.0,106.0,395.0,22.950000000000017,537.0,587,130,77.9863481228669,514.05,Positive tendency,2025,,,
457759,Justin Turner,369,0.0326231523835266,0.0318645413399061,0.0307830268697363,-0.0180636487081434,0.0125408747164229,0.0523336369517805,0.0841821857294866,0.5906,0.592,0.8702,0.32,0.1326,0.057,242.0,115.0,388.0,21.0,535.0,587,131,77.81569965870307,514.0,Positive tendency,2025,,,
553993,Eugenio Suárez,1281,0.0326114879954926,0.0322648822150147,0.0285781312376622,-0.0135046085456477,0.0136449361982693,0.0507922257849646,0.0809217886183664,0.5992,0.6016,0.8786,0.306,0.1148,0.0428,242.0,121.0,381.0,26.0,522.0,587,132,77.64505119453925,496.0,Positive tendency,2025,0.374947493974738,-0.4250643091753141,-0.44917944965687584
641343,Jake Bauers,381,0.0326023201824477,0.0319368708540708,0.02947937508821,-0.0151275842498858,0.0135334939112903,0.0514114647126289,0.0820012612418131,0.5968,0.5962,0.8766,0.3118,0.1238,0.0496,245.0,117.0,383.0,25.0,528.0,587,133,77.47440273037543,503.0,Positive tendency,2025,0.6287242445168748,1.1201521661727465,0.904626627108789
677956,Rece Hinds,91,0.0324927399790762,0.0323614778850232,0.0312262726706542,-0.0197457739604845,0.0125399750368384,0.0528965837553063,0.0832550517609333,0.5956,0.5972,0.8584,0.3236,0.1304,0.0662,240.0,114.0,391.0,24.0,543.0,587,134,77.3037542662116,519.0,Positive tendency,2025,,,
695238,Will Wagner,304,0.032357779560251,0.0318150750687962,0.0304112137025024,-0.0164795881282243,0.0121179740958244,0.0516830862314276,0.0833617914772072,0.5928,0.593,0.869,0.3126,0.1236,0.0558,243.0,116.0,390.0,24.0,534.0,587,135,77.13310580204778,510.0,Positive tendency,2025,,,
677587,Brayan Rocchio,688,0.0322946587659747,0.0319467301147504,0.0300647043796454,-0.0175439136568281,0.0129105042346575,0.0511327691332053,0.0825901491445207,0.5958,0.594,0.8678,0.3144,0.124,0.0608,244.0,121.0,387.0,23.0,537.0,587,136,76.96245733788396,514.0,Positive tendency,2025,-1.157786942254306,-1.234627909525255,-0.10268242296820151
542303,Marcell Ozuna,1011,0.0322625082410622,0.0319924441911103,0.0282128873657105,-0.0141436656616986,0.0134603437355229,0.0504531115776911,0.0786991629268225,0.6052,0.6014,0.8792,0.3048,0.1084,0.043,244.0,121.75,381.25,31.950000000000017,522.0,587,137,76.79180887372014,490.04999999999995,Positive tendency,2025,0.1157688326268118,-0.3529943895201448,-0.1816247554245286
700250,Ben Rice,869,0.0322387247821975,0.0322452914643121,0.0275380137562755,-0.011995621956551,0.0141231444481931,0.0502595327875942,0.0786459811088235,0.6034,0.6014,0.8852,0.2952,0.1068,0.0404,243.0,126.0,378.0,33.0,517.0500000000002,587,138,76.62116040955631,484.0500000000002,Positive tendency,2025,1.8387878282549548,0.9296617800438528,-0.19855080532575264
668800,Andrew Knizner,150,0.032218505447682,0.0311348151177446,0.0323246661789131,-0.0193646856311953,0.0115600133647113,0.0527160892333169,0.085858252055194,0.5782,0.5784,0.8486,0.3192,0.1394,0.0676,248.0,109.0,401.0,20.0,540.0,587,139,76.45051194539249,520.0,Positive tendency,2025,,,
663609,Luken Baker,73,0.0321857906434137,0.0310685570180436,0.0321890236175532,-0.0210068889775679,0.0118937314106707,0.0529925507343266,0.0855497556427312,0.5712,0.571,0.8522,0.3242,0.1392,0.0672,247.0,112.0,392.0,21.0,544.0,587,140,76.27986348122867,523.0,Positive tendency,2025,,,
680728,Adrian Del Castillo,247,0.0321829811547349,0.0315306404417014,0.0299666268423048,-0.0163526944445903,0.0125243909176397,0.0510306336688433,0.0817147993793229,0.5914,0.5902,0.867,0.3094,0.1262,0.0572,249.0,120.0,390.0,25.0,533.0,587,141,76.10921501706484,508.0,Positive tendency,2025,,,
682988,Tyler Locklear,232,0.0321374192715395,0.0316018465765544,0.0316064619536878,-0.0189253959632545,0.0115789124172897,0.0519641083068388,0.0846629364396572,0.5878,0.5888,0.856,0.3152,0.1304,0.0632,244.0,116.0,394.25,22.0,538.0500000000002,587,142,75.93856655290102,516.0500000000002,Positive tendency,2025,,,
687637,Dylan Beavers,215,0.0320555128446757,0.0313431821883505,0.0317663879180802,-0.0191854215436845,0.0113252764899998,0.052301877427522,0.0855917250146826,0.5852,0.5846,0.8526,0.3176,0.1334,0.0636,245.5,113.0,399.0,22.0,540.0,587,143,75.7679180887372,518.0,Positive tendency,2025,,,
592192,Mark Canha,228,0.0320537613401863,0.0312598963687705,0.0318396373931892,-0.0194479410292958,0.0110899440869664,0.0531238799117343,0.0857200897421081,0.583,0.5806,0.8476,0.32,0.1328,0.0694,248.0,114.0,399.25,20.0,541.0,587,144,75.59726962457339,521.0,Positive tendency,2025,,,
596019,Francisco Lindor,1308,0.0320468338691132,0.0314551428077388,0.0279178868494223,-0.0136217976821178,0.0136137410325558,0.0505559412597158,0.078816732620159,0.586,0.587,0.8764,0.2982,0.1134,0.0448,247.0,124.0,381.0,30.0,526.0,587,145,75.42662116040955,496.0,Positive tendency,2025,0.2281194467874573,0.3611866106557626,0.44781611078904626
665750,Leody Taveras,336,0.0319988887425771,0.0312641292744405,0.0309036498490794,-0.0178211687403834,0.0119498313577169,0.051950188327301,0.0834783682428422,0.5852,0.5836,0.851,0.3108,0.1298,0.0574,248.0,117.0,392.0,23.0,535.0,587,146,75.25597269624573,512.0,Positive tendency,2025,,,
695734,Daylen Lile,664,0.0319943532529206,0.0319209768013984,0.0299351795131032,-0.0169702125108834,0.0120722076730674,0.0509819382328945,0.0819980482135045,0.585,0.5884,0.8616,0.3116,0.1172,0.0542,243.0,119.0,396.25,25.0,533.0,587,147,75.08532423208192,508.0,Positive tendency,2025,-0.4648983701027487,-0.3293941901586452,0.2799420444263861
678662,Ezequiel Tovar,859,0.0318205125986056,0.0316013305909164,0.0282875163490337,-0.0141023243567462,0.0131028589255327,0.0501320790749133,0.0791159299916391,0.5956,0.5944,0.8742,0.2946,0.1084,0.0458,246.0,126.75,385.0,28.0,525.0500000000002,587,148,74.91467576791808,497.0500000000002,Positive tendency,2025,-0.4375981201916453,-1.441784352822678,-0.8530392547610678
691023,Jordan Walker,758,0.031814508451056,0.0314573743318409,0.0306396119973915,-0.0183933752429793,0.011846625952825,0.0514799306760034,0.0820238289029249,0.5872,0.585,0.8558,0.3084,0.1308,0.0642,247.0,118.0,393.0,23.0,541.0,587,149,74.74402730375427,518.0,Positive tendency,2025,0.2619039152681942,1.1826878436999355,1.2438355037356625
691720,Kyle Karros,273,0.0317730821298812,0.0312635782795942,0.0318275391164253,-0.019425283493353,0.0115767420189089,0.0521722492744043,0.0843503218497516,0.5742,0.5738,0.8552,0.3112,0.1356,0.067,248.0,116.0,398.0,22.0,542.0,587,150,74.57337883959045,520.0,Positive tendency,2025,,,
700246,Carson Williams,196,0.0317434388610979,0.0313950572754752,0.0307123506901561,-0.0188529906976798,0.0119856621482181,0.0514738549889541,0.082193140308182,0.5864,0.5854,0.8566,0.3052,0.1272,0.0624,243.0,118.0,394.0,24.0,538.0,587,151,74.40273037542661,514.0,Positive tendency,2025,,,
595978,Austin Hedges,337,0.0317327870266756,0.0311113608953904,0.031667472444113,-0.0212049377516095,0.0114252528527817,0.0525076705911066,0.0846780471204057,0.58,0.584,0.8552,0.3122,0.1334,0.0678,247.0,116.0,393.0,22.950000000000017,544.0,587,152,74.2320819112628,521.05,Positive tendency,2025,,,
695578,James Wood,1145,0.0317081931867174,0.0312225149295537,0.0282408758806782,-0.0135232702525231,0.0129966365968841,0.0493034275487797,0.0786164586134279,0.5856,0.5854,0.8776,0.2932,0.1092,0.0482,249.0,128.0,385.25,28.0,527.0,587,153,74.06143344709898,499.0,Positive tendency,2025,1.7816482236997853,2.311319941930013,1.2262047421931768
671739,Michael Harris II,1188,0.0315816752334238,0.0313839173380809,0.0289484616982634,-0.0163081481937919,0.012816476446294,0.0504200151270965,0.0793889946346533,0.5898,0.589,0.867,0.3006,0.1104,0.0504,246.0,123.0,386.0,30.0,529.0,587,154,73.89078498293516,499.0,Positive tendency,2025,0.4848944955969083,0.6554408531220797,0.5483984966584352
664059,Sam Haggerty,312,0.0315750043184006,0.0310108744331448,0.029894133128135,-0.0174584584672165,0.0121752721984963,0.0506998302964972,0.0802809068658915,0.5842,0.5886,0.8596,0.299,0.1168,0.059,250.0,120.0,390.0,27.0,537.0,587,155,73.72013651877133,510.0,Positive tendency,2025,,,
701358,Cam Smith,977,0.0315260501856612,0.031164706837594,0.0284947559644409,-0.0142410817338071,0.0128647482581363,0.0495923279155606,0.0795135952269421,0.5872,0.5884,0.872,0.2958,0.1072,0.0458,250.0,129.0,384.0,30.0,525.0,587,156,73.54948805460751,495.0,Positive tendency,2025,-0.6241255444114732,0.2887375646243518,1.0181704464967043
678894,Liover Peguero,137,0.0315222327755833,0.0305159303486571,0.0314206390183733,-0.0188018058048561,0.0113727160521944,0.0520062650575589,0.0848236228339363,0.5652,0.5636,0.8546,0.3044,0.1354,0.066,253.0,119.0,397.0,23.0,541.0,587,157,73.37883959044369,518.0,Positive tendency,2025,,,
665487,Fernando Tatis Jr.,1152,0.0314458611240119,0.0310417061462688,0.0284397169126953,-0.0145275177346142,0.0128960682184935,0.0494390928473014,0.0790290815073401,0.5838,0.5848,0.8726,0.2908,0.1078,0.0454,248.0,128.75,391.0,30.0,523.0500000000002,587,158,73.20819112627986,493.0500000000002,Positive tendency,2025,1.2787153377881313,1.731583664012187,1.0258041754738445
683357,Owen Caissie,61,0.0314303242283327,0.0308247657047584,0.0317751732266516,-0.0195421165565297,0.0108005263006758,0.0511555058067056,0.0846671227887642,0.5754,0.575,0.8484,0.3084,0.1286,0.0666,249.5,119.0,400.0,22.0,543.0,587,159,73.03754266211604,521.0,Positive tendency,2025,,,
678877,Jhonkensy Noel,337,0.0314172186041318,0.0308236927287079,0.0313445136916015,-0.0193193873056052,0.0102230739956781,0.0517698797860218,0.0839885575873003,0.5748,0.5744,0.8476,0.3086,0.1352,0.0654,250.0,113.0,401.0,23.0,541.0,587,160,72.86689419795222,518.0,Positive tendency,2025,,,
665052,Griffin Conine,153,0.0314077370937479,0.0304083614397586,0.0309499625981644,-0.0195921398914932,0.0121215784931055,0.0513736542759564,0.0823734243227131,0.5758,0.5732,0.8632,0.3042,0.1196,0.066,253.0,120.0,394.25,25.0,541.0,587,161,72.6962457337884,516.0,Positive tendency,2025,,,
671277,Luis García Jr.,970,0.0313882956266522,0.031314854414823,0.0275579402252474,-0.0136966746208109,0.0129704974336528,0.0491986366644572,0.0770947759021356,0.5868,0.5886,0.8754,0.288,0.1032,0.0446,248.0,130.0,384.0,34.0,524.0,587,162,72.52559726962457,490.0,Positive tendency,2025,0.3068816877564068,0.7340755929957987,0.7612988949454307
665877,José Fermín,96,0.031386518931039,0.031001007302338,0.0323266410053891,-0.0206012893774601,0.0103938450682205,0.0518729141782926,0.0863032650307296,0.5712,0.5698,0.8436,0.3116,0.1382,0.0686,252.0,116.0,404.0,20.0,545.0,587,163,72.35494880546075,525.0,Positive tendency,2025,,,
608701,Rob Refsnyder,359,0.0313363350629852,0.0306421892144598,0.0304443878809666,-0.0185978946357462,0.0112011548356935,0.0509755115810218,0.0818975414907475,0.5804,0.5792,0.858,0.302,0.1192,0.0614,251.0,121.0,397.0,24.0,539.0,587,164,72.18430034129693,515.0,Positive tendency,2025,,,
543592,Austin Nola,70,0.031318274346491,0.0306319605722805,0.0319945179936187,-0.0218712911988982,0.0111952244547926,0.0521978375247,0.084759031977187,0.5778,0.5754,0.8436,0.3066,0.1322,0.0744,251.0,114.0,401.0,21.0,548.0,587,165,72.0136518771331,527.0,Positive tendency,2025,,,
671284,Tim Elko,142,0.0310854868791424,0.0303643806006293,0.0314794450645167,-0.0202949425668907,0.0107088452948882,0.0514501719792052,0.0842132581752844,0.569,0.5702,0.8518,0.3104,0.1254,0.0664,255.0,118.0,400.0,24.0,541.0500000000002,587,166,71.84300341296928,517.0500000000002,Positive tendency,2025,,,
682927,Ronny Simon,147,0.0308906242959961,0.0305207136137845,0.0317273805009928,-0.0201885502407735,0.0100945353863003,0.0517322165537657,0.0835803682789929,0.5666,0.5624,0.8438,0.306,0.1286,0.0722,256.0,119.0,404.0,23.0,545.0,587,167,71.67235494880546,522.0,Positive tendency,2025,,,
593428,Xander Bogaerts,825,0.0307149575841131,0.0304371287098978,0.0301548397184841,-0.0188016727026264,0.0110053516762169,0.0499311170920396,0.0812814813603893,0.5744,0.5744,0.8516,0.289,0.1196,0.063,253.0,126.75,398.0,25.0,538.0500000000002,587,168,71.50170648464164,513.0500000000002,Positive tendency,2025,0.2579705135086865,0.0307846733790205,0.09489909060177784
665833,Oneil Cruz,904,0.030690756883585,0.0305782429154176,0.0273716792609718,-0.0136711738831918,0.0122360627260824,0.0488391768223217,0.0756944342466228,0.5764,0.5808,0.871,0.2774,0.0982,0.0466,252.0,134.0,394.0,34.0,525.0,587,169,71.33105802047781,491.0,Positive tendency,2025,1.7627492812420271,1.276248521825886,0.20538779615295577
642851,Austin Wynns,219,0.030682539466767,0.0298247763237386,0.0316637287510696,-0.0213600789950815,0.0104019652606417,0.0503212728366787,0.0830948172128488,0.5606,0.5602,0.8492,0.3,0.1234,0.0676,258.0,122.0,404.25,23.0,544.0,587,170,71.160409556314,521.0,Positive tendency,2025,,,
578428,Jose Iglesias,594,0.0306775147089485,0.0304834825351303,0.0318355422840526,-0.0215269723457946,0.0101835087097161,0.0510159823776178,0.0838123030104962,0.568,0.569,0.8404,0.3066,0.1282,0.0734,252.0,119.0,405.0,24.0,546.0,587,171,70.98976109215018,522.0,Positive tendency,2025,,,
666134,Nolan Jones,762,0.0306739982184047,0.0304412583664108,0.0287460607627858,-0.0153813893107336,0.0116448497795105,0.0499239443361693,0.0772127201978023,0.5694,0.5702,0.8638,0.2902,0.1012,0.053,252.5,127.0,396.0,34.0,531.0500000000002,587,172,70.81911262798634,497.0500000000002,Positive tendency,2025,,,
690291,Jace Jung,102,0.0305778508112876,0.029602606173814,0.0321512862025154,-0.0211936401433163,0.0097176945415589,0.0511898053761764,0.0832827597388298,0.5606,0.5594,0.837,0.3048,0.1304,0.0702,260.0,117.75,411.0,22.0,544.0,587,173,70.64846416382252,522.0,Positive tendency,2025,,,
694376,Shay Whitcomb,69,0.0305081616084558,0.0298669122172668,0.0314482495972342,-0.0192627927917228,0.0091514646401245,0.0507080152657542,0.0834141234298356,0.5608,0.5622,0.8394,0.295,0.126,0.0694,256.0,124.0,411.0,25.950000000000017,542.0,587,174,70.4778156996587,516.05,Positive tendency,2025,,,
670223,Matt Mervis,289,0.0305060896132132,0.029752539867269,0.0315715244424639,-0.0198390209139341,0.0096471398751946,0.0513222151957316,0.0837860920958527,0.5584,0.5572,0.8378,0.3014,0.13,0.069,260.0,121.0,407.0,23.0,541.0500000000002,587,175,70.30716723549489,518.0500000000002,Positive tendency,2025,,,
680737,Michael Helman,211,0.0304835893164126,0.0296375681639251,0.0318068726210773,-0.0202230918233288,0.0094979017652686,0.0506892696501722,0.0830736594945654,0.5618,0.562,0.841,0.2924,0.1256,0.0762,255.5,126.0,408.0,24.0,545.0,587,176,70.13651877133105,521.0,Positive tendency,2025,,,
669224,Austin Wells,894,0.0304803027311635,0.030083044429305,0.0280153139524774,-0.0148108382727182,0.0125716891094276,0.0483408023699587,0.0773545916276876,0.5694,0.5718,0.8662,0.2744,0.102,0.05,259.5,136.0,391.0,33.0,528.0500000000002,587,177,69.96587030716724,495.0500000000002,Positive tendency,2025,-0.1906242078811841,-0.2569377609402497,0.1455279600948592
666181,Will Benson,470,0.0304725783365238,0.0297151483681978,0.0305396624921995,-0.0189571983035521,0.0100208020515924,0.0501673349958148,0.0816503419963169,0.5562,0.5576,0.8502,0.2942,0.1188,0.0648,260.5,125.75,406.0,24.0,540.0500000000002,587,178,69.79522184300342,516.0500000000002,Positive tendency,2025,,,
642086,Dominic Smith,413,0.0304337490734691,0.0298637370528965,0.0302424862831077,-0.0191581063553879,0.0106851484152634,0.0496411716318605,0.0804819908059454,0.566,0.5656,0.849,0.29,0.1196,0.068,259.0,127.0,401.0,28.0,541.0,587,179,69.62457337883959,513.0,Positive tendency,2025,-0.6910777630954887,-0.8424745504507547,-0.06254314640524772
686527,Dominic Canzone,513,0.0302726570370335,0.0295300086901807,0.0299195896346047,-0.019075120951012,0.0111973213630206,0.0499703119778766,0.081078061871158,0.5618,0.5586,0.854,0.287,0.118,0.0618,260.0,126.0,399.25,27.0,537.0500000000002,587,180,69.45392491467577,510.0500000000002,Positive tendency,2025,1.0664202614867135,0.6411485274369184,0.09549200164093086
592885,Christian Yelich,1170,0.0302465533129229,0.0300327921336099,0.027294505231556,-0.0150934656091073,0.0121246697635322,0.0476866443196874,0.0757996595049674,0.581,0.578,0.8692,0.2672,0.099,0.051,257.0,138.0,391.0,34.0,529.0,587,181,69.28327645051195,495.0,Positive tendency,2025,0.2978469410077867,-0.4723823606890848,-0.43834462647743505
664702,Myles Straw,476,0.030236095063627,0.0298894072908425,0.0315226461133738,-0.0206974389017252,0.0098284738930057,0.0506400257226378,0.0823970372320576,0.5664,0.5654,0.844,0.2954,0.1208,0.071,260.0,123.0,407.25,22.0,544.0,587,182,69.11262798634812,522.0,Positive tendency,2025,-1.5443166449282464,-1.7087003770460736,-0.28521595205317074
681807,David Fry,321,0.0301707097031084,0.0294917192570382,0.0316764294158383,-0.0213442714866126,0.0099202800466035,0.0499839164901848,0.084181338979966,0.5566,0.5566,0.8412,0.2906,0.124,0.072,262.0,125.0,405.0,22.0,548.0,587,183,68.9419795221843,526.0,Positive tendency,2025,,,
606466,Ketel Marte,936,0.0301407819695609,0.0295866618823641,0.0291064901662521,-0.0172046978820082,0.0112288221574163,0.0493598297604062,0.0784248660219934,0.5642,0.5686,0.8536,0.2786,0.1058,0.0586,258.0,133.0,397.0,31.0,536.0,587,184,68.77133105802048,505.0,Positive tendency,2025,1.4926681222046423,0.823754863384632,-0.043397909568028914
668709,JJ Bleday,576,0.0300238760057317,0.0297828668281984,0.0294583403624637,-0.0173657068745171,0.0110968042110254,0.0490298932869808,0.0791374831951239,0.5628,0.5618,0.8528,0.2776,0.1058,0.0634,259.0,133.0,400.0,29.0,537.0,587,185,68.60068259385666,508.0,Positive tendency,2025,-0.3470292225904534,0.0737923786510065,0.5942261410525208
663662,Daz Cameron,84,0.0300127616209767,0.0295364164615373,0.0318642160173059,-0.0215208531991594,0.0091128790492296,0.0502876963143485,0.0823163686240107,0.5594,0.5568,0.8384,0.2972,0.121,0.071,261.0,124.0,412.25,27.0,547.0,587,186,68.43003412969283,520.0,Positive tendency,2025,,,
663457,Lars Nootbaar,897,0.0298976061485965,0.0293810839506181,0.0294054711656049,-0.0179441562935547,0.010799497672417,0.0490149581428532,0.0794600668602825,0.563,0.5592,0.8478,0.2828,0.1082,0.0628,262.0,130.0,400.25,30.0,539.0,587,187,68.25938566552901,509.0,Positive tendency,2025,0.418968125377212,0.7009735426747467,0.6436559650723848
677870,Leo Jiménez,58,0.0298212339789122,0.0290060560682388,0.032959567770851,-0.0244700244670515,0.0090007022008754,0.050658576277678,0.0855299606766568,0.5588,0.5594,0.8274,0.2928,0.128,0.0806,263.0,122.0,415.0,21.0,551.0,587,188,68.08873720136519,530.0,Positive tendency,2025,,,
608671,Travis Jankowski,80,0.0297972404687921,0.0300482811376215,0.0322389863810777,-0.0236257124496648,0.0093855389084435,0.0499299000774165,0.081569763637702,0.563,0.5648,0.8362,0.2916,0.1196,0.0774,257.0,125.0,412.25,24.0,553.0,587,189,67.91808873720136,529.0,Positive tendency,2025,,,
608070,José Ramírez,1191,0.0297824362545107,0.0298354133672471,0.0292252126178746,-0.0185007097408819,0.0108656418813963,0.0487328819470264,0.0781609702922263,0.5636,0.5622,0.852,0.2778,0.1002,0.0606,260.0,132.0,398.0,30.950000000000017,536.0,587,190,67.74744027303754,505.04999999999995,Positive tendency,2025,0.0246551592799669,-0.1169310542676808,0.1231608110582153
670623,Isaac Paredes,726,0.0296892639005155,0.0287711526392947,0.032014317685164,-0.0220492422643999,0.0089648546328144,0.0498187566193999,0.0837960179142856,0.5466,0.55,0.8288,0.2866,0.1282,0.0758,265.5,128.0,416.25,23.0,548.0,587,191,67.57679180887372,525.0,Positive tendency,2025,-0.2183334238924757,-0.7547803072506445,-0.331414988164112
664238,Dylan Moore,480,0.0296649895576277,0.0294953648811656,0.0298421335087887,-0.0179623921457643,0.0103246484806645,0.0476699679689807,0.0797356636742642,0.562,0.5606,0.8492,0.2734,0.1076,0.063,263.0,136.0,403.25,27.0,539.0500000000002,587,192,67.4061433447099,512.0500000000002,Positive tendency,2025,,,
605131,Austin Barnes,69,0.0296644425149474,0.0296581544334714,0.0328943546167362,-0.024728300156827,0.0084435429276299,0.0510426221420143,0.0839394930162439,0.5534,0.5504,0.823,0.2984,0.1272,0.0844,260.0,122.0,414.25,23.0,551.0,587,193,67.23549488054607,528.0,Positive tendency,2025,,,
807799,Masataka Yoshida,317,0.0296346835422137,0.0290189350364038,0.0318398820140904,-0.0225432409273804,0.0091100597490958,0.0498239381674516,0.0827758979346308,0.55,0.5454,0.8334,0.2884,0.1198,0.0768,266.5,127.0,413.0,25.0,547.0500000000002,587,194,67.06484641638225,522.0500000000002,Positive tendency,2025,0.4473418472617451,-0.1529153500858928,-0.23163372742102117
669003,Garrett Mitchell,131,0.0296235770323407,0.0295290894417213,0.032710438781717,-0.0239344180370328,0.0087283240832746,0.0509427006100422,0.0830440532471406,0.5572,0.5556,0.8246,0.2984,0.1274,0.079,263.0,123.0,417.0,24.0,549.0,587,195,66.89419795221843,525.0,Positive tendency,2025,,,
642136,Matt Thaiss,366,0.0295927375676464,0.028932785798233,0.0311655084158085,-0.0213579816038163,0.0099173149159317,0.04946663925917,0.0820760423256378,0.554,0.5546,0.8364,0.2886,0.1178,0.074,264.0,127.0,407.0,26.0,546.0,587,196,66.7235494880546,520.0,Positive tendency,2025,,,
679845,Nick Loftin,306,0.0295682489536584,0.029512796097566,0.0308434914452965,-0.0215637003996076,0.0096246078485821,0.0498039450817252,0.079822508521573,0.559,0.5582,0.8404,0.2894,0.113,0.0692,260.0,129.0,412.0,27.0,548.0,587,197,66.55290102389078,521.0,Positive tendency,2025,,,
681962,Vinny Capra,157,0.0294701516336636,0.0292592773269825,0.0314807852842437,-0.021610581956163,0.0086670128110969,0.0496838960438022,0.0810788355251444,0.5528,0.5538,0.8382,0.2876,0.1106,0.076,262.0,128.0,411.0,27.0,547.0,587,198,66.38225255972696,520.0,Positive tendency,2025,,,
669234,Justyn-Henry Malloy,220,0.0294217903560851,0.0293029045645388,0.0308897298824321,-0.0206829681162407,0.0094714242843912,0.0496134622510492,0.0806873016107356,0.556,0.559,0.8322,0.286,0.1138,0.073,265.0,130.75,412.0,25.950000000000017,546.0,587,199,66.21160409556315,520.05,Positive tendency,2025,,,
687957,Dustin Harris,90,0.0294147878316772,0.0290370354965156,0.0325036937982792,-0.0232254342429062,0.0086432915579562,0.0501187460587722,0.0845201842387336,0.5468,0.5498,0.8294,0.2928,0.1262,0.0788,263.0,125.0,416.0,23.0,548.0,587,200,66.04095563139931,525.0,Positive tendency,2025,,,
691718,Pete Crow-Armstrong,1352,0.0292959153695614,0.0289452298124153,0.0285829022503869,-0.0170742825463472,0.0107056610109186,0.0475701360764001,0.076265796688703,0.5568,0.5576,0.8506,0.2682,0.0982,0.0582,263.0,139.0,400.25,35.0,536.0,587,201,65.8703071672355,501.0,Positive tendency,2025,0.0927656088071854,0.8114113458195229,1.0001310966243673
596103,Austin Slater,315,0.0291973243872841,0.0289752931375998,0.0309995840539317,-0.0214952118019135,0.008902093268132,0.0498714885286799,0.0806569988222696,0.547,0.5458,0.8312,0.2856,0.1112,0.0696,266.0,131.75,412.0,25.0,545.0,587,202,65.69965870307168,520.0,Positive tendency,2025,,,
665923,Esteury Ruiz,45,0.0291457422460952,0.0292954839122008,0.0326360280759693,-0.0226006715556952,0.0077009812630222,0.0502117129429747,0.0827887486399792,0.555,0.5538,0.8206,0.2898,0.122,0.083,264.0,127.0,422.0,26.0,552.0,587,203,65.52901023890784,526.0,Positive tendency,2025,,,
672275,Patrick Bailey,831,0.0291245018970614,0.0291021708037103,0.0286968376898021,-0.0178286982678491,0.0104774639808336,0.0474544786082547,0.0765417230120946,0.55,0.5524,0.8558,0.2672,0.0964,0.0616,264.0,139.0,402.0,33.0,536.0,587,204,65.35836177474403,503.0,Positive tendency,2025,-1.1031849001423455,-0.4273354616827012,0.6634265885598118
695506,Jac Caglianone,430,0.0290995943423396,0.0290314377347787,0.0304267905095706,-0.0211899664132431,0.0088525362408462,0.0490229815561766,0.0778935390047025,0.55,0.55,0.8386,0.276,0.1058,0.071,263.0,135.0,413.25,31.0,544.0,587,205,65.18771331058021,513.0,Positive tendency,2025,0.5438993474165221,1.4089306156409167,1.2573840160542906
807712,Luke Keaschall,302,0.0290895892459296,0.0285000308571336,0.0319457297913864,-0.0229249327715849,0.0088162587784947,0.0489469572054648,0.0824622314272291,0.5454,0.5476,0.8318,0.2832,0.1158,0.0738,266.0,130.0,415.0,25.0,547.0,587,206,65.01706484641639,522.0,Positive tendency,2025,-0.7396894641630607,-1.0330063026171763,-0.2164096601003176
683748,Victor Mesa Jr.,73,0.0290496838273848,0.0293225201912998,0.0324141256707741,-0.0236293307523805,0.0077756487396711,0.0500361957826217,0.0828304801302587,0.5514,0.5524,0.8188,0.2918,0.1202,0.084,263.0,122.0,422.0,24.0,550.0,587,207,64.84641638225256,526.0,Positive tendency,2025,,,
668942,Josh Rojas,353,0.0289987004441135,0.0287174609518212,0.0286236828356026,-0.0177080186394717,0.0104502305174551,0.0471801496510181,0.0762760696045353,0.5522,0.5544,0.8486,0.2624,0.0922,0.0602,268.0,141.0,402.0,32.0,537.0,587,208,64.67576791808874,505.0,Positive tendency,2025,,,
642715,Willy Adames,1271,0.0289149604854392,0.0281394403558676,0.0288971333159286,-0.0175472619812416,0.0094969596888199,0.0478806006188006,0.0772610855875627,0.5446,0.5448,0.8454,0.2656,0.0982,0.057,270.0,139.0,412.0,32.0,535.0,587,209,64.50511945392492,503.0,Positive tendency,2025,0.1329385120653171,-0.5437839113029741,-0.38536445951458465
694203,Denzer Guzman,91,0.0288816117460187,0.028220078306793,0.0319574652887614,-0.0227337361719843,0.008080497197332,0.0492562948203925,0.0817186104190732,0.5438,0.542,0.8236,0.2786,0.1192,0.079,267.5,133.0,417.0,24.950000000000017,548.0,587,210,64.33447098976109,523.05,Positive tendency,2025,,,
692216,CJ Kayfus,251,0.0287686384629279,0.0287476019187853,0.0309807565004245,-0.0225699554672402,0.0087782711958441,0.0490676856627634,0.0805099755183008,0.5454,0.546,0.8316,0.2812,0.1126,0.075,267.0,133.0,413.0,27.0,548.0500000000002,587,211,64.16382252559727,521.0500000000002,Positive tendency,2025,,,
527038,Wilmer Flores,862,0.0287300101420332,0.0290233536458919,0.0285624480763197,-0.017594583861923,0.0102797685677665,0.0468119732392282,0.0760102533254976,0.5488,0.5518,0.8518,0.2576,0.0942,0.0568,268.0,144.0,404.25,34.0,535.0,587,212,63.99317406143345,501.0,Positive tendency,2025,,,
622569,Pablo Reyes,56,0.0287139599466786,0.0282173706967483,0.0320043930275107,-0.0231497557969292,0.0080983783232358,0.0492233436958802,0.0824566251180022,0.5448,0.5424,0.8312,0.2792,0.1126,0.082,270.0,130.75,420.0,25.0,551.0,587,213,63.822525597269625,526.0,Positive tendency,2025,,,
592669,Hunter Renfroe,168,0.028710918583034,0.028687288833773,0.0313070636746984,-0.0226882187347987,0.0094897810626233,0.0488478067174058,0.0811164793421886,0.5384,0.5382,0.831,0.2774,0.1102,0.0778,270.0,132.0,412.0,30.0,549.0,587,214,63.6518771331058,519.0,Positive tendency,2025,,,
676480,José Barrero,68,0.0286590696739897,0.0286507188352852,0.030647127931113,-0.0217496500980391,0.0085753796642664,0.0478098380925728,0.0798292047410456,0.5458,0.5464,0.833,0.2746,0.105,0.0734,269.0,136.0,415.0,30.0,545.0,587,215,63.48122866894198,515.0,Positive tendency,2025,,,
669208,Ryan Bliss,65,0.028595538981554,0.0282324939270568,0.0318195641626443,-0.0238179772728774,0.0082707508641754,0.0488789056488745,0.0812775651210915,0.5374,0.5402,0.8246,0.2796,0.1154,0.0816,270.0,132.0,416.0,27.0,551.0,587,216,63.310580204778155,524.0,Positive tendency,2025,,,
608385,Jesse Winker,131,0.0285046671777093,0.0283304835562021,0.0311387517202587,-0.0215254618670065,0.0081880970018022,0.0487106232190614,0.0806161841207553,0.5414,0.5406,0.8224,0.2818,0.1112,0.0722,270.0,134.0,421.0,30.950000000000017,546.0500000000002,587,217,63.13993174061434,515.1000000000001,Positive tendency,2025,,,
656537,Derek Hill,296,0.0284523112824346,0.0287548495309241,0.0301079480879934,-0.0205832279877332,0.0088858265731907,0.0481575432476796,0.0778722067875576,0.5442,0.543,0.8336,0.2716,0.098,0.0698,269.0,136.0,413.0,32.0,543.0,587,218,62.96928327645051,511.0,Positive tendency,2025,,,
642350,Jose Siri,80,0.0283857236136037,0.0282155966814696,0.0326291739182687,-0.0250621685557959,0.0074647966407159,0.0491261490170869,0.082219231302391,0.5392,0.5374,0.8208,0.2818,0.1132,0.0818,268.0,131.0,423.0,26.0,554.0,587,219,62.79863481228669,528.0,Positive tendency,2025,,,
502671,Paul Goldschmidt,988,0.0283557650781132,0.027955717634056,0.0281593277508739,-0.0174262092168135,0.0102620879112779,0.0468783670009431,0.074425459310628,0.5434,0.5408,0.8506,0.2548,0.0908,0.059,271.0,145.0,404.0,39.0,536.0,587,220,62.62798634812287,497.0,Positive tendency,2025,0.2297514134313087,-0.4552856482776869,-0.3698870543842595
640902,Jhonny Pereda,135,0.0283275868789799,0.0276537725852039,0.0327376812469816,-0.0249973660960148,0.0074743294759136,0.0491554554550404,0.0834360082856926,0.5338,0.5354,0.8128,0.2786,0.1198,0.0852,273.0,132.0,425.25,23.0,552.0,587,221,62.45733788395904,529.0,Positive tendency,2025,,,
669257,Will Smith,729,0.0282836163601302,0.0279630600587294,0.0297216648500032,-0.0202659904229345,0.00871457543462,0.0478032862536029,0.0776878480983771,0.5374,0.5372,0.8356,0.266,0.1014,0.0672,274.0,138.0,413.0,32.0,541.0,587,222,62.28668941979522,509.0,Positive tendency,2025,0.7810916622577515,0.3181051403511256,-0.012343093949679973
605141,Mookie Betts,962,0.0282135319318044,0.0272447339497083,0.030017353460226,-0.0195346922151451,0.0084541433606611,0.0478324245355843,0.0782975188620134,0.5238,0.5266,0.833,0.2708,0.1044,0.067,279.0,138.0,418.0,33.0,541.0,587,223,62.1160409556314,508.0,Positive tendency,2025,-0.1486114697481821,0.1933044962233299,0.5640822279749584
664913,Seth Brown,142,0.0281917690518336,0.0281169035559763,0.0319703022832673,-0.0247587094823522,0.0079078889647324,0.049043875876099,0.0807723369644376,0.5394,0.5408,0.8208,0.2782,0.1162,0.0816,271.5,136.0,420.0,28.0,552.0500000000002,587,224,61.94539249146758,524.0500000000002,Positive tendency,2025,,,
699625,Jimmy Crooks,99,0.0281546575520604,0.0276203511097209,0.0306803645594931,-0.0219351125028821,0.0080774396389514,0.0475717844905043,0.0796048253584739,0.5324,0.5306,0.8318,0.2656,0.1046,0.0774,276.0,139.0,415.0,30.0,548.0,587,225,61.774744027303754,518.0,Positive tendency,2025,,,
661388,William Contreras,1172,0.0281417643828445,0.027808288788133,0.0270093902739571,-0.0154624329040981,0.0104565546028118,0.0456056253178649,0.0731947477392966,0.5368,0.5358,0.855,0.2398,0.0834,0.0526,274.0,153.0,403.0,41.0,531.0,587,226,61.60409556313993,490.0,Positive tendency,2025,0.3554622600882131,0.564133871372633,0.5547154136120981
670156,Miles Mastrobuoni,244,0.0281273987178667,0.0279912472321472,0.0305315709707258,-0.0216999475300609,0.0078321919481459,0.0480394082613417,0.0780316324801662,0.5352,0.533,0.8314,0.2664,0.1048,0.08,275.0,138.0,418.0,29.0,548.0500000000002,587,227,61.43344709897611,519.0500000000002,Positive tendency,2025,,,
607732,Jacob Stallings,262,0.0280978572428483,0.0282375690840264,0.0322093452173299,-0.0233226987582469,0.0068231775487205,0.0485189099387722,0.0819158403905084,0.5378,0.5374,0.818,0.2748,0.1138,0.0814,270.0,137.0,425.0,27.0,549.0,587,228,61.262798634812285,522.0,Positive tendency,2025,,,
455117,Martín Maldonado,239,0.0280642405162438,0.027555269010642,0.0317693350617457,-0.0243869438979814,0.0078002442410952,0.0477821389230898,0.0811212251059383,0.533,0.5322,0.8232,0.2636,0.1104,0.084,276.0,139.0,421.0,25.0,550.0,587,229,61.092150170648466,525.0,Positive tendency,2025,,,
678391,Jorbit Vivas,122,0.0280587923124107,0.0277225946464622,0.0322464070351008,-0.0250115989211374,0.0078379120511827,0.0480824489010744,0.081203713651037,0.5376,0.5364,0.8186,0.273,0.1112,0.0846,274.0,135.0,419.0,26.0,553.0,587,230,60.92150170648464,527.0,Positive tendency,2025,,,
664023,Ian Happ,1154,0.0280111542629597,0.02767744592115,0.027399057600596,-0.0166722149426162,0.0094849615507828,0.0460178355063769,0.0734934266523725,0.535,0.5356,0.8526,0.2454,0.083,0.0568,274.0,149.0,408.0,41.0,532.0,587,231,60.75085324232082,491.0,Positive tendency,2025,0.3384305197487835,-0.2746737258673947,-0.2712460414972667
593871,Jorge Polanco,892,0.0279774561339681,0.0272863529567942,0.0272189231367849,-0.0165311241019296,0.0101218711853607,0.0457010536429584,0.0729373487199962,0.5302,0.5294,0.8496,0.2484,0.0782,0.0536,278.0,148.0,404.0,42.0,531.0500000000002,587,232,60.580204778157,489.0500000000002,Positive tendency,2025,,,
686452,Drew Millas,93,0.0279615286303081,0.0267782433340436,0.031894300209025,-0.0234664101044038,0.0078895083074207,0.0478538045401691,0.0813164579683953,0.5224,0.5252,0.8244,0.2672,0.1132,0.08,280.0,136.0,420.0,26.0,548.0,587,233,60.40955631399317,522.0,Positive tendency,2025,,,
645277,Ozzie Albies,1243,0.0279494568212761,0.0275375994841039,0.0281062105804808,-0.0182544798050575,0.0097071799251438,0.0457094932987098,0.0745528355605567,0.5342,0.5368,0.8448,0.2496,0.0866,0.0632,275.0,148.0,410.0,37.0,538.0500000000002,587,234,60.23890784982935,501.0500000000002,Positive tendency,2025,-0.965325285456226,-1.2438667323727717,-0.25708490781726145
681351,Logan O'Hoppe,897,0.027947058703099,0.0270904143247295,0.0296071301773514,-0.0200404206368977,0.0089358860148444,0.0467614594920397,0.0760618404781608,0.5262,0.527,0.8338,0.2512,0.0986,0.0722,279.0,146.0,414.0,34.0,543.0,587,235,60.06825938566553,509.0,Positive tendency,2025,0.3058222211548534,-0.4499130805822743,-0.421890678935547
592450,Aaron Judge,1126,0.0279267490314888,0.0277600616296333,0.0268810793662138,-0.0161658227416115,0.0103272286707418,0.0451571975933774,0.0719284521372195,0.5406,0.5398,0.8532,0.2442,0.0786,0.057,275.0,151.0,405.0,41.0,533.0,587,236,59.89761092150171,492.0,Positive tendency,2025,3.03397748696163,1.6211477175928124,-0.40853329806397687
665861,Sebastián Rivero,78,0.0279182518985575,0.0284467318792031,0.0331031654115649,-0.0272377551400948,0.0069327862414119,0.0493198064599283,0.0809974974402635,0.5392,0.5418,0.8096,0.283,0.1178,0.0908,270.0,131.0,425.0,25.0,557.0,587,237,59.72696245733788,532.0,Positive tendency,2025,,,
666152,David Hamilton,310,0.0278792102739027,0.0276458900919415,0.0309529161530941,-0.0228813812071016,0.0079971483729034,0.0478708424300331,0.0777991334705286,0.534,0.531,0.8278,0.2692,0.1054,0.0776,274.0,137.0,420.25,31.0,547.0,587,238,59.55631399317406,516.0,Positive tendency,2025,,,
672695,Geraldo Perdomo,1130,0.0278208463941525,0.0274066095064154,0.0292409378249543,-0.0207844186471641,0.0090829140341284,0.0467863237722155,0.0767020506366338,0.5298,0.5314,0.8368,0.2606,0.0878,0.0706,278.0,143.0,414.0,36.0,540.0,587,239,59.38566552901024,504.0,Positive tendency,2025,-0.527927260932005,-1.0637656244643188,-0.40689002667890994
641943,Joshua Palacios,281,0.0277513329360307,0.027967243045252,0.0309375499980964,-0.0226740846791127,0.0084134744205051,0.0469408534106368,0.0788674336722744,0.5308,0.5324,0.829,0.258,0.0976,0.0776,274.0,142.0,417.0,31.0,549.0,587,240,59.215017064846414,518.0,Positive tendency,2025,,,
678225,Jihwan Bae,45,0.0277132032763176,0.0272706736207971,0.0322597155207115,-0.0244149085551911,0.0075548787055915,0.0484679524962398,0.0809717804617005,0.5256,0.5282,0.8194,0.27,0.1128,0.084,277.0,135.0,421.25,27.0,555.0,587,241,59.044368600682596,528.0,Positive tendency,2025,,,
671221,Drew Waters,438,0.0275927967997505,0.0273000443204054,0.0310211852157572,-0.0233368991522756,0.0075051983655457,0.0472835066295417,0.0791456255260745,0.5284,0.5284,0.8176,0.2672,0.1,0.0838,276.0,139.0,424.0,29.0,552.0,587,242,58.87372013651877,523.0,Positive tendency,2025,,,
680474,Max Schuemann,358,0.0275633595642409,0.027152115760236,0.0310536130389283,-0.0228177415114834,0.0074208924032346,0.0468490727816995,0.078859759634815,0.5252,0.524,0.816,0.2572,0.104,0.0824,278.0,143.0,422.0,31.0,548.0,587,243,58.70307167235495,517.0,Positive tendency,2025,,,
545121,Ildemaro Vargas,209,0.0275512087743135,0.0274907561468413,0.0314839702531348,-0.0243547301126743,0.0073804131766944,0.0477713696944569,0.0783577253286903,0.5332,0.5306,0.8164,0.2702,0.1056,0.0842,275.0,138.0,423.0,30.950000000000017,551.0,587,244,58.532423208191126,520.05,Positive tendency,2025,,,
666397,Edouard Julien,348,0.0274931590959866,0.0275470756490346,0.0294910535962287,-0.0214107867822124,0.0084511920496113,0.0467241712489934,0.0749229974631929,0.5288,0.531,0.8322,0.2578,0.0908,0.0736,277.0,143.75,417.0,36.0,545.0,587,245,58.3617747440273,509.0,Positive tendency,2025,-0.1876806094157564,-0.120457735288615,0.27978778490331035
656775,Cedric Mullins,957,0.0273743765755045,0.0274555163354659,0.028677669248209,-0.0192294818457665,0.0083360044471581,0.0463872229472399,0.0740048833151585,0.5376,0.537,0.829,0.2518,0.0842,0.0672,274.0,147.0,415.0,38.0,541.0,587,246,58.19112627986348,503.0,Positive tendency,2025,-1.0361724088559914,-1.3268127502973923,-0.2865946826684109
702284,Cole Young,439,0.0273335624273202,0.0272131849402185,0.0294473420087207,-0.0207813425291125,0.0079250820391317,0.0461086324820894,0.0763110830983862,0.5264,0.5276,0.8286,0.2522,0.0884,0.0722,277.0,147.0,418.0,36.0,544.0,587,247,58.02047781569966,508.0,Positive tendency,2025,-1.0314485853955528,-0.5680775010091426,0.4685776360934457
665828,Oswaldo Cabrera,208,0.0273224907602235,0.02696165364541,0.0320041454158727,-0.0243538314591994,0.0060084190329553,0.0476122723129788,0.0803809517340778,0.522,0.5198,0.8126,0.2678,0.1066,0.0844,280.5,138.0,432.0,28.0,554.0,587,248,57.84982935153584,526.0,Positive tendency,2025,,,
592178,Kris Bryant,81,0.0272905528299268,0.0272762129246828,0.0323105297188265,-0.0245923243042037,0.0061867854828829,0.0477662323969131,0.0807138550039393,0.527,0.5264,0.8092,0.2704,0.1096,0.0842,279.0,136.0,429.0,28.0,550.0,587,249,57.67918088737201,522.0,Positive tendency,2025,,,
669717,Will Wilson,191,0.0272810090837392,0.027081177422744,0.0307691216273385,-0.0224438549537755,0.007508866151894,0.0466966969648091,0.0781567959934316,0.5258,0.5264,0.8222,0.2628,0.0956,0.0814,279.0,142.0,423.0,32.0,551.0,587,250,57.508532423208194,519.0,Positive tendency,2025,,,
691785,Marcelo Mayer,255,0.0272754576919827,0.0274072006096779,0.0300950571455111,-0.0220690733324951,0.0080822035869594,0.0467975030577129,0.076111611831423,0.5324,0.5296,0.825,0.2596,0.0936,0.0738,277.5,143.75,417.0,34.0,545.0500000000002,587,251,57.33788395904437,511.0500000000002,Positive tendency,2025,,,
669288,Daniel Johnson,104,0.0272502606667325,0.0270084600109799,0.0320247459318506,-0.0246004049744681,0.006954317151743,0.0475783490232272,0.0803708906426068,0.5234,0.5202,0.8166,0.2684,0.1072,0.0834,281.0,137.0,423.25,28.0,552.0500000000002,587,252,57.16723549488054,524.0500000000002,Positive tendency,2025,,,
682641,Luis Matos,348,0.0272470239430787,0.026782280063903,0.0309150625404451,-0.0239309806092013,0.007689779146085,0.0469139361340095,0.0785096123396283,0.5258,0.5246,0.825,0.2578,0.101,0.0822,280.0,143.0,420.0,30.0,552.0,587,253,56.996587030716725,522.0,Positive tendency,2025,,,
671655,George Valera,84,0.0271372239873659,0.0266166986467512,0.0317152172584875,-0.0247152391346968,0.0064945154409695,0.0477717862204422,0.0795971169980719,0.5166,0.5152,0.8172,0.2678,0.106,0.0802,283.0,136.0,429.0,30.0,551.0,587,254,56.8259385665529,521.0,Positive tendency,2025,,,
694377,Nick Yorke,135,0.0270839483361998,0.0270102208019117,0.0310842515224599,-0.0256352908836744,0.0070918760378652,0.0478473470819877,0.0778263193091426,0.5208,0.521,0.8162,0.2656,0.103,0.0842,284.0,138.0,423.25,31.0,553.0,587,255,56.65529010238908,522.0,Positive tendency,2025,,,
682626,Francisco Alvarez,497,0.0270438131542505,0.0265281945635529,0.0298352224821225,-0.022127445249261,0.0079670756423874,0.0461496139508993,0.0766873144562659,0.5184,0.5204,0.8236,0.2492,0.0972,0.0754,283.0,148.0,420.0,35.0,547.0,587,256,56.484641638225256,512.0,Positive tendency,2025,1.309677513396991,0.5979238873838164,-0.13120873481081796
621512,Tomás Nido,68,0.0270266138433409,0.0269462700524852,0.0288804920325328,-0.0211025982419534,0.0083954689269808,0.0461513354112267,0.0740968993106957,0.524,0.5246,0.8304,0.249,0.0802,0.068,280.5,148.0,416.0,40.0,543.0,587,257,56.31399317406143,503.0,Positive tendency,2025,,,
695657,Colson Montgomery,545,0.0270055614393155,0.026987514950586,0.0301802235907211,-0.0220590316316648,0.0075588104122208,0.0458995532926589,0.0761664660531425,0.5188,0.5214,0.8194,0.2466,0.0938,0.0816,282.0,151.0,423.0,33.0,548.0500000000002,587,258,56.14334470989761,515.0500000000002,Positive tendency,2025,0.69439693292162,0.1114039422238581,-0.15365503690770146
682622,Noelvi Marte,645,0.027000319847958,0.0267259749218166,0.0313338134448204,-0.0238701093233202,0.0070403853993789,0.0469818849493172,0.0790541300898144,0.5214,0.518,0.81,0.2618,0.1046,0.0854,283.0,139.0,427.0,31.950000000000017,551.0,587,259,55.972696245733786,519.05,Positive tendency,2025,-0.1360475051288013,-1.1757431225944672,-0.8144417257333807
696030,Alejandro Osuna,319,0.0269952085690586,0.0269174835919437,0.0308660345090885,-0.0224582861278473,0.0066784739213472,0.0464260132877559,0.0783842281276672,0.5192,0.5182,0.8178,0.2568,0.0992,0.0824,283.0,143.0,425.0,30.0,548.0,587,260,55.80204778156997,518.0,Positive tendency,2025,,,
670231,John Rave,299,0.0269681681326748,0.0270191779047319,0.0317239218798,-0.0262551165230952,0.0066337844173287,0.0472105008012603,0.0780744374700266,0.5194,0.52,0.811,0.266,0.0988,0.089,282.0,139.0,430.0,30.950000000000017,551.0,587,261,55.63139931740614,520.05,Positive tendency,2025,,,
456781,Donovan Solano,343,0.0269444741501876,0.0269427463183528,0.0298153116292012,-0.0208074323925651,0.007702992088689,0.0457528577381792,0.0771385902489593,0.5184,0.5236,0.8244,0.2432,0.0936,0.0752,282.0,150.75,421.0,32.95000000000002,545.0,587,262,55.460750853242324,512.05,Positive tendency,2025,,,
669304,Jose F Miranda,63,0.0268822309636434,0.026954614661729,0.0321845771489147,-0.0252173295938223,0.0057403910458272,0.0477135597296707,0.0810843972912214,0.5212,0.5228,0.8034,0.2636,0.1062,0.0922,282.0,140.0,434.0,29.0,555.0,587,263,55.2901023890785,526.0,Positive tendency,2025,,,
666464,Jerar Encarnacion,93,0.026876282928203,0.0261869076639613,0.0323385698845116,-0.025915266042633,0.0058879569659567,0.0474139497158334,0.0807817568792466,0.5138,0.5132,0.8014,0.2626,0.109,0.094,285.0,140.0,433.0,27.0,554.0500000000002,587,264,55.11945392491467,527.0500000000002,Positive tendency,2025,,,
691176,Jasson Domínguez,845,0.0267758739600741,0.0269853812132943,0.0284046032462453,-0.0216399000372326,0.008803965287092,0.0451303307568121,0.0727015429860452,0.5286,0.5262,0.8316,0.2388,0.0788,0.0752,281.0,153.0,418.0,41.95000000000002,546.0,587,265,54.948805460750854,504.04999999999995,Positive tendency,2025,-0.1290284529903618,-0.4858239055398213,-0.12981660896419894
670032,Nicky Lopez,45,0.026726561392407,0.0264014446109209,0.0317669816169372,-0.0257180991638491,0.0064708652192308,0.0469979910445764,0.0800963063172357,0.5122,0.5094,0.8106,0.2614,0.1024,0.0894,287.0,142.0,431.0,29.0,553.0,587,266,54.77815699658703,524.0,Positive tendency,2025,,,
663538,Nico Hoerner,1095,0.0267126901358161,0.0265897716475498,0.0280434698379992,-0.0199181371906857,0.0077367046387847,0.0454516273608205,0.0733148954096771,0.5198,0.5208,0.8316,0.2434,0.0794,0.0664,284.0,151.0,421.0,41.0,541.0,587,267,54.60750853242321,500.0,Positive tendency,2025,-1.0751786492160826,-1.3218356263557305,-0.252197211911779
676356,Jonny DeLuca,110,0.026693687231284,0.0262396502585874,0.0320662681837634,-0.0257343647161415,0.0058739532222825,0.04755105885652,0.0794271632414382,0.5156,0.5142,0.8032,0.2646,0.1064,0.0914,285.0,137.0,432.0,27.0,555.0,587,268,54.436860068259385,528.0,Positive tendency,2025,,,
656577,Alex Jackson,189,0.0266936209820507,0.0265415920747514,0.0317965349689237,-0.0257822964733348,0.0069940226802581,0.0467141462290814,0.079195309669388,0.5182,0.5196,0.8172,0.2554,0.0972,0.0876,282.5,144.0,425.0,31.0,553.0,587,269,54.26621160409557,522.0,Positive tendency,2025,,,
595751,Jorge Alfaro,95,0.0266393367638366,0.0272461380118144,0.030780755160979,-0.0244274770091856,0.0071355104133112,0.0462328297481221,0.0766012922190504,0.5242,0.525,0.8178,0.2504,0.0902,0.0862,280.0,147.0,423.0,34.0,551.0,587,270,54.09556313993174,517.0,Positive tendency,2025,,,
605137,Josh Bell,978,0.026629529588905,0.0262932118120215,0.0270748515316023,-0.0179877264711101,0.0088509605841155,0.0444851823774625,0.0707625713916367,0.5158,0.5166,0.8428,0.2264,0.0722,0.0604,285.0,159.0,411.0,43.0,538.0,587,271,53.924914675767916,495.0,Positive tendency,2025,0.9759243709471545,-0.1021289141574931,-0.5795291696637807
686681,Michael Massey,534,0.0266072077390319,0.026386499520483,0.0299672256959793,-0.0215941097793498,0.0070277169371438,0.0458080765494126,0.0776436865257198,0.5156,0.5128,0.8162,0.2392,0.0906,0.08,285.0,154.0,427.0,33.0,547.0,587,272,53.7542662116041,514.0,Positive tendency,2025,-1.2575085748542123,-0.3353171162867962,0.8718431304973413
663837,Matt Vierling,192,0.026489395561547,0.0263276614424876,0.030813582755404,-0.0233896194775659,0.0059153803837436,0.0462384026564257,0.0782859800460446,0.5162,0.515,0.8108,0.257,0.0964,0.0818,287.0,143.75,432.25,32.0,551.0,587,273,53.58361774744027,519.0,Positive tendency,2025,,,
663647,Ke'Bryan Hayes,922,0.026484112484647,0.0265450819271618,0.0274910070023904,-0.019899390918929,0.0094928225211722,0.0443790745234604,0.0718415083396984,0.5192,0.516,0.8388,0.228,0.076,0.0648,286.0,160.0,411.0,44.0,540.0,587,274,53.41296928327645,496.0,Positive tendency,2025,-0.4214839290897995,-0.0522749895965741,0.524316025259825
518934,DJ LeMahieu,213,0.0264814508150635,0.0264248197814728,0.0303711737033006,-0.0242221561090649,0.0069394766618807,0.0465009989946358,0.0759293299981956,0.517,0.5166,0.8148,0.252,0.088,0.0872,283.5,146.0,425.0,36.0,551.0,587,275,53.24232081911263,515.0,Positive tendency,2025,,,
641658,Garrett Hampson,138,0.0264758696645497,0.026607911768303,0.0316940610988316,-0.0254516189120007,0.0063801738141016,0.0470511540872691,0.0783681308276679,0.518,0.5184,0.8072,0.2586,0.1,0.0928,283.0,144.0,430.0,30.0,556.0,587,276,53.0716723549488,526.0,Positive tendency,2025,,,
669477,Casey Schmitt,663,0.0264692433144104,0.0259973907888371,0.0297162473785932,-0.0222264913052301,0.0078316930975724,0.0454125516359638,0.0754018659534051,0.5122,0.5098,0.822,0.2432,0.0878,0.0812,288.0,151.0,421.0,36.0,548.0,587,277,52.901023890784984,512.0,Positive tendency,2025,0.0097443115245491,0.5326067350483497,0.7839450652531947
669134,Luis Campusano,43,0.0264140166686002,0.0260768542292131,0.0321191729753173,-0.0253558562873757,0.0054050319769074,0.0463186596812842,0.0808137964005727,0.5102,0.5088,0.8028,0.2558,0.1036,0.0874,288.0,144.0,434.0,28.0,553.0,587,278,52.73037542662116,525.0,Positive tendency,2025,,,
521692,Salvador Perez,1277,0.0263969954360529,0.0262149852254603,0.0277296176990163,-0.0192186838408219,0.0083030965176513,0.0441981803376299,0.0720688992796735,0.5126,0.5138,0.835,0.2278,0.072,0.0646,286.0,159.0,417.0,45.95000000000002,538.0,587,279,52.55972696245734,492.04999999999995,Positive tendency,2025,0.851349772515053,-0.261419177156221,-0.6448593930284947
543510,James McCann,241,0.026261975745142,0.0257982303136769,0.0314195999808851,-0.0235168879110162,0.0056441218988851,0.0468204041009712,0.0792106649847606,0.5096,0.5102,0.8044,0.2576,0.1028,0.0926,287.5,144.0,431.0,29.950000000000017,553.0,587,280,52.389078498293514,523.05,Positive tendency,2025,,,
606992,Eric Haase,157,0.0262474164217676,0.0260160079535576,0.0323231482434968,-0.0259260676707517,0.0046366493343587,0.0467903588091751,0.0804876845348622,0.5094,0.5108,0.7982,0.2544,0.105,0.0906,288.0,144.0,437.25,29.0,552.0500000000002,587,281,52.218430034129696,523.0500000000002,Unresolved,2025,,,
691185,Maximo Acosta,93,0.02623176747737,0.0260944654883752,0.0314590196208017,-0.0249921456822209,0.0058681011201994,0.0464315899305593,0.0785036021873001,0.5082,0.51,0.8074,0.2582,0.102,0.092,288.0,142.0,430.0,32.0,554.0,587,282,52.04778156996587,522.0,Positive tendency,2025,,,
670092,Trenton Brooks,90,0.0262171455416185,0.0260748483637227,0.0320900232780347,-0.0264241828179627,0.0057172157727932,0.0467467585111164,0.0799289356423349,0.5104,0.5122,0.797,0.2562,0.1064,0.0914,288.0,143.75,433.25,30.0,553.0,587,283,51.877133105802045,523.0,Unresolved,2025,,,
663853,Romy Gonzalez,653,0.026171518368833,0.0263387672987555,0.0290584171987626,-0.0219734791048386,0.0076430827060708,0.0451373445996851,0.0732087868142958,0.5176,0.5172,0.8196,0.238,0.083,0.0752,285.0,155.0,420.0,41.0,548.0,587,284,51.70648464163823,507.0,Positive tendency,2025,,,
663897,Luke Williams,53,0.0261677783759522,0.0263348514480848,0.0323993403986904,-0.0271487394097201,0.0051540937988556,0.0467269740876639,0.0785198933065105,0.518,0.5158,0.8004,0.258,0.105,0.0976,283.0,143.0,438.0,29.0,557.0,587,285,51.5358361774744,528.0,Positive tendency,2025,,,
676724,Jared Young,89,0.0261012758792957,0.0262739485070957,0.0321388046035898,-0.0250678861014682,0.0053972912905293,0.0465758741984238,0.0787838144592991,0.5066,0.5076,0.8022,0.2572,0.0984,0.0948,290.0,144.0,435.0,30.0,555.0,587,286,51.36518771331058,525.0,Positive tendency,2025,,,
547180,Bryce Harper,1147,0.0260737227514537,0.0256857625747087,0.0260626894038798,-0.0171319125832995,0.0096279086612368,0.042999517243159,0.0692288657296649,0.5068,0.5106,0.845,0.2136,0.0634,0.0578,289.0,165.0,406.0,51.0,535.0,587,287,51.19453924914676,484.0,Positive tendency,2025,0.7181299861438737,0.371312068219205,0.08835250060921218
678011,Anthony Seigler,109,0.0260570367070081,0.0261429052146748,0.0315247085675218,-0.0251281178638894,0.006175721366307,0.0465055716273305,0.0772973362522397,0.512,0.5116,0.8044,0.2512,0.0992,0.0896,287.0,147.0,436.0,33.0,553.0,587,288,51.02389078498293,520.0,Positive tendency,2025,,,
682848,Endy Rodríguez,92,0.0260120945189198,0.0259184813746113,0.0321048651134467,-0.0271925098847424,0.0059740151458622,0.0466450779737846,0.078725023863726,0.5088,0.5098,0.8022,0.2542,0.1042,0.0946,288.0,145.0,432.0,29.0,557.0,587,289,50.85324232081911,528.0,Positive tendency,2025,,,
676070,Jacob Amaya,100,0.0259688111758031,0.0262682536816588,0.0322345074405537,-0.0268244070731254,0.0047905679624945,0.0460718534545926,0.078327310211619,0.5134,0.511,0.7938,0.2534,0.1024,0.0968,285.5,144.0,439.0,30.0,556.0,587,290,50.68259385665529,526.0,Unresolved,2025,,,
687952,Christian Encarnacion-Strand,262,0.025862065729559,0.0256912064324009,0.0311281209576711,-0.0249831889098327,0.0058958397320337,0.0455857758622092,0.077707951745646,0.5028,0.5012,0.8056,0.249,0.094,0.088,293.0,149.0,432.25,34.0,554.0,587,291,50.51194539249147,520.0,Positive tendency,2025,,,
656248,Sean Bouchard,111,0.0257471328609314,0.025236987907043,0.0324163920115933,-0.0263515016149294,0.0047147319394052,0.0466922942179884,0.0795564320205027,0.5012,0.5006,0.7962,0.2524,0.0958,0.0944,293.0,146.0,439.0,28.0,557.0,587,292,50.341296928327644,529.0,Unresolved,2025,,,
808975,Hyeseong Kim,326,0.0257452762479556,0.0258938852313539,0.0311873264983288,-0.0257101065211978,0.0057713350272629,0.0456651588485537,0.0766250409700882,0.5042,0.504,0.8046,0.2468,0.0962,0.0904,291.0,150.0,431.0,33.95000000000002,552.0,587,293,50.170648464163826,518.05,Positive tendency,2025,,,
571912,Luke Maile,91,0.0257039412497641,0.0250459378877677,0.0325110417419468,-0.0273333658947763,0.00496317220251,0.0471713169448615,0.0784767755489803,0.4956,0.499,0.7984,0.2542,0.1024,0.0974,294.0,144.75,439.0,29.0,557.0,587,294,50.0,528.0,Unresolved,2025,,,
656976,Pavin Smith,497,0.0257016135853204,0.0257036804137617,0.0309558062859637,-0.025941658263557,0.0064088794962383,0.0457964696703548,0.076101094864225,0.5048,0.5046,0.8076,0.2476,0.0908,0.0906,291.0,148.0,432.0,34.0,554.0500000000002,587,295,49.829351535836174,520.0500000000002,Positive tendency,2025,,,
592663,J.T. Realmuto,1036,0.0256678524593418,0.0251206364962439,0.0282012436986265,-0.0200498438595566,0.0070984226569841,0.044105424103507,0.0720447745153257,0.5012,0.5008,0.8276,0.226,0.0808,0.0682,293.0,160.0,423.0,42.0,542.0,587,296,49.658703071672356,500.0,Positive tendency,2025,0.0039671431176511,-0.2411432031470272,0.014552540040211503
677592,Everson Pereira,138,0.0256497740932085,0.025729839949608,0.0318130922738364,-0.0268983146045346,0.0055661053661674,0.0461595832293568,0.0772788142343454,0.5044,0.5062,0.796,0.2504,0.0918,0.0956,290.0,147.0,438.0,33.0,559.0,587,297,49.48805460750853,526.0,Unresolved,2025,,,
676609,José Caballero,630,0.0255933793932317,0.0258799600443722,0.0297164820309991,-0.0237296840218427,0.0062324195031595,0.0448873706315581,0.074533650540406,0.509,0.5116,0.8144,0.2382,0.0782,0.0826,287.5,154.0,430.0,39.0,551.0,587,298,49.31740614334471,512.0,Positive tendency,2025,-1.5616773527557384,-1.9320319099786585,-0.49545322005473325
605361,Nick Martini,192,0.0254928453458334,0.0256555911422087,0.0311181345514629,-0.0249373007618935,0.0053067650419372,0.0455781246985832,0.0766669315833073,0.5004,0.5008,0.8,0.2478,0.0924,0.0874,293.0,149.0,436.0,33.0,553.0500000000002,587,299,49.14675767918089,520.0500000000002,Positive tendency,2025,,,
681546,James Outman,275,0.0254076057530452,0.0249401335627462,0.0310048547183361,-0.026097303363919,0.0055073700417459,0.0454045321084061,0.0763493434545158,0.4942,0.4958,0.8044,0.2454,0.093,0.0882,296.0,149.0,432.25,35.95000000000002,553.0,587,300,48.97610921501707,517.05,Positive tendency,2025,,,
694362,Blake Dunn,124,0.0253506999012222,0.0250133035987891,0.0312610515440239,-0.0249324312235586,0.0053119470765728,0.0458648746464549,0.0759729098556427,0.4996,0.4962,0.8016,0.2416,0.0872,0.09,295.0,152.0,432.0,37.95000000000002,553.0,587,301,48.80546075085324,515.05,Positive tendency,2025,,,
571771,Enrique Hernández,517,0.0252278085329979,0.0248166628389978,0.0294614398810019,-0.0228089858171035,0.0059298766716123,0.0446401593543695,0.0752110175393118,0.4926,0.493,0.8084,0.2312,0.081,0.081,298.0,158.0,430.0,39.0,550.0,587,302,48.63481228668942,511.0,Positive tendency,2025,,,
592518,Manny Machado,1311,0.0251719632405747,0.025230062570885,0.0261446003570152,-0.0182382520444957,0.0078409070458888,0.0423937602618603,0.0672076806045933,0.4988,0.501,0.839,0.2062,0.0538,0.0654,293.0,170.0,418.0,56.0,537.0500000000002,587,303,48.4641638225256,481.0500000000002,Positive tendency,2025,0.9390422036162416,0.1215240106182737,-0.3280579741665576
673962,Josh Jung,971,0.0251612599932759,0.0252263329852639,0.0278548683560231,-0.0213267625699251,0.0074942748712802,0.043502205789941,0.0709098807636362,0.4958,0.4982,0.8252,0.225,0.0736,0.072,295.0,166.0,424.0,45.0,545.0,587,304,48.29351535836177,500.0,Positive tendency,2025,-0.2613499567352564,0.1298103874736159,0.585620805173318
671289,Tyler Freeman,712,0.0251382645470042,0.0248993656264893,0.0281521431215094,-0.019978709126612,0.0064984943041854,0.0435456322634343,0.0708936676634309,0.495,0.4956,0.8142,0.2214,0.0738,0.0754,296.0,164.0,428.0,43.95000000000002,544.0,587,305,48.122866894197955,500.04999999999995,Positive tendency,2025,-0.5506243770794407,-1.2146345212054348,-0.5406396875594887
669004,MJ Melendez,117,0.0251241550070063,0.0250779904796175,0.0318388635447585,-0.0262887327737003,0.0046175214052196,0.0447970532470088,0.0785078096229979,0.4942,0.4916,0.7902,0.2414,0.1002,0.0942,297.0,153.0,440.25,30.0,555.0,587,306,47.95221843003413,525.0,Unresolved,2025,,,
683083,Nasim Nuñez,176,0.0250596039043353,0.0248761412102342,0.0323134227936465,-0.0279279988102625,0.0044274850780383,0.0458756185737965,0.0788760512956069,0.4918,0.496,0.79,0.2436,0.0948,0.1034,296.0,151.0,441.0,31.0,557.0,587,307,47.781569965870304,526.0,Unresolved,2025,,,
657041,Lane Thomas,235,0.0249969365791045,0.025062395659221,0.031074499310006,-0.0255639720942182,0.0057167509109704,0.0447546054819267,0.0754969515858584,0.4946,0.4922,0.8012,0.2378,0.0914,0.0916,297.0,155.75,433.0,36.0,556.0,587,308,47.610921501706486,520.0,Positive tendency,2025,,,
679032,Johan Rojas,293,0.0249642831985154,0.0247492039185488,0.0326284343053422,-0.0279255582649252,0.0043975767768227,0.0459854375540953,0.0782986869703209,0.4932,0.4908,0.788,0.2468,0.099,0.0992,298.0,149.0,446.0,30.0,559.0,587,309,47.44027303754266,529.0,Unresolved,2025,,,
702332,Caleb Durbin,777,0.0248166809399191,0.0249613094857471,0.0299740263263897,-0.0250098553318246,0.0054053272372863,0.0440582105678508,0.0740523127979774,0.4968,0.4974,0.8034,0.2296,0.0826,0.084,295.0,159.0,435.0,39.0,553.0,587,310,47.26962457337884,514.0,Positive tendency,2025,-1.2480885410904534,-1.7617853094124831,-0.5617300965352297
702176,Alan Roden,252,0.0248062448450292,0.024992253055676,0.0314060047356838,-0.0266474390610794,0.0040584612683557,0.0450466537867014,0.0764938463393046,0.4982,0.4968,0.7878,0.2378,0.0936,0.0988,295.0,154.0,442.0,35.0,557.0,587,311,47.098976109215016,522.0,Unresolved,2025,,,
493329,Yuli Gurriel,69,0.0247917705168973,0.0250615610676806,0.0323661298853875,-0.0285125360057838,0.004313299654951,0.0456172973057739,0.0782840091818832,0.494,0.4956,0.787,0.241,0.096,0.1012,296.5,153.0,444.0,29.0,559.0,587,312,46.9283276450512,530.0,Unresolved,2025,,,
810938,Ben Williamson,568,0.0247214262010833,0.0247920788361936,0.0299362098081505,-0.0252819740513293,0.0055790047409476,0.0446821115709584,0.0729862259956781,0.4912,0.493,0.8032,0.2326,0.0788,0.0882,297.0,156.0,436.0,40.0,552.0,587,313,46.75767918088737,512.0,Positive tendency,2025,-0.8173994159738373,-0.9149914249214304,-0.039782270351581994
642180,Tyler Wade,194,0.0246808763166116,0.0244961555367369,0.0321745031553976,-0.0268978330452986,0.0036133950840867,0.0460578558515382,0.0772748634000561,0.493,0.4934,0.7854,0.2484,0.093,0.0976,297.0,148.0,443.0,32.95000000000002,557.0,587,314,46.58703071672355,524.05,Unresolved,2025,,,
571448,Nolan Arenado,771,0.0246589673143901,0.0248522283930246,0.0296289899612111,-0.0241985896579654,0.0050471996533789,0.0437685469417875,0.0726438315662554,0.4968,0.4946,0.803,0.2254,0.076,0.087,296.0,160.0,434.25,41.0,550.0500000000002,587,315,46.41638225255973,509.0500000000002,Positive tendency,2025,-0.5207096658539534,-0.6796488117236025,-0.028217064676076098
519317,Giancarlo Stanton,495,0.0246464915681649,0.0246408650150162,0.0303895654315853,-0.0259375325523269,0.0053427013071302,0.0442716674905003,0.0747014070770328,0.4862,0.4884,0.7996,0.235,0.086,0.0902,302.0,156.0,436.0,37.0,554.0,587,316,46.2457337883959,517.0,Unresolved,2025,,,
647304,Josh Naylor,1031,0.0246227166920569,0.0248089159879957,0.0284878614790579,-0.0225230119206944,0.0058591885544713,0.0429301913548415,0.070770044860373,0.4908,0.4892,0.8142,0.2166,0.0716,0.077,298.0,166.0,430.0,43.0,544.0,587,317,46.075085324232084,501.0,Positive tendency,2025,0.0867263323628405,-0.4867854428829802,-0.2935105848475017
676116,Ryan Noda,99,0.0246049401101639,0.0249143542192711,0.0323128334120548,-0.0288315914630399,0.0038657372946744,0.0453514159557521,0.0775358423859008,0.4956,0.4964,0.787,0.2428,0.0914,0.1066,296.0,152.0,448.0,32.0,559.0,587,318,45.90443686006826,527.0,Unresolved,2025,,,
677951,Bobby Witt Jr.,1229,0.0245679430255495,0.024728360959844,0.027318783786636,-0.0201222727300615,0.0066453688204013,0.0422103207767399,0.0693371486720342,0.4908,0.4902,0.8142,0.206,0.0622,0.071,299.0,170.0,430.0,52.0,542.0,587,319,45.73378839590443,490.0,Positive tendency,2025,1.0269183576777858,0.981812892768871,0.4659505665466339
650968,Yohel Pozo,356,0.0245586679008691,0.0248729367462444,0.031479630367659,-0.0267807355171257,0.0044559421390794,0.0446843493752168,0.0763909638899182,0.4956,0.4954,0.793,0.2358,0.0904,0.1044,296.0,157.0,441.0,34.0,557.0,587,320,45.563139931740615,523.0,Unresolved,2025,,,
669911,Michael Toglia,656,0.0245185503606805,0.0245833258832519,0.0288885723458822,-0.0223363387341342,0.0060004370246608,0.0431003186922126,0.0720141472316065,0.4862,0.49,0.812,0.2178,0.0752,0.0806,298.5,163.0,431.0,44.0,547.0,587,321,45.39249146757679,503.0,Positive tendency,2025,,,
694497,Evan Carter,351,0.0244304681594747,0.0249170908150361,0.0321608709280289,-0.0298705529327804,0.0039190867665943,0.0446492855049689,0.0785773273603302,0.491,0.4904,0.7866,0.2358,0.0908,0.1032,299.0,155.75,447.0,35.0,559.0,587,322,45.22184300341297,524.0,Unresolved,2025,-0.629927527337537,-1.1868021592087337,-0.45299314807287017
671286,Johnathan Rodríguez,135,0.024427549351377,0.0245323942364812,0.0314691658871588,-0.0282811549219805,0.0048798478548101,0.0443932803404859,0.0765097627783498,0.4866,0.4848,0.7966,0.2362,0.0858,0.1008,302.0,156.0,438.0,38.0,556.0,587,323,45.051194539249146,518.0,Unresolved,2025,,,
670097,Zack Short,95,0.0243350484932274,0.0243357878447383,0.03225644735592,-0.0287746454207314,0.0029751944090659,0.0454251507004602,0.0771789537453823,0.487,0.4852,0.7798,0.244,0.0936,0.1048,301.0,150.0,450.0,32.95000000000002,559.0,587,324,44.88054607508533,526.05,Unresolved,2025,,,
669236,Jeremiah Jackson,355,0.024315644150436,0.0240695643187552,0.0309611423572897,-0.0264094007736677,0.004747874910974,0.0437770684526483,0.0753375184853265,0.4828,0.4828,0.7922,0.2286,0.0866,0.1008,302.0,159.0,439.0,35.0,557.0,587,325,44.7098976109215,522.0,Unresolved,2025,,,
622761,Jorge Mateo,163,0.0243007920807881,0.0242531170638799,0.0323663998844793,-0.0300687897252441,0.0037684695118918,0.0453795667454756,0.0765867917912959,0.483,0.486,0.786,0.2422,0.0902,0.1106,303.0,154.0,445.0,33.0,560.0500000000002,587,326,44.539249146757676,527.0500000000002,Unresolved,2025,,,
805373,Nacho Alvarez Jr.,326,0.0242980989366238,0.023844802207922,0.031468608813907,-0.0264743041144376,0.0045345119744853,0.0440657985026768,0.0755935030438318,0.484,0.4802,0.7892,0.2318,0.088,0.098,305.0,158.0,443.0,35.0,556.0,587,327,44.36860068259386,521.0,Unresolved,2025,,,
645305,Ali Sánchez,46,0.0242561732598092,0.0248645108357128,0.032360660145738,-0.0299071091222524,0.0034250110388301,0.0453267759685542,0.0769143197778036,0.4934,0.4952,0.7846,0.2436,0.091,0.109,296.5,152.0,445.25,36.0,559.0500000000002,587,328,44.19795221843003,523.0500000000002,Unresolved,2025,,,
668952,Ryan Kreidler,88,0.0242442160984404,0.0243623724604718,0.0321888132007354,-0.0298937722054686,0.0038520890654881,0.0451599357381397,0.0775618956678265,0.481,0.4832,0.787,0.2398,0.0916,0.1036,303.0,152.0,447.25,32.0,560.0,587,329,44.027303754266214,528.0,Unresolved,2025,,,
655316,Andruw Monasterio,257,0.0241494562008625,0.0243583949534589,0.0298790116062467,-0.0240566753696046,0.0045567970186308,0.0432949438643411,0.0726379869535545,0.4836,0.4848,0.7968,0.2242,0.077,0.0884,302.0,162.0,436.0,43.0,552.0,587,330,43.85665529010239,509.0,Unresolved,2025,,,
695681,Christian Moore,362,0.0241082723188353,0.0242530615801978,0.0303734085042236,-0.0260463236288781,0.0044897029322796,0.0434806444282102,0.0735897449824739,0.4838,0.481,0.7954,0.2266,0.08,0.093,305.0,163.0,439.0,38.0,555.0,587,331,43.68600682593857,517.0,Unresolved,2025,,,
670764,Taylor Walls,546,0.0240270208504169,0.0242720343567824,0.0291624865680966,-0.0240468920018544,0.0048161195987096,0.0434585432612244,0.0716875925344491,0.4848,0.4848,0.799,0.2176,0.0742,0.0884,300.0,167.0,438.0,43.0,552.0,587,332,43.515358361774744,509.0,Unresolved,2025,-1.7867877806979862,-2.280882046157189,-0.6745144506482148
686894,Joey Wiemer,122,0.0239911743720144,0.0240930053107046,0.0321805364833336,-0.0292726700329372,0.003268578649331,0.0446882372393472,0.0758251343174964,0.486,0.4846,0.781,0.2312,0.0874,0.1078,303.0,157.0,449.0,33.0,560.0,587,333,43.34470989761092,527.0,Unresolved,2025,,,
620443,Luis Torrens,522,0.0239906015841356,0.0244894633274291,0.0296647560577413,-0.0258436352232469,0.0047917132839837,0.0431791369359428,0.0729159677681342,0.4876,0.4896,0.7972,0.2154,0.074,0.0938,299.5,166.0,438.0,42.0,553.0,587,334,43.1740614334471,511.0,Unresolved,2025,0.3530194878225967,-0.6225588519223384,-0.6301348555888369
671213,Triston Casas,210,0.0239774335264274,0.0235316870245779,0.0320196000483325,-0.0276715371688929,0.0030710632345593,0.0444044031657051,0.0777610600754685,0.4778,0.4782,0.7782,0.2298,0.0938,0.1028,308.0,160.0,449.0,32.95000000000002,559.0,587,335,43.003412969283275,526.05,Unresolved,2025,,,
663886,Tyler Stephenson,589,0.023916284659514,0.024054752915926,0.030616867977606,-0.0253441102345419,0.0041645361789791,0.0435159959744641,0.0737095591525886,0.4842,0.4856,0.7904,0.2254,0.0872,0.091,303.0,162.0,442.0,39.0,555.0,587,336,42.83276450511946,516.0,Unresolved,2025,0.1617356835213182,-0.0602273764944321,0.07647188991581122
680779,Henry Davis,573,0.0238816557187595,0.0238579567722019,0.0289977524234301,-0.0242051650357947,0.0044668177205017,0.0424854621888077,0.0723149787697983,0.4788,0.4796,0.7984,0.21,0.0772,0.0866,305.0,170.0,440.25,42.0,551.0,587,337,42.66211604095563,509.0,Unresolved,2025,-0.1615481220842952,0.2358539756781596,0.6163891409798963
664068,Scott Kingery,58,0.0237669270675465,0.0244178064971708,0.032040778532791,-0.0296323330382345,0.0032329428101649,0.0441264368547304,0.0762021011529426,0.4846,0.4844,0.7804,0.2298,0.0838,0.1084,301.0,159.0,451.0,35.0,559.0,587,338,42.491467576791806,524.0,Unresolved,2025,,,
688760,Blaine Crim,130,0.023764148670308,0.0240045949591398,0.0320655875743861,-0.0280036266885326,0.0025325475851027,0.0446856893738807,0.076848579071642,0.489,0.485,0.7768,0.2362,0.0936,0.1024,302.0,157.0,448.0,34.0,560.0,587,339,42.32081911262799,526.0,Unresolved,2025,,,
663898,Brendan Rodgers,226,0.023743716018438,0.0239711854888915,0.0303806825208886,-0.0261890712440616,0.003856342945687,0.0436644203624187,0.0734559087732566,0.4838,0.4812,0.7898,0.2194,0.0792,0.0962,304.0,164.0,442.0,40.0,555.0500000000002,587,340,42.15017064846416,515.0500000000002,Unresolved,2025,,,
669369,Bryce Johnson,120,0.0237408895618468,0.0238039450334065,0.0330305434324871,-0.0292258865940698,0.0020309846030269,0.0446624268463968,0.0776742295158291,0.4788,0.4772,0.7736,0.2402,0.0948,0.1178,305.0,153.75,456.25,33.0,562.0,587,341,41.97952218430034,529.0,Unresolved,2025,,,
672761,Wenceel Pérez,739,0.0236900551980258,0.0239990289421226,0.0279418870494332,-0.021631342594559,0.0054008067084239,0.0417005006132268,0.0708915064544091,0.4766,0.4756,0.8054,0.2082,0.0674,0.0806,304.0,171.0,435.0,47.0,547.0,587,342,41.80887372013652,500.0,Positive tendency,2025,,,
669364,Xavier Edwards,1036,0.0236886975832569,0.0234143454647438,0.0286693508638371,-0.0230680442415599,0.0052977600499518,0.0420438660611098,0.0703810179369843,0.4692,0.4684,0.8034,0.2094,0.0686,0.0884,310.0,171.0,436.0,46.0,551.0,587,343,41.6382252559727,505.0,Positive tendency,2025,-1.861589084855042,-1.3854274573297611,0.2773588109402063
686765,Nick Sogard,165,0.0236515043432536,0.0241515088708896,0.0321639774199373,-0.0288031500739035,0.0026893147130987,0.0436828464290221,0.0761120051194498,0.4812,0.4796,0.7776,0.227,0.0884,0.1034,303.0,162.0,451.0,34.0,557.0,587,344,41.467576791808874,523.0,Unresolved,2025,,,
605170,Victor Caratini,652,0.0236331172599444,0.0241103339015362,0.0298901182264716,-0.0257643153024463,0.0040898969248829,0.0429792298514138,0.0724328977002567,0.4818,0.484,0.791,0.2188,0.0758,0.0938,304.0,166.0,441.0,41.0,556.0,587,345,41.29692832764505,515.0,Unresolved,2025,0.0912012242844349,-0.2203064751334617,-0.030406791713056186
645444,Jose Herrera,306,0.0235863946167102,0.0233714808491344,0.0311893864401824,-0.026997227369513,0.00330156726797,0.0437427080091905,0.0739222464484413,0.475,0.4774,0.782,0.2228,0.0824,0.0978,307.0,165.0,447.0,38.0,556.0,587,346,41.12627986348123,518.0,Unresolved,2025,,,
676439,Hunter Feduccia,200,0.0235774604044968,0.0238070469036287,0.0321473348281179,-0.0301212461907364,0.003429113790887,0.0444814542923403,0.0766287748900959,0.4816,0.4812,0.7862,0.2362,0.089,0.1048,306.0,156.0,447.0,32.0,560.0,587,347,40.955631399317404,528.0,Unresolved,2025,,,
606192,Teoscar Hernández,1046,0.0235471598021024,0.0234378797892778,0.0286348402604402,-0.0229693818277039,0.0049393869157873,0.0425200831730456,0.0715240869996814,0.4716,0.473,0.8034,0.2072,0.0706,0.0814,309.0,173.0,436.0,46.0,549.0,587,348,40.784982935153586,503.0,Positive tendency,2025,0.2487092804688208,0.2806084815160389,0.3517081576474165
642708,Amed Rosario,346,0.0235110432813946,0.0236972949290358,0.0315221592039311,-0.0292719695523218,0.0033841189591225,0.0436346787775662,0.0754675908527933,0.4752,0.4782,0.7836,0.2262,0.0832,0.104,305.0,160.0,446.0,37.0,559.0500000000002,587,349,40.61433447098976,522.0500000000002,Unresolved,2025,,,
680862,Willie MacIver,207,0.0234114680092554,0.0236217021238797,0.0318657169242196,-0.0290723586910681,0.0032361729142939,0.0437343399825426,0.0760444271430781,0.4722,0.4748,0.7782,0.225,0.0848,0.1052,308.0,162.0,450.0,37.0,560.0,587,350,40.44368600682594,523.0,Unresolved,2025,,,
671083,Buddy Kennedy,54,0.0233977755986463,0.0230615384245073,0.0321895777061231,-0.0284635881375715,0.0032834154247687,0.0436565285019095,0.0764196360882074,0.4698,0.4702,0.7824,0.227,0.0882,0.1076,310.0,162.0,451.0,34.0,558.0500000000002,587,351,40.27303754266212,524.0500000000002,Unresolved,2025,,,
669261,Jack Suwinski,301,0.0233856448595613,0.0234789069914246,0.0319366186884115,-0.029527897851394,0.0037836800547677,0.0432671652228111,0.0761369055112548,0.4764,0.476,0.7824,0.2158,0.0874,0.104,307.0,166.0,448.0,36.0,559.0500000000002,587,352,40.10238907849829,523.0500000000002,Unresolved,2025,,,
686217,Sal Frelick,973,0.0233779491487627,0.0234675961922924,0.0303861265974321,-0.0268924881229151,0.0039838628817922,0.0434317677022024,0.07325675383769,0.4742,0.4712,0.7868,0.223,0.0768,0.0968,309.0,163.75,442.25,39.0,555.0,587,353,39.93174061433447,516.0,Unresolved,2025,-1.4080251040426526,-1.5229245575202632,-0.2022376429714421
701538,Jackson Merrill,947,0.0233654281804097,0.0235367804624894,0.0294727088419197,-0.0253596933324687,0.0043752391189255,0.0421173910911654,0.0711571460998477,0.473,0.4706,0.7956,0.2088,0.07,0.0914,308.5,171.0,442.0,46.0,554.0500000000002,587,354,39.76109215017065,508.0500000000002,Unresolved,2025,0.1301565752219641,0.2209181365401551,0.3814358563490772
682653,Warming Bernabel,281,0.0233525697101962,0.0232183128401692,0.0305019444062588,-0.0268058252805656,0.0034792630467303,0.0428393645140391,0.0740388642306841,0.4694,0.4702,0.7846,0.2116,0.081,0.1,310.0,170.0,445.0,38.0,557.0,587,355,39.59044368600683,519.0,Unresolved,2025,,,
682657,Angel Martínez,904,0.0232491859215788,0.0233582795494715,0.0283407071129778,-0.0246168153829052,0.0048778193506856,0.0417321372686249,0.0689431953495417,0.4644,0.4678,0.8024,0.2034,0.066,0.0842,308.5,176.0,439.0,48.0,551.0,587,356,39.419795221843,503.0,Positive tendency,2025,-1.4562302197357682,-0.6816431864563272,0.6754023006915143
671056,Iván Herrera,782,0.0232357101776444,0.0235967541549639,0.0306597412140848,-0.0267532176905718,0.0028483390546179,0.0433289164540413,0.0731404572836487,0.4802,0.4778,0.778,0.22,0.0778,0.0998,306.0,166.0,449.0,39.95000000000002,555.0,587,357,39.24914675767918,515.05,Unresolved,2025,1.0645524897398255,0.0634467712417189,-0.4808009929802907
643289,Mauricio Dubón,693,0.0232043502766896,0.0234081130808276,0.0290114646719192,-0.0249141005696285,0.0044079864180371,0.0429347129383367,0.0706395860740062,0.472,0.4716,0.797,0.2086,0.0692,0.0888,310.0,170.75,441.0,45.0,552.0,587,358,39.07849829351536,507.0,Unresolved,2025,-1.985643949226441,-1.4195385316249196,0.3368157683291475
642215,Weston Wilson,225,0.023040351434024,0.0235693812326483,0.0321807513938285,-0.0301054907464972,0.002769034330464,0.0437374580838742,0.0757441889878948,0.476,0.4726,0.7714,0.2264,0.0824,0.1096,309.0,159.75,455.0,36.95000000000002,562.0,587,359,38.907849829351534,525.05,Unresolved,2025,,,
687529,Grant McCray,46,0.0229678455999075,0.0235681452216057,0.032208135234168,-0.0297618783910766,0.0029478449472736,0.043657427047831,0.0765518182695743,0.4728,0.4706,0.7774,0.2254,0.0888,0.1172,308.5,162.0,450.0,34.0,562.0,587,360,38.737201365187715,528.0,Unresolved,2025,,,
596142,Gary Sánchez,162,0.0229377479214983,0.0231776075622316,0.0327005950500108,-0.0318158155375371,0.0024128838296113,0.0438737422682962,0.0772455159105223,0.471,0.4734,0.7724,0.2288,0.0942,0.1104,309.5,160.0,454.0,33.95000000000002,564.0,587,361,38.56655290102389,530.05,Unresolved,2025,,,
518595,Travis d'Arnaud,459,0.0228838512280909,0.0226721016423579,0.0306058529429584,-0.0289640265195334,0.0036211436585851,0.0427476371403318,0.0727730072865404,0.463,0.4672,0.7868,0.2134,0.0748,0.1042,313.0,167.0,447.0,43.0,558.0,587,362,38.39590443686007,515.0,Unresolved,2025,,,
624415,Cavan Biggio,123,0.0228019624434384,0.0235230621620036,0.0323682844779411,-0.031042902006047,0.0020971295085747,0.0436438128374555,0.0758770607732521,0.4726,0.4724,0.77,0.2226,0.0864,0.1138,310.0,166.0,453.0,36.0,562.0500000000002,587,363,38.225255972696246,526.0500000000002,Unresolved,2025,,,
665804,Miguel Amaya,204,0.0227511471520222,0.0229983293426678,0.0314432750356735,-0.0293928111678942,0.0024099308840501,0.0429602467298463,0.0748456027663888,0.4682,0.4692,0.774,0.22,0.0836,0.1064,312.0,166.0,453.0,38.0,560.0,587,364,38.05460750853242,522.0,Unresolved,2025,,,
666023,Freddy Fermin,692,0.0226157681913229,0.0233201705134363,0.0287288604400071,-0.0253957364623701,0.0041482411095205,0.0416058640997975,0.0697189376538134,0.471,0.4722,0.7944,0.2016,0.063,0.0936,309.5,177.0,443.0,49.95000000000002,555.0,587,365,37.8839590443686,505.04999999999995,Unresolved,2025,-1.157759852760451,-1.3644328927339011,-0.2325078383512098
672386,Alejandro Kirk,929,0.0224955684770717,0.0226124561672856,0.0272042215868096,-0.0229391101773815,0.0045788896781848,0.0402898096361801,0.0669281958781133,0.4574,0.4548,0.8,0.184,0.0544,0.0834,316.0,183.0,439.0,55.0,547.0500000000002,587,366,37.71331058020478,492.0500000000002,Positive tendency,2025,0.7681611605155332,-0.3694834295084953,-0.6901788693272963
600869,Jeimer Candelario,180,0.0224657880558604,0.0229184522682597,0.0324832165645311,-0.0309317474305511,0.0016681666370195,0.0436253783034413,0.0752258867377812,0.4666,0.467,0.7642,0.2204,0.0828,0.1238,312.0,164.0,457.0,35.95000000000002,563.0,587,367,37.54266211604096,527.05,Unresolved,2025,,,
662139,Daulton Varsho,499,0.0224466809807544,0.022944034709515,0.030870412660655,-0.0276069917819906,0.0021342847782192,0.0419933097909976,0.0735344539795009,0.4648,0.4646,0.7754,0.2114,0.079,0.1052,311.0,171.0,455.0,40.0,557.0,587,368,37.37201365187713,517.0,Unresolved,2025,0.6237816098551087,-1.0697533580330705,-1.2815509288389635
660162,Yoán Moncada,495,0.0224438539020313,0.0231574425051975,0.0311751867198307,-0.0292054407903845,0.0027650419374165,0.0426800168462118,0.0729512486320195,0.4662,0.4686,0.7756,0.2094,0.0742,0.1076,311.0,168.0,452.0,40.95000000000002,560.0,587,369,37.20136518771331,519.05,Unresolved,2025,,,
680776,Jarren Duran,1196,0.0223832259559727,0.0227108245999246,0.0263761967906574,-0.0210268064511826,0.0047786149121102,0.0400351395118682,0.0654262665791404,0.4582,0.4586,0.8068,0.1806,0.052,0.0728,314.0,188.0,437.0,58.0,544.0,587,370,37.03071672354949,486.0,Positive tendency,2025,0.5504038760542005,-0.0962850188625384,-0.2527376408348593
694374,Tim Tawa,401,0.0223682801971486,0.0225075989087078,0.0310480337555229,-0.0292078825948318,0.0021597196947043,0.0426392327189047,0.0730124907565235,0.4602,0.4614,0.7702,0.2142,0.0754,0.1096,316.0,170.75,456.0,41.0,560.0,587,371,36.86006825938566,519.0,Unresolved,2025,-0.1664755634567197,-0.214316974950864,0.16993469911328812
668904,Royce Lewis,756,0.0222447224039678,0.02257933574431,0.0295142660427233,-0.0271667944112209,0.0028027550398054,0.0420501014977049,0.0698847229222013,0.4616,0.4598,0.7792,0.2072,0.0678,0.098,317.0,171.0,449.25,46.0,557.0,587,372,36.689419795221845,511.0,Unresolved,2025,-0.0236056724537181,0.0710733312158878,0.3475657928073145
689414,Liam Hicks,561,0.0221563696466174,0.0221611153357338,0.0300381346156328,-0.026724482256493,0.0025465360661456,0.0417455852201114,0.0721966310612184,0.4532,0.4504,0.7808,0.202,0.07,0.1064,321.0,176.0,453.0,45.0,556.0,587,373,36.51877133105802,511.0,Unresolved,2025,-1.1989240997203003,-1.0211768395070442,0.14179623208406622
642731,Thairo Estrada,297,0.0220547266711414,0.022047532908697,0.0314946273157185,-0.028892799965533,0.0014723817908767,0.0419729299532629,0.0750695498723546,0.4568,0.4552,0.7654,0.2128,0.0766,0.117,318.0,169.75,458.0,39.0,561.0500000000002,587,374,36.3481228668942,522.0500000000002,Unresolved,2025,,,
690976,Alex Freeland,154,0.0220084792860991,0.0220563382237537,0.0325667037356049,-0.0301085722512252,0.001133752351813,0.0426878455095155,0.0759193586913222,0.4516,0.4536,0.7596,0.2172,0.0832,0.117,319.0,169.0,460.0,37.0,563.0,587,375,36.177474402730375,526.0,Unresolved,2025,,,
677649,Ezequiel Duran,415,0.0219872823777851,0.0223884903805472,0.0316237437867846,-0.0304846561145679,0.0016746617615122,0.0417174148587236,0.075181696212795,0.4606,0.46,0.7674,0.2078,0.0788,0.1168,316.0,173.0,455.0,38.0,563.0,587,376,36.00682593856655,525.0,Unresolved,2025,-1.7943998924647246,-0.7757714327095452,0.8363375766374282
680574,Matt McLain,978,0.0219682807341415,0.0222183808933648,0.0284081873469087,-0.0253960127656881,0.0035815075630453,0.041207640001656,0.0669913755527231,0.4542,0.453,0.7856,0.1954,0.0564,0.0982,317.0,177.0,445.0,53.95000000000002,553.0,587,377,35.83617747440273,499.04999999999995,Unresolved,2025,-0.7828485989122564,-0.8349728502161856,0.01417644799969564
669289,Santiago Espinal,551,0.0219658608154886,0.022097576917592,0.0300137623819773,-0.0290086812416989,0.002867257917884,0.0415883038016089,0.0722433541651195,0.455,0.456,0.7802,0.2018,0.0726,0.1058,319.0,174.0,450.25,41.95000000000002,559.0,587,378,35.665529010238906,517.05,Unresolved,2025,,,
623168,Tyler Heineman,305,0.0219617473044261,0.0220642846120766,0.0307031199999992,-0.0293815225753061,0.0020670342248384,0.0424297490726411,0.0716178633573098,0.4574,0.4604,0.77,0.208,0.0738,0.11,316.0,171.0,455.0,41.0,561.0,587,379,35.49488054607509,520.0,Unresolved,2025,,,
681146,Jonah Bride,170,0.0219384229813437,0.0221796576183744,0.0308327465987975,-0.0296934463918629,0.0027674001275765,0.041844955770654,0.0715097676121468,0.4522,0.4536,0.7732,0.2098,0.071,0.1076,320.0,172.75,449.0,45.0,561.0,587,380,35.32423208191126,516.0,Unresolved,2025,,,
665019,Kody Clemens,724,0.0219143882577951,0.0223168796498742,0.0277776269102065,-0.0244910808208078,0.0037255488984364,0.0404524529040816,0.0676140412162291,0.4514,0.4492,0.7956,0.188,0.0542,0.0896,317.5,184.0,442.0,55.0,552.0,587,381,35.153583617747444,497.0,Unresolved,2025,0.4617388628026809,0.3944782853096381,0.30490099959460315
695600,Carter Jensen,137,0.0219124869534156,0.0220179844322575,0.0308942615461325,-0.0289356577211621,0.0019919185356287,0.0418144687857895,0.0722808334327687,0.4594,0.4612,0.7706,0.2136,0.074,0.1082,317.0,172.0,455.0,41.0,560.0,587,382,34.98293515358362,519.0,Unresolved,2025,,,
694388,Joey Loperfido,196,0.0218885417961964,0.0220658877882372,0.0313459796815609,-0.0308225178185001,0.0023881317788327,0.0419950057160257,0.0730741825716743,0.4598,0.462,0.7748,0.2082,0.0746,0.1132,315.0,173.0,452.0,42.0,562.0500000000002,587,383,34.81228668941979,520.0500000000002,Unresolved,2025,,,
570482,Gio Urshela,390,0.0217384871031171,0.0219505454051676,0.0308675445910618,-0.0295256633513877,0.0022586791993392,0.0413468173031486,0.0712308384297053,0.4526,0.4546,0.773,0.2008,0.0722,0.1088,320.0,176.0,452.0,45.0,562.0,587,384,34.641638225255974,517.0,Unresolved,2025,,,
695336,Thomas Saggese,575,0.021713089360854,0.0224129693551021,0.030445975413917,-0.0290608764456337,0.0019082083911364,0.0413002663912015,0.0706651146555495,0.4558,0.4564,0.769,0.2014,0.0696,0.1062,319.0,178.0,453.0,46.0,559.0,587,385,34.47098976109215,513.0,Unresolved,2025,,,
665862,Jazz Chisholm Jr.,974,0.021672600868946,0.021792039789366,0.0281749712663149,-0.0258858754601231,0.0034183559468484,0.0405702180724416,0.0668648084266994,0.4504,0.4518,0.7888,0.1908,0.0576,0.0932,321.0,184.0,443.0,55.0,553.0,587,386,34.30034129692833,498.0,Unresolved,2025,0.6393780960322866,-0.0134769675681551,-0.2370381440994779
660644,Vidal Bruján,173,0.0216610902486356,0.0221883686496005,0.031530662697682,-0.0315601007126706,0.002062916009902,0.0416623647272732,0.0726695049895695,0.4552,0.4534,0.7706,0.2082,0.0752,0.1148,318.0,174.75,452.0,44.0,564.0,587,387,34.129692832764505,520.0,Unresolved,2025,,,
676572,Eric Wagaman,862,0.0216345916350359,0.021601334081482,0.0284812436642811,-0.0260166608259264,0.0034494764829529,0.0399253461467684,0.0681985635322936,0.452,0.4494,0.7854,0.1856,0.0606,0.0948,320.0,183.75,444.0,48.0,554.0,587,388,33.95904436860068,506.0,Unresolved,2025,,,
681987,Nate Eaton,152,0.0215549172886121,0.0218574717905665,0.0317052093814509,-0.0308975445493042,0.0013056162249216,0.0420381020735554,0.0739730267945531,0.4504,0.449,0.762,0.212,0.0798,0.1202,322.0,172.0,462.0,39.0,563.0,587,389,33.78839590443686,524.0,Unresolved,2025,,,
690022,Ryan Ritter,384,0.0215052549049501,0.0218230024264049,0.0309344562238766,-0.0309942027970193,0.0022530452066984,0.0413992452260707,0.0730213200794698,0.4454,0.4436,0.7712,0.2084,0.071,0.1162,322.0,175.0,454.0,42.0,562.0,587,390,33.617747440273035,520.0,Unresolved,2025,,,
664728,Kyle Isbel,610,0.0214733070566358,0.02206577427188,0.0315272834124037,-0.0300510140475174,0.0009805998366801,0.0415923851931487,0.074142378924774,0.4466,0.4502,0.7596,0.2064,0.0758,0.1164,322.0,175.0,459.0,41.0,561.0,587,391,33.44709897610922,520.0,Unresolved,2025,-1.173381933986517,-1.3725720860682322,-0.22886412096665154
687462,Spencer Horwitz,755,0.0214446023933608,0.0219364872254419,0.0297490247063637,-0.0279411738225114,0.0024305018970117,0.0409312335791484,0.0698059455548163,0.4514,0.4518,0.7726,0.1982,0.0678,0.1078,320.5,178.0,452.0,48.0,558.0,587,392,33.27645051194539,510.0,Unresolved,2025,-0.7065152841807266,-0.9379246592500088,-0.14634954845147186
687401,Joey Ortiz,842,0.0213698520065755,0.0217347200988707,0.0284541694268822,-0.0253923179548237,0.0027925857515912,0.0399121156072059,0.0672075720679809,0.4474,0.4476,0.78,0.185,0.059,0.0992,322.0,187.0,448.0,52.0,554.0500000000002,587,393,33.10580204778157,502.0500000000002,Unresolved,2025,-1.079509805776602,-0.5392097041579181,0.5336954729102718
690987,Robert Hassell III,369,0.0212437431998596,0.0221128984981418,0.03172049998637,-0.0318892010043349,0.0004490097658467,0.0420427700097525,0.0728970162074787,0.454,0.4522,0.7542,0.2052,0.0762,0.123,323.0,174.0,461.0,41.0,563.0,587,394,32.93515358361775,522.0,Unresolved,2025,,,
664034,Ty France,949,0.0211480845122313,0.0208742334108576,0.0281616702156043,-0.0255356480129496,0.0027578267489843,0.0394075180253338,0.0684006498312188,0.433,0.4354,0.7792,0.1822,0.0564,0.0968,327.0,190.0,452.0,55.0,553.0,587,395,32.76450511945392,498.0,Unresolved,2025,-0.0536844183133336,0.0866468395019839,0.385826110352132
666163,Ben Rortvedt,225,0.0211142468511009,0.0209418634747724,0.0306552909548465,-0.0282073566289503,0.0009292068369519,0.0417519408113141,0.071094840561852,0.4416,0.4434,0.761,0.2058,0.0686,0.1154,327.5,173.75,459.0,48.0,561.0,587,396,32.593856655290104,513.0,Unresolved,2025,,,
686948,Drake Baldwin,858,0.0210975390884075,0.0214590625784267,0.0274374675816541,-0.0238297214780815,0.0030004341213335,0.0391966802178192,0.0663984766473174,0.4458,0.444,0.7826,0.1742,0.0496,0.0918,324.0,192.0,449.0,60.0,552.0,587,397,32.42320819112628,492.0,Unresolved,2025,0.7110652194929827,0.6586706800312836,0.3810396927488812
676679,Luis Vázquez,100,0.0210779666254891,0.0212093967834395,0.0322958895961891,-0.0321012810051483,0.0003603660747498,0.0422510233623639,0.0733616090389709,0.4442,0.4448,0.753,0.212,0.0802,0.1236,324.0,169.0,463.0,42.0,564.0,587,398,32.25255972696246,522.0,Unresolved,2025,,,
685301,Matt Gorski,89,0.0210552360355324,0.0212356288074639,0.0317785371671109,-0.0312143710260315,0.0005523946266777,0.041659855153416,0.0729698147165345,0.4416,0.4424,0.7554,0.2096,0.0744,0.1218,326.0,173.0,463.0,43.0,563.0,587,399,32.081911262798634,520.0,Unresolved,2025,,,
545341,Randal Grichuk,513,0.0210391195839307,0.0213148456386363,0.031852754020073,-0.0327178522896173,0.0005304193105789,0.0422011171751853,0.0725268803440612,0.448,0.4472,0.7566,0.213,0.0774,0.1172,326.5,170.0,460.0,41.0,564.0,587,400,31.911262798634812,523.0,Unresolved,2025,1.0105734429587625,0.742427252368971,0.23889303198968448
687231,Darell Hernaiz,342,0.0208300739065382,0.0208218686835138,0.0304591596301611,-0.029831123713847,0.0019982081171237,0.0403085238393593,0.0708223763304345,0.4364,0.4372,0.7706,0.1994,0.071,0.115,330.0,181.0,456.0,45.95000000000002,560.0,587,401,31.74061433447099,514.05,Unresolved,2025,,,
676044,Bob Seymour,149,0.0208188830160555,0.0211405093073258,0.0315107990041182,-0.0308958815899716,0.0004723012511696,0.0413098321845036,0.0721192759837814,0.442,0.4432,0.7544,0.2,0.0724,0.1176,324.0,180.0,461.0,43.0,563.0,587,402,31.56996587030717,520.0,Unresolved,2025,,,
666126,Carlos Cortes,175,0.0207789836575327,0.0214571135667313,0.0307751723511449,-0.0310756650185988,0.0012853838572601,0.040683451752057,0.0708188622661691,0.4496,0.4482,0.7592,0.1946,0.0658,0.1218,324.0,183.0,461.0,46.0,563.0,587,403,31.399317406143346,517.0,Unresolved,2025,,,
657557,Paul DeJong,459,0.0207493772197015,0.0210008586170364,0.030196502426043,-0.0287677534221209,0.0009750985664338,0.0400049784087274,0.0717220996105133,0.4354,0.437,0.764,0.19,0.0686,0.109,326.0,185.0,458.0,46.0,560.0,587,404,31.22866894197952,514.0,Unresolved,2025,,,
805811,Bryce Eldridge,64,0.0207304418778818,0.0211375080301724,0.0320375260850923,-0.031506164226999,0.0005851178152038,0.0410206886443361,0.0735394001714187,0.4382,0.4386,0.7548,0.2022,0.0786,0.125,326.0,175.0,464.25,38.0,564.0,587,405,31.0580204778157,526.0,Unresolved,2025,,,
663368,Blake Perkins,263,0.020711601106777,0.0205119489860639,0.032652686023406,-0.0329923784125174,7.353345231589466e-05,0.0416598739965502,0.0745908743404442,0.4426,0.4392,0.7508,0.2126,0.081,0.129,331.0,172.0,466.0,39.0,566.0,587,406,30.887372013651877,527.0,Unresolved,2025,,,
467793,Carlos Santana,842,0.0205811487001527,0.0213323285648831,0.0300774521586982,-0.0288269265042233,0.0009135289506013,0.0399959473526366,0.0695854130743148,0.4458,0.4434,0.7602,0.1898,0.0628,0.1098,325.0,184.0,459.0,50.0,561.0,587,407,30.716723549488055,511.0,Unresolved,2025,,,
624431,Jose Trevino,478,0.0205641157882839,0.0203260999207648,0.0295979609649769,-0.0276716058146048,0.0010728806441927,0.0403235490922578,0.0684907503589698,0.4354,0.4348,0.7602,0.1914,0.0596,0.1112,330.0,182.0,459.0,51.0,559.0,587,408,30.546075085324233,508.0,Unresolved,2025,,,
656811,Ryan O'Hearn,996,0.0205118047000407,0.0205157325917719,0.0279380047920167,-0.025300813911252,0.0023082632545731,0.0384010036365506,0.0680153571587439,0.4248,0.4228,0.7792,0.1708,0.06,0.0936,332.0,198.0,451.0,52.0,554.0,587,409,30.37542662116041,502.0,Unresolved,2025,-0.1065870791612742,-0.3929303159115412,-0.05384936227389808
691182,Adael Amador,205,0.0204821117169876,0.0210150115658266,0.0320779042791757,-0.0327164283576253,-0.0003927712690912,0.0412937638800987,0.0727720603576489,0.4404,0.4426,0.746,0.2046,0.0734,0.1262,329.0,178.0,466.0,44.0,564.0,587,410,30.204778156996586,520.0,Unresolved,2025,,,
668804,Bryan Reynolds,1269,0.0204281106683758,0.0210110035957729,0.0272328167531261,-0.0251665002445798,0.0024829023493849,0.0384940889777646,0.0645744389845917,0.4356,0.4348,0.7786,0.1656,0.0456,0.0932,327.0,197.0,451.0,63.0,554.0,587,411,30.034129692832764,491.0,Unresolved,2025,0.4067940745283765,0.5839892335593599,0.5358538994854534
701675,Nathan Church,127,0.0204221899457922,0.0203869393267811,0.0306103911441905,-0.0314027336545272,0.0007543317100397,0.0408332489646795,0.0702809961822372,0.4336,0.435,0.7594,0.1924,0.0652,0.1142,334.5,182.0,458.0,48.0,561.0,587,412,29.86348122866894,513.0,Unresolved,2025,,,
665155,Nick Maton,114,0.0203724591712875,0.021182898046115,0.0325442042188909,-0.0351603697514066,0.000582771680554,0.0414353515893625,0.0728111261306395,0.4432,0.442,0.7562,0.2088,0.072,0.1282,327.0,175.0,464.0,45.0,568.0,587,413,29.69283276450512,523.0,Unresolved,2025,,,
805779,Jacob Wilson,813,0.0203675830409581,0.0205752573792828,0.0284330246681217,-0.0274196309249695,0.0021427965947287,0.0385576468917099,0.0673350602698322,0.4264,0.4282,0.7752,0.1736,0.057,0.104,331.0,195.0,453.25,53.0,556.0,587,414,29.522184300341298,503.0,Unresolved,2025,-1.3872700418466777,-1.6231207128506682,-0.3180882454450431
686475,Tyler Tolbert,100,0.0202613858070929,0.0207844544839285,0.032396943675271,-0.0333690497708605,0.0005247961880432,0.0408434357928054,0.0734942002806453,0.4378,0.4386,0.7558,0.1998,0.0726,0.1268,331.0,181.0,464.0,44.0,567.0,587,415,29.351535836177476,523.0,Unresolved,2025,,,
624585,Jorge Soler,571,0.0202080691707764,0.0204231705353504,0.029094151405663,-0.027870016439114,0.0010522548053886,0.0397079420402023,0.0680550595471184,0.423,0.4246,0.7592,0.188,0.056,0.1096,332.0,188.0,462.0,55.0,558.0,587,416,29.18088737201365,503.0,Unresolved,2025,0.019967468352658,0.041324359227491,0.28495190221854144
621043,Carlos Correa,1024,0.0201895512081964,0.0207558527118443,0.0286322795037768,-0.0278699823561668,0.0016904348675405,0.0389201061362972,0.0657122172366099,0.4362,0.4354,0.7702,0.1716,0.0528,0.1016,331.0,193.0,455.0,57.95000000000002,557.0500000000002,587,417,29.01023890784983,499.10000000000014,Unresolved,2025,,,
686668,Brenton Doyle,960,0.0201234485728977,0.0205426273681664,0.0264779261019657,-0.0228996047309075,0.0029785758079844,0.0367843457347423,0.06371612410059,0.4162,0.4194,0.7842,0.1558,0.0428,0.0886,332.0,206.0,447.0,65.0,548.0500000000002,587,418,28.839590443686006,483.0500000000002,Unresolved,2025,0.0039323672915858,-1.2244070565907532,-0.9686850838347538
666185,Dylan Carlson,444,0.0200549066270487,0.0205161540593082,0.0304344503925012,-0.030565346830079,0.0002558998102334,0.0396001777340099,0.0697840222201545,0.4308,0.4296,0.7526,0.1902,0.062,0.1178,334.0,189.0,463.0,50.0,563.0,587,419,28.668941979522184,513.0,Unresolved,2025,,,
670224,Kameron Misner,417,0.0200479005277118,0.0197633688650873,0.0302078008005611,-0.029908267714667,0.0005553329291255,0.0395096937651663,0.0696368639811384,0.4202,0.4208,0.7568,0.187,0.0626,0.1146,336.0,189.0,461.0,49.0,562.0,587,420,28.498293515358363,513.0,Unresolved,2025,,,
686780,Pedro Pagés,756,0.0199872494815112,0.0202093487621052,0.0295729481346103,-0.0292167615296346,0.000954143897101,0.0393445565614694,0.0680223258252904,0.426,0.4256,0.7612,0.1798,0.055,0.1104,335.0,191.0,460.0,54.0,560.0,587,421,28.32764505119454,506.0,Unresolved,2025,-1.1050587842549924,-1.1221721232914086,-0.029996701240277313
545361,Mike Trout,952,0.019975015518367,0.0209221821820636,0.0291607190634921,-0.0281802553038757,0.000698402019328,0.0387343193385951,0.0674699807057152,0.4334,0.4334,0.7582,0.1774,0.0568,0.1096,328.0,194.0,461.0,54.95000000000002,559.0,587,422,28.156996587030715,504.04999999999995,Unresolved,2025,0.4868262832731316,0.3320891764812596,0.22358977460942636
680700,Richie Palacios,71,0.0198980526840155,0.0205870497622695,0.032249775342623,-0.0340700742694104,-3.0133709669452013e-05,0.0407285607266198,0.0719099792359449,0.4354,0.4362,0.7498,0.1964,0.0706,0.1316,331.0,183.0,470.0,46.0,566.0,587,423,27.986348122866893,520.0,Unresolved,2025,,,
687221,Dalton Rushing,263,0.0198871818209409,0.0200457165820189,0.0317610484504968,-0.0328626116329562,-0.000101927442272,0.0408306252163876,0.071096833504882,0.4308,0.4298,0.7484,0.2014,0.0708,0.1282,335.5,182.0,468.0,46.0,565.0,587,424,27.81569965870307,519.0,Unresolved,2025,,,
669394,Jake Burger,718,0.0198574853811094,0.0206078694531513,0.0279398574550727,-0.0270466138068566,0.0018169970767351,0.0387658870313408,0.0644447226802131,0.4302,0.4318,0.7726,0.1704,0.047,0.1066,330.0,194.0,454.0,62.0,558.0,587,425,27.64505119453925,496.0,Unresolved,2025,0.8223205288950599,0.5833149088894588,0.22176991817070352
672515,Gabriel Moreno,573,0.0198439804129471,0.0202686282166083,0.0275508876164415,-0.0257265749812689,0.0018617684199966,0.0379050150480629,0.0653978280385048,0.4242,0.4262,0.7714,0.1664,0.048,0.1012,334.0,199.0,454.0,61.0,554.0,587,426,27.474402730375427,493.0,Unresolved,2025,-0.1649533896027661,0.004777766974445,0.38788134570096455
669221,Sean Murphy,640,0.0198130518481268,0.0206014081248684,0.0311228885835811,-0.0321445852651459,-0.0001487441581729,0.0398669309077404,0.0711382342937232,0.4276,0.4292,0.748,0.1888,0.0678,0.1242,334.0,186.0,466.0,45.0,563.0,587,427,27.303754266211605,518.0,Unresolved,2025,,,
669707,Jared Triolo,651,0.0197556499553837,0.0200484468611227,0.0312957017578864,-0.0314971554793167,-0.0006274476921685,0.040086320947757,0.07156864607427,0.4274,0.4264,0.7436,0.1968,0.067,0.1264,336.0,184.0,468.0,47.95000000000002,562.0,587,428,27.133105802047783,514.05,Unresolved,2025,-0.7130201419446867,-1.066678653748097,-0.2701972723212951
682668,Luisangel Acuña,319,0.0197167706021996,0.0198387386861184,0.0311422424629957,-0.0317866134315218,8.74766928105932e-05,0.0403926739433116,0.070618966725276,0.4264,0.4262,0.7506,0.1972,0.065,0.1288,334.0,186.75,465.0,50.0,565.0,587,429,26.962457337883958,515.0,Unresolved,2025,,,
691728,Zac Veen,79,0.0196662603467477,0.020165228561703,0.0324270284302916,-0.0349612908263878,-0.0015281267678292,0.0410915136404909,0.0725070704173376,0.433,0.4334,0.7336,0.2064,0.0732,0.1354,334.0,177.0,471.0,41.0,568.0,587,430,26.791808873720136,527.0,Unresolved,2025,,,
692225,Kristian Campbell,440,0.0196278503348476,0.0201395851604092,0.0312704008552235,-0.0324603227014439,-0.0002785196164789,0.0400651033232047,0.0705314645484384,0.4234,0.4234,0.7458,0.1918,0.0664,0.1286,334.0,186.0,467.0,45.0,565.0,587,431,26.621160409556314,520.0,Unresolved,2025,,,
663584,Hayden Senger,131,0.0196034805313007,0.0200815620657759,0.0317793966136877,-0.0333604091303201,-0.0003222143252468,0.0399029401952935,0.0717906888466128,0.4256,0.4224,0.7458,0.1948,0.0738,0.1302,334.0,186.0,468.0,42.0,566.0,587,432,26.450511945392492,524.0,Unresolved,2025,,,
663330,Jahmai Jones,259,0.0195162384748107,0.0195965657484901,0.0309650907994922,-0.0327699789990107,1.1982238763045644e-05,0.0398196711127875,0.0692771505319272,0.4232,0.424,0.7502,0.1964,0.0606,0.1244,340.0,186.0,465.25,49.0,564.0,587,433,26.27986348122867,515.0,Unresolved,2025,,,
680577,DaShawn Keirsey Jr.,173,0.0194713871634107,0.0202224020800344,0.0312511140043067,-0.0310929860227322,-0.0008529217389884,0.039240531607978,0.0698766256801465,0.4234,0.4204,0.7436,0.1824,0.0656,0.1278,335.0,190.75,470.25,48.95000000000002,562.0500000000002,587,434,26.109215017064848,513.1000000000001,Unresolved,2025,,,
672016,Denzel Clarke,285,0.0194327164386075,0.0197443740768985,0.0312546526728412,-0.0326880769363233,-0.0005275909837105,0.0396783072940435,0.070250471134951,0.423,0.4266,0.7434,0.1828,0.0676,0.1218,337.0,190.0,468.25,46.0,566.0,587,435,25.938566552901023,520.0,Unresolved,2025,,,
802415,Chandler Simpson,687,0.019411997114186,0.0202696867913049,0.0305348585475179,-0.0314481587992758,-0.0004168518259679,0.0397311431104167,0.068404986323496,0.4296,0.4292,0.745,0.1848,0.0628,0.1296,331.5,187.0,470.0,50.0,563.0,587,436,25.7679180887372,513.0,Unresolved,2025,-2.387403511400409,-2.859747359445419,-0.8003670424676232
694728,Brice Matthews,87,0.0193464076348396,0.0192462564813146,0.0318300137288917,-0.0329867633792441,-0.0007958894272226,0.0403771357151703,0.070672398852381,0.4214,0.4224,0.7412,0.1954,0.0674,0.1288,339.0,184.75,469.0,48.0,565.0,587,437,25.59726962457338,517.0,Unresolved,2025,,,
688363,Graham Pauley,315,0.0193052205517127,0.0203016130058678,0.0316433128278593,-0.0329774249412658,-0.0011528417302052,0.0400695165989969,0.070024297814234,0.4294,0.4312,0.739,0.1946,0.065,0.1352,332.5,184.0,472.0,47.0,566.0,587,438,25.426621160409557,519.0,Unresolved,2025,,,
694671,Wyatt Langford,993,0.0192605003053588,0.0197205702924456,0.0278817627366356,-0.0268813066651863,0.0016641642849887,0.0372926197556106,0.0650120587631465,0.4168,0.4164,0.7668,0.157,0.0458,0.1066,338.0,205.0,458.0,63.0,557.0,587,439,25.255972696245735,494.0,Unresolved,2025,0.9460688084085682,-0.0455421414377037,-0.5004239230758991
673357,Luis Robert Jr.,804,0.0191547372561346,0.0197844415263899,0.0292873722218687,-0.030322176600007,0.0002025124954226,0.0383588524638707,0.0666637404226498,0.417,0.4158,0.7524,0.1686,0.0546,0.1164,337.5,200.0,464.0,55.0,564.0,587,440,25.085324232081913,509.0,Unresolved,2025,0.2243225933671742,0.2028777887750927,0.2923710548955394
672820,Lenyn Sosa,1030,0.0191527488057843,0.019979729574455,0.0277165110082633,-0.0275670804135273,0.0016235821237174,0.0372134232264312,0.0635157990768055,0.417,0.4164,0.7656,0.1546,0.044,0.1056,335.0,207.0,458.0,65.0,557.0,587,441,24.914675767918087,492.0,Unresolved,2025,,,
607208,Trea Turner,1182,0.0190917756764446,0.0194053489106624,0.0284050474494657,-0.0273194700733782,0.0002870000017118,0.0374425743087228,0.0662075709064462,0.4056,0.406,0.7542,0.1676,0.0504,0.1106,338.0,203.75,464.0,59.0,558.0,587,442,24.744027303754265,499.0,Unresolved,2025,-0.2517947883789307,-0.3694052654315486,0.0791981934758329
677595,Ronny Mauricio,359,0.0190058341365529,0.0194598966357557,0.0308959896568646,-0.0333604286245411,-0.000820098556513,0.0396781235265662,0.0688951484828322,0.42,0.4176,0.7408,0.1862,0.0582,0.1276,338.0,188.0,468.0,52.0,566.0,587,443,24.573378839590443,514.0,Unresolved,2025,,,
502054,Tommy Pham,715,0.0188244847258451,0.0195576977119305,0.0308314319290139,-0.0331494423683724,-0.0008095924315939,0.0391052022212844,0.0682141578812811,0.4214,0.4206,0.7418,0.1816,0.0622,0.1268,339.0,194.0,470.25,51.0,565.0,587,444,24.40273037542662,514.0,Unresolved,2025,,,
683770,Will Robertson,139,0.0184346936490552,0.0196230139176222,0.0312957703653559,-0.0343133374102496,-0.0017974283256957,0.0388181144013486,0.0680289697810298,0.4146,0.416,0.7316,0.1764,0.06,0.1366,337.0,195.0,477.0,52.0,567.0,587,445,24.2320819112628,515.0,Unresolved,2025,,,
669242,Tommy Edman,628,0.0184038435284674,0.0188498139459732,0.0288317486483914,-0.0281493767263632,-0.0005872503121416,0.036592208662139,0.0663845379999598,0.398,0.3998,0.7456,0.1632,0.0504,0.1154,344.0,207.0,467.0,58.0,560.0,587,446,24.061433447098977,502.0,Unresolved,2025,-0.1791755160034058,-0.7296636809963635,-0.3358331035309123
805300,Jakob Marsee,374,0.0183941886060607,0.0189453912293687,0.0307572786886908,-0.0324619269679633,-0.001272915042759,0.0389809567030694,0.067376878379282,0.4144,0.4144,0.7346,0.1782,0.0544,0.1306,343.0,194.0,472.0,56.0,566.0,587,447,23.890784982935152,510.0,Unresolved,2025,0.0759886907990902,-1.038443547983983,-0.8370698540734228
543760,Marcus Semien,966,0.0181739675104357,0.0187005516019925,0.0302034694012728,-0.0331707042722564,-0.0014067782494332,0.038038041930909,0.0670594078454659,0.4066,0.4066,0.7382,0.182,0.056,0.132,345.0,198.75,471.0,55.0,564.0,587,448,23.72013651877133,509.0,Unresolved,2025,-0.7152332055832051,-1.055918820102142,-0.2577682416656375
663604,Brandon Lockridge,285,0.0181363576056225,0.0188763100723018,0.0311377969140028,-0.0337600878232489,-0.0019586993167116,0.0380423069512385,0.067874484961241,0.413,0.4136,0.73,0.1726,0.0576,0.1384,342.0,194.0,475.0,53.0,566.0,587,449,23.549488054607508,513.0,Unresolved,2025,,,
672580,Maikel Garcia,987,0.0180683825731047,0.0182418973516244,0.0295870920002468,-0.0315227789281639,-0.0007167731115352,0.0371169022912475,0.0662268627795939,0.402,0.402,0.7432,0.165,0.05,0.121,347.0,206.0,467.0,59.95000000000002,563.0500000000002,587,450,23.378839590443686,503.10000000000014,Unresolved,2025,0.5293482996067268,-0.1767429162577684,-0.31731442905998875
678554,Curtis Mead,477,0.0180155479292014,0.0185042492366695,0.0314429313250799,-0.0336387412807884,-0.0026786881405814,0.0388549946160398,0.0690473219732423,0.4106,0.4142,0.7202,0.1766,0.0582,0.1364,344.0,193.0,477.0,50.0,566.0,587,451,23.208191126279864,516.0,Unresolved,2025,-0.9534245602626223,0.2450616555463012,1.2228673916781834
676914,Davis Schneider,408,0.017956243452336,0.0177633898079218,0.0295854311799131,-0.0311781341842119,-0.0010480077327883,0.0370651785166305,0.0664159975755556,0.3916,0.3902,0.7394,0.1634,0.056,0.1258,351.0,205.0,471.0,55.0,563.0,587,452,23.037542662116042,508.0,Unresolved,2025,,,
670541,Yordan Alvarez,350,0.0179098524776285,0.0182412832948405,0.0291772156722581,-0.0303801695002172,-0.0005634162929029,0.0369268627524908,0.0639153411048524,0.4,0.3986,0.7446,0.1554,0.0468,0.119,346.5,206.75,467.0,63.0,561.0500000000002,587,453,22.866894197952217,498.0500000000002,Unresolved,2025,,,
650490,Yandy Díaz,1090,0.0178236203592287,0.0178427225089622,0.0267814224111748,-0.0272171768880145,0.0011181690828644,0.035264380170748,0.0616241705272804,0.384,0.3832,0.7614,0.1432,0.0356,0.1084,350.0,218.0,463.0,74.0,556.0,587,454,22.696245733788395,482.0,Unresolved,2025,1.1076209888096638,0.4138653166708336,-0.1628667415445869
656555,Rhys Hoskins,562,0.0178204520238302,0.0180797162354607,0.0301672780252168,-0.0317368074557516,-0.0018447304357527,0.0369316191151853,0.0677672400553263,0.3964,0.3948,0.7302,0.1654,0.0568,0.1296,347.0,204.0,472.0,52.0,566.0500000000002,587,455,22.525597269624573,514.0500000000002,Unresolved,2025,0.2840758618760772,0.0146428690463941,0.059067400866095646
683737,Michael Busch,1054,0.0178030083410449,0.0183757928264145,0.028822104891348,-0.029901380061485,-0.0011007000019324,0.0367622675947082,0.0652859096905139,0.3972,0.3988,0.7378,0.1526,0.0486,0.1176,347.0,210.75,469.0,62.0,561.0,587,456,22.35494880546075,499.0,Unresolved,2025,0.9796467789501876,-0.3066478630687055,-0.7868557343160913
624512,Reese McGuire,261,0.0177713533441359,0.0183028734086393,0.0298892101087862,-0.0328720103631816,-0.00148123538765,0.0379059869300957,0.0660053479989404,0.4032,0.4026,0.7336,0.1708,0.049,0.1304,347.0,201.0,471.0,60.0,565.0500000000002,587,457,22.18430034129693,505.0500000000002,Unresolved,2025,,,
647351,Abraham Toro,534,0.0177557611944942,0.0182790657589085,0.0280739585058674,-0.0298679643288977,-0.0003577478353673,0.0366434246363156,0.0628165374851231,0.3924,0.3932,0.7476,0.1564,0.0416,0.1176,347.0,210.75,467.0,69.95000000000002,561.0,587,458,22.013651877133107,491.04999999999995,Unresolved,2025,,,
663698,Joey Bart,521,0.0176910778146507,0.0184618931989813,0.0297708822089648,-0.0329557792204672,-0.0012342528752117,0.0372614827720811,0.0659461553505735,0.4056,0.4072,0.7344,0.1576,0.0482,0.1328,346.0,205.0,473.0,62.0,564.0,587,459,21.843003412969285,502.0,Unresolved,2025,,,
572233,Christian Walker,1285,0.0175584756266914,0.0175992000092637,0.0280869898474613,-0.0298338039907679,-0.0003930437542604,0.0360149447479406,0.0635688236486136,0.3868,0.3858,0.7464,0.1484,0.0444,0.1176,352.0,212.0,468.0,64.0,560.0,587,460,21.67235494880546,496.0,Unresolved,2025,0.2554602319322946,-0.1239258706832447,-0.057918080659138366
657077,Alex Verdugo,316,0.0174403160636946,0.0178241810231187,0.0301934084207931,-0.0327258676609721,-0.0016486056816724,0.0371347681425535,0.0659889799984732,0.3986,0.399,0.7326,0.1624,0.0508,0.1362,349.5,204.0,475.25,59.0,565.0,587,461,21.501706484641637,506.0,Unresolved,2025,,,
656896,Emmanuel Rivera,247,0.0173760431195357,0.0180301110973336,0.0310878995601716,-0.0360222064523645,-0.0015937517629523,0.0372635840630743,0.067631319330618,0.397,0.3924,0.731,0.1698,0.0588,0.14,349.0,202.0,474.0,52.0,568.0,587,462,21.331058020477816,516.0,Unresolved,2025,,,
687515,Colby Thomas,268,0.0173747484921215,0.0178981860270174,0.0304985955087667,-0.0335197195680389,-0.0026605867354007,0.0368711869924019,0.0677286059287671,0.4006,0.3974,0.724,0.1618,0.0564,0.1352,349.0,205.0,479.0,54.0,566.0,587,463,21.160409556313994,512.0,Unresolved,2025,,,
808982,Jung Hoo Lee,1014,0.0172628474466687,0.0177242877540243,0.0303150571270703,-0.0326100633810839,-0.0016609052082566,0.0365990861663634,0.0655009831095787,0.3916,0.391,0.7344,0.1644,0.0512,0.133,352.0,207.75,472.0,58.0,566.0,587,464,20.98976109215017,508.0,Unresolved,2025,-0.8618250433248124,-1.0491468720285722,-0.14042981328563764
641487,J.P. Crawford,1181,0.0172598611750927,0.0177268142341538,0.027945286670221,-0.0297840558392003,-0.0007646787684185,0.0356094927428742,0.0623351099683249,0.3828,0.3842,0.743,0.146,0.0386,0.1188,351.5,219.0,469.0,70.0,560.0,587,465,20.81911262798635,490.0,Unresolved,2025,-0.8797349553224324,-0.7727045596013975,0.14952099976941802
691019,Kyle Teel,535,0.0171560610306911,0.0176360289787206,0.0298114316774343,-0.0322194552286068,-0.0020634528188314,0.0364988599157658,0.0659074090619751,0.3888,0.3896,0.7256,0.159,0.0536,0.136,352.0,210.0,476.0,58.0,564.0500000000002,587,466,20.648464163822524,506.0500000000002,Unresolved,2025,,,
669087,Sam Huff,105,0.0171125205126834,0.0176906445327098,0.032374412031181,-0.036858575603005,-0.003675420246943,0.0382395874991313,0.0700136241802906,0.3994,0.3988,0.7164,0.1794,0.06,0.1524,354.5,199.0,483.0,50.0,570.0,587,467,20.477815699658702,520.0,Unresolved,2025,,,
668901,Mark Vientos,886,0.0170759192379175,0.0174994673717004,0.0296262266642332,-0.0333322496778442,-0.0013734775943708,0.0365578881467938,0.0639452245688877,0.3882,0.3908,0.7334,0.1554,0.0456,0.128,352.0,211.75,471.0,65.0,566.0,587,468,20.30716723549488,501.0,Unresolved,2025,0.6749666923133023,0.151110120913565,-0.09929365402200416
682729,Jonatan Clase,187,0.017062163067404,0.0176676319575756,0.0314602940977612,-0.0349213681389798,-0.0035918769795792,0.0369846294697377,0.0689582257737082,0.3956,0.3968,0.7122,0.166,0.0622,0.1454,353.0,205.0,484.0,48.0,569.0,587,469,20.13651877133106,521.0,Unresolved,2025,,,
683011,Anthony Volpe,1081,0.016860710401037,0.017221836804923,0.02665330572966,-0.0279063726512688,-0.0008083946493565,0.0345076518975282,0.0604107429142802,0.3712,0.372,0.7386,0.135,0.0308,0.1084,357.0,225.0,466.0,77.95000000000002,557.0,587,470,19.965870307167236,479.04999999999995,Unresolved,2025,-0.0402361846933968,-0.8501371913560465,-0.5611012127969465
668974,Maverick Handley,88,0.0167410163316342,0.0177891549723852,0.0324148136468821,-0.037311508251006,-0.003925361448135,0.0377781893757944,0.0690765650354606,0.398,0.398,0.7082,0.179,0.0616,0.1532,352.0,200.0,486.0,50.0,572.0,587,471,19.795221843003414,522.0,Unresolved,2025,,,
641933,Tyler O'Neill,382,0.0167177638004371,0.0176092727508449,0.030467539281968,-0.0351453403155901,-0.0034491592340293,0.0370709968745987,0.0658375416756624,0.3928,0.3946,0.7142,0.1588,0.0498,0.1434,353.0,208.0,481.25,60.0,568.0,587,472,19.62457337883959,508.0,Unresolved,2025,0.5431685451505663,-0.0925740086639041,-0.24356940270190247
664056,Harrison Bader,922,0.0166685053771156,0.0167731979501345,0.0273828965258582,-0.0276940677049918,-0.0014645039194363,0.0344996393559536,0.0611453960298211,0.3726,0.3738,0.7336,0.1386,0.0366,0.1194,357.0,226.0,473.25,75.0,558.0500000000002,587,473,19.453924914675767,483.0500000000002,Unresolved,2025,,,
672744,Alexander Canario,474,0.0166599833753597,0.0163718959583688,0.0301853530697118,-0.0333988560729561,-0.0025711239676028,0.0360386172700838,0.0660974875103793,0.376,0.3766,0.724,0.1538,0.0512,0.1338,361.5,215.0,478.0,58.95000000000002,565.0,587,474,19.283276450511945,506.04999999999995,Unresolved,2025,,,
571970,Max Muncy,672,0.0164052213016774,0.0162879458992388,0.0288809306933559,-0.0312428957896527,-0.0022002885573778,0.0355458073757968,0.0631971315735108,0.3768,0.3772,0.7224,0.1514,0.0468,0.1314,361.0,217.0,478.0,63.0,564.0,587,475,19.112627986348123,501.0,Unresolved,2025,0.8259309205545187,0.4466444744143857,0.08237635596584719
573262,Mike Yastrzemski,936,0.0163060078115355,0.0164425732321681,0.0273249432908038,-0.0296543160137749,-0.0011536871975624,0.0347834059210927,0.0606586480815295,0.3724,0.3704,0.7326,0.138,0.0354,0.1178,361.0,221.0,472.0,76.0,559.0,587,476,18.9419795221843,483.0,Unresolved,2025,0.0836330507119498,-0.2425831344937476,-0.04697517749447619
678489,Jorge Barrosa,150,0.0162408179634752,0.0164861964445427,0.0326255117264753,-0.0380306179323224,-0.0049372992686869,0.0376624359892057,0.068525157832565,0.3922,0.3936,0.7004,0.1724,0.0606,0.1606,360.0,203.0,489.0,50.0,572.0,587,477,18.77133105802048,522.0,Unresolved,2025,,,
650859,Luis Rengifo,1007,0.0161528893569854,0.0168134074464781,0.0295319557593575,-0.0333106847294802,-0.0026980673382609,0.0354658303781333,0.0628575058333618,0.3778,0.3768,0.7222,0.1464,0.0442,0.1398,359.0,218.0,476.0,64.0,565.0,587,478,18.600682593856654,501.0,Unresolved,2025,-0.9154561107264072,-0.9004400363470568,0.04872810377275161
664770,Nathan Lukes,773,0.0161506384354728,0.0170262993401257,0.0293171688733681,-0.0326081801366317,-0.0031361545644862,0.0356314535361426,0.0633116707071533,0.383,0.384,0.7196,0.1484,0.0402,0.1388,358.0,216.0,479.0,68.0,565.0,587,479,18.43003412969283,497.0,Unresolved,2025,-0.8910099946107749,-1.7033654477184843,-0.7726357217539859
671218,Heliot Ramos,1246,0.0161450312117027,0.0169130760604036,0.0286939807285269,-0.031870339217363,-0.0021680130984486,0.0352912446285149,0.061651306092825,0.3752,0.3746,0.726,0.1382,0.0426,0.1298,355.5,222.0,476.0,67.0,566.0,587,480,18.25938566552901,499.0,Unresolved,2025,0.3060478676210213,0.4061400205269015,0.43399222896272344
641555,J.C. Escarra,162,0.0161337996164744,0.016946137213355,0.0321275061645455,-0.0381608259844973,-0.0044173100442817,0.0373898804945837,0.0670452445310526,0.3882,0.3888,0.7016,0.1706,0.0582,0.1524,355.0,207.0,488.0,54.0,571.0,587,481,18.088737201365188,517.0,Unresolved,2025,,,
683002,Gunnar Henderson,1161,0.0160692261375425,0.0162919889811263,0.0272170672713133,-0.0291254160035224,-0.0016291143890835,0.0338358971272722,0.0597285345249457,0.3682,0.372,0.7328,0.1268,0.0314,0.1222,360.0,225.0,473.0,82.0,560.0,587,482,17.918088737201366,478.0,Unresolved,2025,0.5328850803659548,-0.317126939732431,-0.46036605945047865
660688,Keibert Ruiz,458,0.0160123757540533,0.0166509088635648,0.0298137403320435,-0.0348577191199389,-0.0029324971431622,0.0350224389406737,0.0640124718456013,0.375,0.3744,0.7212,0.1538,0.0406,0.1426,360.0,219.0,479.0,67.0,567.0,587,483,17.747440273037544,500.0,Unresolved,2025,-1.0776355476588504,-0.541149736175384,0.5303417869918922
665489,Vladimir Guerrero Jr.,1021,0.015936649485904,0.0163538592506546,0.0273383430215233,-0.0293739684764893,-0.0021393996357913,0.0338491207481793,0.0601658637368367,0.3696,0.3708,0.725,0.1288,0.033,0.1204,360.0,226.75,474.0,76.0,561.0,587,484,17.576791808873722,485.0,Unresolved,2025,1.7907242035706417,0.5693213241031955,-0.5226394078618503
691783,Jordan Lawlar,117,0.0159204137967334,0.0169005239114286,0.0316378230815572,-0.0371618533864755,-0.0040695077972493,0.0364201492080502,0.0662941768765425,0.3844,0.3832,0.706,0.1542,0.0532,0.1568,358.0,209.0,486.0,57.0,570.0,587,485,17.406143344709896,513.0,Unresolved,2025,,,
609280,Miguel Andujar,640,0.0158746877755804,0.0163254473416853,0.0291201654107446,-0.0331452496385504,-0.0027296391966032,0.0352976710861872,0.0630303694340942,0.3624,0.3612,0.7214,0.1424,0.0454,0.1388,361.0,219.0,476.0,67.0,567.0,587,486,17.235494880546074,500.0,Unresolved,2025,-0.5148167433244336,-0.6047590693278828,0.04222795751662689
672284,Jarred Kelenic,128,0.015861671448595,0.01686209263726,0.0310791224150054,-0.0351625606353144,-0.004577436914632,0.0361748712113327,0.0653781514256143,0.3802,0.3782,0.7038,0.1534,0.052,0.1486,358.0,213.0,486.0,58.0,570.0,587,487,17.064846416382252,512.0,Unresolved,2025,,,
671732,Lawrence Butler,1151,0.0157280542860493,0.0161692600104638,0.0271100209697973,-0.0299035712062051,-0.0017802812776219,0.0335536200986587,0.0603877770496495,0.358,0.3594,0.7262,0.1274,0.0286,0.1248,364.5,230.0,474.0,80.0,561.0,587,488,16.89419795221843,481.0,Unresolved,2025,-0.0683356277871709,-0.2532102549700411,0.057019649317214205
650402,Gleyber Torres,1055,0.0156825795049956,0.0158230800156099,0.0249860292883814,-0.0264621865926297,0.0001655560986733,0.032249637145836,0.0554751641509024,0.3474,0.3444,0.7518,0.109,0.0236,0.1064,365.5,242.0,465.0,94.0,556.0,587,489,16.72354948805461,462.0,Unresolved,2025,0.0846606165050947,-1.0434928473980378,-0.8486599290010628
693307,Dillon Dingler,862,0.0156262448200192,0.0159618004294686,0.029172897981325,-0.0326270380963379,-0.0034631495227022,0.0345810928803002,0.0636004109092276,0.3636,0.3626,0.7144,0.1406,0.0436,0.1414,363.0,224.0,481.0,67.0,564.0,587,490,16.552901023890787,497.0,Unresolved,2025,0.0901463706567932,0.1446028964511179,0.335298200246052
672724,Oswald Peraza,522,0.0156032066007205,0.0162667371419111,0.0301660792728604,-0.0347481604746454,-0.0040498034902346,0.0357074832520345,0.0643803877203189,0.374,0.3746,0.704,0.1526,0.0462,0.149,362.0,217.0,485.0,62.0,567.0,587,491,16.38225255972696,505.0,Unresolved,2025,-1.0504321086250012,-1.1171561418945617,-0.0661827359194922
572191,Michael A. Taylor,608,0.0154286478766492,0.0161642782479527,0.0300364379400655,-0.0344499212685992,-0.0044427178221596,0.0356130001415433,0.0632172133403066,0.3698,0.3722,0.706,0.1524,0.0426,0.1472,364.0,215.0,484.25,66.0,568.0,587,492,16.21160409556314,502.0,Unresolved,2025,,,
607680,Kevin Pillar,88,0.0152923352141227,0.0165224611397055,0.0325493968341188,-0.0396733433834336,-0.0055389988098678,0.0361614964211847,0.0672450222060461,0.3782,0.3772,0.6976,0.1598,0.0544,0.1682,362.0,209.0,492.0,54.0,573.0,587,493,16.040955631399317,519.0,Unresolved,2025,,,
606115,Orlando Arcia,405,0.0151845670670192,0.0159594671635547,0.0296336836823252,-0.0347709988893411,-0.0038184422678844,0.0342025939567269,0.0634187296924159,0.363,0.364,0.7068,0.1378,0.0472,0.148,367.0,226.0,485.0,63.0,568.0,587,494,15.870307167235495,505.0,Unresolved,2025,,,
680777,Ryan Jeffers,711,0.0151377970623038,0.0155343684421607,0.0293089970461011,-0.0339146791311711,-0.0030489153860909,0.0339805090071657,0.0634055037265397,0.3574,0.356,0.7148,0.1356,0.044,0.135,369.0,227.0,483.0,66.0,567.0,587,495,15.699658703071673,501.0,Unresolved,2025,0.1137445626711696,0.2873636748581829,0.4602601088604892
680869,Zack Gelof,207,0.0150887354390858,0.0152115681890145,0.0315168652289914,-0.0372923547269228,-0.0057486471411421,0.035689336153739,0.0666768350614777,0.3692,0.3696,0.696,0.1542,0.053,0.1646,367.0,214.0,491.0,57.0,571.0,587,496,15.52901023890785,514.0,Unresolved,2025,,,
596115,Trevor Story,1293,0.0150850505202558,0.0154347714197615,0.0250569889247134,-0.0265683223003782,-0.001265065869541,0.0316021175050868,0.0559003609505239,0.3368,0.3322,0.735,0.1114,0.0232,0.1088,368.0,247.0,472.0,93.0,558.0,587,497,15.358361774744028,465.0,Unresolved,2025,0.1382086743243344,-1.1993237264365066,-1.0448792796729565
665926,Andrés Giménez,713,0.0149697334651611,0.0154937482259121,0.0298088492888723,-0.034291110849461,-0.0036228459207858,0.0342922986687912,0.064063807671141,0.3566,0.3564,0.706,0.1432,0.042,0.145,368.0,227.0,485.0,66.0,568.0,587,498,15.187713310580206,502.0,Unresolved,2025,-1.5113394352765228,-2.0246681214297446,-0.6260566638386511
681481,Kerry Carpenter,910,0.0149076416721339,0.0152933453997198,0.0285940920302422,-0.0332689397377807,-0.0036622878976947,0.0339615378595985,0.0607871625867997,0.3578,0.359,0.7106,0.1348,0.0362,0.141,373.0,227.0,486.0,76.0,565.0,587,499,15.017064846416382,489.0,Unresolved,2025,0.4724705111560075,-0.3114229708768283,-0.40909457210488065
666971,Lourdes Gurriel Jr.,1026,0.014715788235886,0.0158668733134526,0.0298716577486967,-0.0353332762687758,-0.0048098372161279,0.0345105318879066,0.062034220378524,0.3664,0.3676,0.6964,0.1362,0.0404,0.1484,367.0,224.0,489.0,72.0,568.0,587,500,14.84641638225256,496.0,Unresolved,2025,-0.34566040608279,-1.1059113415938946,-0.5865100051839588
518692,Freddie Freeman,1211,0.0146515644296296,0.0151720586725651,0.0265583937888591,-0.0301192033155199,-0.0027476410843053,0.0324112376532113,0.0574656692648307,0.3498,0.3494,0.719,0.1116,0.0274,0.1322,369.0,236.75,478.0,92.0,563.0,587,501,14.675767918088738,471.0,Unresolved,2025,0.2730507241450945,-0.0483258948911363,0.00441431597719745
668930,Brice Turang,1192,0.014420533840795,0.0150488202426451,0.0286910100778061,-0.033948053322411,-0.0034708181854522,0.0333065767224904,0.0606816283047844,0.3568,0.3554,0.7008,0.1276,0.0344,0.1416,369.0,232.0,484.0,77.0,567.0,587,502,14.505119453924914,490.0,Unresolved,2025,-0.2490450416741106,-0.3961554385305078,0.05037403167757065
694192,Jackson Chourio,1101,0.0143264888122798,0.0154131685375143,0.0280365124443339,-0.0331731240481785,-0.0035266070523754,0.0323730661698623,0.0598836966726079,0.354,0.3514,0.7138,0.1208,0.0364,0.148,368.0,237.0,482.0,76.0,566.0,587,503,14.334470989761092,490.0,Unresolved,2025,-0.0436868108911514,0.5445474227117518,0.8361860263515974
666018,Jonathan Aranda,815,0.0141284703542443,0.0155505120718212,0.0290680761481796,-0.0351082786642499,-0.0038722408051098,0.0332985601367765,0.0605701947755787,0.3524,0.3542,0.7022,0.1246,0.0348,0.1504,367.0,234.0,487.0,76.0,569.0,587,504,14.16382252559727,493.0,Unresolved,2025,0.7509439685172794,-0.0352092300818251,-0.34291865137916905
694208,Moisés Ballesteros,109,0.0140404470556458,0.0145820839386126,0.031210611871257,-0.0385123948046238,-0.0056948040632679,0.0343795879680817,0.0639320994999978,0.36,0.3604,0.6858,0.1434,0.0472,0.1626,375.0,223.0,493.0,64.0,570.0,587,505,13.993174061433447,506.0,Unresolved,2025,,,
686676,Korey Lee,70,0.0139761854061997,0.0143526635357554,0.0319547803558489,-0.0408885746771077,-0.0051998990290389,0.0346010852970484,0.0652074452324114,0.3562,0.3546,0.6932,0.15,0.0528,0.168,376.0,225.0,492.0,57.0,574.0,587,506,13.822525597269625,517.0,Unresolved,2025,,,
628451,Andy Ibáñez,362,0.0138190227736529,0.0146347204928836,0.0298821972752852,-0.0362344094410962,-0.0055858253590109,0.033614064317994,0.0614480281921472,0.353,0.3544,0.6828,0.133,0.0392,0.1538,375.0,230.0,492.0,70.95000000000002,571.0,587,507,13.651877133105803,500.04999999999995,Unresolved,2025,,,
670242,Matt Wallner,768,0.0137524005096536,0.014500136710062,0.0308451118143407,-0.0384757196555434,-0.0058400692057852,0.033910225151409,0.0649091071921001,0.3482,0.3492,0.687,0.1404,0.0492,0.1666,379.0,228.0,495.0,61.95000000000002,571.0,587,508,13.481228668941979,509.04999999999995,Unresolved,2025,,,
656941,Kyle Schwarber,1260,0.0137395461976885,0.0147226139787756,0.0290549884779157,-0.0350239097436348,-0.0048680755761499,0.032702099919733,0.0601140276440687,0.344,0.3474,0.6944,0.1262,0.0344,0.1506,374.0,239.0,489.0,79.0,568.0,587,509,13.310580204778157,489.0,Unresolved,2025,2.4136012277275136,1.1899236748780695,-0.3718402963789358
623993,Anthony Santander,446,0.0136741917893143,0.0144111983685093,0.0316224054700572,-0.039228992194137,-0.0061253044832333,0.0340241928942522,0.0647897209748556,0.3546,0.356,0.683,0.146,0.0494,0.1758,377.0,227.75,495.0,60.0,573.0,587,510,13.139931740614335,513.0,Unresolved,2025,,,
683227,Cody Freeman,222,0.0136047612997008,0.0144875510501267,0.0315283165875235,-0.0390334000534211,-0.0066875777619058,0.0345735453658877,0.0632913905582872,0.3558,0.3556,0.6798,0.1492,0.0474,0.1706,377.0,225.0,495.0,63.0,572.0500000000002,587,511,12.969283276450511,509.0500000000002,Unresolved,2025,,,
676694,Jake Meyers,585,0.013521819202918,0.0145576103242287,0.0309151253675875,-0.0393905615141675,-0.0057818577403093,0.0340639047455612,0.062379214258873,0.352,0.3524,0.6882,0.1382,0.039,0.168,374.5,227.0,493.0,71.95000000000002,573.0,587,512,12.79863481228669,501.04999999999995,Unresolved,2025,,,
602104,Ramón Urías,709,0.0133870340501285,0.0133075371321083,0.0297098878181263,-0.0361620614174092,-0.0055573454074439,0.0328257735746058,0.0615699834335968,0.3438,0.3436,0.6896,0.132,0.0398,0.1582,384.0,235.75,493.0,70.0,569.0,587,513,12.627986348122867,499.0,Unresolved,2025,,,
677347,Kyren Paris,244,0.0132311722243223,0.0148503195627375,0.0319330545661962,-0.0406367160380101,-0.0074064148490184,0.0344003332104093,0.0637703991604463,0.3592,0.3592,0.6786,0.1452,0.042,0.1832,374.0,227.0,501.0,67.95000000000002,573.0500000000002,587,514,12.457337883959044,505.10000000000014,Unresolved,2025,,,
683766,Christian Koss,334,0.0131878204593765,0.0142355045931424,0.0320305708996024,-0.0403644673095147,-0.0070204840815145,0.0343735554758883,0.064897363242084,0.3494,0.3494,0.6784,0.141,0.047,0.1762,379.5,228.0,496.0,64.0,573.0500000000002,587,515,12.286689419795222,509.0500000000002,Unresolved,2025,,,
677008,Heston Kjerstad,343,0.0130868232865112,0.0139631114926766,0.0312454713101545,-0.039178823980023,-0.0067901383039693,0.0334373453357304,0.063295584881005,0.3472,0.347,0.6774,0.137,0.0396,0.1748,381.0,230.0,499.0,68.0,573.0,587,516,12.1160409556314,505.0,Unresolved,2025,,,
668227,Randy Arozarena,1214,0.0129196433308826,0.0133044721353635,0.0287419275831113,-0.0351148456738948,-0.0055845259655457,0.0320858001795541,0.0590567758020279,0.3252,0.3258,0.6838,0.1258,0.0314,0.1536,385.0,246.0,493.0,81.0,567.0,587,517,11.945392491467576,486.0,Unresolved,2025,0.5639614614990012,0.0192755040183197,-0.1474028885506394
641598,Mitch Garver,464,0.0129143709807492,0.0135549350769608,0.0308953878033641,-0.0389486414799165,-0.0066902820208349,0.0330570021536699,0.0619339414739599,0.3438,0.3428,0.6774,0.1328,0.0408,0.173,381.0,231.0,496.0,69.0,572.0,587,518,11.774744027303754,503.0,Unresolved,2025,,,
665839,Enmanuel Valdez,160,0.0128472128726238,0.0139793027080073,0.0318868416893952,-0.0416340246000426,-0.0074842231720856,0.0336397982951039,0.0626274486847655,0.3494,0.3496,0.6744,0.1386,0.0448,0.177,381.0,230.0,499.0,65.0,574.0,587,519,11.604095563139932,509.0,Unresolved,2025,,,
680977,Brendan Donovan,810,0.0128225177960094,0.0136700949897365,0.0275159149497575,-0.0332547763738755,-0.004905093864569,0.0308231546732786,0.0579169940997924,0.327,0.3262,0.6874,0.1084,0.0276,0.1474,382.5,253.0,489.0,86.0,566.0,587,520,11.433447098976108,480.0,Unresolved,2025,,,
682663,Agustín Ramírez,1044,0.0126446812101279,0.0131336319673102,0.028202376514365,-0.0348379519000504,-0.0057527039502832,0.0310468033840471,0.0599841704170087,0.3236,0.3216,0.6858,0.112,0.0306,0.1518,385.0,247.0,492.0,84.0,568.0,587,521,11.262798634812286,484.0,Unresolved,2025,0.8932252289362026,-0.4236575935378915,-0.8386822543495416
666211,Taylor Trammell,242,0.012499390651184,0.013796289320429,0.031340312693363,-0.0414292039041188,-0.0070953546875851,0.0327435433186331,0.0624899729619211,0.3416,0.342,0.6692,0.1328,0.0408,0.1772,382.0,237.0,498.0,69.95000000000002,573.0,587,522,11.092150170648464,503.04999999999995,Unresolved,2025,,,
682177,Daniel Schneemann,728,0.0123645700598255,0.0123514384383049,0.0303274870118987,-0.038310327511918,-0.0072265161071724,0.0328342422878626,0.0618849828199096,0.3366,0.3324,0.6608,0.134,0.04,0.1756,389.0,238.0,500.0,69.0,571.0500000000002,587,523,10.921501706484642,502.0500000000002,Unresolved,2025,-0.398739761135202,-0.7119273422437862,-0.15249105194081536
608324,Alex Bregman,781,0.0119551602669472,0.0125200453985718,0.0289048531706893,-0.0360753651126519,-0.0071274330694564,0.0312763656517292,0.0585235528286085,0.3212,0.3244,0.6682,0.1116,0.0324,0.169,391.0,248.0,497.0,84.0,570.0,587,524,10.750853242320819,486.0,Unresolved,2025,0.3386756869361712,-0.4019074287639895,-0.398664661053709
669016,Brandon Marsh,760,0.0118787254188763,0.0124583217883136,0.0290772151708902,-0.0377077182595267,-0.0067459525707185,0.031206432948437,0.0577634438313525,0.3238,0.3242,0.6688,0.118,0.031,0.1684,391.0,252.0,496.0,82.0,570.0,587,525,10.580204778156997,488.0,Unresolved,2025,-0.069579474339169,-0.6970166080427498,-0.3858485360006285
457705,Andrew McCutchen,978,0.0118435460473258,0.0124772433315821,0.0292050611352822,-0.0370417305020534,-0.0070986784915865,0.0309077093573662,0.0594210193911777,0.3182,0.3188,0.6706,0.1142,0.0334,0.1612,390.0,252.0,497.0,82.95000000000002,571.0500000000002,587,526,10.409556313993175,488.10000000000014,Unresolved,2025,,,
682998,Corbin Carroll,1200,0.0118030359576083,0.0125095120754146,0.0277120912855643,-0.0344686158994273,-0.0063927647075552,0.0302730835670277,0.0564763216724562,0.3168,0.315,0.6726,0.1052,0.0264,0.1638,387.0,257.0,495.0,91.0,570.0,587,527,10.238907849829351,479.0,Unresolved,2025,1.065550682578729,0.796090153268314,0.2510895049119286
660844,Leo Rivas,166,0.0115322447741405,0.0127049949068794,0.0320891205398822,-0.0436750015414662,-0.0086831525759967,0.0328576906050994,0.0626661859877675,0.3406,0.3404,0.6576,0.13,0.0404,0.191,390.0,236.0,506.0,71.0,576.0,587,528,10.06825938566553,505.0,Unresolved,2025,,,
642201,Eli White,508,0.0115305182018162,0.0122355496070205,0.0301026263719766,-0.0394108688275434,-0.0072110793640756,0.0315401133886808,0.0592584310683174,0.324,0.3224,0.6632,0.1198,0.0312,0.1742,393.0,244.0,498.0,80.0,574.0,587,529,9.897610921501707,494.0,Unresolved,2025,-0.5377052332946375,-1.3456414537986052,-0.6813908479273065
692585,Yanquiel Fernández,315,0.0115137930004908,0.0123511724310715,0.0310305931462203,-0.0404240509256373,-0.0080579747837103,0.0315098585040049,0.0615036048411241,0.3242,0.3236,0.6582,0.1236,0.037,0.1814,392.0,245.0,503.25,74.0,573.0,587,530,9.726962457337883,499.0,Unresolved,2025,,,
691594,Javier Sanoja,525,0.0112099112267272,0.0120304231310769,0.0312463712738335,-0.0421335458460171,-0.009175185695334,0.0320555949068933,0.0605333228749728,0.3248,0.3252,0.65,0.1274,0.0328,0.1914,394.0,239.0,507.0,80.95000000000002,574.0500000000002,587,531,9.556313993174061,493.10000000000014,Unresolved,2025,-1.0562105403735254,-0.9723465603419952,0.08298521148732729
805367,Chase Meidroth,768,0.0110288452904078,0.0124328055858828,0.0307820580140303,-0.041262944480349,-0.0081050285324541,0.0316557414912361,0.059758424895809,0.3216,0.3212,0.6614,0.123,0.0312,0.1886,391.0,247.0,503.25,82.0,575.0,587,532,9.38566552901024,493.0,Unresolved,2025,-0.9540384357057076,-1.0754747046706554,-0.09720595471662508
690993,Colt Keith,806,0.0110097317135016,0.0117323339115993,0.0289056554936028,-0.037761955913025,-0.0078806578590748,0.0302263867239046,0.0576332581744076,0.311,0.3126,0.6586,0.1022,0.0268,0.1768,393.0,257.0,502.0,89.0,571.0500000000002,587,533,9.215017064846416,482.0500000000002,Unresolved,2025,0.2344341275154032,0.0775316655470986,0.15939833554533406
677594,Julio Rodríguez,1338,0.0109301853054779,0.0120041901962241,0.0269758133081904,-0.0344032010079653,-0.0066255163586927,0.0293151869424438,0.0533840952537446,0.3042,0.3032,0.6698,0.0918,0.0164,0.164,391.5,264.0,497.0,108.0,568.0,587,534,9.044368600682594,460.0,Unresolved,2025,0.7877642274077669,0.3065957462609964,-0.028885251491161557
645302,Victor Robles,207,0.0105936187870069,0.0115110317586481,0.0318806618494036,-0.0432676351306207,-0.0090203053144631,0.0316197256188242,0.0619532125124912,0.3172,0.3178,0.6462,0.1252,0.0402,0.1912,398.0,248.0,506.0,71.0,576.0,587,535,8.873720136518772,505.0,Unresolved,2025,,,
700242,Trey Sweeney,593,0.0105229803179259,0.0119072493483081,0.0312768301774297,-0.0423502145357658,-0.0091432545074612,0.0306425149966437,0.0601924452154582,0.31,0.312,0.648,0.121,0.038,0.1936,395.5,250.0,505.0,75.0,574.0500000000002,587,536,8.703071672354948,499.0500000000002,Unresolved,2025,,,
682928,CJ Abrams,1149,0.0104483253975481,0.0112441190221095,0.02890253766026,-0.0386908952796587,-0.0086198953267748,0.0293046460293387,0.0571154750768379,0.302,0.3062,0.6462,0.1092,0.0286,0.1762,398.0,261.0,503.0,88.0,571.0,587,537,8.532423208191126,483.0,Unresolved,2025,-0.1633131382821064,0.0455529788391157,0.4274194026316546
701762,Nick Kurtz,804,0.010276627045802,0.0108825649839573,0.0282426869742642,-0.0354960738607187,-0.0082041138333284,0.0291416112742278,0.0558746508368025,0.2964,0.2962,0.6508,0.1006,0.024,0.1748,401.0,264.0,501.25,95.0,570.0,587,538,8.361774744027304,475.0,Unresolved,2025,1.547283350743172,1.313833005233891,0.40548685014162844
676812,Carson McCusker,57,0.0102752908578208,0.0115879360375272,0.0320516944062924,-0.0445262381583596,-0.009810374193989,0.031202642771544,0.0605604298189716,0.3188,0.3192,0.6428,0.1272,0.0378,0.2028,398.0,248.0,512.0,71.0,576.0,587,539,8.19112627986348,505.0,Unresolved,2025,,,
694212,Samuel Basallo,237,0.010107630504547,0.0109367246507497,0.0287928165218941,-0.0377813308627483,-0.008646200069648,0.0287159232215576,0.0562221121469444,0.2928,0.2924,0.6482,0.104,0.0262,0.181,400.0,268.0,505.0,92.0,570.0,587,540,8.020477815699659,478.0,Unresolved,2025,,,
656716,Zach McKinstry,931,0.010062572182631,0.0111755184693004,0.0284502337795655,-0.0368631874204956,-0.0083331151557621,0.0288126539476046,0.0555250598924875,0.295,0.2958,0.654,0.0924,0.0254,0.1828,396.0,268.0,503.0,97.0,571.0,587,541,7.849829351535837,474.0,Unresolved,2025,-1.2585343795329158,-2.096443581809325,-0.8885096247384932
500743,Miguel Rojas,488,0.0100374565427869,0.0109394394110584,0.0298570975391655,-0.0417278755656198,-0.0097581134187252,0.0302666504946429,0.0575184645096818,0.3022,0.3016,0.6484,0.1054,0.0294,0.1862,398.0,257.0,505.25,89.0,574.0,587,542,7.679180887372014,485.0,Unresolved,2025,-0.9488819746975368,-0.4406234955428941,0.5337560082341715
677950,Alek Thomas,854,0.0099868810679244,0.0114666191102034,0.030608420223479,-0.0414537891972106,-0.0090054322547138,0.0300988416378944,0.0583677235869985,0.3116,0.3116,0.6432,0.1082,0.0328,0.194,398.0,256.0,508.0,82.0,574.0,587,543,7.508532423208191,492.0,Unresolved,2025,,,
664983,Jake McCarthy,383,0.0095370532216631,0.0104437071974947,0.0307619545145812,-0.0422532311056901,-0.0100790548656125,0.02959723305492,0.0590157671127939,0.3006,0.3024,0.6336,0.113,0.0334,0.1944,402.5,259.0,510.0,80.0,575.0,587,544,7.337883959044369,495.0,Unresolved,2025,-1.5630070153824995,-1.179332548749532,0.258249035461694
673548,Seiya Suzuki,1100,0.0088025062472183,0.0093345491076574,0.029352526335726,-0.0404405157612388,-0.0095540566911783,0.0279056687816883,0.0558698774223716,0.2804,0.2794,0.63,0.099,0.0278,0.1946,410.0,273.0,508.0,91.0,574.0,587,545,7.167235494880546,483.0,Unresolved,2025,0.7889640926005551,0.0433394338605298,-0.29304655883031383
663968,Jake Mangum,848,0.008731685659747,0.0099536050729185,0.0304379305590508,-0.0431345805513231,-0.0105594254381812,0.0283080096592332,0.0574973588673216,0.2878,0.2888,0.6282,0.101,0.0304,0.2056,407.0,268.0,513.0,88.95000000000002,575.0,587,546,6.996587030716723,486.04999999999995,Unresolved,2025,-1.4938065757386203,-1.9342084951468568,-0.5488211474289877
656582,Connor Joe,134,0.008403217439978,0.0094208726649017,0.031182194826948,-0.0452585437834129,-0.0114155255463499,0.0287925914859046,0.0589738390051416,0.2922,0.2908,0.6186,0.1074,0.0296,0.2078,411.0,267.0,515.0,84.0,576.0,587,547,6.825938566552901,492.0,Unresolved,2025,,,
592626,Joc Pederson,532,0.0079205498776161,0.0090625664714996,0.0304782051039233,-0.043678557675798,-0.0118145157595418,0.0285889489634801,0.0569873414068238,0.2832,0.2856,0.6156,0.1026,0.024,0.2112,415.0,272.0,516.0,92.0,576.0,587,548,6.6552901023890785,484.0,Unresolved,2025,0.6160187553423551,0.774999904116103,0.5690574444393778
575929,Willson Contreras,1028,0.0076867735634414,0.0087488969552712,0.0286195802956655,-0.0419969040645376,-0.0106594613224346,0.0266214284206903,0.0526534348973844,0.2676,0.2678,0.6224,0.0868,0.0178,0.203,414.0,283.0,512.0,107.0,574.0,587,549,6.484641638225256,467.0,Unresolved,2025,0.765640878694571,0.7371725785603193,0.41837805419913904
621438,Tyrone Taylor,590,0.0075971780182375,0.0089753641000186,0.0305752137057809,-0.0441830620985394,-0.011650843819057,0.0283528215073248,0.0553552929202299,0.2836,0.286,0.6184,0.0934,0.0252,0.2172,412.0,273.0,517.0,97.0,577.0,587,550,6.313993174061434,480.0,Unresolved,2025,-0.993798994598683,-0.6309895720021053,0.37726846739355024
608369,Corey Seager,817,0.007580382770982,0.0089423515834829,0.0280232970287901,-0.0393106868518057,-0.0108147199792312,0.0261578365116918,0.0523436900864828,0.2602,0.2596,0.6248,0.085,0.0154,0.2052,418.0,287.0,514.0,111.95000000000002,572.0,587,551,6.143344709897611,460.04999999999995,Unresolved,2025,1.3893056097164005,0.8385504784646971,0.04935858912957314
691026,Masyn Winn,990,0.0070921751246552,0.0082728599869392,0.0278496878723576,-0.0403390598003215,-0.011221951109526,0.0258784791633646,0.0512617004614449,0.2576,0.2596,0.6188,0.0778,0.015,0.202,420.0,289.0,514.0,114.0,574.0,587,552,5.972696245733788,460.0,Unresolved,2025,-0.9910275961026268,-0.8446606937584862,0.16150702613537282
672569,Gustavo Campero,123,0.0069474005441909,0.0087658970873666,0.0325572990139203,-0.0484765843944382,-0.0140641730517857,0.0287926976934826,0.0575967684490587,0.2908,0.2872,0.606,0.1036,0.0276,0.237,415.0,269.0,524.0,84.95000000000002,579.0,587,553,5.802047781569966,494.04999999999995,Unresolved,2025,,,
702616,Jackson Holliday,1105,0.0068799885256034,0.0073005277252336,0.0294480356936677,-0.0422431326400261,-0.0125143251120931,0.0266886745868996,0.0547259360412222,0.269,0.2696,0.602,0.091,0.0218,0.2122,424.0,279.0,517.25,103.0,575.0,587,554,5.631399317406143,472.0,Unresolved,2025,-0.3059573343904876,-1.0382230497804898,-0.5487676432531545
686555,Isaac Collins,755,0.0068183886037177,0.0077866362674792,0.029740714929681,-0.0431213850086263,-0.0125082962023077,0.0261481926316132,0.054679512392186,0.2606,0.2598,0.609,0.0902,0.0226,0.2192,420.0,287.0,518.0,100.95000000000002,576.0,587,555,5.460750853242321,475.04999999999995,Unresolved,2025,-0.6209192500598444,-0.5322564338122702,0.19475810958539286
665966,Carlos Narváez,879,0.0065812891338843,0.0075808849807526,0.0278333323568241,-0.0404359869402628,-0.0114604221099511,0.0252244843163904,0.0503307548397244,0.2454,0.2486,0.6114,0.0754,0.017,0.2084,423.0,294.0,516.0,117.0,574.0,587,556,5.290102389078498,457.0,Unresolved,2025,-0.3169171973490855,-1.282192124523346,-0.78447027226041
624413,Pete Alonso,1250,0.0065251442302006,0.0069943472197757,0.0260718196045467,-0.0372882678295878,-0.0102561109101066,0.0243084856435189,0.0484957412939674,0.2372,0.2396,0.6066,0.0592,0.012,0.1944,427.0,301.0,511.0,131.0,571.0,587,557,5.1194539249146755,440.0,Unresolved,2025,1.9046265037274048,1.429466324674824,0.25159510395979434
621020,Dansby Swanson,1253,0.0065187082016342,0.0075619453827622,0.0276234625070615,-0.0410556824526959,-0.0112637545851853,0.0252415688096976,0.0498807261994279,0.2494,0.2486,0.6078,0.071,0.014,0.201,423.0,294.0,514.0,121.0,573.0,587,558,4.948805460750854,452.0,Unresolved,2025,0.4541359422554937,-0.239598230135909,-0.3234410344643768
646240,Rafael Devers,1408,0.0064633161746166,0.0071532468538503,0.0258409027399047,-0.0375786536926526,-0.0099519604685024,0.0234510801349176,0.0472832472742309,0.2278,0.2246,0.6158,0.059,0.0108,0.1904,425.0,311.0,509.0,137.0,570.0500000000002,587,559,4.778156996587031,433.0500000000002,Unresolved,2025,1.0423938438046196,0.8113010926659724,0.2837664246651225
664040,Brandon Lowe,1163,0.0061558891386837,0.0065674895183297,0.0266412239394964,-0.0383679443578791,-0.0112779108658702,0.0244237336740695,0.0481845022654925,0.2396,0.2398,0.6018,0.067,0.0114,0.2018,427.0,302.0,514.0,126.95000000000002,573.0,587,560,4.607508532423208,446.04999999999995,Unresolved,2025,0.5302513948709304,0.2682113342912798,0.12695866443227705
695391,Brett Harris,140,0.0051697690251779,0.0067720118968518,0.0308002464035081,-0.0481357116745863,-0.0146636547199074,0.0264392910316824,0.0535471704579576,0.2662,0.2618,0.5782,0.0824,0.0214,0.246,428.5,285.0,527.0,106.0,578.0,587,561,4.436860068259386,472.0,Unresolved,2025,,,
624424,Michael Conforto,914,0.0045650711319806,0.0061904079175644,0.0291710622482024,-0.045327785198941,-0.0139446869828714,0.0240469810773318,0.0500599706405247,0.2338,0.2326,0.5822,0.0684,0.0172,0.2428,431.0,305.0,526.0,121.0,578.0,587,562,4.266211604095563,457.0,Unresolved,2025,-0.2186207601538385,0.1514963814576989,0.5750784231092305
656413,Stuart Fairchild,91,0.0044815614807789,0.005459031890477,0.0316917064882144,-0.0480977116934145,-0.0158135961644047,0.0256306854983813,0.0546131111852843,0.2532,0.253,0.5732,0.0876,0.0248,0.2486,435.0,291.0,528.0,97.0,580.0,587,563,4.09556313993174,483.0,Unresolved,2025,,,
621566,Matt Olson,1385,0.00371336394056,0.0045595345091647,0.0285270387871521,-0.0438681069694183,-0.014709700003185,0.0230847620115172,0.0489661339186416,0.2248,0.2234,0.5658,0.0664,0.013,0.2448,441.0,313.0,527.0,123.95000000000002,577.0,587,564,3.9249146757679183,453.04999999999995,Unresolved,2025,0.9435143770337666,0.9210714069888868,0.4681162980130122
677588,José Tena,295,0.0034700654078524,0.0037616052781364,0.0290282894372666,-0.0455577171977016,-0.0150549530266798,0.0227332978416687,0.0507686027882715,0.2218,0.224,0.5568,0.0724,0.0144,0.246,446.0,315.0,528.0,117.0,578.0,587,565,3.7542662116040955,461.0,Unresolved,2025,,,
608348,Carson Kelly,732,0.002796451177037,0.0032914543303052,0.0248392153465536,-0.0388486228851573,-0.0137071892552337,0.0201561605904827,0.0426331763640745,0.1802,0.1758,0.5558,0.043,0.0054,0.2316,448.0,336.0,524.0,161.0,573.0,587,566,3.583617747440273,412.0,Unresolved,2025,-0.2535117949277434,-0.749729940528955,-0.29983143427316705
689172,Brett Wisely,123,0.0022859734288887,0.0040938147458082,0.0320299433752114,-0.0516628550042165,-0.0185925790042066,0.0233089635103111,0.0529689045392911,0.2274,0.2278,0.549,0.0798,0.0214,0.2804,447.0,308.0,536.0,108.0,581.0,587,567,3.4129692832764507,473.0,Unresolved,2025,,,
687551,Drew Gilbert,186,0.0021468752665507,0.0032135122866201,0.0307209100370968,-0.0509227669951253,-0.0176752442467115,0.0226980996619131,0.0508255705779858,0.2186,0.2176,0.5408,0.0674,0.0182,0.2728,449.0,312.0,535.0,119.0,580.0,587,568,3.242320819112628,461.0,Unresolved,2025,,,
696100,Hunter Goodman,1147,0.0017425550209373,0.0030159072666987,0.0282156469908496,-0.0467265326022083,-0.0169289921955066,0.0210077911857572,0.0463629901344556,0.2034,0.203,0.5396,0.0546,0.0098,0.267,449.0,328.0,533.0,140.0,578.0,587,569,3.0716723549488054,438.0,Unresolved,2025,0.6796461582664539,0.4685981850002449,0.21466493606308956
676059,Jordan Westburg,628,0.0015982628932066,0.0021355513772793,0.0292998642146924,-0.0483895378077606,-0.0171415190553254,0.0217682483898005,0.0479142919907348,0.2084,0.21,0.5302,0.062,0.012,0.2714,454.5,326.0,534.0,132.0,580.0,587,570,2.901023890784983,448.0,Unresolved,2025,,,
687263,Zach Neto,1026,0.0013429161786105,0.0014797901682491,0.0295662619331393,-0.0482700725578722,-0.017704103556752,0.0213150109783786,0.049111333520787,0.208,0.2092,0.5206,0.0676,0.014,0.2828,455.5,323.0,536.0,127.95000000000002,579.0,587,571,2.7303754266211606,451.04999999999995,Unresolved,2025,0.7429353766161828,-0.2121452420057549,-0.5138142054416206
571657,Kyle Farmer,525,0.0012539945025332,0.0029382560238318,0.0317919751041859,-0.055381495681479,-0.0183992015927711,0.0229534465986058,0.0498408385376833,0.2258,0.2262,0.541,0.0702,0.0168,0.2846,452.0,311.0,538.0,118.0,582.0,587,572,2.5597269624573378,464.0,Unresolved,2025,,,
641680,Jonah Heim,821,0.0007860492666039,0.001875667401063,0.0295547136165895,-0.0490250456525344,-0.0186331551834392,0.0210292472837204,0.0474198273094494,0.1982,0.199,0.528,0.0594,0.0136,0.2894,456.0,330.0,539.0,136.0,580.0,587,573,2.3890784982935154,444.0,Unresolved,2025,-0.9460808010537398,-0.8642591791770377,0.10800754727699802
676391,Ernie Clement,956,0.0007241221757461,0.0022979026514652,0.029671744993815,-0.0494449699385385,-0.0183302672519421,0.0209211935572631,0.0473992929505011,0.1998,0.2008,0.5282,0.061,0.0124,0.2766,456.0,330.0,535.0,132.0,580.0,587,574,2.218430034129693,448.0,Unresolved,2025,-1.4623489131180565,-2.1125520867836567,-0.7508915924036503
678882,Ceddanne Rafaela,1224,0.0001322797319213,0.0013682216587213,0.0272888577847642,-0.04653718896506,-0.0178618047339337,0.018986458144242,0.0430618844646127,0.1722,0.1734,0.5204,0.04,0.008,0.2774,459.0,344.0,536.0,163.0,578.0,587,575,2.04778156996587,415.0,Unresolved,2025,-0.4151317371131466,-1.395775608124985,-0.8239757161572098
680718,Addison Barger,943,-0.0016536531280832,-0.000206222205152,0.0305411642518896,-0.0533288611640129,-0.0215932666101634,0.019053667226848,0.0464261148171568,0.1848,0.1824,0.4966,0.0518,0.0126,0.3194,468.0,344.0,546.0,146.0,582.0,587,576,1.8771331058020477,436.0,Unresolved,2025,,,
643565,Mike Tauchman,733,-0.0019699254324805,-0.0009569281996082,0.0308676245081748,-0.0549936540056082,-0.021312435343172,0.0192290068612586,0.0463290734632713,0.1854,0.1884,0.4912,0.0502,0.0118,0.3134,473.0,340.0,544.0,147.0,582.0,587,577,1.7064846416382253,435.0,Unresolved,2025,,,
666149,Tyler Fitzgerald,459,-0.0043582294203914,-0.0026243765970098,0.0314670999861404,-0.0583188098417003,-0.0244293529827914,0.0175617586543453,0.0444274428653385,0.1674,0.1678,0.4686,0.0472,0.0096,0.3494,482.0,356.0,551.0,152.0,583.0,587,578,1.5358361774744027,431.0,Unresolved,2025,,,
691406,Junior Caminero,1205,-0.005373052771803,-0.003473550308983,0.0309456271712775,-0.057763423197631,-0.0256318084395985,0.0161189951547249,0.0421382689880039,0.1526,0.1504,0.4522,0.0402,0.0086,0.3622,485.0,365.0,554.0,167.0,583.0,587,579,1.3651877133105803,416.0,Unresolved,2025,1.2074383013620498,1.626593296219579,0.974574311442683
624641,Edmundo Sosa,523,-0.0058398799518101,-0.0046566099286016,0.02987531953113,-0.055911183978984,-0.0251672456703697,0.0149747814898401,0.0406980031216225,0.144,0.143,0.4438,0.0364,0.0068,0.3692,490.0,375.0,553.0,179.95000000000002,583.0,587,580,1.1945392491467577,403.04999999999995,Unresolved,2025,-0.7144629919434278,-0.3891811834718299,0.4083884634984612
641355,Cody Bellinger,1233,-0.0070697569174463,-0.0064538685054985,0.0258235180637611,-0.0512598034218969,-0.0239757203889432,0.0108394281358484,0.033624735653843,0.0992,0.0972,0.4048,0.017,0.0028,0.3628,496.5,403.0,551.25,231.95,581.0,587,581,1.023890784982935,349.05,Unresolved,2025,-0.3802249851860453,-0.1853536009092449,0.3601179718357894
666176,Jo Adell,1145,-0.0078451932603384,-0.006263434593437,0.0304203467478044,-0.0611612221481768,-0.0268499183982732,0.0131367908582736,0.038426100862277,0.1274,0.1276,0.4188,0.0312,0.0054,0.3858,496.0,388.75,556.0,189.95,584.0,587,582,0.8532423208191127,394.05,Unresolved,2025,1.202405892473035,0.1848126817038996,-0.46341062285714474
650333,Luis Arraez,1149,-0.0084543146559042,-0.0071413179209539,0.0299909760144384,-0.0599354901274997,-0.027522178789307,0.0120181982746323,0.038889691954566,0.1196,0.1202,0.4002,0.0318,0.0058,0.3998,501.0,397.75,558.0,190.95,584.0,587,583,0.6825938566552902,393.05,Unresolved,2025,-1.979162865142302,-1.8829707705294323,-0.1315048099726539
657757,Gavin Sheets,1010,-0.0089303008723862,-0.0068603563089178,0.0305253924657988,-0.062122641523315,-0.0285678700016094,0.0121767741926632,0.0372999436721461,0.1224,0.123,0.4084,0.0278,0.0054,0.4008,503.0,394.0,559.0,196.95,584.0,587,584,0.5119453924914675,387.05,Unresolved,2025,0.7208220328281715,-0.3425797818591299,-0.6275698180906298
663757,Trent Grisham,895,-0.0096431404451989,-0.0081957208669722,0.03118751714093,-0.063014652331238,-0.0295869494712007,0.0120193529402785,0.0379320562291917,0.1304,0.1318,0.3966,0.0262,0.0056,0.4182,508.0,397.0,561.0,193.95,585.0,587,585,0.3412969283276451,391.05,Unresolved,2025,0.8836772494945366,0.5424876765363071,0.13466455229836433
700337,Edgar Quero,725,-0.0121182886530073,-0.0104184024441498,0.0308330966869406,-0.0659983193954704,-0.0317234905564051,0.0090921669058005,0.0350772332878309,0.1046,0.1026,0.363,0.0214,0.0036,0.4446,516.0,415.0,564.0,214.0,585.0,587,586,0.17064846416382254,371.0,Unresolved,2025,-0.4302821940041778,-1.0572366147302736,-0.474009533368582
666139,Josh Lowe,967,-0.015317556474085,-0.0142681614452998,0.0318463073337046,-0.0697405518955909,-0.0353431840237452,0.0068768735191917,0.0329364772276236,0.0906,0.0902,0.3324,0.0204,0.005,0.4948,527.0,428.75,569.0,228.0,586.0,587,587,0.0,358.0,Unresolved,2025,-1.061018301153479,-1.1401278770627123,-0.08116986522041048
666397,Edouard Julien,450,0.0767101708515344,0.075594620862311,0.0363495122225671,0.0196294242730659,0.0516528560743961,0.0999693418535036,0.1405708517645939,0.9542,0.9552,0.9896,0.8288,0.6114,0.0008,37.0,10.0,105.0,1.0,286.0,591,1,100.0,285.0,90% interval above zero,2026,-0.1876806094157564,-0.120457735288615,0.27978778490331035
677060,Chad Stevens,64,0.0743528143925061,0.0721593382898577,0.0374288687310608,0.016862209495078,0.0488438378138472,0.0980756752289575,0.1393606892081658,0.9452,0.9434,0.9836,0.8052,0.5804,0.0024,43.0,11.0,119.0,1.0,309.0,591,2,99.83050847457628,308.0,90% interval above zero,2026,,,
683737,Michael Busch,1157,0.0694608158504427,0.0684067281306596,0.0321782042867201,0.019427686894335,0.0462333802088054,0.0908912455813847,0.1233660692385425,0.9532,0.9522,0.9892,0.7924,0.547,0.0008,51.0,17.0,128.0,3.0,292.0,591,3,99.66101694915254,289.0,90% interval above zero,2026,0.9796467789501876,-0.3066478630687055,-0.7868557343160913
608348,Carson Kelly,707,0.0604712777517132,0.060190041957857,0.0300103629746692,0.0113281199789094,0.0397316892306003,0.0802877914194743,0.1108231578346359,0.9206,0.9178,0.9832,0.7164,0.428,0.0018,77.0,30.0,164.0,5.0,344.0500000000002,591,4,99.49152542372882,339.0500000000002,90% interval above zero,2026,-0.2535117949277434,-0.749729940528955,-0.29983143427316705
703607,Henry Bolte,783,0.0597227432086639,0.0585084821841584,0.0316484561385906,0.0096168022903001,0.0382685447228248,0.0805284940826087,0.1129431788147251,0.9038,0.9024,0.975,0.6998,0.4186,0.0018,81.0,29.0,174.0,5.0,354.0,591,5,99.32203389830508,349.0,90% interval above zero,2026,,,
687093,Vaughn Grissom,797,0.059539947685603,0.0582162718083113,0.0318728928098581,0.0100426343341782,0.0376076238283467,0.0799878703058418,0.1140881849955945,0.9092,0.9084,0.9762,0.6948,0.4044,0.002,83.0,29.0,177.25,5.0,355.0,591,6,99.15254237288136,350.0,90% interval above zero,2026,,,
677800,Wilyer Abreu,1255,0.0594464218176157,0.0588091673669296,0.0306141886620439,0.0098278421117561,0.0380518422810105,0.0792376857133873,0.1118670375141544,0.9128,0.912,0.98,0.7008,0.4058,0.0018,82.0,30.0,171.0,5.0,355.0,591,7,98.98305084745763,350.0,90% interval above zero,2026,0.2692377989978556,0.0980664656046071,0.15368256451484663
669065,Kyle Stowers,984,0.0582279621853918,0.057620074861295,0.0304744302524188,0.0091726586819454,0.0372548015464669,0.0782168004742271,0.1100414796444951,0.9094,0.91,0.9768,0.6792,0.3936,0.0024,85.0,33.0,178.25,6.0,356.0500000000002,591,8,98.8135593220339,350.0500000000002,90% interval above zero,2026,1.2395911166978448,0.6774393097683464,0.00116915467808143
671732,Lawrence Butler,938,0.0578717311860347,0.0573543787271204,0.0300538799666158,0.0090837622962358,0.0376882291571715,0.0778812359847994,0.1087940275816852,0.907,0.9078,0.9744,0.6858,0.3916,0.002,87.0,33.0,179.0,6.0,357.0500000000002,591,9,98.64406779661017,351.0500000000002,90% interval above zero,2026,-0.0683356277871709,-0.2532102549700411,0.057019649317214205
686527,Dominic Canzone,900,0.056099342665003,0.0557620673564351,0.0301432255048609,0.00763832711412,0.0352882182660309,0.0767462609014561,0.1061592024388188,0.8926,0.8938,0.9712,0.6608,0.376,0.0016,93.0,37.0,191.0,7.0,370.0,591,10,98.47457627118644,363.0,90% interval above zero,2026,1.0664202614867135,0.6411485274369184,0.09549200164093086
686780,Pedro Pagés,402,0.0542505415554623,0.0529398282706489,0.035504250994484,-0.0021186811296059,0.0305213437210265,0.0773539649568071,0.1140200455502483,0.8474,0.847,0.9436,0.6182,0.3604,0.0086,103.0,34.0,221.0,5.0,427.0,591,11,98.30508474576271,422.0,Positive tendency,2026,-1.1050587842549924,-1.1221721232914086,-0.029996701240277313
571448,Nolan Arenado,1030,0.0524000771313699,0.052031369795618,0.0311946250364178,0.0025890313356793,0.0312118730123477,0.0730484981561473,0.1039168557478922,0.8618,0.8612,0.9578,0.617,0.3282,0.0062,108.0,44.0,215.25,8.0,403.0500000000002,591,12,98.13559322033899,395.0500000000002,90% interval above zero,2026,-0.5207096658539534,-0.6796488117236025,-0.028217064676076098
691723,Coby Mayo,769,0.0522487084427201,0.0512446248871762,0.0357140006771895,-0.0047047749422006,0.0275406626656737,0.0756706033256483,0.1120024576638469,0.827,0.8264,0.9346,0.5932,0.3424,0.0092,110.5,38.0,237.0,5.0,440.1000000000003,591,13,97.96610169491525,435.1000000000003,Positive tendency,2026,-0.268562818221993,0.8357353008811084,1.2969859990207895
663647,Ke'Bryan Hayes,379,0.0501919725025657,0.0490616025145867,0.0331054902471934,-0.0019869899826664,0.0280211039095794,0.0717498639938739,0.1066008551704459,0.8326,0.8344,0.943,0.5724,0.2996,0.006,121.0,47.0,238.25,7.0,426.0500000000002,591,14,97.79661016949153,419.0500000000002,Positive tendency,2026,-0.4214839290897995,-0.0522749895965741,0.524316025259825
660271,Shohei Ohtani,1049,0.049988607225922,0.0496638078922768,0.0301513306955205,0.0004207175227978,0.0299153039198103,0.0696513238762053,0.1002086925935629,0.8496,0.8496,0.9522,0.5914,0.2892,0.0058,117.0,52.0,225.0,10.0,405.0500000000002,591,15,97.62711864406779,395.0500000000002,90% interval above zero,2026,2.6206326963537108,1.4504363725729597,-0.2674805001779095
694197,Angel Genao,217,0.0487737372516997,0.0472537923617986,0.0344356008233521,-0.0058323966675995,0.0248904434319864,0.071409176074357,0.1075227174185612,0.809,0.812,0.9296,0.545,0.298,0.0094,129.5,47.0,257.0,7.0,441.0500000000002,591,16,97.45762711864407,434.0500000000002,Positive tendency,2026,,,
691785,Marcelo Mayer,413,0.0485810520701809,0.0482089476396429,0.0340891681365334,-0.0062097283081238,0.0257888900663142,0.0709536472338247,0.1039194103045442,0.8088,0.8086,0.9266,0.556,0.2948,0.011,124.0,49.0,249.25,8.0,451.0,591,17,97.28813559322033,443.0,Positive tendency,2026,,,
671056,Iván Herrera,1182,0.0478601181184813,0.0476490615046987,0.0337348010489831,-0.0069067736143988,0.0245263990142257,0.0700163138918494,0.1037974970442101,0.807,0.8054,0.926,0.5526,0.2854,0.009,127.0,50.0,257.0,8.0,451.0500000000002,591,18,97.11864406779661,443.0500000000002,Positive tendency,2026,1.0645524897398255,0.0634467712417189,-0.4808009929802907
666182,Bo Bichette,1295,0.0477459410717713,0.0468276643371335,0.0314725557539346,-0.0019203360768178,0.0259216906424858,0.0687199886480284,0.1006432012954309,0.8242,0.8238,0.942,0.545,0.2794,0.0084,132.0,54.0,248.0,10.0,424.0,591,19,96.94915254237289,414.0,Positive tendency,2026,0.3834811761889035,-0.3073739725192284,-0.3379256187504281
691777,Max Muncy,513,0.0475952933721595,0.0462481664701207,0.033641999080324,-0.0064775660007496,0.0250683911589028,0.069572049062599,0.1052697173013353,0.8092,0.8078,0.929,0.5346,0.2828,0.0102,133.0,51.0,256.0,8.0,450.0500000000002,591,20,96.77966101694915,442.0500000000002,Positive tendency,2026,-0.6585869964707849,-0.0828231595123687,0.6726021754129508
605170,Victor Caratini,593,0.046575248958587,0.0451756375705531,0.0359674424111515,-0.0100891172282966,0.0225863971508378,0.069560449951366,0.1070441927810246,0.782,0.7822,0.9118,0.521,0.285,0.0182,140.0,50.0,270.0,7.0,464.0500000000002,591,21,96.61016949152543,457.0500000000002,Positive tendency,2026,0.0912012242844349,-0.2203064751334617,-0.030406791713056186
665926,Andrés Giménez,976,0.0465035357266853,0.0451536840572032,0.0317852906258394,-0.00492484653972,0.0251165318404973,0.0673626033853232,0.1005473806931959,0.8112,0.811,0.932,0.53,0.2588,0.0088,137.0,58.0,255.0,10.0,440.0,591,22,96.44067796610169,430.0,Positive tendency,2026,-1.5113394352765228,-2.0246681214297446,-0.6260566638386511
681481,Kerry Carpenter,507,0.0450685843290237,0.0450887520033669,0.0324083806034887,-0.0076265597272035,0.0235518491503873,0.0663140366910504,0.0987545983982105,0.7938,0.7948,0.9214,0.5218,0.2584,0.0116,140.0,58.0,265.0,12.0,454.0,591,23,96.27118644067797,442.0,Positive tendency,2026,0.4724705111560075,-0.3114229708768283,-0.40909457210488065
592663,J.T. Realmuto,780,0.0444422383458074,0.0440222013800527,0.0332202156634536,-0.0097280908787754,0.0218229316969438,0.0662991187777153,0.1003484644347963,0.7792,0.7792,0.9144,0.5076,0.2528,0.0146,145.0,60.0,275.0,11.0,463.0,591,24,96.10169491525424,452.0,Positive tendency,2026,0.0039671431176511,-0.2411432031470272,0.014552540040211503
671289,Tyler Freeman,472,0.0440283391171461,0.0436650485882282,0.0332819012111186,-0.0096072876588967,0.0217199129899325,0.0655308727436264,0.0997336397662538,0.7792,0.782,0.911,0.5044,0.249,0.0146,147.0,61.0,278.0,11.0,463.0,591,25,95.9322033898305,452.0,Positive tendency,2026,-0.5506243770794407,-1.2146345212054348,-0.5406396875594887
691458,Blaze Jordan,382,0.0438880851336386,0.042937090444979,0.0343852097436973,-0.0116728423826739,0.0205828440612052,0.0662486067732729,0.1026801153959785,0.7664,0.7654,0.9062,0.4922,0.2484,0.0172,152.0,61.0,283.0,10.0,471.0,591,26,95.76271186440678,461.0,Positive tendency,2026,,,
683011,Anthony Volpe,409,0.0431314002806433,0.0419887497581611,0.0354680693352011,-0.0129627768553569,0.0186230922721345,0.0655872189745406,0.1039860243262014,0.75,0.7482,0.8938,0.4892,0.2488,0.0196,153.0,61.0,296.0,9.0,477.0,591,27,95.59322033898304,468.0,Positive tendency,2026,-0.0402361846933968,-0.8501371913560465,-0.5611012127969465
641487,J.P. Crawford,735,0.0429669824971969,0.0423658539404158,0.0326920829651043,-0.0096682466948142,0.0207987370385209,0.0646000937558801,0.0991264543669864,0.769,0.7698,0.9078,0.4896,0.2358,0.0142,152.0,65.0,283.0,11.0,462.0500000000002,591,28,95.42372881355932,451.0500000000002,Positive tendency,2026,-0.8797349553224324,-0.7727045596013975,0.14952099976941802
666971,Lourdes Gurriel Jr.,363,0.0424398302814146,0.0420565233198554,0.0354761543927119,-0.015288866247077,0.0182712016253332,0.0658040995708694,0.1020921161424462,0.743,0.7444,0.8866,0.4888,0.2456,0.0238,154.0,62.0,299.0,9.0,489.0,591,29,95.2542372881356,480.0,Positive tendency,2026,-0.34566040608279,-1.1059113415938946,-0.5865100051839588
457705,Andrew McCutchen,157,0.0418426313923304,0.0409383470457058,0.036360014760175,-0.0159119836776745,0.0169919216752437,0.0651826718398554,0.1032824593992643,0.7334,0.736,0.883,0.4696,0.244,0.0254,162.0,63.0,306.0,9.0,491.0,591,30,95.08474576271186,482.0,Positive tendency,2026,,,
681393,Connor Norby,704,0.0416428132264594,0.0411223168861707,0.0324985007688212,-0.0111447676868574,0.0198768837082023,0.0627539860587387,0.096243734640841,0.7592,0.7588,0.9028,0.4744,0.219,0.0146,158.0,69.0,290.0,13.0,474.0,591,31,94.91525423728814,461.0,Positive tendency,2026,-0.6729494580289768,-0.9667110571500384,-0.2004528760888733
669384,Raynel Delgado,65,0.0416060682074869,0.0399884437192344,0.0361018535852649,-0.0135157882682176,0.0166835213565522,0.0650803405207435,0.1035309567625675,0.7328,0.7334,0.8798,0.457,0.2402,0.0216,168.0,63.0,308.0,9.0,488.0500000000002,591,32,94.7457627118644,479.0500000000002,Positive tendency,2026,,,
665804,Miguel Amaya,432,0.0415526016047071,0.041437760718491,0.0334420763140304,-0.0140701969305388,0.0197694757078149,0.0639854053858755,0.0971959884159671,0.7568,0.7572,0.898,0.4726,0.2306,0.0196,160.0,67.0,291.0,13.0,482.0,591,33,94.57627118644068,469.0,Positive tendency,2026,,,
701675,Nathan Church,922,0.0412762205070048,0.0403722150740889,0.0335507023797902,-0.0126845555932598,0.018522956098844,0.0637917632517476,0.0965588082532317,0.7468,0.746,0.8956,0.4674,0.2272,0.0196,161.0,67.0,299.0,12.0,476.0500000000002,591,34,94.40677966101696,464.0500000000002,Positive tendency,2026,,,
607043,Brandon Nimmo,1193,0.0408629168137978,0.0407880460870131,0.0332222549288604,-0.0131130615314487,0.0179878508359582,0.0625184500134221,0.0952499817299949,0.7418,0.742,0.8966,0.4668,0.2184,0.018,163.0,70.0,300.0,13.0,482.0500000000002,591,35,94.23728813559322,469.0500000000002,Positive tendency,2026,0.4104614403776665,0.3323956094728967,0.2814941750471634
545121,Ildemaro Vargas,796,0.0406392011536152,0.0397727057747411,0.0329938262675448,-0.0133317283466749,0.018376623921993,0.0627042522534283,0.0959048947667675,0.7416,0.7474,0.8938,0.4526,0.2142,0.0162,168.0,71.0,298.0,13.0,479.0,591,36,94.0677966101695,466.0,Positive tendency,2026,,,
671218,Heliot Ramos,821,0.0405386788838415,0.0395330051502267,0.0324132894128669,-0.0112396867517599,0.0189890599843619,0.0618909397394567,0.0946391566180895,0.7468,0.7466,0.8956,0.4544,0.2206,0.016,168.0,71.0,297.0,14.0,467.0,591,37,93.89830508474576,453.0,Positive tendency,2026,0.3060478676210213,0.4061400205269015,0.43399222896272344
575929,Willson Contreras,987,0.0405199321691356,0.0402294500617392,0.0313074750301415,-0.0098450428195895,0.0191279146978853,0.0608530181037756,0.0930239756526498,0.7524,0.751,0.9034,0.4538,0.2002,0.0124,166.0,77.0,295.0,15.0,469.0,591,38,93.72881355932203,454.0,Positive tendency,2026,0.765640878694571,0.7371725785603193,0.41837805419913904
701538,Jackson Merrill,1258,0.040343166389564,0.039960457049566,0.0344555440604262,-0.0163374627578545,0.0173064223029812,0.0625418218008243,0.0978803983555112,0.7358,0.7352,0.8882,0.455,0.2234,0.0232,168.0,70.0,305.0,12.0,493.0,591,39,93.55932203389831,481.0,Positive tendency,2026,0.1301565752219641,0.2209181365401551,0.3814358563490772
592518,Manny Machado,1177,0.0401556701506708,0.039731409012982,0.0345832865435273,-0.0155340874416248,0.0170424671704289,0.0625178390215403,0.0964675423795871,0.7326,0.7334,0.882,0.4578,0.2228,0.0248,166.0,70.0,308.0,13.0,489.0500000000002,591,40,93.38983050847457,476.0500000000002,Positive tendency,2026,0.9390422036162416,0.1215240106182737,-0.3280579741665576
695491,Joshua Báez,206,0.0400894474274989,0.0394304227044424,0.0358746122028375,-0.018569492079322,0.0162132346720258,0.0639506483988103,0.0995378886858452,0.7246,0.7238,0.8706,0.4518,0.2346,0.0272,171.0,66.0,314.0,11.0,498.0,591,41,93.22033898305085,487.0,Positive tendency,2026,,,
608324,Alex Bregman,1125,0.0397564744783381,0.0390308387872072,0.0320989979825278,-0.0109266280589275,0.0184364124731193,0.0609579062910099,0.0934745162019019,0.7442,0.7472,0.897,0.4434,0.2,0.0174,173.0,77.0,297.0,15.0,476.0,591,42,93.05084745762711,461.0,Positive tendency,2026,0.3386756869361712,-0.4019074287639895,-0.398664661053709
645302,Victor Robles,265,0.0395724108242944,0.038625050118049,0.0355141104812084,-0.0173560436065207,0.0155162907323263,0.0624892115345524,0.1003042618268264,0.7186,0.7204,0.8746,0.4428,0.22,0.0264,174.0,71.0,318.25,11.0,496.0500000000002,591,43,92.88135593220339,485.0500000000002,Positive tendency,2026,,,
687637,Dylan Beavers,577,0.0394261485387439,0.0382803756374758,0.0333776110261912,-0.0147435354827185,0.0170255438916878,0.0614180046890234,0.0955687462485883,0.7314,0.7324,0.8856,0.437,0.2078,0.0218,176.0,74.0,307.0,14.0,490.0,591,44,92.71186440677967,476.0,Positive tendency,2026,,,
800325,Luis Lara,326,0.0393556839208272,0.0386829680557281,0.0347581245845893,-0.0163547135114337,0.0159882072323943,0.0625518198083851,0.0979840304287115,0.725,0.7214,0.8774,0.4442,0.2174,0.025,173.0,73.0,315.0,13.0,494.0,591,45,92.54237288135593,481.0,Positive tendency,2026,,,
542303,Marcell Ozuna,522,0.0392111435262596,0.0381125240047196,0.0341119651887441,-0.0148276028597938,0.0157138492491088,0.0613361628004568,0.0970982782391702,0.7186,0.7182,0.874,0.436,0.2094,0.0188,176.0,72.0,315.25,13.0,489.0,591,46,92.37288135593221,476.0,Positive tendency,2026,0.1157688326268118,-0.3529943895201448,-0.1816247554245286
668709,JJ Bleday,936,0.0389961143772031,0.0388462846109203,0.0343167336694256,-0.0170815411365793,0.0161546507136011,0.0615143320077609,0.0954826736737815,0.7244,0.7214,0.8724,0.447,0.2116,0.0224,170.0,73.0,314.0,13.0,494.0500000000002,591,47,92.20338983050847,481.0500000000002,Positive tendency,2026,-0.3470292225904534,0.0737923786510065,0.5942261410525208
666176,Jo Adell,1302,0.0389569127187126,0.0390162484820768,0.031331739500987,-0.0122358423779173,0.0176498184960393,0.0596656734516666,0.0903528577679161,0.74,0.7402,0.895,0.439,0.1888,0.0158,174.0,80.0,301.0,17.0,475.0,591,48,92.03389830508475,458.0,Positive tendency,2026,1.202405892473035,0.1848126817038996,-0.46341062285714474
701358,Cam Smith,1076,0.0387663697022545,0.038024891028304,0.0329320877892233,-0.0152314235427067,0.0174768420140205,0.0601937562119211,0.0934129877440833,0.7356,0.7344,0.8854,0.437,0.189,0.021,175.0,81.0,304.0,15.0,489.0,591,49,91.86440677966101,474.0,Positive tendency,2026,-0.6241255444114732,0.2887375646243518,1.0181704464967043
665862,Jazz Chisholm Jr.,934,0.0386248284341241,0.0375826653968749,0.0334695168463042,-0.0150617896558692,0.0162885537342012,0.0602647593029165,0.0952497337759627,0.7254,0.7248,0.8816,0.4336,0.1968,0.0216,180.0,79.0,312.0,13.0,488.0500000000002,591,50,91.69491525423729,475.0500000000002,Positive tendency,2026,0.6393780960322866,-0.0134769675681551,-0.2370381440994779
668952,Ryan Kreidler,487,0.0385884961716652,0.0380189956457295,0.0337871311154451,-0.0155563737707544,0.0158720202988318,0.0606442513648796,0.0951959909702279,0.718,0.7166,0.8752,0.441,0.1994,0.0218,176.0,77.0,315.0,14.0,493.0500000000002,591,51,91.52542372881356,479.0500000000002,Positive tendency,2026,,,
666018,Jonathan Aranda,1168,0.0384638829368319,0.0378021724919727,0.0290960571242359,-0.0094538386399677,0.0188399720661647,0.0575005986242068,0.0863719974809567,0.7456,0.7452,0.9086,0.4244,0.1702,0.0082,177.0,87.0,298.25,22.0,460.0500000000002,591,52,91.35593220338983,438.0500000000002,Positive tendency,2026,0.7509439685172794,-0.0352092300818251,-0.34291865137916905
682848,Endy Rodríguez,270,0.0382195122097004,0.0380642615928173,0.0353054960033295,-0.0180013896552594,0.0144612121680228,0.0605227864979808,0.0970103395171959,0.7068,0.7068,0.8654,0.436,0.2044,0.0314,178.0,77.75,324.0,13.0,502.0500000000002,591,53,91.1864406779661,489.0500000000002,Positive tendency,2026,,,
669127,Shea Langeliers,776,0.0382004447276541,0.0379889298843106,0.0314738424356156,-0.0124685313161211,0.0165867944746709,0.0589667224481584,0.0910159479126685,0.7286,0.7274,0.8878,0.4282,0.1848,0.0166,176.5,82.75,310.0,17.0,478.0,591,54,91.01694915254237,461.0,Positive tendency,2026,0.6043124018822912,0.8202951312367928,0.6231821556516971
679845,Nick Loftin,609,0.0380367508056856,0.0375305660649853,0.0320300239909159,-0.0139008384632315,0.0163232931119002,0.0591625031860977,0.0922313169624915,0.7264,0.7236,0.8856,0.4274,0.1882,0.0198,180.0,81.0,311.0,17.0,480.0500000000002,591,55,90.84745762711864,463.0500000000002,Positive tendency,2026,,,
805808,Kevin McGonigle,1146,0.0377088048148769,0.0373569169837128,0.030823485417451,-0.0121206306104461,0.0175377664465149,0.057633742233222,0.0898951769717926,0.7356,0.7342,0.8918,0.416,0.1716,0.0156,184.0,88.0,304.0,19.0,477.0,591,56,90.67796610169492,458.0,Positive tendency,2026,,,
683953,Travis Bazzana,835,0.0376937794684558,0.0371810305646649,0.0360699512511017,-0.0190718889943266,0.0134616414984948,0.0609200804901321,0.0981493976567899,0.6968,0.6974,0.854,0.4276,0.2102,0.031,182.0,76.0,329.0,12.0,506.0,591,57,90.50847457627118,494.0,Positive tendency,2026,,,
702284,Cole Young,1105,0.0374396046538828,0.0362902901273511,0.0321327835187557,-0.0149847721286435,0.0159683438258922,0.0589702703925359,0.0906766930329139,0.7186,0.7176,0.8862,0.4144,0.1866,0.019,187.0,82.0,314.0,17.0,485.0,591,58,90.33898305084746,468.0,Positive tendency,2026,-1.0314485853955528,-0.5680775010091426,0.4685776360934457
699912,Jose Fernandez,357,0.0370436545208735,0.0364332022454683,0.0325552191019451,-0.015189421753538,0.0142603508461124,0.0587059861554197,0.0920208899287414,0.7026,0.701,0.8806,0.4184,0.1846,0.023,186.0,83.0,323.0,17.0,489.0,591,59,90.16949152542372,472.0,Positive tendency,2026,,,
672724,Oswald Peraza,743,0.0369781577973936,0.0365600079532032,0.0320588865690173,-0.0149193154214586,0.0156191319044077,0.0574946273611966,0.09080014618718,0.7142,0.7158,0.8776,0.4126,0.1724,0.0194,185.0,87.0,318.0,17.0,485.0500000000002,591,60,90.0,468.0500000000002,Positive tendency,2026,-1.0504321086250012,-1.1171561418945617,-0.0661827359194922
641857,Ryan McMahon,638,0.0369546304922092,0.0361575184966298,0.0321416064960651,-0.0156683107764341,0.0161521969032252,0.0581054302521011,0.090760001728519,0.7238,0.7206,0.8786,0.4072,0.177,0.0218,185.0,86.0,314.0,18.0,489.0,591,61,89.83050847457628,471.0,Positive tendency,2026,0.3112778287483712,-0.1063759876926979,-0.08246846269150077
680574,Matt McLain,814,0.0368479262592664,0.0359398811804127,0.0316131821296156,-0.0131259255320792,0.0156086456861571,0.0567084036572094,0.0912844976271791,0.7196,0.7228,0.8806,0.4062,0.1692,0.0186,188.0,89.0,315.0,17.0,483.0,591,62,89.66101694915254,466.0,Positive tendency,2026,-0.7828485989122564,-0.8349728502161856,0.01417644799969564
665877,José Fermín,572,0.0368297439156283,0.0359582829355795,0.0337693734344292,-0.017525231760295,0.0140534430973528,0.0594871800122252,0.0937968538414164,0.7018,0.698,0.8678,0.4134,0.1914,0.0254,187.0,81.0,327.0,16.0,493.0,591,63,89.49152542372882,477.0,Positive tendency,2026,,,
666152,David Hamilton,580,0.0367067802239893,0.0361861755262305,0.0331592664096828,-0.0161907893914651,0.0141649231390601,0.0587662991113394,0.0917468622224083,0.6968,0.6968,0.8662,0.4136,0.18,0.0224,189.0,83.0,327.0,16.950000000000017,495.0,591,64,89.32203389830508,478.04999999999995,Positive tendency,2026,,,
686765,Nick Sogard,386,0.0361187077172323,0.0351901832253509,0.0366321774303487,-0.0227744967130325,0.0120438742622078,0.0597162011146433,0.0970168878779144,0.6844,0.6844,0.8464,0.4084,0.1938,0.037,192.0,80.0,341.0,12.0,511.0,591,65,89.15254237288136,499.0,Positive tendency,2026,,,
686217,Sal Frelick,560,0.0360914953406848,0.035265765054422,0.0338191011523118,-0.0185028835443392,0.0140964131771805,0.058468847937056,0.0916232011619151,0.7026,0.6982,0.8652,0.404,0.1896,0.0288,194.0,85.0,327.0,16.0,502.0500000000002,591,66,88.98305084745763,486.0500000000002,Positive tendency,2026,-1.4080251040426526,-1.5229245575202632,-0.2022376429714421
678011,Anthony Seigler,293,0.0359640969929658,0.0348391217711508,0.0356239404257379,-0.0197400358737486,0.0113538647669242,0.0593041325363864,0.0964701487434426,0.6782,0.6774,0.8486,0.3986,0.202,0.0326,197.0,81.0,342.0,13.0,509.0,591,67,88.8135593220339,496.0,Positive tendency,2026,,,
680977,Brendan Donovan,261,0.0358611483745102,0.0345132966405166,0.0360683100241817,-0.022628022264539,0.0119863573318386,0.0597058875765314,0.0966280443183657,0.6818,0.6834,0.8454,0.4028,0.1938,0.0356,197.0,80.0,340.0,12.0,515.0500000000002,591,68,88.64406779661017,503.0500000000002,Positive tendency,2026,,,
650489,Willi Castro,974,0.0357604126125517,0.0351192183949569,0.0317837519062769,-0.0152571944729637,0.0145283575121617,0.0563656268599121,0.0887832900663075,0.6994,0.7006,0.871,0.3932,0.1632,0.0206,194.0,91.75,327.0,19.0,493.0,591,69,88.47457627118644,474.0,Positive tendency,2026,-0.9044344377499822,-0.5291880658254701,0.4116670085270625
543807,George Springer,933,0.0356428118477482,0.0353996899022485,0.0314201675298478,-0.0147279361715723,0.0143870247910817,0.0566829471250285,0.0863873059037151,0.7014,0.701,0.8714,0.3968,0.175,0.02,193.0,89.0,324.25,21.0,485.0,591,70,88.30508474576271,464.0,Positive tendency,2026,1.0891280693380214,-0.7055474390949221,-1.2683312649389478
805999,A.J. Ewing,824,0.0356275357847289,0.0356181128750943,0.0321558174079502,-0.0174360437277853,0.0145921539508049,0.0565039160946945,0.0880327436742304,0.7052,0.7078,0.8676,0.3992,0.1632,0.0254,190.0,90.0,322.0,20.0,499.0500000000002,591,71,88.13559322033899,479.0500000000002,Positive tendency,2026,,,
668939,Adley Rutschman,642,0.0355173732886579,0.0347355528318228,0.0333112487416675,-0.0173155748380206,0.0126354252436334,0.0576579068435491,0.091517882987912,0.6858,0.6888,0.8574,0.3954,0.1748,0.0252,195.0,89.0,337.0,18.0,496.0500000000002,591,72,87.96610169491525,478.0500000000002,Positive tendency,2026,0.0179874066476144,-0.2688943434456833,-0.023773344496313298
660670,Ronald Acuña Jr.,870,0.0353652943671725,0.0351298211554265,0.0334321548849039,-0.0184450922269754,0.0130015985372411,0.0570607846979968,0.0911444852658285,0.689,0.689,0.8574,0.4026,0.1714,0.026,192.0,89.0,331.0,18.0,501.0,591,73,87.79661016949153,483.0,Positive tendency,2026,0.9486008456249336,0.3537155819104111,-0.1030759816592442
668804,Bryan Reynolds,1228,0.0352524659298525,0.0344987090722722,0.0321272694787488,-0.0164962822439369,0.0132505444183763,0.0570787876369592,0.088457712020258,0.6908,0.6902,0.8658,0.395,0.169,0.0208,198.0,89.0,333.0,19.0,492.0500000000002,591,74,87.62711864406779,473.0500000000002,Positive tendency,2026,0.4067940745283765,0.5839892335593599,0.5358538994854534
664034,Ty France,983,0.0346845793876732,0.0346654711559834,0.0315878272884203,-0.0175288891071799,0.0140249626993905,0.0554691801071188,0.0861417933027883,0.695,0.6958,0.8702,0.3894,0.1526,0.0264,198.0,95.75,327.0,21.0,499.0,591,75,87.45762711864407,478.0,Positive tendency,2026,-0.0536844183133336,0.0866468395019839,0.385826110352132
670541,Yordan Alvarez,1080,0.0343943182150485,0.033380649885562,0.0303359883395074,-0.0138403688971545,0.0138867424850867,0.0545270220611037,0.0859292218392504,0.6974,0.6966,0.8746,0.372,0.1452,0.0208,201.5,100.0,327.25,23.0,487.0,591,76,87.28813559322033,464.0,Positive tendency,2026,,,
666160,Mickey Moniak,858,0.0343391730991633,0.0339844598186532,0.0300097385971041,-0.0139568537758726,0.0142066310184003,0.0537560921353079,0.0851190617792043,0.7006,0.7012,0.873,0.3758,0.1434,0.0194,201.0,100.0,327.0,23.950000000000017,483.0500000000002,591,77,87.11864406779661,459.10000000000014,Positive tendency,2026,0.6100828500768607,-0.2552640553336271,-0.45672937519991497
682998,Corbin Carroll,1118,0.0340682123944602,0.0334288952012871,0.0312387147539998,-0.0158392822541547,0.012445583276939,0.0545951622031349,0.0864818312517713,0.677,0.679,0.866,0.3794,0.1526,0.0246,204.0,98.0,337.0,22.0,492.0,591,78,86.94915254237289,470.0,Positive tendency,2026,1.065550682578729,0.796090153268314,0.2510895049119286
677594,Julio Rodríguez,1186,0.0339971972804985,0.0332643461153093,0.0302210886864101,-0.0142426384184257,0.0135888695841891,0.0537008372695507,0.0848728213418983,0.6916,0.6908,0.87,0.3692,0.1484,0.02,206.0,101.0,329.0,25.0,483.0500000000002,591,79,86.77966101694915,458.0500000000002,Positive tendency,2026,0.7877642274077669,0.3065957462609964,-0.028885251491161557
673548,Seiya Suzuki,1043,0.0339165431163848,0.0336570693965676,0.0307649592122592,-0.0149133874059349,0.0131675889011,0.0536811527522905,0.0861720852937395,0.688,0.6894,0.8664,0.3706,0.1478,0.0206,205.0,102.0,331.0,22.0,489.0,591,80,86.61016949152543,467.0,Positive tendency,2026,0.7889640926005551,0.0433394338605298,-0.29304655883031383
665161,Jeremy Peña,914,0.0338337484381369,0.0330670556682594,0.030302495503146,-0.0141616895880053,0.0131201663812948,0.0543634569976593,0.0840304440323729,0.6828,0.6826,0.8742,0.368,0.1424,0.0192,205.0,98.0,332.0,25.0,483.0,591,81,86.44067796610169,458.0,Positive tendency,2026,0.2977574826152948,-0.1063061945003301,-0.0722009865483679
669394,Jake Burger,1108,0.0337096186112447,0.0342732805912511,0.0303018810550976,-0.016634147560445,0.0136000378949799,0.0539064666373075,0.0836888312472803,0.6912,0.6912,0.8702,0.3748,0.1372,0.0226,200.0,102.0,330.0,25.0,493.0,591,82,86.27118644067797,468.0,Positive tendency,2026,0.8223205288950599,0.5833149088894588,0.22176991817070352
663368,Blake Perkins,166,0.033600134894782,0.0341467195557209,0.0365787786705017,-0.0246196420641304,0.0090689736831749,0.0576180023379172,0.0946474040692217,0.6516,0.6528,0.8216,0.3932,0.1794,0.0428,201.0,87.0,360.0,15.0,525.0,591,83,86.10169491525424,510.0,Positive tendency,2026,,,
681047,Christian Franklin,73,0.0329531643202752,0.0326666441478439,0.0378446214690501,-0.0293635804613621,0.0078282771197807,0.057108626073107,0.0962553024009774,0.6532,0.6512,0.8086,0.3846,0.1844,0.0552,208.0,89.0,366.0,13.0,535.0500000000002,591,84,85.9322033898305,522.0500000000002,Positive tendency,2026,,,
687363,Victor Scott II,289,0.0328414915030621,0.0322592376083313,0.0358261825635937,-0.0261753835749718,0.0089248746021792,0.0561237507624329,0.0921269789870353,0.651,0.6494,0.8314,0.3784,0.1682,0.0418,210.0,92.0,359.0,17.0,522.0500000000002,591,85,85.76271186440678,505.0500000000002,Positive tendency,2026,,,
608070,José Ramírez,918,0.0328088636092119,0.0319400367439793,0.0329905887203274,-0.0211208682816527,0.0105754231060372,0.054217696663469,0.0882753238686276,0.6586,0.6576,0.8506,0.364,0.1574,0.0314,212.0,99.0,348.0,20.0,509.0500000000002,591,86,85.59322033898304,489.0500000000002,Positive tendency,2026,0.0246551592799669,-0.1169310542676808,0.1231608110582153
596142,Gary Sánchez,379,0.0327438635551598,0.0323627809033461,0.0355667114612598,-0.0244318722308023,0.0090204430726435,0.055704188448067,0.0924374434738124,0.6528,0.654,0.8278,0.3734,0.1702,0.041,210.0,94.0,359.0,17.0,520.0,591,87,85.42372881355932,503.0,Positive tendency,2026,,,
628451,Andy Ibáñez,51,0.032413471994837,0.0320880779935962,0.0374620870407844,-0.0269216293263499,0.0073471998770251,0.056940755266544,0.0944406580083178,0.64,0.6384,0.8106,0.375,0.1824,0.0488,215.0,89.0,369.0,14.0,531.0,591,88,85.2542372881356,517.0,Positive tendency,2026,,,
695734,Daylen Lile,1250,0.0322818145537492,0.0321974040715846,0.0306032766124679,-0.0165808083589051,0.0109516294813365,0.052406887600844,0.083125914614159,0.6646,0.6676,0.8552,0.3524,0.1382,0.0232,209.0,106.0,346.0,26.950000000000017,496.0,591,89,85.08474576271186,469.04999999999995,Positive tendency,2026,-0.4648983701027487,-0.3293941901586452,0.2799420444263861
592450,Aaron Judge,516,0.0322646657453516,0.0321301715533137,0.0330339435566253,-0.020830693609583,0.0103913870123541,0.0530977729989211,0.0882919045546925,0.6646,0.664,0.8364,0.3568,0.15,0.0302,213.0,103.0,351.0,20.0,510.0500000000002,591,90,84.91525423728814,490.0500000000002,Positive tendency,2026,3.03397748696163,1.6211477175928124,-0.40853329806397687
553993,Eugenio Suárez,889,0.0322443304337274,0.0317839220994744,0.0337357924331814,-0.0220831870622155,0.0095815784907078,0.0539559552697187,0.0881838810962093,0.6546,0.6552,0.831,0.3642,0.1528,0.0352,213.0,102.0,354.0,20.0,516.0,591,91,84.7457627118644,496.0,Positive tendency,2026,0.374947493974738,-0.4250643091753141,-0.44917944965687584
620443,Luis Torrens,498,0.0319337325629985,0.0307876582232799,0.0331821636879911,-0.0221285030798082,0.0091690749051179,0.0542364694769216,0.0863233831311617,0.6546,0.6534,0.8318,0.3598,0.1512,0.0296,217.0,102.0,358.0,22.950000000000017,510.0,591,92,84.57627118644068,487.04999999999995,Positive tendency,2026,0.3530194878225967,-0.6225588519223384,-0.6301348555888369
663604,Brandon Lockridge,201,0.0318781233823194,0.0318670909630846,0.0326784303781828,-0.0224514740251816,0.0102208423252718,0.0535140552687099,0.0858876817378381,0.6604,0.6578,0.8406,0.3624,0.1418,0.0372,213.0,105.0,348.0,22.0,514.0,591,93,84.40677966101696,492.0,Positive tendency,2026,,,
802139,JJ Wetherholt,978,0.031862832653605,0.0316614578271215,0.0322144898010844,-0.0202386339159834,0.0105686577246985,0.0531373395020682,0.0848912095414441,0.6592,0.661,0.8424,0.3562,0.1376,0.0304,214.0,106.0,348.0,22.950000000000017,510.0,591,94,84.23728813559322,487.04999999999995,Positive tendency,2026,,,
681198,TJ Rumfield,1073,0.0318135700985379,0.0316595605003907,0.0316976274067802,-0.0199204439724858,0.0106564185075493,0.0522359609355767,0.0842349261439224,0.6602,0.6608,0.8456,0.3514,0.1376,0.0284,215.0,109.0,348.0,23.950000000000017,506.0500000000002,591,95,84.0677966101695,482.10000000000014,Positive tendency,2026,,,
543877,Christian Vázquez,468,0.031804817664481,0.0313131316909623,0.0333702473054414,-0.0229291631424822,0.0093706807543646,0.0536727344783448,0.0869343931383531,0.6548,0.6554,0.834,0.355,0.1442,0.036,216.0,101.0,357.0,23.0,513.0,591,96,83.89830508474576,490.0,Positive tendency,2026,-1.45141512377874,-2.3258562930882807,-0.9724425784900455
672284,Jarred Kelenic,147,0.0317928849509032,0.0313618421773589,0.0365204024838964,-0.0266011511329659,0.0081273180642488,0.0551951378582044,0.093830149166479,0.64,0.6408,0.815,0.3582,0.1626,0.0484,215.0,98.0,365.0,15.0,531.0,591,97,83.72881355932203,516.0,Positive tendency,2026,,,
621566,Matt Olson,1293,0.0317234803393148,0.0315326785664893,0.0291707504546906,-0.014580787984831,0.0115577680965997,0.0501241454421206,0.0812553166064607,0.6634,0.6638,0.8606,0.3374,0.1184,0.0166,214.0,115.0,342.25,29.0,485.0,591,98,83.55932203389831,456.0,Positive tendency,2026,0.9435143770337666,0.9210714069888868,0.4681162980130122
694249,Cole Carrigg,641,0.0316677614192856,0.0306744377759786,0.0359797371753421,-0.0246268937689531,0.0070166776146063,0.0558269419007138,0.0926889554401804,0.6326,0.6316,0.8098,0.3624,0.1688,0.0444,218.5,96.0,372.0,17.0,525.0,591,99,83.38983050847457,508.0,Positive tendency,2026,,,
695600,Carter Jensen,1045,0.0316586063412524,0.0317210440608664,0.0332233593562898,-0.0233924100919195,0.0092325223085151,0.0544072082339831,0.0852400877018663,0.6492,0.652,0.8322,0.3632,0.1484,0.037,212.0,101.0,358.0,23.0,515.0,591,100,83.22033898305085,492.0,Positive tendency,2026,,,
805347,Jim Jarvis,192,0.0315435123233464,0.030803823490909,0.0364946696079456,-0.0276099980585733,0.0076606314280801,0.0553171825521308,0.093102020194444,0.6286,0.6304,0.8124,0.3614,0.167,0.05,217.0,96.0,368.0,15.950000000000015,531.0500000000002,591,101,83.05084745762711,515.1000000000001,Positive tendency,2026,,,
673490,Ha-Seong Kim,237,0.0315154486582512,0.0303974185664669,0.0368172999113323,-0.0275548413236852,0.007731166333903,0.0549397574406392,0.0941243579085401,0.6328,0.6332,0.8112,0.3606,0.1686,0.0466,221.0,95.0,369.0,15.0,528.0500000000002,591,102,82.88135593220339,513.0500000000002,Positive tendency,2026,,,
687282,Gabriel Rincones Jr.,197,0.0314918112387693,0.0305101622064511,0.0346513028017165,-0.0249732597008649,0.0090097689591199,0.0539295903118537,0.0886867948752825,0.6414,0.638,0.8256,0.3506,0.1574,0.0402,223.0,100.0,360.0,19.0,521.0500000000002,591,103,82.71186440677967,502.0500000000002,Positive tendency,2026,,,
621438,Tyrone Taylor,407,0.0314400171404071,0.0311669000376947,0.0358548552875997,-0.0269857972143056,0.0078027894607791,0.0546407737150886,0.0905547716851635,0.6342,0.633,0.8176,0.3606,0.1636,0.047,215.0,97.0,367.0,18.0,527.0,591,104,82.54237288135593,509.0,Positive tendency,2026,-0.993798994598683,-0.6309895720021053,0.37726846739355024
691011,Drew Romo,365,0.031319083131634,0.0307988336197661,0.0352361772665311,-0.025542592127241,0.0076975881270605,0.0535386620724535,0.0918770437332461,0.6428,0.64,0.817,0.3506,0.151,0.0426,219.0,104.0,365.0,17.0,522.0,591,105,82.37288135593221,505.0,Positive tendency,2026,,,
663837,Matt Vierling,522,0.0311245794013248,0.0308308588481895,0.0305465365874329,-0.0183764989966493,0.0108527096663949,0.0510808832696797,0.0819751593891393,0.6618,0.6608,0.8488,0.3336,0.1242,0.024,220.0,114.0,348.0,26.0,500.0500000000002,591,106,82.20338983050847,474.0500000000002,Positive tendency,2026,,,
664728,Kyle Isbel,481,0.0309370272664237,0.0303943910819819,0.0334046406345441,-0.0229774814256501,0.0082453141963255,0.0528996787406602,0.0860575457137851,0.6346,0.6348,0.8268,0.3456,0.1486,0.0354,221.0,106.0,363.0,23.0,518.0,591,107,82.03389830508475,495.0,Positive tendency,2026,-1.173381933986517,-1.3725720860682322,-0.22886412096665154
702222,Justin Crawford,827,0.0309197702350063,0.0305992299406007,0.0330764856394493,-0.0239509811243224,0.0091499787941611,0.0532690944244078,0.0852312975440516,0.646,0.6484,0.8298,0.3464,0.145,0.0378,219.5,104.0,356.0,23.0,519.0,591,108,81.86440677966101,496.0,Positive tendency,2026,,,
663457,Lars Nootbaar,475,0.0306935568802007,0.0298790054761692,0.0352832686974827,-0.0251218665776721,0.007283769990901,0.0538024660979541,0.0903700719867683,0.6268,0.627,0.8132,0.3518,0.151,0.0464,226.5,100.0,370.25,18.0,527.0500000000002,591,109,81.69491525423729,509.0500000000002,Positive tendency,2026,0.418968125377212,0.7009735426747467,0.6436559650723848
669392,Samad Taylor,232,0.0306896359577581,0.0301492992652707,0.0354757437493685,-0.0274019549744828,0.0070541505801087,0.054444749876048,0.0894994308629719,0.6292,0.63,0.806,0.358,0.155,0.0458,223.0,100.0,371.0,19.0,527.0500000000002,591,110,81.52542372881356,508.0500000000002,Positive tendency,2026,,,
543510,James McCann,273,0.0305326578315949,0.0297950761039167,0.0351430945118522,-0.0261816917317735,0.0069334097411929,0.0533649697331201,0.0905417027939268,0.6294,0.6268,0.8106,0.3516,0.1522,0.0454,226.0,104.0,370.0,19.0,526.0,591,111,81.35593220338983,507.0,Positive tendency,2026,,,
642851,Austin Wynns,173,0.0304740846251137,0.0302946345482393,0.0345703025254722,-0.0255334958689217,0.0069829786386751,0.0530528466377537,0.0874248945580457,0.6318,0.6284,0.8088,0.3534,0.1478,0.0454,223.0,102.75,370.0,22.0,527.0,591,112,81.1864406779661,505.0,Positive tendency,2026,,,
670623,Isaac Paredes,1127,0.0304393611969499,0.0298319124564237,0.0329937338283189,-0.0237102425304611,0.009124171099722,0.0520171452732512,0.0853903478496151,0.64,0.6396,0.8278,0.3408,0.1374,0.0376,224.0,108.0,360.0,24.950000000000017,519.0,591,113,81.01694915254237,494.04999999999995,Positive tendency,2026,-0.2183334238924757,-0.7547803072506445,-0.331414988164112
681624,Andy Pages,1051,0.0303010412768931,0.0294542914829174,0.0328753602828189,-0.023044588817597,0.0088805212888266,0.0523707417135954,0.0844936051136733,0.6344,0.6346,0.8276,0.3322,0.1366,0.0356,228.0,109.0,360.0,24.0,517.0,591,114,80.84745762711864,493.0,Positive tendency,2026,-0.5225923733830766,-0.2829069738122415,0.369944800080903
665923,Esteury Ruiz,420,0.0301132489933502,0.0298637408704775,0.0347943174430628,-0.0265027305469277,0.0065717646146465,0.0528307989645005,0.0881587368455727,0.6228,0.6236,0.801,0.3428,0.153,0.0464,226.0,104.75,373.0,20.0,527.0,591,115,80.67796610169492,507.0,Positive tendency,2026,,,
670042,Luke Raley,580,0.0299306555400905,0.0296490440429789,0.0358772156907605,-0.0286436766193294,0.0066918257563696,0.0535846558330589,0.0890493234253303,0.625,0.6256,0.8004,0.3464,0.1498,0.048,227.0,104.0,373.0,20.0,530.0500000000002,591,116,80.50847457627118,510.0500000000002,Positive tendency,2026,0.1451518673368225,0.6310147551688944,0.7802223181788471
805805,Walker Jenkins,126,0.0298556461143093,0.0293117482905231,0.0366851588407472,-0.0282345486155332,0.0058241199493272,0.0538618008277918,0.090948704548783,0.6182,0.6202,0.7974,0.347,0.1532,0.0534,227.0,103.0,378.0,18.0,536.0,591,117,80.33898305084746,518.0,Unresolved,2026,,,
808959,Munetaka Murakami,932,0.0297651369607246,0.029750053615667,0.032099998185751,-0.0223709199013166,0.007447758299564,0.0515987407693543,0.0814209852127892,0.6332,0.632,0.8198,0.334,0.1268,0.0332,225.0,110.0,368.0,27.950000000000017,512.0,591,118,80.16949152542372,484.04999999999995,Positive tendency,2026,,,
642708,Amed Rosario,453,0.02973062176944,0.0290666470572359,0.0349993706953156,-0.0263508314678659,0.007136629448977,0.0514444580656884,0.0902002348978447,0.6238,0.624,0.81,0.3296,0.1446,0.0468,228.0,113.0,373.25,19.0,529.0,591,119,80.0,510.0,Positive tendency,2026,,,
672580,Maikel Garcia,485,0.0296604242899582,0.0292843114628305,0.0333128430231674,-0.023635794535983,0.0069752952436926,0.0518275853803458,0.0849880867909996,0.6268,0.6254,0.818,0.3344,0.1358,0.0382,228.0,109.0,368.0,24.0,520.0,591,120,79.83050847457628,496.0,Positive tendency,2026,0.5293482996067268,-0.1767429162577684,-0.31731442905998875
672012,Tyler Black,51,0.029641614652896,0.029194772125292,0.0359422876278843,-0.0303680006478589,0.0062055690741217,0.0529722861949594,0.0893858795449858,0.6162,0.6138,0.7978,0.3454,0.1528,0.055,228.5,103.0,377.25,20.0,536.0,591,121,79.66101694915254,516.0,Unresolved,2026,,,
686681,Michael Massey,806,0.0294872857025804,0.0288558724222912,0.0329371205225536,-0.0251917901969944,0.007939527605121,0.0513190905730337,0.0836924670303227,0.6296,0.627,0.8216,0.3292,0.133,0.041,232.5,111.0,365.0,25.0,521.0500000000002,591,122,79.49152542372882,496.0500000000002,Positive tendency,2026,-1.2575085748542123,-0.3353171162867962,0.8718431304973413
664954,Brett Sullivan,389,0.0294503771825279,0.0290048146505829,0.0332024881831656,-0.0241350479728863,0.0072942860227678,0.0515817130671935,0.0837877695955427,0.6266,0.6252,0.8096,0.333,0.1332,0.041,233.0,110.0,368.0,25.0,523.0,591,123,79.32203389830508,498.0,Positive tendency,2026,,,
680474,Max Schuemann,138,0.0294134167110726,0.0291124289134936,0.0367624753495574,-0.0294780117160397,0.0047805838345531,0.0530595203480762,0.0906109869799818,0.6166,0.6146,0.7894,0.3416,0.1512,0.0564,228.0,104.75,385.0,18.0,537.0,591,124,79.15254237288136,519.0,Unresolved,2026,,,
701398,Sal Stewart,1254,0.0292558302053469,0.0288700838743435,0.0329633572867106,-0.0242357858133904,0.0072303394282873,0.0512269011036117,0.0841742983298889,0.6262,0.624,0.8136,0.333,0.1272,0.0424,234.0,113.0,370.0,26.0,522.0,591,125,78.98305084745763,496.0,Positive tendency,2026,,,
696135,Kahlil Watson,180,0.0292425490010295,0.0281694549411081,0.0355594678198047,-0.027535613251551,0.0057964681913944,0.0523691294333636,0.08945201894178,0.616,0.6154,0.7994,0.3348,0.149,0.05,237.0,109.0,379.0,19.0,531.0500000000002,591,126,78.8135593220339,512.0500000000002,Unresolved,2026,,,
677942,Blaze Alexander,594,0.0292086200758411,0.0288351262804392,0.0348825447776258,-0.0281189430964625,0.0059876698686315,0.0519390174131258,0.0874338242076164,0.6178,0.6164,0.8018,0.3366,0.1466,0.052,233.0,107.0,378.0,21.0,534.0,591,127,78.64406779661017,513.0,Positive tendency,2026,-0.4969238451811038,-0.2341530065024351,0.39933835236582205
641584,Jake Fraley,171,0.0291569914396347,0.0287671506266134,0.036357820863132,-0.0300541020681597,0.0057899046474538,0.0528339985543862,0.0898406755456352,0.6154,0.6168,0.7968,0.3386,0.1496,0.058,232.5,105.0,381.0,19.0,538.0,591,128,78.47457627118644,519.0,Unresolved,2026,,,
608701,Rob Refsnyder,227,0.0288280095625404,0.02820415223755,0.0350389718957784,-0.0271128121175487,0.0058711173722747,0.0515960878646155,0.0870584453640049,0.6088,0.609,0.7986,0.3264,0.1416,0.049,233.0,111.0,379.0,21.0,530.0,591,129,78.30508474576271,509.0,Unresolved,2026,,,
681351,Logan O'Hoppe,494,0.0288265032180457,0.0278464018039499,0.0354785657968015,-0.0279382580395167,0.0053024065757603,0.0509039879986636,0.0886868257533291,0.602,0.6058,0.7964,0.327,0.1418,0.0514,237.0,111.0,382.0,19.0,533.0,591,130,78.13559322033899,514.0,Unresolved,2026,0.3058222211548534,-0.4499130805822743,-0.421890678935547
666126,Carlos Cortes,638,0.0287622432563904,0.0283190228444031,0.0318374865641523,-0.0235674154385124,0.0076571563890038,0.0491965195751819,0.0822408813295077,0.6228,0.6226,0.822,0.3096,0.119,0.0368,233.0,119.75,365.0,28.0,518.0,591,131,77.96610169491525,490.0,Positive tendency,2026,,,
682663,Agustín Ramírez,446,0.0287253628082491,0.028041119654873,0.0354757364611045,-0.0294539384867037,0.0056590485321437,0.0519957445810127,0.0872542218637974,0.6102,0.6094,0.7974,0.3306,0.141,0.0514,234.0,109.0,381.0,20.0,532.0500000000002,591,132,77.79661016949153,512.0500000000002,Unresolved,2026,0.8932252289362026,-0.4236575935378915,-0.8386822543495416
642201,Eli White,409,0.028687510989754,0.0285506615598243,0.0336716096896293,-0.0254114640158276,0.0059670632749836,0.0506733403047664,0.0840009026072344,0.6124,0.6102,0.8072,0.3218,0.1336,0.044,234.0,114.0,377.0,24.0,525.0,591,133,77.62711864406779,501.0,Positive tendency,2026,-0.5377052332946375,-1.3456414537986052,-0.6813908479273065
687859,Troy Johnston,802,0.0285947723687009,0.0280960382117874,0.0342859421854888,-0.0265836426703608,0.0060645365635613,0.0506359873477325,0.085391418426525,0.6098,0.6142,0.8002,0.3246,0.1358,0.0464,238.0,115.0,379.0,23.0,529.0,591,134,77.45762711864407,506.0,Positive tendency,2026,,,
690984,Petey Halpin,354,0.0285728866789253,0.0279754635681245,0.0343116822435447,-0.0269942360548753,0.0050857504286447,0.0511240913094965,0.0851010573334307,0.6062,0.6056,0.7964,0.3282,0.1316,0.0432,238.0,113.0,383.0,23.0,526.0,591,135,77.28813559322033,503.0,Unresolved,2026,,,
661531,Brian Serven,147,0.0284440775106391,0.0279696890800641,0.0363928136749095,-0.0301066659975224,0.0045512545795689,0.0518994217593282,0.0891779508584773,0.597,0.6,0.784,0.3316,0.1444,0.0556,236.0,107.0,391.0,20.0,537.0,591,136,77.11864406779661,517.0,Unresolved,2026,,,
663494,Bryan Torres,302,0.0284308492815779,0.0275802717426726,0.0367839930754263,-0.0317117344270397,0.0039517751002924,0.0522857728815975,0.0906349319829573,0.602,0.6022,0.7834,0.333,0.1514,0.0588,238.0,107.0,388.0,19.0,540.0,591,137,76.94915254237289,521.0,Unresolved,2026,,,
695731,Braden Montgomery,654,0.0283764370516622,0.0277869748597158,0.0340064993105959,-0.0265192990365617,0.0054350444576327,0.0501756913691726,0.0864228427931987,0.6028,0.6038,0.8046,0.3222,0.1332,0.0486,237.0,113.75,380.0,23.0,530.0,591,138,76.77966101694915,507.0,Positive tendency,2026,,,
694374,Tim Tawa,590,0.0283076961069778,0.0283658887903066,0.0333477495539696,-0.0270223576701159,0.0068045076633875,0.0500040408289047,0.0835590090725516,0.6096,0.61,0.8124,0.316,0.1206,0.0466,233.0,119.0,373.0,26.0,529.0500000000002,591,139,76.61016949152543,503.0500000000002,Positive tendency,2026,-0.1664755634567197,-0.214316974950864,0.16993469911328812
670156,Miles Mastrobuoni,42,0.0282967089627165,0.0283635254965778,0.0373020532716267,-0.0321471583311913,0.0032338064450179,0.052535014977957,0.0894883219040899,0.6036,0.605,0.7838,0.334,0.1524,0.0618,237.0,107.0,392.0,19.0,544.0,591,140,76.44067796610169,525.0,Unresolved,2026,,,
605137,Josh Bell,1164,0.0282411117018213,0.0286718212819185,0.0309403737767784,-0.022908517789183,0.0084508610820728,0.0483723977167123,0.0789355948638471,0.6236,0.6256,0.8252,0.3042,0.11,0.0394,236.0,124.0,362.0,32.0,521.0,591,141,76.27118644067797,489.0,Positive tendency,2026,0.9759243709471545,-0.1021289141574931,-0.5795291696637807
656484,Tristan Gray,390,0.0282253350027902,0.0279267808994344,0.035955054004603,-0.0301298350836747,0.0047175014002889,0.0516283006119388,0.0887148683346008,0.603,0.6032,0.7874,0.3276,0.1414,0.0576,239.5,110.0,388.0,20.0,538.0500000000002,591,142,76.10169491525424,518.0500000000002,Unresolved,2026,,,
806198,Cooper Pratt,433,0.0281545606907499,0.0277857574466017,0.0355325185398079,-0.0310880738076443,0.0051714675188295,0.0516096170366288,0.0867082910425738,0.6028,0.5998,0.795,0.3246,0.14,0.0558,237.0,109.0,383.0,24.0,537.0,591,143,75.9322033898305,513.0,Unresolved,2026,,,
805346,Ben Ross,41,0.028115627858743,0.0280927457648525,0.036009003643009,-0.0311133160459198,0.0044314900414599,0.0520927717553986,0.0871770356321846,0.6068,0.606,0.7886,0.3296,0.142,0.0594,236.0,109.0,384.0,21.0,538.0,591,144,75.76271186440678,517.0,Unresolved,2026,,,
516782,Starling Marte,336,0.0280750160510369,0.0277135332884245,0.0339907403605508,-0.0281642581751092,0.0052903190196225,0.050541059489637,0.0838721505180281,0.6036,0.6082,0.801,0.3272,0.1286,0.0504,238.5,115.0,381.0,26.0,532.0,591,145,75.59322033898304,506.0,Positive tendency,2026,,,
668885,Austin Martin,524,0.0280568834243091,0.0277589629770372,0.0335735360108634,-0.026420881068114,0.0060940031701016,0.050253553487072,0.0820964848352731,0.6066,0.607,0.8078,0.3178,0.1226,0.045,238.0,115.75,376.0,27.0,526.0500000000002,591,146,75.42372881355932,499.0500000000002,Positive tendency,2026,,,
681987,Nate Eaton,108,0.0280557739513556,0.0276691386023849,0.0358714143566196,-0.0299774234825342,0.0045745791656716,0.0518332226552023,0.0870561175728645,0.5992,0.5998,0.7896,0.3314,0.1448,0.0548,238.0,108.75,387.0,21.0,536.0,591,147,75.2542372881356,515.0,Unresolved,2026,,,
695257,Billy Cook,104,0.027866644383767,0.0280768724457727,0.0368238728089363,-0.0331666136782356,0.0039271820422006,0.0516119888578485,0.08816284112107,0.5968,0.596,0.7802,0.3386,0.1496,0.0632,234.5,108.0,391.0,20.0,545.0,591,148,75.08474576271186,525.0,Unresolved,2026,,,
695508,Cam Cauley,99,0.0278223232552299,0.0279303027067471,0.0373884871418319,-0.0322610335973566,0.0023485487250071,0.0531205809946621,0.0890926448891244,0.5912,0.5926,0.7698,0.3394,0.149,0.0642,237.0,105.0,397.25,19.0,544.0,591,149,74.91525423728814,525.0,Unresolved,2026,,,
663586,Austin Riley,1162,0.0276979097541362,0.0277387636099537,0.0309661935278119,-0.0227202899038493,0.0073372182468294,0.0477471109651481,0.0782794506330702,0.6182,0.6174,0.82,0.2994,0.107,0.0366,240.0,128.0,369.0,31.950000000000017,515.0,591,150,74.7457627118644,483.04999999999995,Positive tendency,2026,0.7122293148147254,0.1438455382354808,-0.13466346466122303
664983,Jake McCarthy,1015,0.0275055007180804,0.0272783950145628,0.031265962036493,-0.0234211209512343,0.0069538332415941,0.0478834754913685,0.0792162002267509,0.6108,0.6098,0.8116,0.2988,0.1092,0.0368,241.0,127.0,370.0,31.0,520.0,591,151,74.57627118644068,489.0,Positive tendency,2026,-1.5630070153824995,-1.179332548749532,0.258249035461694
805300,Jakob Marsee,882,0.0273754711462873,0.0261020591317314,0.0335152446225576,-0.0254821856310068,0.0045677292955719,0.0494748080750401,0.0844913063512332,0.5926,0.5902,0.7934,0.3082,0.1264,0.0442,250.0,118.0,384.25,25.0,525.0,591,152,74.40677966101696,500.0,Unresolved,2026,0.0759886907990902,-1.038443547983983,-0.8370698540734228
521692,Salvador Perez,1245,0.0273486481258917,0.0266029504566588,0.0319170013751576,-0.025605765312149,0.0071758350096181,0.0478850999872261,0.0811877040459958,0.6058,0.6042,0.8128,0.2982,0.1092,0.0424,243.0,127.0,370.0,29.0,523.0,591,153,74.23728813559322,494.0,Positive tendency,2026,0.851349772515053,-0.261419177156221,-0.6448593930284947
519317,Giancarlo Stanton,172,0.0273148129130296,0.0271265200145088,0.0366452754591598,-0.0323154387378626,0.0025239202670989,0.0519575686223738,0.086899084456286,0.5926,0.5888,0.77,0.3322,0.1382,0.062,240.0,110.0,398.0,22.0,540.0,591,154,74.0677966101695,518.0,Unresolved,2026,,,
693307,Dillon Dingler,1082,0.0270497089668056,0.0268464456713138,0.0323709382850471,-0.0251764915123311,0.0052603550293708,0.0492649198723273,0.0800531835793883,0.5968,0.597,0.7984,0.3068,0.1152,0.0416,244.5,124.0,383.0,28.0,524.0,591,155,73.89830508474576,496.0,Unresolved,2026,0.0901463706567932,0.1446028964511179,0.335298200246052
814430,Brett Callahan,145,0.0270136007687028,0.0271406887303831,0.0371037211676802,-0.0338106895391416,0.0028708272526106,0.0510682958152945,0.0881104636983724,0.589,0.5888,0.7712,0.3234,0.1396,0.0694,243.0,111.0,397.0,19.0,547.0,591,156,73.72881355932203,528.0,Unresolved,2026,,,
669326,Bryce Teodosio,92,0.0269957073381011,0.0260003634881087,0.0366606107822413,-0.0320891841235768,0.0030477013913611,0.0507992646472337,0.0884675776219081,0.5776,0.5798,0.7758,0.313,0.1388,0.0636,251.0,114.75,394.0,21.0,542.0,591,157,73.55932203389831,521.0,Unresolved,2026,,,
805367,Chase Meidroth,1041,0.0269420954668188,0.0268660741275906,0.0292161660999116,-0.0224036372230386,0.0077626961610077,0.0463450808196765,0.0754305531818551,0.6128,0.6108,0.8224,0.2796,0.0916,0.031,243.5,135.0,368.0,38.95000000000002,512.0,591,158,73.38983050847457,473.04999999999995,Positive tendency,2026,-0.9540384357057076,-1.0754747046706554,-0.09720595471662508
621550,Patrick Wisdom,104,0.0269341882347607,0.0264739316158831,0.0366947751856661,-0.0317107088238243,0.0023467578775431,0.0512697895923654,0.0871847753891189,0.5862,0.5864,0.7698,0.318,0.142,0.06,245.0,113.0,395.0,21.0,542.0,591,159,73.22033898305085,521.0,Unresolved,2026,,,
700246,Carson Williams,79,0.0269201012968845,0.0260845876473182,0.0358225123584377,-0.0319894110132306,0.0037158530490872,0.0504338072406018,0.0859960302508286,0.583,0.5834,0.7832,0.3204,0.1306,0.0622,248.0,115.75,391.0,22.950000000000017,541.0,591,160,73.05084745762711,518.05,Unresolved,2026,,,
642715,Willy Adames,939,0.0269087659641712,0.0269766421943124,0.0333527733044089,-0.0286184954620876,0.0045736346639892,0.0484482821963645,0.0825102057351809,0.5976,0.596,0.7934,0.3032,0.117,0.0478,244.0,125.0,387.0,28.0,530.0,591,161,72.88135593220339,502.0,Unresolved,2026,0.1329385120653171,-0.5437839113029741,-0.38536445951458465
656775,Cedric Mullins,892,0.0268833785666182,0.026609037235846,0.0324564928742676,-0.0242252529210414,0.0049192505271961,0.0482538608256519,0.0811004357654999,0.5984,0.5978,0.7992,0.2944,0.1142,0.0392,246.5,126.0,381.0,30.0,522.0,591,162,72.71186440677967,492.0,Unresolved,2026,-1.0361724088559914,-1.3268127502973923,-0.2865946826684109
695490,Edwin Arroyo,311,0.0268540557739495,0.0272977731620626,0.0361793281102355,-0.0328155134255103,0.0028366909412989,0.0504461015059982,0.086846377387646,0.5914,0.5916,0.7746,0.3144,0.132,0.0628,243.0,115.75,399.0,23.0,542.0,591,163,72.54237288135593,519.0,Unresolved,2026,,,
665487,Fernando Tatis Jr.,1063,0.0268009074846668,0.0257562453954896,0.0325886553214485,-0.0263975232591986,0.0050720403448751,0.0482725832285298,0.0815154950349,0.5932,0.5876,0.8002,0.2946,0.1162,0.0466,249.0,124.0,382.0,29.0,528.0,591,164,72.37288135593221,499.0,Positive tendency,2026,1.2787153377881313,1.731583664012187,1.0258041754738445
595879,Javier Báez,354,0.0266689130748249,0.0265291877167447,0.0356700598082436,-0.0308709996139537,0.0026014942462534,0.050254716110179,0.0851550992573782,0.588,0.587,0.773,0.3106,0.1302,0.0576,246.0,118.0,396.0,23.0,537.0,591,165,72.20338983050847,514.0,Unresolved,2026,,,
701678,Hao-Yu Lee,580,0.0265094845289637,0.0275486197433004,0.0347639924409564,-0.0308759269146891,0.0035808448237434,0.0488845561856582,0.0827992604495474,0.5972,0.5958,0.7808,0.3106,0.1242,0.0578,241.0,120.0,388.25,27.0,538.0500000000002,591,166,72.03389830508475,511.0500000000002,Unresolved,2026,,,
665861,Sebastián Rivero,133,0.0264968149704979,0.0270733769712741,0.0364276512630953,-0.0329143047088251,0.0019999413609571,0.0501453591455323,0.086537906087999,0.5842,0.5816,0.7672,0.3126,0.1328,0.0652,246.0,120.0,403.0,22.0,544.0,591,167,71.86440677966101,522.0,Unresolved,2026,,,
677956,Rece Hinds,128,0.0263722767871837,0.0263613582528075,0.0361725064132078,-0.033935953282988,0.0021546423601906,0.0501486750507687,0.0845779691154286,0.5934,0.593,0.7698,0.3098,0.136,0.0654,246.5,117.0,399.0,22.950000000000017,544.0,591,168,71.69491525423729,521.05,Unresolved,2026,,,
681715,Heriberto Hernández,852,0.0262477511401778,0.0259816341297212,0.0320500679624696,-0.0250854869738042,0.0047792481661384,0.0473890896547229,0.0789909614823771,0.589,0.5922,0.7968,0.2904,0.1092,0.0404,250.0,129.0,385.0,32.0,524.0,591,169,71.52542372881356,492.0,Unresolved,2026,0.5634282159785989,0.7918983397594356,0.6256221461207742
687551,Drew Gilbert,614,0.0261122700646864,0.0258158258868934,0.0339195670835746,-0.0289327586808097,0.0034686105865638,0.048397859389577,0.0822858497182468,0.5838,0.5848,0.7814,0.3012,0.1132,0.0534,252.0,123.0,392.25,30.0,535.0,591,170,71.35593220338983,505.0,Unresolved,2026,,,
691594,Javier Sanoja,792,0.0260549064731678,0.0260355324987633,0.0328122578607135,-0.0269678292861955,0.0043882737927548,0.0475953926805232,0.0807109191477812,0.587,0.5894,0.7894,0.2904,0.1076,0.0476,247.0,129.0,386.0,31.0,530.0,591,171,71.1864406779661,499.0,Unresolved,2026,-1.0562105403735254,-0.9723465603419952,0.08298521148732729
694025,Felix Reyes,69,0.0259475960447891,0.0254016557400511,0.0376791360756221,-0.0343770915479699,0.0006142814994527,0.050832171786046,0.0888146942637166,0.5722,0.571,0.7534,0.3108,0.1406,0.0692,250.0,116.0,409.0,20.0,546.0500000000002,591,172,71.01694915254237,526.0500000000002,Unresolved,2026,,,
545361,Mike Trout,1026,0.0259359998222127,0.0256511288844325,0.0334356579966787,-0.0302160047988353,0.0043486702783268,0.048555085759521,0.080468545561718,0.5878,0.586,0.7898,0.2992,0.1092,0.055,252.5,125.0,389.0,30.0,535.0,591,173,70.84745762711864,505.0,Unresolved,2026,0.4868262832731316,0.3320891764812596,0.22358977460942636
669707,Jared Triolo,570,0.0258464312239114,0.0258938083749487,0.0361715477030494,-0.0324105385955979,0.0011554612823776,0.0492474260071875,0.0859567359370648,0.5742,0.576,0.7616,0.307,0.1292,0.0628,250.0,121.0,404.0,21.0,542.0,591,174,70.67796610169492,521.0,Unresolved,2026,-0.7130201419446867,-1.066678653748097,-0.2701972723212951
596117,Garrett Stubbs,113,0.0258331517986849,0.0252271150123761,0.0364240702946726,-0.0328895966437625,0.0019093872734896,0.0492574591818255,0.0867491381228758,0.573,0.5712,0.7646,0.308,0.1296,0.0654,254.0,121.0,403.0,22.0,543.0,591,175,70.50847457627118,521.0,Unresolved,2026,,,
681546,James Outman,345,0.0258044885319974,0.0253954273358855,0.0356622392510387,-0.0323557535428803,0.0027480585951591,0.0491399334339112,0.0844695752169025,0.5756,0.5724,0.772,0.2998,0.1288,0.064,255.0,120.0,399.0,24.0,543.0,591,176,70.33898305084746,519.0,Unresolved,2026,,,
623168,Tyler Heineman,343,0.0257039117672131,0.0252770044742202,0.0359268506281855,-0.0334425722582336,0.0019679628738489,0.0493041720423111,0.0852949642179267,0.5772,0.5772,0.7672,0.2994,0.129,0.0658,251.0,123.0,399.25,24.0,544.0,591,177,70.16949152542372,520.0,Unresolved,2026,,,
815873,Sean Keys,119,0.0255850018563176,0.0255719637116468,0.036780022407636,-0.0350381126650728,0.0014688545553776,0.0500567418186897,0.0850150119982889,0.5724,0.5722,0.763,0.312,0.131,0.0718,253.0,119.0,407.0,23.0,548.0500000000002,591,178,70.0,525.0500000000002,Unresolved,2026,,,
641355,Cody Bellinger,950,0.025560562844793,0.0255547982489448,0.0304666043322471,-0.0241088257982172,0.0043351734649482,0.0461822042750324,0.0753680141498729,0.5862,0.584,0.796,0.2802,0.0956,0.0398,252.0,135.0,387.25,36.0,522.0,591,179,69.83050847457628,486.0,Unresolved,2026,-0.3802249851860453,-0.1853536009092449,0.3601179718357894
691740,Daniel Susac,307,0.0255423272867399,0.02544751804647,0.0348058218959043,-0.0312299028059002,0.0026079439095913,0.047741109288625,0.0824276602807788,0.5788,0.5774,0.7736,0.2952,0.1204,0.0628,254.0,128.0,398.0,26.0,542.0,591,180,69.66101694915254,516.0,Unresolved,2026,,,
543309,Kyle Higashioka,326,0.0254746280474936,0.0252558469225834,0.0345773284956739,-0.0314204088896384,0.0026115322995585,0.0477893335018791,0.0817103316480329,0.5786,0.5752,0.773,0.296,0.1198,0.0582,256.0,126.0,399.0,28.0,538.0,591,181,69.49152542372882,510.0,Unresolved,2026,,,
694371,Tommy Troy,239,0.0253780665003298,0.0252860743751383,0.035997209854487,-0.0332257175672931,0.0011910009306211,0.0491889779407124,0.0858747238350601,0.5708,0.5716,0.759,0.303,0.129,0.0662,255.0,121.0,404.25,25.0,546.0,591,182,69.32203389830508,521.0,Unresolved,2026,,,
695238,Will Wagner,69,0.0253676194980459,0.024970410422974,0.0371416238090689,-0.0348173542922153,0.001062515732632,0.0498333516741071,0.0858190357281931,0.5696,0.573,0.76,0.308,0.1276,0.0736,255.5,120.0,409.25,23.0,550.0,591,183,69.15254237288136,527.0,Unresolved,2026,,,
666464,Jerar Encarnacion,83,0.0253359750162786,0.0249948902632453,0.0378598236998084,-0.0356740145030223,0.0001308247859308,0.0501826106920448,0.0883899530274077,0.568,0.5694,0.752,0.3078,0.1344,0.0708,256.5,117.0,410.0,20.950000000000017,546.0,591,184,68.98305084745763,525.05,Unresolved,2026,,,
686894,Joey Wiemer,129,0.0253291365528633,0.0246872371302241,0.0367526682792355,-0.0334491052988725,0.0011304019289594,0.0490911741417265,0.0871312227525941,0.563,0.5608,0.7622,0.3028,0.1242,0.068,256.0,121.0,405.0,23.0,547.0,591,185,68.8135593220339,524.0,Unresolved,2026,,,
813841,Jonah Cox,250,0.0253276079592349,0.0251789912524288,0.03642564790254,-0.0335857465807956,0.0011184151878677,0.0490823212497985,0.086349714088437,0.573,0.5762,0.7594,0.2988,0.1286,0.0654,253.5,123.0,407.25,24.0,543.0,591,186,68.64406779661017,519.0,Unresolved,2026,,,
643376,Danny Jansen,351,0.0253011825641596,0.0252321911663822,0.0358986153055256,-0.0324600721874287,0.001273252444171,0.048883566968929,0.0840350357243632,0.5704,0.5694,0.7616,0.304,0.126,0.0658,253.0,121.0,406.0,25.0,543.0,591,187,68.47457627118644,518.0,Unresolved,2026,-0.4936317906565026,-0.7533358772190824,-0.12232754119418177
663728,Cal Raleigh,1083,0.0251715357312927,0.0252802282138273,0.0354237805888834,-0.032245059271411,0.0013776599645187,0.04776729707241,0.0841754258165532,0.5678,0.5672,0.7636,0.2926,0.1244,0.0632,252.0,127.0,406.0,24.0,541.0,591,188,68.30508474576271,517.0,Unresolved,2026,1.3503263230336686,0.342253051864088,-0.4175388203912194
657656,Ramón Laureano,397,0.0251655039388454,0.0243766815767451,0.0364748901963935,-0.0343023275968693,0.0014723801206851,0.0488200881319688,0.0859264376793641,0.5694,0.5668,0.7626,0.2934,0.1302,0.0684,260.0,123.0,407.0,23.0,545.0,591,189,68.13559322033899,522.0,Unresolved,2026,0.7959673939584556,-0.374129972670224,-0.7157981856647191
682674,Victor Bericoto,204,0.025143047949752,0.0252298205577715,0.0351927252191812,-0.0318343027967651,0.0016243778926008,0.0486598269160664,0.0833148679226713,0.5752,0.5774,0.763,0.2944,0.1206,0.0622,253.5,124.0,404.0,26.0,542.0,591,190,67.96610169491525,516.0,Unresolved,2026,,,
694497,Evan Carter,656,0.025105007356887,0.0251066325077528,0.0338429117103986,-0.0305116168092105,0.0023885230660486,0.0481886546006479,0.0798823209035263,0.5736,0.575,0.7704,0.3006,0.1106,0.0564,255.0,124.0,399.0,31.0,536.0500000000002,591,191,67.79661016949153,505.0500000000002,Unresolved,2026,-0.629927527337537,-1.1868021592087337,-0.45299314807287017
641933,Tyler O'Neill,484,0.0250542650554713,0.0249226223882593,0.0335280169372818,-0.0297044625659219,0.0027541403922061,0.0467350058690646,0.0811254239088833,0.5764,0.5762,0.776,0.2814,0.108,0.0546,258.0,134.0,395.0,30.950000000000017,536.0,591,192,67.62711864406779,505.04999999999995,Unresolved,2026,0.5431685451505663,-0.0925740086639041,-0.24356940270190247
686823,Will Brennan,47,0.0249341642008354,0.0243710612747398,0.0373533704978764,-0.0358108510611608,0.0005728858888405,0.0498350819648584,0.0867963371751061,0.5604,0.558,0.7546,0.3028,0.1306,0.0728,258.0,119.0,409.0,22.0,550.0,591,193,67.45762711864407,528.0,Unresolved,2026,,,
687231,Darell Hernaiz,302,0.0248150930382251,0.0243764962241016,0.0359206352093163,-0.0335969099767749,0.0010356067164543,0.0487575202296895,0.0842784375838627,0.566,0.5626,0.7576,0.2978,0.1232,0.071,261.0,124.0,407.0,24.0,546.0,591,194,67.28813559322033,522.0,Unresolved,2026,,,
680757,Steven Kwan,862,0.0247772391969971,0.0247186385570936,0.0342464373102601,-0.0313316256161993,0.0023326213112542,0.0473559860640911,0.0825262227022268,0.571,0.5692,0.77,0.286,0.1124,0.0612,258.0,129.75,400.0,28.0,539.0,591,195,67.11864406779661,511.0,Unresolved,2026,-1.8377177971584195,-2.4669294367766184,-0.8221480199476299
691373,Jhostynxon Garcia,109,0.0246937073048999,0.0245395975094051,0.0347718267088801,-0.0318478288436105,0.0011711957336537,0.0479204568428909,0.0819106219194785,0.5706,0.5668,0.7622,0.2944,0.1154,0.0626,258.0,127.0,408.0,28.0,545.0,591,196,66.94915254237289,517.0,Unresolved,2026,,,
691720,Kyle Karros,760,0.0246622399092987,0.0247807285435013,0.0323358107908479,-0.0274201701275005,0.0032643879326304,0.0466332651272717,0.07777646013052,0.5728,0.5726,0.7808,0.2784,0.1018,0.0512,258.0,134.75,396.0,33.95000000000002,532.0500000000002,591,197,66.77966101694915,498.10000000000014,Unresolved,2026,,,
624428,Adam Frazier,285,0.0246455090554023,0.0244088879590543,0.0363800694562135,-0.0348769195926738,0.0009133368712319,0.0474756051396929,0.0858349664905792,0.5622,0.563,0.7592,0.296,0.1214,0.0694,261.0,128.0,407.0,24.0,546.0,591,198,66.61016949152543,522.0,Unresolved,2026,,,
656941,Kyle Schwarber,1250,0.0246124441010025,0.0244323358129291,0.0301811650030511,-0.0249802821179248,0.0038540485078571,0.0447709598891158,0.073553592322674,0.5724,0.5736,0.7922,0.2622,0.0814,0.0396,260.0,143.0,388.0,40.95000000000002,519.0,591,199,66.44067796610169,478.04999999999995,Unresolved,2026,2.4136012277275136,1.1899236748780695,-0.3718402963789358
605141,Mookie Betts,718,0.024355824010408,0.0237146013094711,0.0347286421758949,-0.0323469645092359,0.0015157615892625,0.0468441356497036,0.0816408959914947,0.56,0.5612,0.7644,0.2844,0.1116,0.0606,262.5,131.0,403.0,27.0,540.0,591,200,66.27118644067797,513.0,Unresolved,2026,-0.1486114697481821,0.1933044962233299,0.5640822279749584
668227,Randy Arozarena,1161,0.0243340135769818,0.0239941429713269,0.0323962382999812,-0.0294239228867283,0.0034639698699071,0.0461719463597001,0.0786527785901303,0.5636,0.5644,0.7896,0.269,0.0942,0.0524,262.0,138.0,393.0,35.95000000000002,534.0,591,201,66.10169491525424,498.04999999999995,Unresolved,2026,0.5639614614990012,0.0192755040183197,-0.1474028885506394
660162,Yoán Moncada,210,0.0243288727118542,0.0243276666936917,0.0367941014572576,-0.0354918165653859,0.0003926305948194,0.0483342373982945,0.0850912926334321,0.5606,0.5572,0.7526,0.2988,0.1282,0.076,261.0,124.0,409.0,23.0,548.0,591,202,65.9322033898305,525.0,Unresolved,2026,,,
663853,Romy Gonzalez,148,0.0242760475390503,0.0238597898606399,0.0372391343396378,-0.0365505581962209,-0.0009362478959675,0.0490617609738768,0.0849205546412792,0.5536,0.552,0.74,0.3022,0.1302,0.0766,263.0,121.0,421.0,23.0,550.0,591,203,65.76271186440678,527.0,Unresolved,2026,,,
694388,Joey Loperfido,226,0.0242703516285708,0.0238059652038789,0.037021025830935,-0.0351917400096083,-0.0005713767183435,0.0482469769665136,0.0866489280368678,0.5538,0.5544,0.7456,0.2916,0.129,0.076,265.0,127.0,412.0,23.0,548.0,591,204,65.59322033898304,525.0,Unresolved,2026,,,
806146,George Lombard Jr.,248,0.0242631618394785,0.0233528521126456,0.0360163886314002,-0.0334161259168964,0.000676537491862,0.0478459546739872,0.0840992908298355,0.549,0.551,0.7574,0.289,0.1278,0.066,266.0,127.0,408.25,25.0,545.0,591,205,65.42372881355932,520.0,Unresolved,2026,,,
571771,Enrique Hernández,164,0.0242297849900894,0.0241137696824642,0.0362175258753265,-0.0351020917347587,0.0001199514470773,0.0488275471835451,0.0837751671101834,0.5572,0.5578,0.7514,0.2992,0.1214,0.072,261.0,122.0,413.0,25.0,549.0,591,206,65.2542372881356,524.0,Unresolved,2026,,,
805779,Jacob Wilson,596,0.0241276277351238,0.0235945493831342,0.0343250103363656,-0.0329965005977622,0.0018985595582803,0.0468696405613245,0.0808107897780146,0.5534,0.5518,0.7678,0.2858,0.112,0.0634,267.0,130.75,403.0,29.0,541.0500000000002,591,207,65.08474576271186,512.0500000000002,Unresolved,2026,-1.3872700418466777,-1.6231207128506682,-0.3180882454450431
695391,Brett Harris,46,0.0241014893957572,0.0236012572194195,0.0375373828254211,-0.0359401784588317,-0.0010992200300326,0.0490693564754244,0.0845852785676853,0.5552,0.5534,0.7392,0.3032,0.1298,0.0762,265.0,122.0,421.0,25.0,551.0500000000002,591,208,64.91525423728814,526.0500000000002,Unresolved,2026,,,
670224,Kameron Misner,92,0.0240339241104353,0.0237151946576392,0.0373278310283712,-0.0368013537233035,-0.0008341562578006,0.0487083625009879,0.0857705201290731,0.5548,0.5538,0.7432,0.2974,0.1276,0.0744,265.0,124.0,418.0,23.0,552.0,591,209,64.7457627118644,529.0,Unresolved,2026,,,
669911,Michael Toglia,46,0.0240208134285736,0.0244113242856694,0.0375116800728201,-0.0379491489248096,-0.000722100689242,0.0488647260099382,0.0834963535297946,0.5608,0.5592,0.7436,0.3022,0.1264,0.0822,258.0,123.0,414.0,24.0,555.0,591,210,64.57627118644068,531.0,Unresolved,2026,,,
656305,Matt Chapman,607,0.0240120729294175,0.0236723574121251,0.0337779103660573,-0.031037297006699,0.001713592689557,0.0461993532381859,0.0806615085485585,0.5616,0.5608,0.7666,0.2784,0.1048,0.0584,265.0,135.0,402.0,31.0,538.0,591,211,64.40677966101696,507.0,Unresolved,2026,0.5812367419158647,-0.7593230412851147,-0.9390312654014893
682927,Ronny Simon,95,0.0239044016573849,0.0237050054810429,0.0365565162177348,-0.0352989532433547,-0.0003660851694442,0.0477662411883866,0.0855775991348701,0.5578,0.5588,0.7462,0.2874,0.1196,0.0756,265.5,128.0,414.25,25.0,549.0,591,212,64.23728813559322,524.0,Unresolved,2026,,,
676572,Eric Wagaman,96,0.0238705802956206,0.0238177028223401,0.0365858854749655,-0.0366190846331174,-0.0001127997662961,0.0475328655539556,0.0845228789626111,0.5534,0.5526,0.7482,0.289,0.1196,0.077,267.0,128.0,413.0,24.0,549.0,591,213,64.0677966101695,525.0,Unresolved,2026,,,
643446,Jeff McNeil,983,0.0238638691370374,0.023692342847813,0.0329779909661872,-0.029682706754031,0.0019916304607957,0.0459418728286021,0.0787204299523318,0.5606,0.5602,0.7694,0.2716,0.1002,0.0528,265.0,136.0,402.0,32.95000000000002,533.0500000000002,591,214,63.898305084745765,500.10000000000014,Unresolved,2026,-0.8228750937131568,-1.408594768797995,-0.5292555997317325
624413,Pete Alonso,1215,0.0238175741029085,0.0233261920043038,0.0296923812785267,-0.0255681124777094,0.0044517805780511,0.0438706608296209,0.072661241903339,0.5604,0.564,0.7982,0.2514,0.0774,0.0424,267.0,148.0,385.0,45.0,525.0,591,215,63.728813559322035,480.0,Unresolved,2026,1.9046265037274048,1.429466324674824,0.25159510395979434
683002,Gunnar Henderson,1272,0.0238063576667677,0.0237672051685142,0.0308305564243825,-0.0276157599056407,0.0029612130635188,0.0442609119818482,0.0747519118226811,0.5578,0.5606,0.7844,0.2602,0.0848,0.0474,263.5,143.0,396.0,38.0,528.0,591,216,63.559322033898304,490.0,Unresolved,2026,0.5328850803659548,-0.317126939732431,-0.46036605945047865
656537,Derek Hill,393,0.0237240782130854,0.0229160040228551,0.0347834377265657,-0.032222787326986,0.0011309136696702,0.0466303988420722,0.0826774499857705,0.5504,0.5504,0.7604,0.2774,0.1084,0.0636,268.0,133.0,406.25,28.0,541.0500000000002,591,217,63.389830508474574,513.0500000000002,Unresolved,2026,,,
694673,Abimelec Ortiz,275,0.0237180378357507,0.0242247047682288,0.034959565755501,-0.0350821857950569,0.0010150267184009,0.0469765461362121,0.081281389811839,0.5606,0.5594,0.761,0.2824,0.109,0.0684,260.0,131.0,407.0,29.0,547.0,591,218,63.220338983050844,518.0,Unresolved,2026,,,
681807,David Fry,362,0.023711283146616,0.0235001114166224,0.0352618048110474,-0.0335661206922528,-4.758072667922941e-06,0.0468101994784351,0.0814533572565889,0.5538,0.5546,0.75,0.288,0.1126,0.0656,267.0,129.0,411.0,29.0,544.0500000000002,591,219,63.05084745762712,515.0500000000002,Unresolved,2026,,,
678391,Jorbit Vivas,617,0.0236183935487102,0.0231097356471123,0.0330379810282049,-0.0307418320696688,0.0022147728237469,0.0456050205242785,0.0783360295416752,0.554,0.5552,0.7694,0.2772,0.1038,0.059,265.0,136.0,401.25,33.95000000000002,540.0,591,220,62.88135593220339,506.04999999999995,Unresolved,2026,,,
669087,Sam Huff,73,0.0235784916695995,0.0235150808078609,0.0370562112580268,-0.0370327157036756,-0.001055675666915,0.0480229402474616,0.0839548047074741,0.5512,0.5534,0.7402,0.2878,0.1244,0.079,265.0,128.0,419.0,25.0,553.0,591,221,62.71186440677966,528.0,Unresolved,2026,,,
686797,Brooks Lee,1153,0.0235645435617694,0.0232215912146931,0.0318610765703275,-0.0283929269492894,0.002287773984208,0.0448008777700654,0.0758726914481782,0.5562,0.5554,0.7744,0.2658,0.0866,0.0526,266.0,141.0,399.0,39.0,534.0,591,222,62.54237288135593,495.0,Unresolved,2026,-0.4500339186728698,-0.955274819113658,-0.35715005510985076
669221,Sean Murphy,186,0.0235017397241582,0.0228132574132918,0.0356873207559056,-0.0359866148816064,0.0003068031044466,0.0464138536546453,0.082673443105826,0.5478,0.5468,0.7524,0.2774,0.1148,0.073,270.0,133.0,413.0,28.0,548.0,591,223,62.3728813559322,520.0,Unresolved,2026,,,
666969,Adolis García,488,0.0234623350252537,0.0234123870549208,0.0344975469733349,-0.0348687964934476,0.0016539140383296,0.046189939710763,0.0794083248214486,0.552,0.5538,0.7646,0.277,0.1012,0.0698,264.0,136.0,405.0,32.0,546.0,591,224,62.20338983050848,514.0,Unresolved,2026,0.2025534722390282,0.0747631373393318,0.1806757016934637
804668,Rafael Flores Jr.,263,0.0231976757981094,0.0228997706831933,0.0358447830955743,-0.0352493066346056,-0.001077040077861,0.0469680342699975,0.0827946594273764,0.5418,0.5434,0.7382,0.286,0.1146,0.0714,269.0,129.0,419.0,27.0,548.0,591,225,62.03389830508475,521.0,Unresolved,2026,,,
641598,Mitch Garver,258,0.0231685618744854,0.0225753180646051,0.0358244278156739,-0.0351574785015841,-4.9530139810266305e-05,0.047108094620354,0.0811153008604335,0.5476,0.5472,0.7494,0.284,0.115,0.0726,269.5,131.75,416.0,28.0,546.0,591,226,61.86440677966102,518.0,Unresolved,2026,,,
687749,Jase Bowen,153,0.0231565122031409,0.0230358918579233,0.0371450437523715,-0.0368118639169743,-0.0013863498220792,0.046721614154024,0.0854533359461407,0.551,0.5472,0.735,0.28,0.1206,0.0772,268.0,131.75,422.25,22.950000000000017,551.0500000000002,591,227,61.69491525423729,528.1000000000001,Unresolved,2026,,,
672613,Eliezer Alfonzo,49,0.0230528203021007,0.0225625447177652,0.0372461125564924,-0.0376736051421921,-0.0012081928610645,0.0474616501760581,0.0843671923358807,0.5402,0.5384,0.7416,0.2858,0.1244,0.0772,269.5,128.0,420.0,25.0,553.0,591,228,61.52542372881356,528.0,Unresolved,2026,,,
805249,Otto Kemp,57,0.0230388411309126,0.0227742565450778,0.0374684112978863,-0.039589103398841,-0.0010173427540937,0.0473891289823445,0.0845787821430556,0.5454,0.546,0.7412,0.2896,0.1224,0.0872,271.0,128.0,418.25,25.0,556.0,591,229,61.355932203389834,531.0,Unresolved,2026,,,
663886,Tyler Stephenson,799,0.0229748839067247,0.022345373371551,0.0330124985904696,-0.0305199438804865,0.0014722241038958,0.0451072401312257,0.0779439304363324,0.546,0.5454,0.7618,0.2612,0.0952,0.055,273.0,143.0,405.0,34.0,536.0500000000002,591,230,61.186440677966104,502.0500000000002,Unresolved,2026,0.1617356835213182,-0.0602273764944321,0.07647188991581122
624512,Reese McGuire,53,0.022760152168263,0.0232821244380167,0.0367819264790462,-0.0361166585433509,-0.0018973591271419,0.0465176612048314,0.0830908271061711,0.5474,0.548,0.7342,0.2758,0.1082,0.0784,267.0,134.0,422.0,27.0,553.0,591,231,61.016949152542374,526.0,Unresolved,2026,,,
691019,Kyle Teel,239,0.0226689449699393,0.0217187116691439,0.0359763854256878,-0.0362324976501097,-0.0010701937612094,0.0462955857704167,0.0813574193476025,0.5376,0.5376,0.739,0.2794,0.1098,0.076,276.0,132.0,421.0,29.0,548.0,591,232,60.847457627118644,519.0,Unresolved,2026,,,
695720,Tommy White,349,0.0226624130131359,0.0223021735701053,0.0357713760386284,-0.035676756439129,-0.0003815346599676,0.0453178412636074,0.0830230797646407,0.5424,0.543,0.746,0.2678,0.1026,0.074,272.0,139.0,415.0,29.0,549.0,591,233,60.67796610169491,520.0,Unresolved,2026,,,
682622,Noelvi Marte,391,0.0226405970387317,0.0218271848309847,0.0352116333840837,-0.0342855377633282,-0.0012079400148023,0.0461303289345433,0.0820525359011583,0.5394,0.5386,0.7386,0.272,0.1054,0.0716,275.0,135.75,419.0,28.950000000000017,545.0,591,234,60.50847457627118,516.05,Unresolved,2026,-0.1360475051288013,-1.1757431225944672,-0.8144417257333807
624585,Jorge Soler,685,0.0226020878979157,0.0218447727984544,0.0320566246515495,-0.0292564955431483,0.0015480011412363,0.043178398617144,0.0756582688711968,0.538,0.539,0.769,0.249,0.0868,0.0546,275.0,149.0,404.25,40.0,535.0500000000002,591,235,60.33898305084746,495.0500000000002,Unresolved,2026,0.019967468352658,0.041324359227491,0.28495190221854144
683679,Jesus Rodriguez,106,0.0224236384845459,0.0219823578425351,0.0370124290294527,-0.0374358853778455,-0.0019767192967862,0.046475013774018,0.0858625987200708,0.5328,0.5322,0.7322,0.2742,0.1188,0.085,276.0,137.0,423.0,23.0,555.0,591,236,60.16949152542373,532.0,Unresolved,2026,,,
691907,Tsung-Che Cheng,74,0.0223898077598052,0.0216154693814183,0.037354840686579,-0.0389873264743382,-0.0021857402856058,0.0470905088230478,0.0846783278915253,0.5298,0.5272,0.7302,0.2836,0.1154,0.0816,278.0,131.0,426.0,26.0,554.0,591,237,60.0,528.0,Unresolved,2026,,,
672356,Gabriel Arias,287,0.0223848617494977,0.0220886603506082,0.0353229921754455,-0.0355898298982616,-0.0005666985872623,0.044991358131833,0.0807333108365474,0.542,0.5392,0.7446,0.267,0.1098,0.074,274.0,139.0,416.25,29.950000000000017,550.0,591,238,59.83050847457627,520.05,Unresolved,2026,,,
695020,Tanner Murray,47,0.0223819311905254,0.0226414884412324,0.0374709175473764,-0.0394918622639276,-0.0018460606426972,0.047162018218419,0.0839207252843368,0.5406,0.5434,0.7334,0.2816,0.1202,0.0872,269.0,132.0,426.0,25.950000000000017,557.0,591,239,59.66101694915254,531.05,Unresolved,2026,,,
694362,Blake Dunn,239,0.0223558932840181,0.0221874165697308,0.0350008998135756,-0.0347226557083459,-0.0009537013741574,0.0449219452499758,0.0806615880977411,0.5354,0.5358,0.7422,0.2656,0.1042,0.071,274.0,141.0,417.0,30.950000000000017,546.0,591,240,59.49152542372882,515.05,Unresolved,2026,,,
506702,Sandy León,98,0.0222737477432228,0.0221237564420663,0.0369944938091988,-0.0383690903934487,-0.0026296286642007,0.0471618982137233,0.0823502074180903,0.5416,0.5426,0.7282,0.2836,0.111,0.086,273.0,133.0,429.0,28.950000000000017,554.0500000000002,591,241,59.32203389830509,525.1000000000001,Unresolved,2026,,,
663662,Daz Cameron,49,0.0222715382868799,0.0213215285014823,0.0371603410003456,-0.0378251897384874,-0.0025751189977703,0.0465406994441863,0.0834215849508862,0.5284,0.531,0.7242,0.2786,0.1202,0.0818,277.0,133.0,426.0,28.0,554.0,591,242,59.152542372881356,526.0,Unresolved,2026,,,
677870,Leo Jiménez,320,0.0222377808723445,0.021988081576991,0.0340070007750666,-0.0334558131874533,-0.0005890133389516,0.0443289006463519,0.0778276573289962,0.5376,0.5388,0.7442,0.258,0.0986,0.0662,277.0,143.0,412.0,33.0,544.0500000000002,591,243,58.983050847457626,511.0500000000002,Unresolved,2026,,,
678246,Miguel Vargas,1177,0.0221925062243192,0.0222797223385707,0.0296050436320615,-0.0258865043227713,0.0023441835635132,0.0418086229454162,0.0703739946419483,0.55,0.548,0.7758,0.2318,0.0696,0.0446,272.0,157.0,399.0,46.0,525.0,591,244,58.813559322033896,479.0,Unresolved,2026,-0.2353418355678461,0.5678072538563206,1.0040011194944236
671739,Michael Harris II,1157,0.0221626847462341,0.0220242865878745,0.0297504697458967,-0.0259604452917829,0.002576548989735,0.0417348376873591,0.0712898084805868,0.5422,0.5452,0.774,0.2368,0.0706,0.044,273.0,154.0,398.0,47.0,527.0,591,245,58.644067796610166,480.0,Unresolved,2026,0.4848944955969083,0.6554408531220797,0.5483984966584352
592626,Joc Pederson,783,0.0221541988611697,0.0219186025155667,0.0291341768103812,-0.0265439108101703,0.0033330448692755,0.0411150604694854,0.0704936192118973,0.54,0.5388,0.7822,0.2252,0.0672,0.0434,278.0,160.0,395.0,48.95000000000002,526.0500000000002,591,246,58.47457627118644,477.10000000000014,Unresolved,2026,0.6160187553423551,0.774999904116103,0.5690574444393778
701762,Nick Kurtz,736,0.0221152011415832,0.0222497257497914,0.0297600187928105,-0.0277482302270032,0.0023652432747781,0.0418750441479811,0.0710696250070008,0.5468,0.5434,0.7728,0.2358,0.0662,0.05,274.0,157.0,400.0,49.0,531.0500000000002,591,247,58.30508474576271,482.0500000000002,Unresolved,2026,1.547283350743172,1.313833005233891,0.40548685014162844
678489,Jorge Barrosa,280,0.0220399223104234,0.0216231100657817,0.0364014941600562,-0.0390428654663144,-0.000611083196729,0.046262082317416,0.0815286945341728,0.5302,0.5316,0.7444,0.2704,0.113,0.0852,279.0,134.0,416.0,27.0,556.0,591,248,58.13559322033898,529.0,Unresolved,2026,,,
666211,Taylor Trammell,490,0.0219362781310252,0.0216797191785919,0.0353936143841915,-0.0352571091406232,-0.001922465652906,0.0459569756369485,0.0790444547406056,0.5326,0.5316,0.7336,0.275,0.1042,0.0764,276.5,136.0,424.0,32.0,550.0,591,249,57.96610169491525,518.0,Unresolved,2026,,,
663757,Trent Grisham,748,0.0219349384083563,0.0211189645477876,0.0341778043150846,-0.0342414427655951,0.0004220095277321,0.0444418566927157,0.0776882373337605,0.5308,0.5314,0.7544,0.2602,0.0984,0.067,281.5,143.0,411.25,33.95000000000002,545.0,591,250,57.79661016949152,511.04999999999995,Unresolved,2026,0.8836772494945366,0.5424876765363071,0.13466455229836433
655316,Andruw Monasterio,652,0.021842045221295,0.0219839699264138,0.0303733097667313,-0.0280551766578841,0.00166709075526,0.0424053145379611,0.0707731672008668,0.5456,0.5478,0.7638,0.2392,0.0714,0.0522,274.0,156.0,403.25,45.95000000000002,534.0,591,251,57.6271186440678,488.04999999999995,Unresolved,2026,,,
607208,Trea Turner,1236,0.0218169753794688,0.0216973178018869,0.0313879392918354,-0.0297749570244176,0.0010567739700964,0.0423699420028778,0.0739497570092234,0.536,0.5378,0.7598,0.2388,0.0786,0.057,277.0,155.0,407.0,42.0,537.0,591,252,57.45762711864407,495.0,Unresolved,2026,-0.2517947883789307,-0.3694052654315486,0.0791981934758329
804606,Konnor Griffin,621,0.021787135226712,0.0220366342257314,0.0325724808306444,-0.0314195803497887,-0.0004763436749789,0.0438522183223659,0.075595844244716,0.5348,0.5348,0.747,0.254,0.0896,0.0622,275.5,146.75,414.0,39.95000000000002,541.0500000000002,591,253,57.28813559322034,501.10000000000014,Unresolved,2026,,,
691277,Deyvison De Los Santos,52,0.0217834104949592,0.022000584404672,0.0376920743117506,-0.039521905426466,-0.0031717347611079,0.0461153419222864,0.0851250969244591,0.5292,0.5292,0.72,0.2818,0.1124,0.0918,278.0,131.0,429.0,24.0,558.0,591,254,57.11864406779661,534.0,Unresolved,2026,,,
691181,Emmanuel Rodriguez,57,0.0217814300605552,0.0221749136217411,0.0362329399123627,-0.0371473999387833,-0.0028336866792236,0.0454658162871772,0.0809358662393095,0.5352,0.5356,0.7298,0.2716,0.1032,0.0816,275.5,136.0,427.0,30.0,551.0500000000002,591,255,56.94915254237288,521.0500000000002,Unresolved,2026,,,
686668,Brenton Doyle,382,0.0215340057540688,0.0213731495843685,0.0341710169630608,-0.0344052203766779,-0.0013822277315623,0.0441934300235153,0.078161114589779,0.5282,0.5298,0.7368,0.2574,0.0944,0.0698,279.0,144.0,419.25,34.0,546.0,591,256,56.779661016949156,512.0,Unresolved,2026,0.0039323672915858,-1.2244070565907532,-0.9686850838347538
656413,Stuart Fairchild,40,0.0214631792216293,0.0219543594854381,0.0374638913910812,-0.0391324207663377,-0.0027967263713545,0.0459547421324631,0.0814277958141603,0.5314,0.531,0.7244,0.271,0.1106,0.087,278.0,135.0,429.0,28.0,556.0,591,257,56.610169491525426,528.0,Unresolved,2026,,,
683734,Andrew Vaughn,495,0.0214357785561064,0.0215149493771975,0.0361682428989362,-0.0388123729011374,-0.0024678909904624,0.0451435858966014,0.0816386735347232,0.5278,0.5266,0.725,0.267,0.108,0.0832,279.0,141.0,427.0,27.0,555.0,591,258,56.440677966101696,528.0,Unresolved,2026,0.79339298485983,-0.080478814986895,-0.42020528717720146
676369,Nelson Velázquez,208,0.0212994717724807,0.0212015475755143,0.0367527950030824,-0.0387080697484331,-0.0027431489444922,0.0453850257163384,0.0824455611142165,0.5256,0.5244,0.7296,0.2684,0.1082,0.0866,282.0,139.0,428.0,29.0,555.0,591,259,56.271186440677965,526.0,Unresolved,2026,,,
673237,Yainer Diaz,608,0.0212734092844366,0.0216091928624381,0.0338262618212414,-0.0340287543943229,-0.0010291084900746,0.0440749075608476,0.0758180210933807,0.5306,0.5312,0.7386,0.2566,0.0894,0.071,277.0,144.0,417.0,37.0,547.0500000000002,591,260,56.101694915254235,510.0500000000002,Unresolved,2026,0.1817887586490712,-0.3487817823536415,-0.22720749131961415
668670,Jake Rogers,282,0.021216819324263,0.0211096282178227,0.0351289995413867,-0.0368592155364774,-0.0018832845558226,0.0445168516311574,0.079860293988144,0.5184,0.5208,0.7296,0.2614,0.1004,0.0796,283.5,143.0,424.25,32.0,550.0,591,261,55.932203389830505,518.0,Unresolved,2026,,,
676475,Alec Burleson,1248,0.021203450852168,0.0211353522603722,0.0313808422842965,-0.0300351586103958,0.0003194653598435,0.0415493522601895,0.073593390350398,0.5254,0.528,0.7536,0.2378,0.0784,0.0582,282.5,156.0,413.25,41.95000000000002,537.0,591,262,55.76271186440678,495.04999999999995,Unresolved,2026,0.691101080964317,1.0110482336259885,0.7484751415406941
683021,Michael Stefanic,48,0.0211621595528958,0.0202385066368404,0.0364150241902257,-0.0382190996710753,-0.0024964621852339,0.0451952096192359,0.079996031697402,0.5182,0.5176,0.7222,0.2662,0.104,0.0854,286.0,141.0,428.0,30.0,553.0500000000002,591,263,55.59322033898305,523.0500000000002,Unresolved,2026,,,
702176,Alan Roden,128,0.0211273237377047,0.0212663590194123,0.0366252782784059,-0.0399905544776378,-0.0031926566737345,0.0449035539878181,0.0817862520568113,0.5306,0.5292,0.7204,0.2622,0.1048,0.0832,279.0,142.0,431.0,29.0,555.0,591,264,55.42372881355932,526.0,Unresolved,2026,,,
691182,Adael Amador,141,0.0211160778723478,0.0211836230627595,0.0357147005259807,-0.0379413551350933,-0.0030221562357731,0.0444455025891424,0.0795618127448634,0.5224,0.5212,0.7224,0.2594,0.102,0.0798,281.0,143.0,428.0,31.0,553.0,591,265,55.25423728813559,522.0,Unresolved,2026,,,
691176,Jasson Domínguez,414,0.021101729448789,0.0206894759011872,0.0339873231145033,-0.0357708296357964,-0.0017399932912169,0.0438256831913922,0.0770535440656763,0.52,0.5196,0.7354,0.2544,0.0936,0.074,283.0,146.0,421.0,36.0,547.0,591,266,55.08474576271186,511.0,Unresolved,2026,-0.1290284529903618,-0.4858239055398213,-0.12981660896419894
593428,Xander Bogaerts,828,0.0210774969046247,0.0217655314464973,0.0329779446599254,-0.0327239240558945,-0.0007484536165596,0.043050581448459,0.0746231253013662,0.5332,0.533,0.7428,0.2418,0.0806,0.067,278.0,153.0,416.25,39.0,545.0,591,267,54.91525423728814,506.0,Unresolved,2026,0.2579705135086865,0.0307846733790205,0.09489909060177784
665966,Carlos Narváez,558,0.0210402186343336,0.0211237174359691,0.033148265565722,-0.0329585965682535,-0.0011674173733663,0.043292689019384,0.0764457342956014,0.5314,0.5294,0.738,0.2462,0.0884,0.0678,281.0,150.0,420.0,38.0,544.0,591,268,54.74576271186441,506.0,Unresolved,2026,-0.3169171973490855,-1.282192124523346,-0.78447027226041
814439,Ryan Waldschmidt,464,0.0210400773822359,0.0210996260820483,0.0340425812825975,-0.0354326907049356,-0.001668145728976,0.0431969209884994,0.0764051238603054,0.5284,0.53,0.7348,0.2512,0.0942,0.0744,280.0,148.0,420.0,36.95000000000002,549.0,591,269,54.57627118644068,512.05,Unresolved,2026,,,
701852,Drew Cavanaugh,276,0.0209778401171481,0.0210123067808712,0.0357030402941472,-0.0364185896239661,-0.0027032213572469,0.0441134627758341,0.0809058042294781,0.5212,0.5176,0.726,0.2586,0.1022,0.0798,285.5,143.0,426.0,32.0,551.0,591,270,54.40677966101695,519.0,Unresolved,2026,,,
621043,Carlos Correa,254,0.0205945662674638,0.0206213908350953,0.036528952090631,-0.0393683909220324,-0.002951173656117,0.0443183989066972,0.0806205320774126,0.519,0.5172,0.7196,0.2584,0.1012,0.0852,287.0,143.0,428.0,33.0,556.0,591,271,54.23728813559322,523.0,Unresolved,2026,,,
810938,Ben Williamson,426,0.020579065982068,0.0212244062837857,0.033997803303535,-0.0349730302325169,-0.0023943857538342,0.0433268920648801,0.0757532439212522,0.526,0.5252,0.7282,0.2488,0.0892,0.069,281.0,149.0,425.0,38.0,545.0,591,272,54.067796610169495,507.0,Unresolved,2026,-0.8173994159738373,-0.9149914249214304,-0.039782270351581994
805904,Zach Cole,94,0.0205590128772529,0.0215339137948411,0.0359665230012381,-0.040020814844264,-0.0030069929823314,0.0439821297170563,0.0785995219607791,0.529,0.528,0.7246,0.2544,0.0962,0.0892,281.0,147.0,428.0,32.0,556.0,591,273,53.898305084745765,524.0,Unresolved,2026,,,
676551,Brewer Hicklen,73,0.0204444774656964,0.0205343375283739,0.0368151237935263,-0.0405895157535517,-0.0034100188785965,0.0443359335829335,0.0813435444988338,0.5194,0.5212,0.7168,0.256,0.106,0.0918,286.0,145.0,430.0,31.0,556.0,591,274,53.728813559322035,525.0,Unresolved,2026,,,
545341,Randal Grichuk,497,0.0204329269135422,0.0204357947293188,0.0343644256560508,-0.0355651804489137,-0.0014808868709572,0.0427889331457315,0.0773569838479778,0.517,0.5148,0.7366,0.2452,0.0888,0.0722,287.0,151.0,423.0,35.95000000000002,548.0,591,275,53.559322033898304,512.05,Unresolved,2026,1.0105734429587625,0.742427252368971,0.23889303198968448
681297,Colton Cowser,698,0.0203789389460541,0.020402518779632,0.0341042165672704,-0.0351437505361614,-0.0020042285598279,0.0429923271183563,0.0773541832539851,0.518,0.5208,0.7292,0.2452,0.088,0.0748,285.0,150.0,425.0,37.0,548.0,591,276,53.389830508474574,511.0,Unresolved,2026,0.2639923878791466,-0.4111673497444652,-0.35159491428717893
702616,Jackson Holliday,590,0.0202678634838111,0.0201363686561238,0.0339528146035286,-0.034016027602724,-0.0026879533366634,0.0423819732062859,0.076565795780952,0.5118,0.5144,0.7272,0.2364,0.089,0.0766,289.0,156.0,426.0,36.0,549.0,591,277,53.220338983050844,513.0,Unresolved,2026,-0.3059573343904876,-1.0382230497804898,-0.5487676432531545
703601,Max Clark,304,0.0202242247585562,0.0206642530201361,0.0347708463824458,-0.0365902333885138,-0.0025784978894131,0.0427452268209559,0.0769026554399573,0.5186,0.5204,0.7234,0.2436,0.0904,0.0802,285.0,152.0,428.0,35.0,550.0,591,278,53.05084745762712,515.0,Unresolved,2026,,,
656811,Ryan O'Hearn,762,0.0201325257258817,0.0199750539904328,0.032275622147747,-0.0324892556141456,-0.0014283755254703,0.0414501026365936,0.0734467488434204,0.5168,0.5196,0.7358,0.2262,0.0762,0.0662,286.0,160.75,422.0,43.0,543.0,591,279,52.88135593220339,500.0,Unresolved,2026,-0.1065870791612742,-0.3929303159115412,-0.05384936227389808
641343,Jake Bauers,887,0.0200367393620343,0.0191263053872438,0.0313848204241328,-0.0311564674732611,-8.283306753237418e-05,0.0399845117987577,0.0727285454752275,0.5044,0.5006,0.7486,0.2198,0.0766,0.06,295.0,166.0,412.0,43.95000000000002,539.0,591,280,52.71186440677966,495.04999999999995,Unresolved,2026,0.6287242445168748,1.1201521661727465,0.904626627108789
670242,Matt Wallner,291,0.0199889874495962,0.0195826190668979,0.0365068123579609,-0.0396961599068499,-0.0036738149332861,0.0441647248824402,0.0801836938324844,0.5132,0.511,0.712,0.2552,0.1054,0.0904,290.0,145.0,433.0,31.0,555.0,591,281,52.54237288135593,524.0,Unresolved,2026,,,
687597,Jordan Beck,322,0.019892453948144,0.0199669683103362,0.0353627134100262,-0.037941329483666,-0.0026747241862365,0.0432053845058031,0.0776580446155465,0.5136,0.514,0.7218,0.249,0.0908,0.0868,287.0,149.0,429.0,33.0,556.0,591,282,52.3728813559322,523.0,Unresolved,2026,,,
650968,Yohel Pozo,116,0.019886586235316,0.0197912719572514,0.0359000815302079,-0.038910907808357,-0.0042157950036166,0.0437662660038267,0.0780196776454504,0.5138,0.5122,0.7118,0.253,0.0966,0.0876,288.0,146.0,434.25,33.0,556.0500000000002,591,283,52.20338983050848,523.0500000000002,Unresolved,2026,,,
670097,Zack Short,117,0.0198854246497196,0.0198430642283827,0.0371710664070103,-0.0407199485497147,-0.004792150075043,0.0443555602617437,0.0807746081317721,0.5074,0.5078,0.7052,0.2606,0.106,0.0926,291.0,143.0,439.0,28.0,556.0500000000002,591,284,52.03389830508475,528.0500000000002,Unresolved,2026,,,
665052,Griffin Conine,545,0.019823670926045,0.0197933098522044,0.0332004523440671,-0.0352220431835231,-0.0019825968883841,0.0418505494889621,0.0745154280774277,0.5134,0.5146,0.7296,0.2352,0.0798,0.0736,288.0,157.0,425.25,40.0,548.0,591,285,51.86440677966102,508.0,Unresolved,2026,,,
691023,Jordan Walker,1168,0.0197423301088205,0.0196679380389697,0.0333811051083257,-0.034636913628282,-0.0021618843581593,0.0422527388206407,0.0749101381938692,0.5054,0.5046,0.7278,0.235,0.0802,0.0728,292.0,158.0,424.0,40.0,549.0,591,286,51.69491525423729,509.0,Unresolved,2026,0.2619039152681942,1.1826878436999355,1.2438355037356625
801501,Nate Furman,65,0.0196807021248651,0.0194168325774304,0.0366812904194979,-0.0411736169185892,-0.0042946010889729,0.0436939111557078,0.0788679622992529,0.5098,0.5076,0.7098,0.2558,0.0966,0.093,290.0,146.0,439.0,32.0,560.0,591,287,51.52542372881356,528.0,Unresolved,2026,,,
687529,Grant McCray,150,0.019653244600181,0.0206645754062657,0.0359067683570863,-0.039380602940642,-0.0044237675694133,0.0435943314192211,0.0772731916839514,0.517,0.5152,0.7108,0.2462,0.097,0.0896,286.5,151.0,434.0,34.0,556.0,591,288,51.355932203389834,522.0,Unresolved,2026,,,
666023,Freddy Fermin,476,0.0195689957214006,0.020308859747339,0.0363286682929045,-0.0412091315515909,-0.0037798746498379,0.0431238696136117,0.0782538147355207,0.5144,0.5154,0.716,0.2496,0.0962,0.0926,287.0,149.75,431.25,32.0,559.0,591,289,51.186440677966104,527.0,Unresolved,2026,-1.157759852760451,-1.3644328927339011,-0.2325078383512098
602104,Ramón Urías,171,0.0195601548827988,0.0198873641438961,0.0370175384561764,-0.0416951410639692,-0.0056190979424051,0.0439255101515878,0.0807357208453471,0.5114,0.5108,0.7058,0.2562,0.101,0.0992,289.0,145.0,440.0,31.0,560.0,591,290,51.016949152542374,529.0,Unresolved,2026,,,
702332,Caleb Durbin,922,0.0194571464207783,0.0192091634704081,0.031889937550197,-0.0329313424008103,-0.0015056119828639,0.0404246577005417,0.0715309123179609,0.5044,0.5034,0.7336,0.218,0.0714,0.0634,294.0,164.0,421.0,45.0,542.0,591,291,50.847457627118644,497.0,Unresolved,2026,-1.2480885410904534,-1.7617853094124831,-0.5617300965352297
592206,Nick Castellanos,263,0.0194326994678128,0.0192994630752906,0.0362376121541013,-0.0391234327437234,-0.0045763316716099,0.0438635453738913,0.0791718733259952,0.5044,0.5056,0.7044,0.255,0.0974,0.0912,293.0,145.75,437.25,32.95000000000002,557.0,591,292,50.67796610169491,524.05,Unresolved,2026,,,
666139,Josh Lowe,753,0.0193092504608096,0.0195529517257329,0.0317208555642227,-0.0326502470520755,-0.0010867084382603,0.0397572132414559,0.0708268777218071,0.5106,0.5076,0.739,0.2194,0.0686,0.0652,291.0,167.0,419.0,49.0,543.0500000000002,591,293,50.50847457627118,494.0500000000002,Unresolved,2026,-1.061018301153479,-1.1401278770627123,-0.08116986522041048
647304,Josh Naylor,1034,0.0192764844843078,0.0190900307669871,0.0329417518288854,-0.0347078132404991,-0.0020766222753124,0.0417348320739466,0.0732446665519333,0.5036,0.5048,0.7266,0.229,0.0782,0.0772,293.0,157.0,424.0,42.0,548.0,591,294,50.33898305084746,506.0,Unresolved,2026,0.0867263323628405,-0.4867854428829802,-0.2935105848475017
596115,Trevor Story,511,0.0192099571651035,0.0189993426278939,0.0360357984578449,-0.0401660926397733,-0.0043573575983408,0.0424357608217292,0.0789382420453569,0.4978,0.4994,0.7112,0.2418,0.0926,0.0942,296.0,154.0,436.25,33.0,558.0500000000002,591,295,50.16949152542373,525.0500000000002,Unresolved,2026,0.1382086743243344,-1.1993237264365066,-1.0448792796729565
828599,Lucas Spence,76,0.019145016068006,0.0190312982450974,0.0368794452935906,-0.0417985965436715,-0.004667128059946,0.0433257745715318,0.0790206027225958,0.502,0.5014,0.7038,0.25,0.096,0.0934,294.0,148.75,438.25,32.0,561.0,591,296,50.0,529.0,Unresolved,2026,,,
686475,Tyler Tolbert,222,0.0190865180339959,0.0187492645662278,0.0342957356923211,-0.0378076876259399,-0.0028231468676487,0.0424585384777915,0.0748171553953782,0.5014,0.4996,0.7204,0.235,0.0806,0.079,296.0,157.0,432.0,39.95000000000002,555.0,591,297,49.83050847457627,515.05,Unresolved,2026,,,
572233,Christian Walker,1183,0.0190432009963771,0.0192100794698349,0.0312211228447327,-0.0332546741348234,-0.0014061709000593,0.0396275381264147,0.069411747668482,0.5078,0.5056,0.7368,0.2146,0.0652,0.0654,293.0,170.0,419.0,51.0,544.0,591,298,49.66101694915254,493.0,Unresolved,2026,0.2554602319322946,-0.1239258706832447,-0.057918080659138366
547180,Bryce Harper,1285,0.019020633353291,0.019107699019242,0.0282488578034728,-0.0283225995316761,0.0004195916323658,0.0386294093759061,0.0650597588173777,0.5056,0.5064,0.7552,0.1918,0.0452,0.0502,293.5,175.0,411.0,64.0,532.0,591,299,49.49152542372882,468.0,Unresolved,2026,0.7181299861438737,0.371312068219205,0.08835250060921218
644433,Chadwick Tromp,93,0.0189596104731126,0.0193716447453455,0.0378416978370189,-0.0435114588759381,-0.0055301170815453,0.0436227994653974,0.0820925144736681,0.504,0.5066,0.701,0.2474,0.1074,0.108,291.0,150.0,445.0,29.0,562.0500000000002,591,300,49.32203389830509,533.0500000000002,Unresolved,2026,,,
643289,Mauricio Dubón,1153,0.0188873271117507,0.0185874961436497,0.0303165610873697,-0.0303867778224489,-0.0013784205037057,0.0389330030525232,0.0689564227467724,0.5,0.502,0.7352,0.2086,0.0606,0.059,294.5,172.0,420.0,52.0,538.0,591,301,49.152542372881356,486.0,Unresolved,2026,-1.985643949226441,-1.4195385316249196,0.3368157683291475
800543,Josue De Paula,56,0.0185467863639296,0.018543632524975,0.037387225064771,-0.0430014578734383,-0.0059564891999164,0.0437695520684093,0.0789285426486181,0.4948,0.493,0.698,0.2514,0.1012,0.0988,299.0,147.75,443.25,32.0,562.0,591,302,48.983050847457626,530.0,Unresolved,2026,,,
664040,Brandon Lowe,1268,0.0184071572488559,0.018586046383085,0.0333478028102553,-0.0368036836051994,-0.003394765752407,0.0395283032579953,0.0734769284175357,0.4932,0.4956,0.7202,0.2146,0.0722,0.082,298.5,168.0,431.25,42.0,551.0,591,303,48.813559322033896,509.0,Unresolved,2026,0.5302513948709304,0.2682113342912798,0.12695866443227705
699024,Leo Bernal,133,0.0183773977466871,0.018970971028041,0.0364163699709976,-0.0417974842042987,-0.0050396262367425,0.0414762155481572,0.0772784922556754,0.4984,0.4992,0.7032,0.2342,0.0898,0.0984,296.0,158.0,442.0,35.0,559.0500000000002,591,304,48.644067796610166,524.0500000000002,Unresolved,2026,,,
695336,Thomas Saggese,324,0.0183542727546192,0.0186494141732677,0.0342822405528368,-0.0380943162101613,-0.004088894493934,0.0409390965757655,0.0741748906709757,0.5,0.4964,0.711,0.2274,0.083,0.083,297.0,161.0,436.0,40.0,553.0,591,305,48.47457627118644,513.0,Unresolved,2026,,,
665489,Vladimir Guerrero Jr.,998,0.0183342105411652,0.0182847578112722,0.0305683781183766,-0.032103515259814,-0.0022012422553585,0.0392118615231104,0.0683313444201745,0.4918,0.4888,0.7276,0.1998,0.062,0.0632,301.0,174.0,425.0,52.0,541.0,591,306,48.30508474576271,489.0,Unresolved,2026,1.7907242035706417,0.5693213241031955,-0.5226394078618503
687401,Joey Ortiz,658,0.0182665863195495,0.0178477061164765,0.0335258672766992,-0.0365139150932243,-0.0035968451044322,0.0400148214737555,0.0745819270100346,0.4864,0.4874,0.7066,0.2168,0.0778,0.0782,301.0,167.75,434.0,41.0,551.0,591,307,48.13559322033898,510.0,Unresolved,2026,-1.079509805776602,-0.5392097041579181,0.5336954729102718
676356,Jonny DeLuca,627,0.0182256537743932,0.0179454996759395,0.0330296946417541,-0.0358419545655282,-0.0039029173416972,0.040064178281327,0.0720735923773634,0.4878,0.484,0.7148,0.2192,0.0684,0.08,302.5,164.0,431.25,44.0,552.0,591,308,47.96610169491525,508.0,Unresolved,2026,,,
669743,Alex Call,344,0.0181504846387125,0.017936057596339,0.0358878444933223,-0.04089010991038,-0.0050240902018589,0.0418537027481219,0.077106741004911,0.49,0.489,0.7018,0.2332,0.0922,0.0914,302.0,160.0,438.0,35.0,560.0,591,309,47.79661016949152,525.0,Unresolved,2026,,,
680700,Richie Palacios,665,0.0179618039727024,0.0179556918686324,0.0328805751026986,-0.0359823850187243,-0.004032734695738,0.0399858431604236,0.0716475715856939,0.4898,0.4882,0.7078,0.2182,0.0732,0.0812,301.0,168.0,434.0,44.0,551.0,591,310,47.6271186440678,507.0,Unresolved,2026,,,
657136,Connor Wong,402,0.0179188194984954,0.0177497269362079,0.0357210872624399,-0.040643484814552,-0.005134411294622,0.0408724163060699,0.0764096555156481,0.4834,0.4848,0.6982,0.2294,0.0864,0.0978,304.0,162.0,442.25,36.0,558.0,591,311,47.45762711864407,522.0,Unresolved,2026,,,
691026,Masyn Winn,837,0.0178971724602963,0.0174379508186278,0.0312284040042861,-0.0336636663540191,-0.003094998451743,0.0384039842271174,0.0697102038363768,0.4836,0.4828,0.7152,0.2038,0.0662,0.0702,305.0,177.0,430.0,48.0,543.0500000000002,591,312,47.28813559322034,495.0500000000002,Unresolved,2026,-0.9910275961026268,-0.8446606937584862,0.16150702613537282
678554,Curtis Mead,557,0.0178719467586767,0.0173429614058069,0.0341320853459947,-0.036924815671749,-0.0045753614141437,0.0402515804640716,0.0743489838614349,0.4836,0.479,0.7016,0.2188,0.0794,0.087,308.0,165.0,437.0,41.0,556.0500000000002,591,313,47.11864406779661,515.0500000000002,Unresolved,2026,-0.9534245602626223,0.2450616555463012,1.2228673916781834
680716,Jonathan Ornelas,51,0.017803150376761,0.0179805260351508,0.0374768711262267,-0.0439416391392244,-0.0066510612083385,0.0425572709860477,0.0784578052801726,0.4946,0.4926,0.6904,0.2402,0.098,0.1076,301.0,154.0,447.0,32.0,565.0,591,314,46.94915254237288,533.0,Unresolved,2026,,,
673962,Josh Jung,722,0.0177949654608168,0.0184727877030951,0.0320776048925966,-0.0362246953444595,-0.0028704346848781,0.0389772908617187,0.0698640604311178,0.4964,0.4938,0.7194,0.2092,0.0664,0.0752,299.0,170.0,430.0,50.0,550.0,591,315,46.779661016949156,500.0,Unresolved,2026,-0.2613499567352564,0.1298103874736159,0.585620805173318
691788,Joe Mack,575,0.0177493464750766,0.0179138443228066,0.0318200198627881,-0.0328116827657581,-0.0028732978763895,0.0382624722955531,0.0697371641720674,0.4854,0.4828,0.7202,0.1988,0.0646,0.0686,303.0,175.0,430.0,50.0,544.0,591,316,46.610169491525426,494.0,Unresolved,2026,,,
642020,Chuckie Robinson,45,0.0176898517653343,0.0174208698971183,0.037418269345751,-0.0438450161612554,-0.0069052992746875,0.0424759072625495,0.0792361320828407,0.4852,0.4842,0.6872,0.2394,0.0946,0.1092,308.0,155.0,449.0,31.0,564.0500000000002,591,317,46.440677966101696,533.0500000000002,Unresolved,2026,,,
666310,Bo Naylor,187,0.0176556753045064,0.017520045300218,0.0373115823765737,-0.0415969557998132,-0.0066543388734542,0.0419069497490174,0.0780388161031763,0.4834,0.4788,0.6852,0.231,0.097,0.1002,305.0,158.0,446.0,34.0,563.0,591,318,46.271186440677965,529.0,Unresolved,2026,,,
802415,Chandler Simpson,845,0.0176085214355409,0.0174703349307214,0.0335388934146688,-0.0363492606639667,-0.0045031769124284,0.0395055864924408,0.0733774840280443,0.4818,0.479,0.7004,0.2108,0.077,0.0818,306.0,168.0,436.0,43.95000000000002,550.0,591,319,46.101694915254235,506.04999999999995,Unresolved,2026,-2.387403511400409,-2.859747359445419,-0.8003670424676232
687957,Dustin Harris,205,0.0175576021557197,0.017571238951443,0.0362309260298443,-0.0422578438579585,-0.0057599994369344,0.041062458125359,0.077787626056778,0.4836,0.4866,0.6944,0.2272,0.0862,0.1018,305.0,162.0,446.0,37.0,561.0,591,320,45.932203389830505,524.0,Unresolved,2026,,,
650859,Luis Rengifo,630,0.017536986722881,0.0171950984795863,0.0342466633578539,-0.0378959083574485,-0.0057609308032616,0.0401587021313232,0.0744032501787792,0.4808,0.481,0.6936,0.2234,0.0768,0.0916,307.0,163.0,439.0,42.0,554.0,591,321,45.76271186440678,512.0,Unresolved,2026,-0.9154561107264072,-0.9004400363470568,0.04872810377275161
691002,Yohandy Morales,65,0.0175168025349582,0.0169647599249042,0.0368822640106069,-0.0410947267438217,-0.0070105081061147,0.0420300110583846,0.0774719338133246,0.4774,0.4766,0.688,0.2368,0.0914,0.1026,308.0,156.0,449.0,33.95000000000002,560.0,591,322,45.59322033898305,526.05,Unresolved,2026,,,
650391,Eloy Jiménez,66,0.0175074565441087,0.0173289774224187,0.0362590212889622,-0.0431667906284317,-0.0066148113841932,0.0416961322942045,0.0770011394738909,0.4788,0.4814,0.683,0.2326,0.091,0.0982,307.0,157.75,448.0,35.0,560.0500000000002,591,323,45.42372881355932,525.0500000000002,Unresolved,2026,,,
696285,Jacob Young,708,0.0173927425915734,0.0176824336997459,0.0313296634851185,-0.0344647643807953,-0.0040228584093936,0.0381138214266342,0.0692318317023061,0.4866,0.4832,0.708,0.2012,0.0598,0.0758,304.0,177.0,432.0,53.0,549.0500000000002,591,324,45.25423728813559,496.0500000000002,Unresolved,2026,-1.359535395004491,-0.6418750748769377,0.6422386133447624
680718,Addison Barger,51,0.0173193054032243,0.0176279640544832,0.0375521517903425,-0.0450838858179546,-0.0070972943260191,0.0417979275231352,0.0781724011298397,0.4828,0.4804,0.6834,0.239,0.0924,0.1092,306.0,155.0,448.0,35.0,565.0500000000002,591,325,45.08474576271186,530.0500000000002,Unresolved,2026,,,
678218,Brandon Valenzuela,520,0.017116340296037,0.016948818210375,0.0354366167549278,-0.0422153865536468,-0.006155271316743,0.0409125511441506,0.074758463580147,0.4808,0.4848,0.69,0.2262,0.0818,0.0962,306.0,164.0,447.0,38.95000000000002,561.0,591,326,44.91525423728814,522.05,Unresolved,2026,,,
694410,LuJames Groover,86,0.0170973831303727,0.0174143997472666,0.0353167397015619,-0.0433499879112834,-0.0061729510858939,0.0408561320058431,0.074667763514503,0.488,0.4874,0.6932,0.227,0.0812,0.0994,303.0,161.0,444.0,43.0,560.0,591,327,44.74576271186441,517.0,Unresolved,2026,,,
691783,Jordan Lawlar,208,0.0169112479330925,0.0162608180468688,0.0362322768794331,-0.0405905589488646,-0.0063398635179083,0.0399172887217443,0.0784292337802026,0.4706,0.4678,0.6856,0.2192,0.0878,0.0984,313.0,166.0,447.25,32.0,561.0,591,328,44.57627118644068,529.0,Unresolved,2026,,,
682729,Jonatan Clase,45,0.0168454120554571,0.0168375983301946,0.0370862580938166,-0.0435126003174007,-0.0074996026785814,0.0409089381839266,0.0771307150520176,0.4724,0.4722,0.6828,0.2316,0.0898,0.104,312.0,159.0,451.0,34.0,564.0,591,329,44.40677966101695,530.0,Unresolved,2026,,,
669369,Bryce Johnson,81,0.0168401334642767,0.0161606504865084,0.0361398161796258,-0.04149893294981,-0.0071292643295416,0.0409545703824492,0.0764454737519812,0.4736,0.4764,0.682,0.2304,0.084,0.0986,312.0,162.0,450.0,36.0,561.0,591,330,44.23728813559322,525.0,Unresolved,2026,,,
691728,Zac Veen,136,0.0167846163549337,0.0171444647293529,0.0369586192153861,-0.0451374065947462,-0.0064992251073398,0.0406083796926163,0.0780434619372361,0.4812,0.4794,0.6856,0.2246,0.0906,0.1058,307.0,165.0,450.0,34.0,564.0,591,331,44.067796610169495,530.0,Unresolved,2026,,,
606115,Orlando Arcia,83,0.016765674875841,0.0170140616368126,0.0368090892414265,-0.0444921060452232,-0.0069413363158782,0.0415034277879329,0.0772188082237385,0.4782,0.478,0.6844,0.235,0.0892,0.1068,308.0,158.0,451.0,35.0,563.0500000000002,591,332,43.898305084745765,528.0500000000002,Unresolved,2026,,,
645305,Ali Sánchez,135,0.0166974009188071,0.0165036816704186,0.0366031628428884,-0.04418189145448,-0.0073355963877187,0.0405990047949658,0.07688338552665,0.4776,0.476,0.6836,0.2234,0.0858,0.1058,309.0,166.0,452.0,35.0,563.0,591,333,43.728813559322035,528.0,Unresolved,2026,,,
682634,Kevin Alcántara,48,0.0166907045197847,0.0165846875152548,0.0383214127533175,-0.0467519853812869,-0.0085607585016731,0.0424539405686754,0.0800026016835089,0.4758,0.477,0.679,0.2368,0.0954,0.1186,312.0,155.0,457.0,31.0,568.0,591,334,43.559322033898304,537.0,Unresolved,2026,,,
641555,J.C. Escarra,154,0.0166872967972415,0.0168868031084601,0.0362364789363301,-0.0434127793191236,-0.0062337468250389,0.0403957864689211,0.0761600841756967,0.477,0.478,0.688,0.2208,0.0812,0.1022,308.0,164.0,446.0,36.0,563.0,591,335,43.389830508474574,527.0,Unresolved,2026,,,
676914,Davis Schneider,238,0.0166089652574797,0.0164743975826836,0.0358214482104149,-0.0423377912190919,-0.0069824607054575,0.0403914571356579,0.076010339510833,0.4714,0.4672,0.6858,0.2224,0.0864,0.1038,312.0,167.0,450.0,38.0,562.0,591,336,43.220338983050844,524.0,Unresolved,2026,,,
682997,Tyler Callihan,223,0.0164847941272958,0.0159428798212767,0.0378053717482619,-0.04555777016642,-0.0079021076010064,0.041186792755823,0.0800550780845573,0.4628,0.4646,0.6746,0.2328,0.0936,0.116,313.0,161.0,455.0,33.0,566.0,591,337,43.05084745762712,533.0,Unresolved,2026,,,
664774,LaMonte Wade Jr.,254,0.0164630928945459,0.0167072672625928,0.0349753934335326,-0.0398314536454867,-0.0063365828693175,0.0391890055273418,0.0743611341079653,0.4712,0.473,0.6876,0.2086,0.077,0.0966,310.0,172.0,449.0,40.0,557.0,591,338,42.88135593220339,517.0,Unresolved,2026,,,
677588,José Tena,548,0.0164130316485978,0.0166006325056496,0.0313007971582608,-0.0347114701073336,-0.0044336101174633,0.0368136648670076,0.0680947694389502,0.4658,0.467,0.701,0.1888,0.0546,0.0736,311.0,186.0,434.0,56.0,546.0500000000002,591,339,42.71186440677966,490.0500000000002,Unresolved,2026,,,
669004,MJ Melendez,284,0.0163595252191665,0.0165791920698807,0.0356286284561297,-0.0422864431920044,-0.0071951855628399,0.0400089770146232,0.0742579340316345,0.475,0.4734,0.6834,0.2242,0.0778,0.1022,310.0,163.0,451.0,40.0,561.0500000000002,591,340,42.54237288135593,521.0500000000002,Unresolved,2026,,,
656976,Pavin Smith,186,0.0162819977876106,0.0162709933236447,0.0357228689164855,-0.043031313800895,-0.0071369245073363,0.0400758674327867,0.0747601289683414,0.469,0.473,0.6836,0.2192,0.0794,0.1034,313.0,166.0,450.0,38.0,561.0,591,341,42.3728813559322,523.0,Unresolved,2026,,,
650333,Luis Arraez,1119,0.0162056508241232,0.0167316851670562,0.0319700924337443,-0.0360394700231646,-0.0051742480915373,0.0374637309837785,0.0680768275841351,0.4706,0.4706,0.6972,0.1932,0.0618,0.0818,309.0,179.0,441.0,52.0,552.0,591,342,42.20338983050848,500.0,Unresolved,2026,-1.979162865142302,-1.8829707705294323,-0.1315048099726539
701162,Ben Malgeri,211,0.0161318120088132,0.016792435422515,0.0359907854825113,-0.044680954544812,-0.007475134458781,0.0400343975974205,0.0745393996783333,0.4758,0.4734,0.6772,0.2216,0.0782,0.1066,311.0,166.0,451.25,42.0,564.0500000000002,591,343,42.03389830508475,522.0500000000002,Unresolved,2026,,,
680664,Eduardo Valencia,234,0.0161148825132612,0.0162999351199424,0.0367742768241262,-0.0437298689478876,-0.0083694456606895,0.0414054874534372,0.076019963307572,0.4688,0.4678,0.6712,0.2314,0.0822,0.1088,313.0,161.75,458.0,37.0,563.0,591,344,41.86440677966102,526.0,Unresolved,2026,,,
467793,Carlos Santana,54,0.0160296439902469,0.0163305301323903,0.0363826192750331,-0.0441643553443522,-0.0083483400660619,0.0397585388099953,0.0742758763759154,0.4706,0.47,0.676,0.2182,0.0804,0.1078,313.0,168.0,453.0,40.0,564.0,591,345,41.69491525423729,524.0,Unresolved,2026,,,
682641,Luis Matos,43,0.0160183721050663,0.0159332869149073,0.0365038363676686,-0.0432590548923858,-0.0082250402126859,0.039900850171854,0.0766297769970849,0.4672,0.4682,0.6746,0.2224,0.0816,0.112,316.0,166.0,452.0,39.0,565.0,591,346,41.52542372881356,526.0,Unresolved,2026,,,
701350,Roman Anthony,336,0.0159792631178616,0.016176171595615,0.0347384160978287,-0.0412797816132451,-0.0070338418340312,0.0384131390196807,0.0734827601298803,0.464,0.4672,0.68,0.2074,0.076,0.0968,317.0,174.0,449.0,42.0,559.0,591,347,41.355932203389834,517.0,Unresolved,2026,1.779152902843639,0.8577748466039659,-0.22545826441258576
665953,Andrés Chaparro,397,0.0159402309692844,0.0159059824709148,0.033473495604377,-0.0393624065330707,-0.0059971440106899,0.0383480024064993,0.0707357192799602,0.4638,0.4642,0.6902,0.206,0.0658,0.0932,316.0,175.75,447.0,49.0,555.0,591,348,41.186440677966104,506.0,Unresolved,2026,,,
688363,Graham Pauley,278,0.0159261873199808,0.0161390583559622,0.0347498621139997,-0.0405648056765834,-0.0063604835733039,0.0386139804169961,0.0728007014879525,0.4666,0.4674,0.6816,0.2086,0.0706,0.0996,314.0,172.0,445.0,47.95000000000002,560.0500000000002,591,349,41.016949152542374,512.1000000000001,Unresolved,2026,,,
669357,Nolan Gorman,587,0.0159260765598632,0.015455328698671,0.0330898155320112,-0.0379314332454822,-0.0056113710642204,0.0374521671135166,0.0715133021858695,0.454,0.4534,0.6938,0.1914,0.069,0.0882,320.0,184.0,443.0,48.0,555.0,591,350,40.847457627118644,507.0,Unresolved,2026,-0.5226835387246119,-0.180319122056815,0.4726014130381453
805811,Bryce Eldridge,799,0.0158627148194836,0.0158141757709186,0.0333741416485329,-0.0384252930437235,-0.0062365849076398,0.0379903631231775,0.0707872867597367,0.4624,0.4632,0.6844,0.2004,0.0618,0.0886,316.0,175.0,446.0,50.0,555.0500000000002,591,351,40.67796610169491,505.0500000000002,Unresolved,2026,,,
514888,Jose Altuve,888,0.0158215647550886,0.0163223785749871,0.0324255980470762,-0.0374738724456095,-0.005855299849561,0.0373433876942555,0.0677456691172572,0.4662,0.4672,0.692,0.1942,0.0566,0.085,313.0,180.0,440.0,55.0,553.0,591,352,40.50847457627118,498.0,Unresolved,2026,-0.943066627493528,-1.338228787270695,-0.36823549272610023
663968,Jake Mangum,934,0.0157639833055114,0.0163790290439052,0.0311246356354486,-0.0359966722619588,-0.0052221744570295,0.0363284822102988,0.0666951106013112,0.4678,0.4698,0.6972,0.1838,0.0526,0.0802,310.0,187.0,436.0,59.0,552.0,591,353,40.33898305084746,493.0,Unresolved,2026,-1.4938065757386203,-1.9342084951468568,-0.5488211474289877
666181,Will Benson,201,0.0157525745922293,0.0153612358497348,0.0349697423129925,-0.0421354862539003,-0.0067700164888114,0.038408443469141,0.0734736437138132,0.4562,0.4544,0.681,0.2078,0.0766,0.1004,319.0,178.0,450.0,44.95000000000002,562.0,591,354,40.16949152542373,517.05,Unresolved,2026,,,
701807,Carson Benge,1141,0.0157086797582555,0.015534013612886,0.0298682680863556,-0.0328285583748116,-0.0041689171405954,0.035094874511894,0.0635834122567505,0.4622,0.4608,0.7022,0.1738,0.0482,0.072,314.0,193.0,436.0,62.0,544.0,591,355,40.0,482.0,Unresolved,2026,,,
661388,William Contreras,998,0.0156920054461307,0.0154078335589266,0.0316226406221947,-0.0357217700596334,-0.0051663381268286,0.036663016084947,0.067434248993058,0.4544,0.456,0.6942,0.1844,0.0546,0.0798,317.0,184.0,441.0,58.0,549.0,591,356,39.83050847457627,491.0,Unresolved,2026,0.3554622600882131,0.564133871372633,0.5547154136120981
676724,Jared Young,614,0.0156761334185447,0.0157635091561954,0.0332017932761443,-0.0376023485846541,-0.006243354819092,0.037474935034222,0.070430060623401,0.4628,0.4632,0.6824,0.1974,0.0652,0.0874,315.0,180.0,446.0,50.0,554.0,591,357,39.66101694915254,504.0,Unresolved,2026,,,
518692,Freddie Freeman,1302,0.0155634332134897,0.0159690008698174,0.0284659694078452,-0.0315450479504258,-0.0040487433734985,0.0346383723471699,0.062263001650095,0.4572,0.4594,0.7052,0.1636,0.0364,0.0658,314.0,197.0,434.0,72.0,542.0500000000002,591,358,39.49152542372882,470.0500000000002,Unresolved,2026,0.2730507241450945,-0.0483258948911363,0.00441431597719745
669289,Santiago Espinal,105,0.0155056660160611,0.0152726832762521,0.0368854111684985,-0.0447089040401739,-0.0086325206888024,0.0398666146949109,0.0769932066879819,0.4646,0.4644,0.6658,0.2192,0.0856,0.1138,315.0,166.0,461.0,37.0,565.0,591,359,39.32203389830509,528.0,Unresolved,2026,,,
668901,Mark Vientos,543,0.0153287172716142,0.0151449116274596,0.0330161844038095,-0.0385718912228775,-0.007050725771185,0.0375070038221535,0.0694086383874084,0.4528,0.4522,0.6782,0.194,0.0648,0.0916,319.0,181.0,450.0,50.0,554.0,591,360,39.152542372881356,504.0,Unresolved,2026,0.6749666923133023,0.151110120913565,-0.09929365402200416
667670,Brent Rooker,344,0.015285733622137,0.0157185044387283,0.0361753178966107,-0.0448529986169269,-0.0087008139545998,0.039543851557871,0.0732542094304393,0.4662,0.4686,0.666,0.2128,0.077,0.11,316.0,170.0,457.0,41.0,564.0,591,361,38.983050847457626,523.0,Unresolved,2026,,,
695681,Christian Moore,237,0.0152686658788485,0.0146090016188318,0.0362713851192867,-0.0439151676026452,-0.008813673059687,0.0386703831160429,0.0757939983607643,0.4536,0.4524,0.662,0.2154,0.0862,0.1082,321.0,171.0,459.0,39.0,564.0,591,362,38.813559322033896,525.0,Unresolved,2026,,,
606992,Eric Haase,149,0.0152588044624258,0.0156333617545824,0.0373802657614762,-0.0462942390798974,-0.0088758637320652,0.039803822278122,0.0765834046488627,0.465,0.4644,0.6676,0.2198,0.0836,0.1256,317.0,169.0,460.0,38.95000000000002,568.0,591,363,38.644067796610166,529.05,Unresolved,2026,,,
656582,Connor Joe,83,0.0152575335777927,0.015101120864422,0.0367727866996307,-0.0452662066039622,-0.0090923324949598,0.0392732681960608,0.0762296253567195,0.4594,0.459,0.6644,0.2134,0.0774,0.1138,321.5,172.0,459.0,38.0,565.0,591,364,38.47457627118644,527.0,Unresolved,2026,,,
806956,Ethan Salas,54,0.0151476109616947,0.0157544703846494,0.0367158993478506,-0.0449891984051445,-0.0084582133591945,0.0391433564552066,0.0753961978506465,0.4604,0.4576,0.669,0.2134,0.0816,0.118,318.0,171.0,456.0,41.0,567.0,591,365,38.30508474576271,526.0,Unresolved,2026,,,
656555,Rhys Hoskins,548,0.0150814872013524,0.0147819315648514,0.0342577833444996,-0.0413700877457129,-0.0076862326774548,0.0382109705876057,0.0708967617109192,0.4518,0.4468,0.6768,0.2044,0.0676,0.1018,322.0,178.75,453.0,47.0,561.0,591,366,38.13559322033898,514.0,Unresolved,2026,0.2840758618760772,0.0146428690463941,0.059067400866095646
699625,Jimmy Crooks,275,0.0150614027116309,0.0152844087563561,0.0353370293465959,-0.0421530167257398,-0.0083696632120699,0.0384053717680643,0.0718423017960352,0.4594,0.4594,0.6656,0.2094,0.0678,0.113,319.0,173.0,460.0,44.0,560.0,591,367,37.96610169491525,516.0,Unresolved,2026,,,
650559,Bryan De La Cruz,148,0.0149932563425206,0.0151970461211693,0.0375489626706784,-0.0454780141079073,-0.0097438728116611,0.0395607507336118,0.0761264269686794,0.4574,0.4578,0.6588,0.2164,0.082,0.1174,319.0,170.0,463.0,37.0,564.0,591,368,37.79661016949152,527.0,Unresolved,2026,,,
669397,Nick Allen,243,0.01492458419644,0.0151568538949135,0.036471297924689,-0.0451341050481697,-0.0086411993142839,0.0392987482953888,0.0745772952163395,0.4558,0.456,0.6652,0.2096,0.0784,0.118,319.0,171.0,459.25,40.0,567.0,591,369,37.6271186440678,527.0,Unresolved,2026,,,
669477,Casey Schmitt,765,0.014860677336588,0.015233422491816,0.0375412779619115,-0.0476517927817496,-0.0083725893834591,0.0394098919724391,0.0755052532905946,0.4554,0.4544,0.6662,0.2092,0.0834,0.118,322.0,174.0,458.0,36.0,569.0,591,370,37.45762711864407,533.0,Unresolved,2026,0.0097443115245491,0.5326067350483497,0.7839450652531947
676439,Hunter Feduccia,392,0.0148570850683518,0.0153053000425884,0.0336879488958538,-0.0401294437540829,-0.0071865637579419,0.0369396684515501,0.0696751049080751,0.4554,0.4564,0.6758,0.1934,0.0632,0.0974,319.5,183.0,450.0,51.0,559.0,591,371,37.28813559322034,508.0,Unresolved,2026,,,
646240,Rafael Devers,1200,0.0148245168409382,0.0148353000622504,0.0345256610566572,-0.041506673719089,-0.0078032714963978,0.0381151648307594,0.0711789769235149,0.4498,0.4504,0.6718,0.1982,0.0642,0.1032,322.0,177.0,451.0,49.0,560.0,591,372,37.11864406779661,511.0,Unresolved,2026,1.0423938438046196,0.8113010926659724,0.2837664246651225
686452,Drew Millas,249,0.0147466067647779,0.0146525775376984,0.0347511017343158,-0.0405660807647423,-0.008399981277847,0.0374305147188162,0.0719890838967829,0.4458,0.4492,0.667,0.2004,0.0652,0.1056,322.5,179.0,454.0,46.0,559.0,591,373,36.94915254237288,513.0,Unresolved,2026,,,
669398,Gage Workman,90,0.0144710824863625,0.0155850004654155,0.0354489679328286,-0.0441530275195375,-0.0084715366357311,0.0376900072551645,0.0723930789151076,0.4536,0.455,0.6622,0.1986,0.0686,0.11,321.0,179.0,458.0,46.0,564.0,591,374,36.779661016949156,518.0,Unresolved,2026,,,
643396,Isiah Kiner-Falefa,278,0.0144502448523956,0.0149120848724323,0.0353895438231693,-0.0431484899775229,-0.0097076467384004,0.0384196093627311,0.072448617162252,0.4528,0.4494,0.6592,0.206,0.073,0.1134,321.0,176.0,463.0,45.0,564.0,591,375,36.610169491525426,519.0,Unresolved,2026,,,
668800,Andrew Knizner,119,0.0144174292924789,0.0145324074201111,0.0372661493434867,-0.0469320055899445,-0.0102658592492551,0.0390955995114782,0.0749407230178207,0.447,0.4496,0.658,0.2132,0.0764,0.1206,324.5,172.0,466.0,40.0,568.0,591,376,36.440677966101696,528.0,Unresolved,2026,,,
808975,Hyeseong Kim,239,0.0143733576890077,0.0140244797459223,0.0352726531699836,-0.0436087737326739,-0.0094524648055302,0.0379767398036218,0.0732048861824637,0.4434,0.4462,0.658,0.2022,0.0756,0.109,327.0,178.0,460.25,43.95000000000002,562.0,591,377,36.271186440677965,518.05,Unresolved,2026,,,
669701,Josh Smith,410,0.0142902314151738,0.0152953171423567,0.0352657645591248,-0.0439107880630178,-0.0091154611897716,0.037503581865272,0.0714552768527203,0.4526,0.4546,0.6678,0.1932,0.0678,0.108,319.0,181.0,460.0,47.0,563.0,591,378,36.101694915254235,516.0,Unresolved,2026,-1.0821609107088233,-1.3445086468817182,-0.2696038813930912
703197,Michael Arroyo,41,0.0142718011683871,0.0152689812148971,0.0365613524223681,-0.0464313624064829,-0.0096479769960558,0.0384858124267021,0.0730146091517263,0.4578,0.4568,0.6582,0.212,0.075,0.1212,322.0,173.0,463.0,44.0,568.0,591,379,35.932203389830505,524.0,Unresolved,2026,,,
670770,TJ Friedl,396,0.0142173745034459,0.0148368662813904,0.0365330100866857,-0.046837951140799,-0.0104707823949051,0.0389786004423996,0.073749546605108,0.4526,0.4538,0.652,0.2108,0.0758,0.12,323.5,175.0,467.0,43.0,567.0,591,380,35.76271186440678,524.0,Unresolved,2026,-0.995048162172233,-1.566683104507046,-0.5574828839910213
676694,Jake Meyers,267,0.0142008622675775,0.0148302784236552,0.0364665683078728,-0.0459129192679803,-0.0086015998844774,0.037825763198163,0.0743727077579555,0.4534,0.4492,0.6614,0.1966,0.0764,0.1192,322.0,180.75,461.0,41.95000000000002,567.0,591,381,35.59322033898305,525.05,Unresolved,2026,,,
502054,Tommy Pham,45,0.0140903205572763,0.0141744321015996,0.0377174921446049,-0.0478142029379971,-0.0109544082097392,0.0389279929836011,0.0772038235924337,0.448,0.447,0.6548,0.2102,0.0848,0.1284,326.0,173.0,468.0,36.0,568.0,591,382,35.42372881355932,532.0,Unresolved,2026,,,
669699,Braden Shewmake,177,0.0139609506604149,0.0147869482108769,0.036839712825062,-0.0475833932323383,-0.0105683130078458,0.0387767117415277,0.0737114385483431,0.4534,0.4536,0.654,0.2118,0.078,0.1274,319.0,173.0,465.0,41.95000000000002,569.0,591,383,35.25423728813559,527.05,Unresolved,2026,,,
699115,Carlos Jorge,56,0.0139486137375819,0.0137968822278772,0.0367924507191589,-0.0467059691112283,-0.0098105188080361,0.0378256934534751,0.073814932583934,0.4398,0.4408,0.6534,0.209,0.0784,0.1194,327.0,178.0,464.0,43.0,567.0,591,384,35.08474576271186,524.0,Unresolved,2026,,,
666163,Ben Rortvedt,43,0.0136953276941066,0.0137191134507014,0.0371360441015974,-0.0470904595977473,-0.0098720537029637,0.0384093118241025,0.0735043693574543,0.4422,0.4416,0.6518,0.2134,0.0738,0.1212,329.0,174.75,463.25,43.0,569.0,591,385,34.91525423728814,526.0,Unresolved,2026,,,
669016,Brandon Marsh,1039,0.0136952818582155,0.013425235917342,0.0303869263599693,-0.0347974105714201,-0.0066782536674533,0.0342578486811351,0.0629778581038392,0.4234,0.4258,0.6742,0.1668,0.0432,0.079,333.0,197.0,449.0,68.0,548.0,591,386,34.74576271186441,480.0,Unresolved,2026,-0.069579474339169,-0.6970166080427498,-0.3858485360006285
694728,Brice Matthews,412,0.0136167282524056,0.0133610299617513,0.0323274803137935,-0.0390505240466722,-0.0080322679321741,0.0355380379259191,0.0678971191997689,0.4286,0.4308,0.67,0.17,0.053,0.0982,329.5,192.0,456.0,59.0,557.0,591,387,34.57627118644068,498.0,Unresolved,2026,,,
801126,Brock Rodden,127,0.0136071416102036,0.0136126309042232,0.0359228476106234,-0.0458857154283998,-0.0101248926064975,0.038060358693766,0.0717850003564168,0.4442,0.4426,0.6488,0.2042,0.0712,0.1164,330.0,175.0,464.0,46.95000000000002,566.0,591,388,34.40677966101695,519.05,Unresolved,2026,,,
609280,Miguel Andujar,480,0.0135530247950458,0.0135563742813625,0.0357245744714965,-0.0451625207540337,-0.0097917482875857,0.0370997690892579,0.071525204068105,0.4418,0.438,0.6514,0.1974,0.0724,0.1116,330.0,183.75,466.0,45.0,563.0,591,389,34.23728813559322,518.0,Unresolved,2026,-0.5148167433244336,-0.6047590693278828,0.04222795751662689
670231,John Rave,227,0.0135288209000048,0.0131949227519362,0.0351513386624517,-0.0441317469098531,-0.0086789942495907,0.0361606621166612,0.0725778037528185,0.4306,0.432,0.6558,0.1902,0.065,0.1122,333.0,187.0,461.0,47.0,563.0,591,390,34.067796610169495,516.0,Unresolved,2026,,,
700932,Kyle Manzardo,661,0.0135011950149476,0.01351421012196,0.0325067925428457,-0.0401090148029141,-0.0077752516739902,0.0349936238120055,0.0666130052866151,0.4336,0.4314,0.6698,0.1708,0.0532,0.1014,331.0,195.0,454.0,58.0,557.0500000000002,591,391,33.898305084745765,499.0500000000002,Unresolved,2026,0.0232484638200023,-0.353411936659713,-0.11225907524926357
694671,Wyatt Langford,820,0.0134710646655946,0.0135769583440782,0.0326792061878986,-0.0401605801117884,-0.0085469348832634,0.0353235317275825,0.0661628773350837,0.439,0.4402,0.6628,0.1756,0.0532,0.1006,329.0,194.0,456.25,59.0,558.0,591,392,33.728813559322035,499.0,Unresolved,2026,0.9460688084085682,-0.0455421414377037,-0.5004239230758991
593871,Jorge Polanco,251,0.0134090416809638,0.0145973827584535,0.0362886236165331,-0.0468320704923774,-0.0106226207834647,0.0367709863424466,0.0721498616584978,0.454,0.4526,0.6536,0.1978,0.0712,0.1238,324.0,181.0,468.0,45.0,568.0,591,393,33.559322033898304,523.0,Unresolved,2026,,,
553869,Elias Díaz,476,0.0134030858010156,0.0136344465574869,0.0350648529521288,-0.0431600315578433,-0.0101747939034164,0.0368982712843208,0.0701912890077248,0.4402,0.439,0.6494,0.198,0.0656,0.114,333.0,183.0,464.0,46.95000000000002,563.0,591,394,33.389830508474574,516.05,Unresolved,2026,-0.6433735067350941,-0.6673294760645504,0.07662112712148683
683227,Cody Freeman,156,0.013378466409664,0.0132863712134563,0.0364640493142275,-0.0455560494816578,-0.0106483996575744,0.0370541283284447,0.0736981731292889,0.4366,0.436,0.645,0.1986,0.076,0.1224,330.0,184.0,465.0,44.0,566.0,591,395,33.220338983050844,522.0,Unresolved,2026,,,
682877,Juan Brito,209,0.0133540526212678,0.0141249899807105,0.036183950707242,-0.0461256956851482,-0.0102692367457458,0.0378033070396883,0.0709737187056236,0.4442,0.444,0.655,0.2012,0.0682,0.1216,327.0,181.0,465.0,46.0,568.0500000000002,591,396,33.05084745762712,522.0500000000002,Unresolved,2026,,,
664056,Harrison Bader,222,0.0133511104912742,0.0133087812992548,0.0369294613333506,-0.0478188201564249,-0.0106580781722946,0.0376553141419897,0.0739944562550081,0.4408,0.4402,0.6538,0.2044,0.075,0.1266,330.0,179.0,465.25,43.0,569.0,591,397,32.88135593220339,526.0,Unresolved,2026,,,
694377,Nick Yorke,223,0.0132131589257626,0.0138224538011928,0.0342027833132284,-0.0440534734000934,-0.0086643829831437,0.0359016701771693,0.0681695590753169,0.439,0.4394,0.663,0.1852,0.0576,0.1088,331.0,188.0,458.25,52.0,563.0,591,398,32.71186440677966,511.0,Unresolved,2026,,,
696100,Hunter Goodman,1058,0.0132117189581992,0.01270695558125,0.0308467835852955,-0.037434726959121,-0.0074246699651466,0.0337578464224533,0.064717505432475,0.4196,0.4232,0.6666,0.1592,0.0426,0.0916,333.5,203.0,451.0,67.0,554.0,591,399,32.54237288135593,487.0,Unresolved,2026,0.6796461582664539,0.4685981850002449,0.21466493606308956
621439,Byron Buxton,762,0.0131323031371785,0.0129654806058,0.0334516286476624,-0.042868218614278,-0.0085651970479184,0.0351658394399864,0.0685570348404395,0.4304,0.431,0.6648,0.1734,0.0616,0.103,334.0,196.0,457.0,52.0,561.0,591,400,32.3728813559322,509.0,Unresolved,2026,1.3430519098039624,0.926921980437266,0.17261681385052985
664731,P.J. Higgins,47,0.0130966615424101,0.0130214420044841,0.0382057620519305,-0.0505009798757327,-0.0116492785088038,0.0380917650443309,0.0755054960184256,0.4402,0.4416,0.6434,0.2032,0.0786,0.1322,333.0,176.0,474.0,37.0,571.0,591,401,32.20338983050848,534.0,Unresolved,2026,,,
686469,Vinnie Pasquantino,825,0.0130197242547901,0.0130431241000183,0.0327556536437168,-0.042049013285295,-0.0081500447943194,0.0349537757377629,0.0670441135410732,0.424,0.4248,0.6614,0.1742,0.054,0.1038,331.5,194.0,457.0,57.0,560.0,591,402,32.03389830508475,503.0,Unresolved,2026,0.9801626340600468,0.2456043860154866,-0.23499256749407646
686555,Isaac Collins,775,0.0130022338816164,0.0129520691617676,0.0328443297354362,-0.0416085296495828,-0.0091070190242919,0.0352352306682872,0.0653057624116588,0.4272,0.4262,0.6602,0.178,0.0504,0.1002,333.0,194.75,457.0,60.0,561.0,591,403,31.864406779661017,501.0,Unresolved,2026,-0.6209192500598444,-0.5322564338122702,0.19475810958539286
678577,Junior Perez,69,0.012982807996341,0.0135455458158387,0.036902503024918,-0.0481047111666624,-0.0109366578708274,0.0373093685787983,0.0735949906463762,0.4366,0.4342,0.6466,0.2002,0.077,0.1274,332.0,180.75,468.0,41.0,569.0,591,404,31.694915254237287,528.0,Unresolved,2026,,,
807712,Luke Keaschall,868,0.0129676887972324,0.012853207108713,0.034645254828668,-0.0432099736089758,-0.0099090275000931,0.0354189844577255,0.0698375555831869,0.43,0.4292,0.6508,0.1824,0.063,0.1072,334.0,189.0,464.0,48.0,564.0,591,405,31.52542372881356,516.0,Unresolved,2026,-0.7396894641630607,-1.0330063026171763,-0.2164096601003176
682988,Tyler Locklear,84,0.0129626886737945,0.012724342854309,0.036952821107318,-0.0474359326585765,-0.0114551319516263,0.0370209954083497,0.0735679940675776,0.4328,0.435,0.6446,0.1994,0.0694,0.1274,334.0,183.0,471.0,43.0,569.0,591,406,31.35593220338983,526.0,Unresolved,2026,,,
665750,Leody Taveras,832,0.0128928128954222,0.013102216794885,0.0310727960434824,-0.0386941303872502,-0.0076233354820431,0.0333134764382854,0.0634672137819439,0.4246,0.426,0.6694,0.1534,0.0444,0.096,332.0,204.0,453.0,67.95000000000002,555.0,591,407,31.1864406779661,487.04999999999995,Unresolved,2026,,,
811965,Joshua Kuroda-Grauer,118,0.0128549677576156,0.0131429869876437,0.0374456213894292,-0.0492292587947498,-0.011555583472632,0.0369759638089667,0.0736500115379994,0.4332,0.434,0.6416,0.2018,0.0744,0.131,331.0,183.0,471.0,43.95000000000002,569.0,591,408,31.016949152542374,525.05,Unresolved,2026,,,
663698,Joey Bart,224,0.0128323889282685,0.0129632356201501,0.0365936091213716,-0.0495214395522334,-0.0104759500638967,0.0370796063500052,0.0714251924467455,0.4362,0.4372,0.6442,0.1938,0.069,0.1294,335.0,184.0,468.0,47.0,570.0,591,409,30.847457627118644,523.0,Unresolved,2026,,,
694192,Jackson Chourio,955,0.0127570997059091,0.0128505388376504,0.0292049033247511,-0.0355161199215154,-0.0063201063881746,0.0320806215577177,0.0608330693513284,0.4182,0.4178,0.6714,0.1444,0.0342,0.0784,333.0,211.0,446.0,77.0,551.0,591,410,30.677966101694917,474.0,Unresolved,2026,-0.0436868108911514,0.5445474227117518,0.8361860263515974
596146,Max Kepler,275,0.0127247296634188,0.0123738595081192,0.0367522526767391,-0.0480433209493015,-0.0106206031670133,0.0378549997574828,0.0729509082744205,0.4326,0.4314,0.64,0.2002,0.074,0.124,339.0,180.0,468.0,43.0,571.0,591,411,30.508474576271187,528.0,Unresolved,2026,,,
666624,Christopher Morel,180,0.0127067209662212,0.0129842685996481,0.0371959579016951,-0.0500550121506946,-0.0110106950398461,0.03702549058489,0.0730432555796044,0.4356,0.4348,0.6336,0.1964,0.0722,0.1242,335.0,185.0,468.25,44.0,571.0500000000002,591,412,30.338983050847457,527.0500000000002,Unresolved,2026,,,
664702,Myles Straw,455,0.0126522048113315,0.0136220863039797,0.0327639951180106,-0.0426160138645196,-0.008890294886916,0.03452396798929,0.0652391374994513,0.4278,0.43,0.6612,0.1666,0.0498,0.107,331.0,200.0,458.0,61.0,563.0,591,413,30.16949152542373,502.0,Unresolved,2026,-1.5443166449282464,-1.7087003770460736,-0.28521595205317074
642215,Weston Wilson,329,0.0126257059993858,0.0128966504171084,0.0349357495956382,-0.0446334106421588,-0.0100889762677347,0.0357746219895399,0.0687795687730559,0.4318,0.4302,0.6526,0.1826,0.0598,0.1178,334.0,189.0,465.25,52.0,565.0,591,414,30.0,513.0,Unresolved,2026,,,
663611,Nick Madrigal,110,0.012548335067905,0.0128066806675453,0.0362576867608295,-0.0476472679555805,-0.0107223125644706,0.0368504463266324,0.0712665936628765,0.4292,0.432,0.6384,0.1952,0.0676,0.1254,334.0,186.0,470.0,47.0,568.0,591,415,29.83050847457627,521.0,Unresolved,2026,,,
665561,Rafael Marchán,181,0.0125090697378997,0.013020507319693,0.0378049240357977,-0.0486564016208546,-0.0129392509785081,0.037777234398129,0.0732796202532009,0.4388,0.4362,0.6368,0.2056,0.0756,0.1442,332.5,178.0,478.0,42.95000000000002,569.0,591,416,29.661016949152543,526.05,Unresolved,2026,,,
665833,Oneil Cruz,699,0.0123957629956001,0.0132070331447521,0.0309757659401281,-0.03874575370921,-0.008134342163406,0.0331575857802006,0.0631736058723697,0.4188,0.4224,0.666,0.1562,0.041,0.0938,334.0,205.0,456.0,68.0,554.0,591,417,29.491525423728813,486.0,Unresolved,2026,1.7627492812420271,1.276248521825886,0.20538779615295577
687221,Dalton Rushing,456,0.0123545865854502,0.0126733226117983,0.0334202841498803,-0.0425907995141465,-0.0090943407415013,0.0343410648220324,0.0668854372685908,0.4256,0.4262,0.6534,0.1724,0.0512,0.109,335.0,199.0,460.0,59.0,562.0,591,418,29.322033898305083,503.0,Unresolved,2026,,,
671277,Luis García Jr.,1003,0.0122927626652379,0.0125819946910788,0.0309302832297419,-0.0388569783722361,-0.0082785455930878,0.0329242613417574,0.0619046469388399,0.418,0.4196,0.6584,0.1512,0.0382,0.0938,336.0,204.0,454.0,70.95000000000002,555.0,591,419,29.152542372881356,484.04999999999995,Unresolved,2026,0.3068816877564068,0.7340755929957987,0.7612988949454307
672016,Denzel Clarke,127,0.0122903943328553,0.0134728568866749,0.0365167884176794,-0.0490266905838972,-0.0116464165523543,0.036378397293624,0.0705098010210237,0.4386,0.4396,0.6432,0.189,0.0714,0.129,331.0,185.0,472.0,43.0,570.0,591,420,28.983050847457626,527.0,Unresolved,2026,,,
677950,Alek Thomas,208,0.0122181096716805,0.0127365954640591,0.0361324534730822,-0.0481573744349952,-0.010966834632257,0.0362451798438319,0.0704104027038919,0.4306,0.4258,0.6408,0.1872,0.0632,0.1308,336.0,189.75,470.0,51.95000000000002,570.0,591,421,28.8135593220339,518.05,Unresolved,2026,,,
670032,Nicky Lopez,461,0.0121466784776776,0.0122092606863685,0.0322556770504867,-0.0405056689880006,-0.0094328396295386,0.0333443746905384,0.0651422927644608,0.4144,0.4136,0.6478,0.1672,0.0498,0.0996,338.0,204.0,459.25,61.0,560.0,591,422,28.64406779661017,499.0,Unresolved,2026,,,
682987,Spencer Jones,595,0.0120953427646803,0.0123811643631592,0.0338328852830663,-0.0439669365222907,-0.0102608724294014,0.0349701495221699,0.0669615279317526,0.422,0.4234,0.646,0.173,0.0526,0.113,339.5,196.0,464.0,58.0,564.0,591,423,28.47457627118644,506.0,Unresolved,2026,,,
683766,Christian Koss,344,0.0120396051120901,0.0123718086952465,0.0359774287291867,-0.0485883907538897,-0.0114152490548194,0.0362826775589558,0.0700700269850527,0.427,0.4278,0.64,0.1836,0.066,0.1314,338.0,189.0,472.0,47.95000000000002,570.0,591,424,28.305084745762713,522.05,Unresolved,2026,,,
660710,Rodolfo Durán,153,0.0120325936339914,0.01271409299995,0.0363042580061625,-0.0454734684450037,-0.0122405947078668,0.035842583621194,0.0719562218789004,0.4234,0.4248,0.6354,0.1878,0.068,0.1302,338.0,189.0,476.0,47.95000000000002,568.0,591,425,28.135593220338983,520.05,Unresolved,2026,,,
663538,Nico Hoerner,1096,0.0119147183505035,0.0116030918001538,0.0292841235882548,-0.0360838017005031,-0.0075375301021331,0.0312495260121933,0.0597467833714126,0.404,0.401,0.6564,0.1396,0.0366,0.0858,342.5,216.0,453.0,75.95000000000002,552.0,591,426,27.966101694915253,476.04999999999995,Unresolved,2026,-1.0751786492160826,-1.3218356263557305,-0.252197211911779
680737,Michael Helman,58,0.0115222112769278,0.0115800394124605,0.0376555134652595,-0.0500679567289836,-0.0124071484727576,0.036623342290256,0.0731277601538994,0.4216,0.4198,0.6254,0.1932,0.0702,0.1388,341.0,185.0,476.25,43.0,572.0,591,427,27.796610169491526,529.0,Unresolved,2026,,,
687515,Colby Thomas,231,0.0113372834921349,0.0110232573137295,0.03603433248164,-0.0477444509023593,-0.0120062245137198,0.0348892103315748,0.0700706511266966,0.4114,0.4106,0.6338,0.1824,0.0676,0.1288,345.0,199.0,473.0,46.0,568.0,591,428,27.627118644067796,522.0,Unresolved,2026,,,
701785,Kaelen Culpepper,234,0.0111452146383706,0.0117811421927801,0.0361402045455948,-0.0481183590812773,-0.0129123060612779,0.0356025176460114,0.069133735727813,0.4148,0.416,0.6308,0.1862,0.0618,0.1344,344.0,190.0,476.25,52.0,569.0,591,429,27.45762711864407,517.0,Unresolved,2026,,,
669242,Tommy Edman,524,0.011050516273589,0.0111162992700976,0.0304096634588432,-0.0388898761618169,-0.0088480122687859,0.0311757004095933,0.0610531644067357,0.4014,0.402,0.636,0.142,0.0342,0.0992,346.5,220.75,461.0,75.0,557.0,591,430,27.28813559322034,482.0,Unresolved,2026,-0.1791755160034058,-0.7296636809963635,-0.3358331035309123
700250,Ben Rice,1104,0.0110429037827638,0.0112980395499862,0.0311224059863261,-0.0406616656832075,-0.0099870593877848,0.0321620983607951,0.0613344011345818,0.4042,0.4012,0.6406,0.1436,0.0382,0.1048,347.0,211.0,461.0,71.0,557.0,591,431,27.11864406779661,486.0,Unresolved,2026,1.8387878282549548,0.9296617800438528,-0.19855080532575264
664059,Sam Haggerty,83,0.0110296163646797,0.0113245660612865,0.037802835364061,-0.0509550405084899,-0.0143720949287499,0.0367060173187056,0.0709226693530001,0.4188,0.4168,0.6178,0.1948,0.0658,0.1456,345.0,184.0,483.25,44.0,573.0,591,432,26.949152542372882,529.0,Unresolved,2026,,,
690924,Braxton Fulford,140,0.0109332836489873,0.011077774512596,0.0353988316166812,-0.0480544161404525,-0.0122973532375203,0.0338143144376067,0.0695132475824949,0.4146,0.4138,0.6288,0.1702,0.0616,0.1252,343.5,199.75,472.25,50.0,568.0,591,433,26.779661016949152,518.0,Unresolved,2026,,,
669257,Will Smith,446,0.0109224474196133,0.0109291395559471,0.0330328667039521,-0.0440984480896456,-0.0106708572920084,0.0331817342514311,0.0645787270698706,0.4072,0.4062,0.6312,0.1598,0.0466,0.1126,346.5,204.75,467.0,63.95000000000002,564.0,591,434,26.610169491525422,500.04999999999995,Unresolved,2026,0.7810916622577515,0.3181051403511256,-0.012343093949679973
695578,James Wood,936,0.0109215164307639,0.0110267383918875,0.0329525232667416,-0.0441754221137941,-0.010259931046212,0.0335180990947607,0.0644937159113864,0.4116,0.4078,0.6328,0.1586,0.0476,0.1196,348.5,207.0,463.25,64.95000000000002,565.0,591,435,26.440677966101696,500.04999999999995,Unresolved,2026,1.7816482236997853,2.311319941930013,1.2262047421931768
691406,Junior Caminero,1116,0.0108362460209536,0.0106424402943853,0.0308832386964623,-0.0404824754094314,-0.0095111997559053,0.0315939184680751,0.0608798629033605,0.3994,0.3972,0.6426,0.1414,0.0344,0.0998,346.5,215.0,462.0,75.95000000000002,559.0,591,436,26.271186440677965,483.04999999999995,Unresolved,2026,1.2074383013620498,1.626593296219579,0.974574311442683
689414,Liam Hicks,789,0.0107230469733467,0.0110823563532557,0.0328600881556949,-0.0443476604396035,-0.0102907356027147,0.032645979508404,0.0639858188670493,0.4098,0.4056,0.6398,0.155,0.0434,0.1156,345.0,210.75,466.0,66.95000000000002,565.0,591,437,26.10169491525424,498.04999999999995,Unresolved,2026,-1.1989240997203003,-1.0211768395070442,0.14179623208406622
699393,Pedro Ramírez,444,0.0106334882993981,0.0109168531401256,0.0347098759127892,-0.0457461499851701,-0.011680537258709,0.0336072823656917,0.067648749114895,0.4014,0.4048,0.6298,0.1646,0.0568,0.124,348.0,204.0,475.0,55.0,566.0,591,438,25.93220338983051,511.0,Unresolved,2026,,,
687605,Andrew Pinckney,42,0.0105416885934955,0.0111654820677635,0.0375778638874281,-0.0511361445831006,-0.014044570087323,0.0345578239636136,0.072562214075615,0.415,0.4122,0.6174,0.1826,0.0706,0.1522,347.0,198.75,482.25,45.0,573.0,591,439,25.76271186440678,528.0,Unresolved,2026,,,
676609,José Caballero,845,0.0104499245804632,0.0109630221560062,0.0319832725136079,-0.0428554542534896,-0.0104852212104324,0.0316289966993042,0.061963373606129,0.3974,0.4004,0.6384,0.1432,0.0392,0.1114,347.0,214.0,468.0,72.0,562.0,591,440,25.593220338983052,490.0,Unresolved,2026,-1.5616773527557384,-1.9320319099786585,-0.49545322005473325
677592,Everson Pereira,211,0.0103136369143117,0.0109068659151679,0.0358708356096453,-0.0486635098776668,-0.0135322079804437,0.0346502756085826,0.0673269786264995,0.41,0.4056,0.6204,0.1762,0.057,0.1402,347.0,196.75,479.0,55.0,568.0,591,441,25.423728813559322,513.0,Unresolved,2026,,,
663993,Nathaniel Lowe,775,0.0102964710504796,0.0113268303768814,0.0334778747479891,-0.045963570044702,-0.0113040038485358,0.0328541189657866,0.0641227494823127,0.4008,0.3976,0.63,0.1532,0.0482,0.1192,346.0,207.0,471.0,63.0,565.0,591,442,25.25423728813559,502.0,Unresolved,2026,-0.4211352453504965,-0.1231824056524837,0.4531456154766469
680777,Ryan Jeffers,579,0.0102681803263265,0.0105257775722165,0.0329225391632856,-0.0443911951345734,-0.011348611195623,0.0324359860298616,0.0640776719142766,0.3966,0.3984,0.6342,0.1538,0.0446,0.1214,347.0,212.0,471.0,65.0,564.0,591,443,25.084745762711865,499.0,Unresolved,2026,0.1137445626711696,0.2873636748581829,0.4602601088604892
669364,Xavier Edwards,958,0.0102646586139232,0.0104364032780912,0.0314746913770262,-0.0410333259956177,-0.010703203302917,0.0312505859207277,0.0618179931983381,0.3916,0.3892,0.6302,0.1474,0.0386,0.113,352.0,218.0,467.0,73.0,561.0,591,444,24.915254237288135,488.0,Unresolved,2026,-1.861589084855042,-1.3854274573297611,0.2773588109402063
701305,Zach Dezenzo,153,0.0101586065836499,0.0105942501392105,0.0370052419688207,-0.0507676769967877,-0.0136748856770111,0.0343125292979345,0.0701731211279207,0.405,0.4036,0.613,0.1752,0.061,0.142,350.0,200.0,479.0,49.0,572.0,591,445,24.74576271186441,523.0,Unresolved,2026,,,
672761,Wenceel Pérez,305,0.0101400550840631,0.0111996181524758,0.0352180782886855,-0.0483267513172379,-0.0128085177145941,0.0333720348445742,0.0657448657060984,0.4052,0.4048,0.626,0.163,0.0528,0.1396,346.0,205.0,477.0,59.0,570.0,591,446,24.576271186440678,511.0,Unresolved,2026,,,
657757,Gavin Sheets,733,0.0100897980296469,0.0105584313063576,0.0354541432451173,-0.0493545285851032,-0.013433633506406,0.0337948376691551,0.0676124546232443,0.4056,0.4046,0.62,0.1652,0.0532,0.1336,350.5,202.0,481.0,55.0,570.0,591,447,24.406779661016948,515.0,Unresolved,2026,0.7208220328281715,-0.3425797818591299,-0.6275698180906298
693409,César Prieto,49,0.0099955102918509,0.010514716467709,0.0373140871904996,-0.0505586971961004,-0.0144171770839493,0.0348944866939758,0.0705529978064344,0.4052,0.406,0.6156,0.18,0.0654,0.1478,351.0,197.0,484.0,48.0,573.0,591,448,24.23728813559322,525.0,Unresolved,2026,,,
668930,Brice Turang,1125,0.0099667516869659,0.0104729257880702,0.0309398783492008,-0.0425810500848182,-0.0102346582191795,0.0304104312425717,0.0603435930581373,0.3886,0.3874,0.6388,0.1326,0.0352,0.105,351.0,224.0,465.0,76.0,560.0,591,449,24.06779661016949,484.0,Unresolved,2026,-0.2490450416741106,-0.3961554385305078,0.05037403167757065
641680,Jonah Heim,653,0.0097738500901409,0.0103414804774885,0.0334698913525957,-0.0458278972529579,-0.0123456641041644,0.0326108652761403,0.0636670218954609,0.3954,0.3964,0.6232,0.1538,0.0458,0.1268,352.0,209.0,475.0,66.0,566.0,591,450,23.89830508474576,500.0,Unresolved,2026,-0.9460808010537398,-0.8642591791770377,0.10800754727699802
695506,Jac Caglianone,1026,0.0097691559562828,0.0104588106773929,0.0319349861314908,-0.04381917202821,-0.011893522755715,0.0308655747308355,0.06118404876831,0.3842,0.3834,0.63,0.1468,0.0382,0.117,349.0,219.0,473.0,73.0,564.0,591,451,23.728813559322035,491.0,Unresolved,2026,0.5438993474165221,1.4089306156409167,1.2573840160542906
694384,Nolan Schanuel,710,0.0097536464394278,0.0099053782992525,0.0331537238411279,-0.0458866921958057,-0.011747979503311,0.0321591443471432,0.0637698782778414,0.3988,0.3966,0.6288,0.1478,0.0452,0.1224,353.0,214.0,471.0,65.0,566.0,591,452,23.559322033898304,501.0,Unresolved,2026,-1.01978551078405,-1.0322519550241434,-0.0043936590636803885
807727,Charles McAdoo,170,0.0097333503127605,0.0106631565167278,0.03564879245563,-0.0489152668813517,-0.0138383459593609,0.0330397900084043,0.0677376541181701,0.4,0.4018,0.617,0.1676,0.0538,0.1408,349.0,207.0,481.0,57.0,570.0,591,453,23.389830508474578,513.0,Unresolved,2026,,,
657041,Lane Thomas,623,0.0096898597738873,0.0099141163188524,0.0329997105615856,-0.0457423968387622,-0.0111650815424269,0.0319640420679649,0.0626567897240058,0.3878,0.3906,0.62,0.155,0.0406,0.1236,355.0,213.0,471.0,69.0,565.0,591,454,23.220338983050848,496.0,Unresolved,2026,,,
672386,Alejandro Kirk,485,0.0095917704807803,0.0101556640323136,0.0352996795385069,-0.0485023335206832,-0.0136929074390938,0.0322213837037673,0.0683005226369276,0.3936,0.395,0.6104,0.1586,0.0568,0.1388,355.0,211.75,481.0,55.0,569.0,591,455,23.050847457627118,514.0,Unresolved,2026,0.7681611605155332,-0.3694834295084953,-0.6901788693272963
677595,Ronny Mauricio,118,0.009574976004918,0.0101892223014178,0.0362834898251879,-0.0498607597172763,-0.0144111560583335,0.0333563549016616,0.0687699329050492,0.3994,0.3972,0.6102,0.1674,0.059,0.144,351.0,203.0,483.0,52.0,571.0,591,456,22.88135593220339,519.0,Unresolved,2026,,,
649966,Luis Urías,115,0.0094136219354499,0.0103769539949633,0.0370628633257184,-0.0529869605159249,-0.0141811323829597,0.0334979615639404,0.068971316182412,0.399,0.3984,0.6136,0.17,0.0596,0.15,350.0,207.0,483.0,54.0,575.0,591,457,22.71186440677966,521.0,Unresolved,2026,,,
807713,Matt Shaw,326,0.0092447496264727,0.0090469319797729,0.0342746425327904,-0.0479418188395236,-0.012757281277114,0.0321551186852082,0.0650568828152487,0.388,0.3842,0.6158,0.1534,0.051,0.131,359.0,214.0,478.0,60.0,569.0,591,458,22.54237288135593,509.0,Unresolved,2026,,,
703492,Nick Morabito,58,0.0091693751097287,0.0095448367088063,0.0369142986670874,-0.0518399212611764,-0.0148658890109845,0.0334740591564332,0.0688556617551377,0.396,0.3958,0.6018,0.1738,0.0596,0.147,358.0,203.0,483.0,49.0,573.0,591,459,22.372881355932204,524.0,Unresolved,2026,,,
665742,Juan Soto,693,0.0091369987537982,0.0095498885627116,0.0354282359940541,-0.0503794267318302,-0.0143894104636616,0.0332710765143105,0.0664427703658349,0.3916,0.3898,0.6092,0.1652,0.0546,0.146,356.0,207.0,484.0,57.0,571.0,591,460,22.203389830508474,514.0,Unresolved,2026,2.38092516611017,1.641033157950004,0.10391501403895242
672275,Patrick Bailey,623,0.0090632509380192,0.0095889886355929,0.0344219622530074,-0.0483055164202149,-0.0134098484061631,0.0315929373145968,0.0646735054457554,0.3816,0.3826,0.6148,0.1582,0.0468,0.1338,356.0,214.0,480.0,64.0,568.0,591,461,22.033898305084747,504.0,Unresolved,2026,-1.1031849001423455,-0.4273354616827012,0.6634265885598118
680779,Henry Davis,550,0.0090018661625416,0.0101347509365467,0.0346802739555705,-0.0482446235131647,-0.0140089193107277,0.0317930605469979,0.0649138286556025,0.3922,0.391,0.606,0.1548,0.048,0.1348,353.0,213.75,481.0,62.0,570.0,591,462,21.864406779661017,508.0,Unresolved,2026,-0.1615481220842952,0.2358539756781596,0.6163891409798963
686948,Drake Baldwin,1155,0.0089286073608647,0.0091752680174169,0.0295001828310878,-0.0398775517531434,-0.0106519049556203,0.0283072465511511,0.0580754410446329,0.3624,0.363,0.6182,0.1188,0.0292,0.1008,359.0,235.0,468.0,84.95000000000002,558.0,591,463,21.694915254237287,473.04999999999995,Unresolved,2026,0.7110652194929827,0.6586706800312836,0.3810396927488812
686611,Dylan Crews,778,0.0088343842032819,0.0091173867500934,0.0328227405587976,-0.0447751743303948,-0.0133796547259176,0.0308651613067259,0.0630005636174744,0.379,0.3804,0.607,0.1426,0.0424,0.1302,361.0,218.0,479.0,68.95000000000002,566.0,591,464,21.52542372881356,497.04999999999995,Unresolved,2026,0.1098351211222917,0.047561148655047,0.2234062679230709
679822,Justin Foscue,429,0.0087783262981855,0.0094124191546355,0.0358090656765743,-0.0518309547413773,-0.0146346729345991,0.0324678756025263,0.0666800927357199,0.3874,0.3844,0.6076,0.1628,0.0512,0.1418,357.0,210.0,484.0,59.0,572.0,591,465,21.35593220338983,513.0,Unresolved,2026,,,
640902,Jhonny Pereda,181,0.008715515351028,0.0085812795088981,0.0351465470404506,-0.0499157903002096,-0.0144517874333303,0.0323498012966873,0.0654296963576384,0.3782,0.3802,0.6036,0.1646,0.051,0.1404,361.0,212.0,482.0,59.0,570.0500000000002,591,466,21.1864406779661,511.0500000000002,Unresolved,2026,,,
663656,Kyle Tucker,1130,0.0086335396198675,0.0091713014844533,0.0318519442366754,-0.0438038954821009,-0.0129049824031008,0.029953691393887,0.0607632708955467,0.379,0.3762,0.6114,0.1374,0.0338,0.122,359.0,224.0,476.0,80.0,563.0,591,467,21.016949152542374,483.0,Unresolved,2026,0.3707699354637842,-0.4120431087093158,-0.43300733746245984
677587,Brayan Rocchio,1053,0.0085752526403994,0.0090071300853093,0.0302949504205254,-0.0426215299752699,-0.0115537512514778,0.0296291749568989,0.0573695038074309,0.376,0.3774,0.6136,0.1184,0.0306,0.1118,359.0,227.0,471.0,83.0,561.0,591,468,20.847457627118644,478.0,Unresolved,2026,-1.157786942254306,-1.234627909525255,-0.10268242296820151
571912,Luke Maile,70,0.0081316570589465,0.0083026508787911,0.0351888431249904,-0.0504447291800421,-0.0149891978369334,0.0312685524207315,0.0648212828419667,0.3778,0.3766,0.5952,0.1578,0.0486,0.1464,363.0,216.0,487.0,62.0,572.0,591,469,20.677966101694917,510.0,Unresolved,2026,,,
682818,Yohendrick Piñango,350,0.0079618708380628,0.0078849216048481,0.0329903524802814,-0.0461667367160281,-0.0137366044174782,0.0295316137731249,0.0616858160300492,0.3686,0.3684,0.6016,0.1404,0.0426,0.1324,363.5,228.0,481.0,70.0,567.0,591,470,20.508474576271187,497.0,Unresolved,2026,,,
669720,Austin Hays,186,0.0079113769775541,0.0085784410246162,0.0364798005532969,-0.0532934689598864,-0.0151233919222506,0.0315816675413235,0.0670617715625086,0.3782,0.3772,0.5982,0.1616,0.0568,0.1528,364.0,217.0,487.0,53.0,575.0,591,471,20.338983050847457,522.0,Unresolved,2026,,,
694378,Jacob Gonzalez,466,0.00780954999124,0.0085294663912126,0.0338053839075134,-0.0487658985658376,-0.0143001749919098,0.0297431403787205,0.0634788960319285,0.3714,0.3714,0.5918,0.1432,0.0418,0.138,365.0,226.0,482.0,69.0,569.0500000000002,591,472,20.16949152542373,500.0500000000002,Unresolved,2026,,,
678545,Osleivis Basabe,230,0.0077773404899312,0.0083346044344936,0.0368518738303648,-0.0534397422131782,-0.0159730090152128,0.0318189145778099,0.0678866457183318,0.3748,0.3732,0.5964,0.1588,0.057,0.1546,366.0,214.0,491.0,55.0,574.0,591,473,20.0,519.0,Unresolved,2026,,,
660844,Leo Rivas,207,0.0077374142352487,0.0082880923784293,0.0362603204940914,-0.0541621994652978,-0.0152747742649059,0.0316107319586536,0.0660331469347405,0.3786,0.3788,0.5942,0.1562,0.0492,0.1498,361.0,214.0,486.25,63.0,575.0,591,474,19.83050847457627,512.0,Unresolved,2026,,,
694514,Sterlin Thompson,132,0.0076455024391376,0.0079446623473813,0.0342528275999417,-0.049672638808135,-0.014495538720332,0.0305337333194625,0.0629980873980859,0.3688,0.3726,0.5904,0.1458,0.043,0.141,362.0,221.0,484.0,66.0,570.0,591,475,19.661016949152543,504.0,Unresolved,2026,,,
682668,Luisangel Acuña,366,0.0076322505026462,0.0081255693114443,0.0343512677682926,-0.049563006905041,-0.0153458212231921,0.0304221000705751,0.0641384153929181,0.3732,0.3742,0.5972,0.1534,0.0478,0.1406,366.0,225.0,485.0,63.95000000000002,571.0,591,476,19.491525423728813,507.04999999999995,Unresolved,2026,,,
671083,Buddy Kennedy,99,0.0074945540783483,0.0081145296657318,0.0360931036230077,-0.0523480054042661,-0.0161177822302043,0.0313229544578226,0.0657545664450434,0.3722,0.3714,0.5922,0.1546,0.0508,0.1554,366.0,218.0,489.0,59.95000000000002,572.0,591,477,19.322033898305083,512.05,Unresolved,2026,,,
670764,Taylor Walls,646,0.0074390669025397,0.0078526450553899,0.0322798592097755,-0.04659058745068,-0.0138968081410209,0.0292186662179411,0.0598089233853378,0.363,0.364,0.5966,0.1272,0.0346,0.131,367.0,230.0,482.0,77.0,566.0,591,478,19.152542372881356,489.0,Unresolved,2026,-1.7867877806979862,-2.280882046157189,-0.6745144506482148
621493,Taylor Ward,835,0.0073225948720337,0.0072816420643564,0.033537951906528,-0.0480141407702399,-0.014830157053087,0.02945872999464,0.0628735134945591,0.3642,0.3622,0.5938,0.133,0.0438,0.1418,369.0,231.0,483.0,67.0,569.0,591,479,18.983050847457626,502.0,Unresolved,2026,0.4434407783572466,-0.4890114170296297,-0.5647874241424573
595978,Austin Hedges,381,0.0072662699405516,0.0079208018389149,0.0359171581691604,-0.0526393091611556,-0.0163438016565806,0.0316521019595531,0.0648861496297826,0.3734,0.3752,0.5906,0.154,0.0458,0.1554,366.0,214.0,493.0,63.0,575.0,591,480,18.8135593220339,512.0,Unresolved,2026,,,
806367,Turner Hill,164,0.0069544867843762,0.0070815158692471,0.0355571396012088,-0.0523955365781464,-0.0155708057507932,0.0305111241304008,0.0643062160015377,0.3624,0.363,0.582,0.1542,0.048,0.1538,371.0,221.0,490.0,62.0,573.0,591,481,18.64406779661017,511.0,Unresolved,2026,,,
672960,Kazuma Okamoto,1200,0.0069062499306777,0.0074233752683393,0.0321420967321358,-0.0474430849620329,-0.0136002081007493,0.0282487624706036,0.0580932234434466,0.352,0.352,0.588,0.121,0.0322,0.1254,372.0,236.0,480.0,82.0,566.0,591,482,18.47457627118644,484.0,Unresolved,2026,,,
656716,Zach McKinstry,732,0.0065570048270747,0.0075603226956388,0.0318802841598905,-0.0470498458788563,-0.0144509608126876,0.0274988151715362,0.0583185085624985,0.3518,0.3512,0.5922,0.1232,0.028,0.1408,369.0,238.0,482.0,85.95000000000002,568.0,591,483,18.305084745762713,482.04999999999995,Unresolved,2026,-1.2585343795329158,-2.096443581809325,-0.8885096247384932
690976,Alex Freeland,431,0.006146789446469,0.0065211612592301,0.0350291018585863,-0.0525649097734836,-0.0171792230051559,0.029800302228861,0.0630670962884,0.3558,0.3558,0.5728,0.145,0.042,0.159,376.0,227.0,496.0,69.0,573.0,591,484,18.135593220338983,504.0,Unresolved,2026,,,
694376,Shay Whitcomb,182,0.0060220097976117,0.0068569936982776,0.0370553296055678,-0.0552042501430633,-0.0182340138083347,0.0304096007515582,0.0655730151973356,0.3622,0.36,0.5704,0.153,0.0504,0.175,374.0,222.0,496.0,60.0,576.0,591,485,17.966101694915253,516.0,Unresolved,2026,,,
683748,Victor Mesa Jr.,448,0.0058089597502319,0.0067632484831591,0.0356392355642291,-0.0546524489798885,-0.0180574282419033,0.0294478470180134,0.0647038088462068,0.3606,0.3596,0.581,0.1398,0.0434,0.1658,372.0,228.0,497.0,66.0,575.0,591,486,17.796610169491526,509.0,Unresolved,2026,,,
669236,Jeremiah Jackson,554,0.0056816619519604,0.0060707714590151,0.0350548558908802,-0.0534700757850098,-0.0168526842421441,0.0287486799168145,0.0628150570425717,0.3562,0.358,0.572,0.132,0.0412,0.1588,378.0,230.0,493.0,69.0,575.0,591,487,17.627118644067796,506.0,Unresolved,2026,,,
671976,Tristan Peters,860,0.0056683868332304,0.0059569806901532,0.0332821786883825,-0.0511079703931405,-0.0154846928879835,0.0277868970346513,0.0594772684228303,0.3468,0.3458,0.5734,0.1232,0.0354,0.1514,377.0,239.0,489.0,79.0,571.0,591,488,17.45762711864407,492.0,Unresolved,2026,,,
807799,Masataka Yoshida,455,0.005662805784692,0.0060615616967744,0.0325125660835872,-0.0489762249251635,-0.0157315324448142,0.0279189235127311,0.0579681191730335,0.3422,0.3402,0.5752,0.1192,0.029,0.147,377.0,239.0,489.0,86.0,569.0,591,489,17.28813559322034,483.0,Unresolved,2026,0.4473418472617451,-0.1529153500858928,-0.23163372742102117
691016,Tyler Soderstrom,740,0.0055068337561863,0.005940436562745,0.0319676867269488,-0.0468994402541897,-0.0154743193366497,0.026652329058211,0.057224893358987,0.3296,0.3296,0.5786,0.1174,0.0306,0.1364,378.0,247.75,488.25,85.95000000000002,568.0,591,490,17.11864406779661,482.04999999999995,Unresolved,2026,0.818970258072695,0.3056370874572323,-0.053380970939717
624641,Edmundo Sosa,526,0.0054910239580136,0.0057095532482735,0.0324863680515593,-0.0486402927956863,-0.0160471362081795,0.0268428364929232,0.0585558197237723,0.3388,0.3366,0.5794,0.12,0.033,0.1508,378.0,245.0,488.0,81.0,571.0,591,491,16.949152542372882,490.0,Unresolved,2026,-0.7144629919434278,-0.3891811834718299,0.4083884634984612
669134,Luis Campusano,411,0.0054885216654312,0.005991225555477,0.0359240877090974,-0.0537591720716329,-0.0184556502425224,0.0297799930832915,0.0635796484041452,0.3576,0.3588,0.566,0.141,0.0454,0.1694,380.0,224.0,499.0,65.95000000000002,575.0,591,492,16.779661016949152,509.04999999999995,Unresolved,2026,,,
699302,Héctor Rodríguez,265,0.0054317779727794,0.006156175070539,0.0354455289456443,-0.0538441971915794,-0.0173642796438177,0.0288336969259764,0.0624490692360239,0.3528,0.353,0.5708,0.1354,0.042,0.1648,377.0,231.0,496.0,67.95000000000002,575.0,591,493,16.610169491525422,507.04999999999995,Unresolved,2026,,,
823550,Sung-Mun Song,232,0.0050893248781814,0.005489515145701,0.0349986225793842,-0.0527251424314755,-0.0172459700052698,0.0284132426517188,0.0627026963985352,0.3416,0.342,0.5632,0.126,0.0414,0.1624,382.0,236.0,495.25,69.95000000000002,574.0,591,494,16.440677966101696,504.04999999999995,Unresolved,2026,,,
645277,Ozzie Albies,1333,0.005000684770869,0.0053296525628255,0.0293894883608993,-0.0438006263759741,-0.0145346159453157,0.0249143686765611,0.0527807972561018,0.3198,0.3208,0.5738,0.092,0.0222,0.1308,382.0,257.0,486.0,101.0,563.0,591,495,16.271186440677965,462.0,Unresolved,2026,-0.965325285456226,-1.2438667323727717,-0.25708490781726145
518595,Travis d'Arnaud,151,0.004541696300549,0.0053137434791533,0.0368557675061398,-0.0583600267651831,-0.019272745376678,0.0287227471418631,0.0639005363928524,0.3486,0.3466,0.5658,0.1402,0.045,0.1824,381.0,232.75,502.0,65.0,579.0,591,496,16.10169491525424,514.0,Unresolved,2026,,,
680728,Adrian Del Castillo,358,0.0043809908884083,0.0050716305077419,0.0354444534478145,-0.0551353611349504,-0.0192076318244403,0.0283761762640987,0.0619394536051538,0.3404,0.3414,0.5564,0.1338,0.0382,0.1754,384.0,236.75,502.0,74.0,576.0,591,497,15.932203389830509,502.0,Unresolved,2026,,,
683083,Nasim Nuñez,862,0.0043316125817621,0.0041220821331189,0.0334687601022278,-0.0511316139885231,-0.0177685959752949,0.0265480965139359,0.0596690203102816,0.3298,0.329,0.5488,0.1188,0.0344,0.1596,390.0,247.0,496.0,79.0,573.0,591,498,15.76271186440678,494.0,Unresolved,2026,,,
624431,Jose Trevino,255,0.0042895463494458,0.0054502758642874,0.0361880195746257,-0.0560392252520556,-0.0196918700345296,0.0289203916623985,0.0608723458060913,0.3432,0.3442,0.563,0.1348,0.0404,0.1812,381.5,231.0,505.0,72.95000000000002,578.0,591,499,15.59322033898305,505.04999999999995,Unresolved,2026,,,
543760,Marcus Semien,965,0.0041137547910519,0.0049539380106468,0.0324463680229772,-0.0516856236820438,-0.0169667710670834,0.025745183322514,0.0555494540972306,0.3218,0.3228,0.5648,0.1122,0.0252,0.1566,385.0,254.0,493.0,95.0,572.0,591,500,15.423728813559322,477.0,Unresolved,2026,-0.7152332055832051,-1.055918820102142,-0.2577682416656375
703520,Brett Bateman,273,0.0040672549736376,0.0050149863472023,0.0356542805460086,-0.0554708408183462,-0.0189811276597307,0.0276192279064896,0.0617443291174311,0.3378,0.3366,0.5586,0.1302,0.0404,0.1758,386.0,238.75,500.0,70.0,577.0,591,501,15.254237288135593,507.0,Unresolved,2026,,,
694208,Moisés Ballesteros,626,0.0039498159929499,0.0044504977102878,0.0338551302273035,-0.0525672974937997,-0.0186684674189112,0.0265463943146467,0.0601349435218935,0.331,0.3344,0.5538,0.116,0.035,0.1686,388.0,242.75,500.0,78.0,574.0,591,502,15.084745762711865,496.0,Unresolved,2026,,,
672515,Gabriel Moreno,940,0.0038750606640875,0.0047576645738405,0.0291808258575953,-0.0440829134940082,-0.0157234200565321,0.0232111081660364,0.0522460337272226,0.3044,0.3036,0.5598,0.0838,0.0184,0.1358,387.0,268.0,490.0,110.0,565.0,591,503,14.915254237288135,455.0,Unresolved,2026,-0.1649533896027661,0.004777766974445,0.38788134570096455
668904,Royce Lewis,950,0.0036082653493443,0.0037249229921603,0.0311005842862922,-0.048587873639675,-0.0170200620312945,0.0246132355845426,0.0546741630813414,0.3136,0.314,0.5548,0.0994,0.0214,0.1492,391.0,259.0,493.0,96.0,571.0,591,504,14.745762711864407,475.0,Unresolved,2026,-0.0236056724537181,0.0710733312158878,0.3475657928073145
669224,Austin Wells,699,0.003543757043605,0.0039837983775446,0.0341112078236364,-0.0532677981595496,-0.0191907932010937,0.026630958351978,0.0583567259220791,0.324,0.3264,0.5482,0.1206,0.0338,0.1738,389.0,249.0,502.0,82.0,575.0500000000002,591,505,14.576271186440678,493.0500000000002,Unresolved,2026,-0.1906242078811841,-0.2569377609402497,0.1455279600948592
682626,Francisco Alvarez,753,0.003337585987402,0.0037246769064281,0.0316328839767928,-0.0496509620177958,-0.0171066733189741,0.0238683076276316,0.0552041627280804,0.3086,0.3066,0.5504,0.0958,0.026,0.1556,393.0,264.0,495.0,91.0,571.0,591,506,14.40677966101695,480.0,Unresolved,2026,1.309677513396991,0.5979238873838164,-0.13120873481081796
690993,Colt Keith,697,0.0031084904628245,0.0036750637703342,0.0319657327227365,-0.0502794231244151,-0.0180530252338234,0.025029845088218,0.0540142032063982,0.3122,0.3156,0.545,0.102,0.024,0.1628,394.0,254.0,496.0,101.95000000000002,572.0,591,507,14.23728813559322,470.04999999999995,Unresolved,2026,0.2344341275154032,0.0775316655470986,0.15939833554533406
672820,Lenyn Sosa,239,0.0030898081830186,0.0043917216468781,0.0359611049141137,-0.0579823963476485,-0.0205239468494987,0.0271429010322512,0.0603423181574071,0.3364,0.3378,0.5486,0.1242,0.0388,0.1922,388.0,243.0,506.0,76.0,578.0,591,508,14.067796610169491,502.0,Unresolved,2026,,,
687263,Zach Neto,1333,0.0030763782844582,0.0036455972014355,0.0319073197014092,-0.0511185821190081,-0.0173665395414787,0.0238303789220803,0.0550177110841043,0.3096,0.308,0.5432,0.0994,0.0228,0.1592,391.0,263.0,496.0,97.95000000000002,572.0,591,509,13.898305084745763,474.04999999999995,Unresolved,2026,0.7429353766161828,-0.2121452420057549,-0.5138142054416206
664770,Nathan Lukes,803,0.0029774315121459,0.0028518580328801,0.0326175965686849,-0.0512325473975498,-0.0183974672155021,0.025471853755056,0.056626981395993,0.3114,0.3112,0.5418,0.1076,0.027,0.1658,396.5,257.0,499.0,89.0,573.0500000000002,591,510,13.728813559322035,484.0500000000002,Unresolved,2026,-0.8910099946107749,-1.7033654477184843,-0.7726357217539859
692216,CJ Kayfus,55,0.0029265630288045,0.0035506982677345,0.0374846116387301,-0.059322675592922,-0.0221069367532563,0.0280181233724321,0.0642138390158905,0.3428,0.3414,0.538,0.1366,0.0474,0.1972,394.0,235.0,512.0,64.0,579.0,591,511,13.559322033898304,515.0,Unresolved,2026,,,
650490,Yandy Díaz,1154,0.0028572100391634,0.003401217312578,0.029715163081298,-0.0475583145199219,-0.0168545432231044,0.0229824378532166,0.0510207372121523,0.2958,0.2946,0.5426,0.083,0.0192,0.1476,395.0,271.0,493.0,107.95000000000002,567.0500000000002,591,512,13.389830508474576,459.10000000000014,Unresolved,2026,1.1076209888096638,0.4138653166708336,-0.1628667415445869
668723,Ryan Vilade,486,0.0028361217670781,0.0035049979667952,0.0342297084310557,-0.0548971660757384,-0.0193715677590056,0.0253604952758535,0.0583822769850677,0.3164,0.3162,0.5442,0.1128,0.0314,0.1744,394.5,253.0,502.0,85.0,576.0,591,513,13.220338983050848,491.0,Unresolved,2026,,,
622268,Donovan Walton,473,0.0026387447748532,0.0028546742475369,0.0344972587022893,-0.0551136502834151,-0.0201353730498734,0.0265634146454088,0.0576129482214044,0.3208,0.3218,0.5354,0.1138,0.0314,0.1802,397.0,245.0,506.0,87.0,577.0,591,514,13.05084745762712,490.0,Unresolved,2026,,,
642350,Jose Siri,461,0.0025591253335604,0.0031441948081726,0.0337180596424657,-0.0538373943589616,-0.0195110294903914,0.0254441408352523,0.0560621160401029,0.3168,0.3162,0.5404,0.1104,0.0262,0.1748,394.0,251.0,502.0,94.0,576.0,591,515,12.88135593220339,482.0,Unresolved,2026,,,
695657,Colson Montgomery,1211,0.0025094668648154,0.0029587648709743,0.0311123638353999,-0.0491893033315462,-0.0180329535602633,0.022981533855251,0.0527106248746026,0.299,0.2962,0.5374,0.094,0.0218,0.153,397.0,270.0,497.0,100.90000000000003,571.0,591,516,12.711864406779661,470.09999999999997,Unresolved,2026,0.69439693292162,0.1114039422238581,-0.15365503690770146
663697,Jonathan India,91,0.0025000087208157,0.0034118323749132,0.0369796769281988,-0.0594733002249063,-0.02165282834452,0.0266627723286978,0.0619986081816481,0.3266,0.324,0.5356,0.127,0.0448,0.1942,394.5,243.0,510.0,67.0,579.0,591,517,12.542372881355933,512.0,Unresolved,2026,,,
677649,Ezequiel Duran,1128,0.0021370737016803,0.0027307197084293,0.0338870203027182,-0.0559391381373181,-0.0197144173648025,0.0247033847575733,0.0572138034640539,0.3112,0.311,0.532,0.1062,0.0306,0.181,398.5,259.0,505.0,89.95000000000002,577.0,591,518,12.372881355932204,487.04999999999995,Unresolved,2026,-1.7943998924647246,-0.7757714327095452,0.8363375766374282
691718,Pete Crow-Armstrong,1355,0.0018790545960324,0.0023686674057123,0.034724241904216,-0.05678680853554,-0.0204823517165968,0.0249477285443981,0.05716763332605,0.315,0.3134,0.527,0.1138,0.0294,0.1798,399.0,256.0,506.0,87.0,578.0,591,519,12.203389830508474,491.0,Unresolved,2026,0.0927656088071854,0.8114113458195229,1.0001310966243673
673357,Luis Robert Jr.,440,0.0016122016945627,0.0022020854356084,0.0346319261115784,-0.0562824816785687,-0.0203628765312371,0.0247553796553931,0.0576278954171002,0.3076,0.3102,0.526,0.113,0.0308,0.1836,401.0,257.0,508.0,84.95000000000002,578.0,591,520,12.033898305084746,493.04999999999995,Unresolved,2026,0.2243225933671742,0.2028777887750927,0.2923710548955394
596103,Austin Slater,131,0.0015453220038531,0.0014465911024157,0.0367180383966845,-0.0591034919674114,-0.0219601505895803,0.0253965353630425,0.0600864613173788,0.3164,0.3142,0.5142,0.1222,0.0394,0.2006,403.0,251.0,514.0,73.0,580.0,591,521,11.864406779661017,507.0,Unresolved,2026,,,
662139,Daulton Varsho,996,0.0012656163967892,0.0014807756602372,0.0297798119457429,-0.0474878189806284,-0.0189154976845126,0.0213336922799393,0.0494359497616597,0.2778,0.277,0.518,0.0798,0.014,0.1654,404.0,282.0,500.0,119.0,569.0,591,522,11.694915254237289,450.0,Unresolved,2026,0.6237816098551087,-1.0697533580330705,-1.2815509288389635
656577,Alex Jackson,142,0.0006296517613896,0.0015783424251672,0.0359333344244542,-0.0600814456007304,-0.0225020300587206,0.0246996530212291,0.0583771032502642,0.3086,0.3086,0.517,0.1078,0.032,0.2056,404.0,257.0,515.0,83.0,580.0,591,523,11.525423728813559,497.0,Unresolved,2026,,,
667472,Dane Myers,524,0.0006006210064857,0.0012064595616046,0.0334935351662282,-0.0540259411532779,-0.0214063347534508,0.0232313169451612,0.0556333899584792,0.29,0.2926,0.515,0.0998,0.0268,0.1884,407.0,270.0,511.0,94.95000000000002,576.0,591,524,11.35593220338983,481.04999999999995,Unresolved,2026,-0.0446007592637267,-0.8317287855071932,-0.5394008388841758
502671,Paul Goldschmidt,694,0.0005511253329559,0.0006276507928023,0.0341247181441382,-0.0563338087495072,-0.0219930754640495,0.023077628037865,0.0562708830801857,0.2938,0.2928,0.5084,0.0998,0.0286,0.1948,408.5,267.0,512.0,89.0,578.0,591,525,11.186440677966102,489.0,Unresolved,2026,0.2297514134313087,-0.4552856482776869,-0.3698870543842595
800050,Chase DeLauter,859,0.0005468555947278,0.0011304053607937,0.0353686858008961,-0.0581920320289912,-0.0231073539136741,0.024162443392401,0.0577892421577763,0.2986,0.2972,0.513,0.1148,0.0334,0.204,407.0,262.0,515.0,82.0,578.0,591,526,11.016949152542374,496.0,Unresolved,2026,,,
682928,CJ Abrams,1232,0.0005050823681674,0.0009053919419043,0.0313843177680635,-0.0509917612072997,-0.020396170163889,0.0215217730907764,0.0517352776284315,0.2794,0.2786,0.5102,0.0846,0.0172,0.1758,408.0,276.75,506.25,108.0,573.0,591,527,10.847457627118644,465.0,Unresolved,2026,-0.1633131382821064,0.0455529788391157,0.4274194026316546
573262,Mike Yastrzemski,691,0.0004812187242952,0.0009485347544784,0.0323530783146187,-0.0534900982908086,-0.0211624997895479,0.0225589056253543,0.0516839705797984,0.284,0.286,0.5148,0.0946,0.0228,0.1792,407.0,273.0,508.0,103.0,576.0,591,528,10.677966101694915,473.0,Unresolved,2026,0.0836330507119498,-0.2425831344937476,-0.04697517749447619
664023,Ian Happ,1128,0.0003357668502384,0.0004324476920476,0.0298115743602883,-0.0494990735504918,-0.019225448053801,0.0205446831681085,0.0491069807008353,0.266,0.2626,0.506,0.0726,0.0142,0.1692,409.0,287.0,503.0,117.95000000000002,571.0,591,529,10.508474576271187,453.04999999999995,Unresolved,2026,0.3384305197487835,-0.2746737258673947,-0.2712460414972667
643217,Andrew Benintendi,872,0.0002628293215167,0.0017039874873288,0.0346656464981771,-0.0578061862347119,-0.0223713301246669,0.0238488112452126,0.0566233133890643,0.2984,0.2974,0.518,0.1066,0.0254,0.2004,406.0,265.0,513.0,91.0,579.0,591,530,10.338983050847459,488.0,Unresolved,2026,-0.2103224983835422,-0.3809662796455281,0.03635682146239466
668942,Josh Rojas,194,0.0001131837254051,0.0005921750730756,0.0351690605057514,-0.0585062107843379,-0.0232902351109757,0.0233883340688699,0.0571760201348175,0.2926,0.292,0.5078,0.1084,0.0306,0.2116,408.0,269.0,516.0,88.95000000000002,579.0,591,531,10.169491525423728,490.04999999999995,Unresolved,2026,,,
675961,Alika Williams,369,6.047216651765801e-05,0.001435504755261,0.0351042621443574,-0.0594682782872333,-0.0229287059805296,0.0237934967360712,0.0561522478708091,0.2984,0.2962,0.5132,0.1054,0.0288,0.2,407.0,263.0,516.0,89.0,580.0,591,532,10.0,491.0,Unresolved,2026,,,
682657,Angel Martínez,730,-0.0001676421908271,0.0007681935118123,0.0331196106204674,-0.0561424287110857,-0.0219459215102002,0.0218238983301523,0.0530717542637837,0.2862,0.2858,0.5104,0.0906,0.0218,0.1876,408.5,275.0,511.0,101.0,577.0,591,533,9.830508474576272,476.0,Unresolved,2026,-1.4562302197357682,-0.6816431864563272,0.6754023006915143
806068,Colt Emerson,507,-0.000216421912369,-0.0005991479728371,0.0334617892287576,-0.055969947312131,-0.0216771383592502,0.0217315407506926,0.0544709833153828,0.2796,0.282,0.4918,0.0946,0.0246,0.196,415.0,276.0,512.0,98.0,577.0,591,534,9.661016949152541,479.0,Unresolved,2026,,,
696030,Alejandro Osuna,368,-0.0003433864324215,-0.0003994880580689,0.0352317041802574,-0.05857845209144,-0.0231438291591741,0.0232229345511837,0.0557972148421184,0.2898,0.2906,0.494,0.1036,0.0262,0.2044,417.0,268.0,518.0,92.0,578.0,591,535,9.491525423728813,486.0,Unresolved,2026,,,
672695,Geraldo Perdomo,1018,-0.000466342642817,-0.0004599398012131,0.0332967263340817,-0.055544721655655,-0.0225167337895774,0.0222096590462366,0.0533898255135133,0.2832,0.2826,0.495,0.0942,0.023,0.1976,414.0,277.0,514.0,100.0,577.0,591,536,9.322033898305085,477.0,Unresolved,2026,-0.527927260932005,-1.0637656244643188,-0.40689002667890994
685133,Wade Meckler,482,-0.0004776615711634,0.0002982052944561,0.0340654260280051,-0.0575467799829981,-0.0225025923151448,0.0218846393990413,0.0548133717516013,0.2768,0.2758,0.5044,0.0966,0.0248,0.1976,408.0,278.0,515.0,94.90000000000003,578.0500000000002,591,537,9.152542372881356,483.15000000000015,Unresolved,2026,,,
640459,Brian Navarreto,113,-0.0009208512314855,0.001094754384249,0.0368010186539117,-0.0631909879549297,-0.0245256996062396,0.0238380613109031,0.0562854826830828,0.2982,0.2968,0.5124,0.1024,0.0288,0.2226,409.0,266.0,519.25,85.95000000000002,582.0,591,538,8.983050847457626,496.04999999999995,Unresolved,2026,,,
808982,Jung Hoo Lee,986,-0.0015536252918543,-0.0009439411618863,0.0333582045197735,-0.0569357631560378,-0.023958920579098,0.0207749753952195,0.0526229033413232,0.2748,0.2732,0.4894,0.0908,0.02,0.2102,418.5,281.0,518.25,107.0,578.0,591,539,8.813559322033898,471.0,Unresolved,2026,-0.8618250433248124,-1.0491468720285722,-0.14042981328563764
650402,Gleyber Torres,724,-0.0015939386809445,-0.0009507283733787,0.0322811752903838,-0.0552212294979425,-0.0225148287651642,0.0195126815654838,0.0505975536508528,0.2572,0.259,0.4892,0.078,0.0178,0.2054,418.0,288.75,515.0,113.0,577.0,591,540,8.64406779661017,464.0,Unresolved,2026,0.0846606165050947,-1.0434928473980378,-0.8486599290010628
669003,Garrett Mitchell,867,-0.0018305157053965,-0.0014515286531801,0.0325395236057965,-0.0557037696399086,-0.023198925294911,0.0198971125464016,0.0512573944557694,0.2582,0.2594,0.4814,0.0852,0.0186,0.1972,422.0,289.0,516.0,111.95000000000002,577.0,591,541,8.474576271186441,465.04999999999995,Unresolved,2026,,,
672640,Otto Lopez,1070,-0.0018763329468502,-0.0014041738016467,0.030351857008817,-0.0517968377215072,-0.0215601169888894,0.0187183243409807,0.0461344242909215,0.2476,0.2498,0.4808,0.0642,0.0116,0.1914,420.0,296.0,511.0,130.0,574.0,591,542,8.305084745762711,444.0,Unresolved,2026,-0.0528737665319838,-0.0365063321285863,0.26206150690108093
663743,Nick Fortes,525,-0.002168336451391,-0.0013223508259323,0.035514268196597,-0.0613847549738713,-0.0254265789768311,0.0214315259079475,0.0556689493721111,0.2756,0.2766,0.4854,0.0962,0.0252,0.2286,419.0,277.0,523.0,93.0,581.0,591,543,8.135593220338983,488.0,Unresolved,2026,-0.4969415265895066,-0.8262378492976822,-0.19273315427698934
683357,Owen Caissie,622,-0.0021744957231777,-0.001684172804614,0.0329552834496973,-0.0567698337408621,-0.0234078650838497,0.0197014018886982,0.0514549743880278,0.2532,0.2524,0.479,0.0836,0.019,0.2052,422.0,293.0,516.0,111.0,578.0,591,544,7.966101694915254,467.0,Unresolved,2026,,,
700337,Edgar Quero,402,-0.0022295446137092,-0.0012051898544038,0.0361578275871447,-0.0635107901510589,-0.025166960013219,0.0224778615273664,0.0546112036264336,0.2866,0.2834,0.4862,0.095,0.0258,0.2264,419.0,271.0,523.0,96.0,582.0,591,545,7.796610169491525,486.0,Unresolved,2026,-0.4302821940041778,-1.0572366147302736,-0.474009533368582
660821,Jesús Sánchez,579,-0.002697805109759,-0.0023912971399334,0.0349759146500145,-0.0606864361438513,-0.0256391975550145,0.0213354083252859,0.0535772968135384,0.2666,0.2662,0.4704,0.0908,0.0258,0.2272,427.0,285.0,524.0,99.95000000000002,580.0,591,546,7.627118644067797,480.04999999999995,Unresolved,2026,0.5509630268384066,0.0210812600718244,-0.1357930998029793
665019,Kody Clemens,1054,-0.0028042345494155,-0.0024045428786051,0.0294781028318934,-0.0519679789671269,-0.0223027113992829,0.0170457463031348,0.0453990338296891,0.2268,0.2286,0.4678,0.0596,0.011,0.1942,425.5,309.75,515.0,134.0,574.0,591,547,7.4576271186440675,440.0,Unresolved,2026,0.4617388628026809,0.3944782853096381,0.30490099959460315
682829,Elly De La Cruz,1001,-0.0030807123610255,-0.0020951667262373,0.0330021915993906,-0.0581274539051923,-0.0246376854117062,0.0185903714318766,0.049459020091902,0.248,0.247,0.476,0.0728,0.0176,0.2112,425.0,297.0,520.0,120.0,579.0,591,548,7.288135593220339,459.0,Unresolved,2026,0.5465073193340717,1.8020567216148464,1.6485430665624874
699013,Esmerlyn Valdez,512,-0.0032093210124669,-0.0019566897753842,0.0354563475331322,-0.0629317092292619,-0.0257473813305548,0.0207730619902309,0.0540384353416561,0.2672,0.265,0.4756,0.0878,0.0216,0.2328,424.0,285.0,525.0,102.0,582.0,591,549,7.11864406779661,480.0,Unresolved,2026,,,
807726,John Peck,116,-0.0032430357008157,-0.0022876520353366,0.0367909526765695,-0.0638649627569024,-0.0271678699810249,0.0215442367739118,0.0559530904553269,0.279,0.2732,0.474,0.0972,0.0282,0.2424,426.0,278.0,529.0,92.95000000000002,583.0,591,550,6.9491525423728815,490.04999999999995,Unresolved,2026,,,
678009,Parker Meadows,73,-0.0034715763969799,-0.001978884089307,0.0366998909964876,-0.0651199526908446,-0.0271240324957013,0.0207558919537084,0.0551677469676741,0.2724,0.2732,0.4742,0.0922,0.0254,0.2398,424.0,280.0,528.0,96.0,584.0,591,551,6.779661016949152,488.0,Unresolved,2026,,,
676391,Ernie Clement,1038,-0.0037697235099903,-0.0033432156938933,0.0321150730182107,-0.0577979531796204,-0.0244161278842109,0.0175089038685348,0.0466977441101659,0.236,0.235,0.4546,0.0676,0.018,0.2142,430.0,305.0,520.0,129.95000000000002,578.0,591,552,6.610169491525424,448.04999999999995,Unresolved,2026,-1.4623489131180565,-2.1125520867836567,-0.7508915924036503
677951,Bobby Witt Jr.,1046,-0.0041713431648904,-0.0030649962839961,0.0313782654689288,-0.0568337430713792,-0.0253010163161875,0.0164316065158548,0.0462523046646862,0.229,0.2272,0.4576,0.0614,0.0132,0.215,431.0,309.0,521.0,134.0,578.0,591,553,6.440677966101695,444.0,Unresolved,2026,1.0269183576777858,0.981812892768871,0.4659505665466339
687952,Christian Encarnacion-Strand,418,-0.0044955329729118,-0.0041019954935384,0.0340485997783259,-0.0607902782676799,-0.0274626985383524,0.0186821868399465,0.0495561568628763,0.2486,0.2458,0.4488,0.0764,0.018,0.2398,437.0,297.0,528.25,113.0,581.0,591,554,6.271186440677966,468.0,Unresolved,2026,,,
680776,Jarren Duran,1086,-0.0052499625842868,-0.0047843717757971,0.0331755967424002,-0.0611107594783263,-0.0271871024820449,0.0171624211935581,0.0488350396932704,0.2324,0.2324,0.4422,0.0728,0.0158,0.242,439.0,308.0,529.0,121.0,581.0,591,555,6.101694915254237,460.0,Unresolved,2026,0.5504038760542005,-0.0962850188625384,-0.2527376408348593
660688,Keibert Ruiz,561,-0.0057470165070097,-0.004668334393921,0.0325547627280081,-0.0612625145540048,-0.0265028283553312,0.0158915011373498,0.0457886208229711,0.2192,0.218,0.4418,0.0576,0.0148,0.2336,437.0,316.0,527.0,137.0,581.0,591,556,5.932203389830509,444.0,Unresolved,2026,-1.0776355476588504,-0.541149736175384,0.5303417869918922
671655,George Valera,67,-0.0058297171680014,-0.0049087066442459,0.036842673794346,-0.0688719670538583,-0.0294174257690923,0.0182049082186438,0.0534579370734716,0.243,0.2414,0.4462,0.0886,0.027,0.2606,443.5,302.0,535.0,101.95000000000002,584.0,591,557,5.762711864406779,482.04999999999995,Unresolved,2026,,,
606466,Ketel Marte,1019,-0.0058782566943545,-0.0058013802515179,0.0303024423810039,-0.0571323483943705,-0.025261893054847,0.0151001034880252,0.0426660437899946,0.2114,0.2122,0.4254,0.0494,0.0086,0.2206,443.0,321.75,523.0,150.95000000000002,578.0,591,558,5.593220338983051,427.04999999999995,Unresolved,2026,1.4926681222046423,0.823754863384632,-0.043397909568028914
571970,Max Muncy,951,-0.0059936500635465,-0.0055054758139303,0.0349342732659677,-0.0647710382531194,-0.0284468999774078,0.0174348408769586,0.0506974308732727,0.2382,0.2384,0.437,0.078,0.017,0.2582,444.0,304.0,534.0,112.0,582.0,591,559,5.423728813559322,470.0,Unresolved,2026,0.8259309205545187,0.4466444744143857,0.08237635596584719
606192,Teoscar Hernández,869,-0.0061361333906941,-0.0049152140711064,0.0328099229084784,-0.0610897630063344,-0.0279170150250063,0.0164390601364416,0.0470514574844325,0.2214,0.2252,0.4332,0.0644,0.012,0.2438,440.0,314.0,530.0,130.0,581.0,591,560,5.254237288135593,451.0,Unresolved,2026,0.2487092804688208,0.2806084815160389,0.3517081576474165
693304,Nick Gonzales,1100,-0.0074875378341635,-0.0071784896557846,0.0311926835940736,-0.0605020870011847,-0.0280671472135314,0.013903897563437,0.0425041369250817,0.2,0.201,0.4078,0.048,0.0084,0.2442,450.0,329.75,530.0,151.0,581.0,591,561,5.084745762711864,430.0,Unresolved,2026,-0.6789061236084816,-0.9760108167563988,-0.2052598374764869
681082,Bryson Stott,985,-0.0075168718278521,-0.0068709047426253,0.0332934095668154,-0.0649822637469409,-0.0287338358539843,0.015520174121048,0.0450001239370272,0.2126,0.213,0.4208,0.0542,0.0104,0.2564,449.0,321.0,534.0,139.95000000000002,583.0,591,562,4.915254237288136,443.04999999999995,Unresolved,2026,-0.91419009216026,-0.3373912073554452,0.6108220418303385
663616,Trevor Larnach,722,-0.0076496705879493,-0.0066858157650172,0.0344897680403536,-0.0667497875026378,-0.0296958553807867,0.0152645157536964,0.0474167090755534,0.2156,0.213,0.4196,0.0634,0.0156,0.2626,449.0,318.0,535.0,125.0,583.0,591,563,4.745762711864407,458.0,Unresolved,2026,0.3979607345026511,0.2032798357144818,0.1618070234497084
596019,Francisco Lindor,840,-0.007776251919922,-0.0069216749520838,0.0323323147015046,-0.0612545869469385,-0.0291040412634302,0.0140880312553006,0.0436378741329425,0.2024,0.2018,0.4158,0.052,0.0092,0.2592,449.0,328.0,533.0,145.95000000000002,582.0,591,564,4.576271186440678,436.04999999999995,Unresolved,2026,0.2281194467874573,0.3611866106557626,0.44781611078904626
678662,Ezequiel Tovar,1037,-0.0078103145718245,-0.0074027551621396,0.0298534070806952,-0.0562898093031938,-0.0279700047602122,0.0125547131742017,0.040277150933155,0.1806,0.1814,0.3964,0.0422,0.0068,0.2466,453.0,339.0,531.0,162.0,579.0,591,565,4.406779661016949,417.0,Unresolved,2026,-0.4375981201916453,-1.441784352822678,-0.8530392547610678
682177,Daniel Schneemann,551,-0.0080975149238458,-0.0076661215970366,0.0317347411230606,-0.0607222569072104,-0.0289291318700858,0.0127399770335392,0.0442038074112747,0.1928,0.1896,0.4016,0.0554,0.0104,0.2594,453.0,336.0,534.0,139.0,581.0,591,566,4.237288135593221,442.0,Unresolved,2026,-0.398739761135202,-0.7119273422437862,-0.15249105194081536
703155,Lazaro Montes,91,-0.0088184059848178,-0.0082472376580784,0.0362870192426161,-0.0705404016129123,-0.0321216473673405,0.0152998458263643,0.0496072059095778,0.2132,0.2126,0.4182,0.075,0.0188,0.2878,456.0,320.0,542.0,117.0,585.0,591,567,4.067796610169491,468.0,Unresolved,2026,,,
624424,Michael Conforto,498,-0.0088519538703829,-0.0084714496769059,0.0317755178213331,-0.0624206437081992,-0.0296319482149677,0.012277421487675,0.0424915835706688,0.1874,0.1876,0.399,0.0466,0.0106,0.2634,457.0,338.0,535.0,154.0,582.0,591,568,3.8983050847457625,428.0,Unresolved,2026,-0.2186207601538385,0.1514963814576989,0.5750784231092305
691781,Brady House,614,-0.0089663156105679,-0.0085062126707197,0.0338111870797092,-0.0652955638297721,-0.0309849489450621,0.0139700700415134,0.0454151723804803,0.202,0.2018,0.399,0.0566,0.0142,0.278,458.0,330.0,538.0,134.95000000000002,583.0,591,569,3.7288135593220337,448.04999999999995,Unresolved,2026,-0.3461541148569854,0.4241294908164982,0.9439032056773776
663330,Jahmai Jones,296,-0.0090898355983113,-0.0080396619576013,0.0357582096195979,-0.0695196388825988,-0.0329152302575882,0.0151278726715012,0.0481772088111741,0.2158,0.2152,0.4112,0.0652,0.018,0.2902,457.0,319.0,542.0,124.0,585.0,591,570,3.559322033898305,461.0,Unresolved,2026,,,
642086,Dominic Smith,540,-0.0097931181153157,-0.0091045241879547,0.0362225516451691,-0.0705707132138462,-0.0340550682713244,0.0148386721449149,0.0481160437732797,0.21,0.209,0.4046,0.0646,0.018,0.3014,459.0,325.75,545.0,128.0,586.0,591,571,3.389830508474576,458.0,Unresolved,2026,-0.6910777630954887,-0.8424745504507547,-0.06254314640524772
630105,Jake Cronenworth,695,-0.0103593403543116,-0.0094137219429145,0.0316423933603854,-0.0631289581559029,-0.0312111960083569,0.0107102120892939,0.0409905680642869,0.169,0.1718,0.382,0.044,0.0084,0.2824,460.5,350.0,540.0,161.0,582.0,591,572,3.2203389830508473,421.0,Unresolved,2026,-0.7612205211366994,-1.287319771446271,-0.45448338991305115
679529,Spencer Torkelson,1056,-0.0105744885388364,-0.0097685856107347,0.0327163069441953,-0.0659823289508392,-0.031459601986255,0.0114488634972739,0.0402030255390346,0.1792,0.1782,0.383,0.0458,0.009,0.287,465.0,346.0,540.0,154.95000000000002,583.0,591,573,3.0508474576271185,428.04999999999995,Unresolved,2026,0.4709354433381889,0.0378527366801603,-0.058661043974368346
608369,Corey Seager,777,-0.0106296258874935,-0.0101174380412319,0.0301388656063289,-0.0620851690266117,-0.0302445085833261,0.0101307335354458,0.0378601750376121,0.1616,0.1608,0.3656,0.0326,0.0042,0.2674,466.0,353.0,537.0,177.95000000000002,582.0,591,574,2.8813559322033897,404.04999999999995,Unresolved,2026,1.3893056097164005,0.8385504784646971,0.04935858912957314
694203,Denzer Guzman,544,-0.0111969734745558,-0.0100019781027293,0.0343346788059719,-0.068765924154447,-0.0338608527994039,0.0124866223210302,0.0436766480777267,0.1862,0.1842,0.3818,0.0522,0.0094,0.3036,465.0,339.75,546.0,146.95000000000002,585.0,591,575,2.711864406779661,438.04999999999995,Unresolved,2026,,,
678882,Ceddanne Rafaela,1167,-0.0124979495966975,-0.011994085066554,0.0275487127263365,-0.0581686611402142,-0.0305201318151425,0.0060219212055821,0.0316870954422514,0.1254,0.127,0.327,0.021,0.0024,0.2798,475.0,379.0,537.25,212.0,580.0,591,576,2.542372881355932,368.0,Unresolved,2026,-0.4151317371131466,-1.395775608124985,-0.8239757161572098
803011,Sam Antonacci,867,-0.0129102442678216,-0.0119991377344319,0.0336367571655497,-0.0689477048388931,-0.0348881162615004,0.0103844150433679,0.0402404600275393,0.1658,0.1676,0.3592,0.0408,0.0092,0.3172,475.0,351.75,548.0,162.0,585.0,591,577,2.3728813559322033,423.0,Unresolved,2026,,,
500743,Miguel Rojas,397,-0.0130801625052904,-0.011576904512937,0.0368417759476105,-0.076028869208047,-0.0366689346498587,0.0121563625680524,0.0454261523422784,0.1882,0.1868,0.3732,0.0596,0.0144,0.3318,474.0,339.0,552.0,135.0,586.0,591,578,2.2033898305084745,451.0,Unresolved,2026,-0.9488819746975368,-0.4406234955428941,0.5337560082341715
683146,Brett Baty,885,-0.0143265515215527,-0.014277048221854,0.0315068305891593,-0.0667309634112368,-0.0347615135505748,0.0064071219386131,0.0367323147861217,0.1396,0.1386,0.3238,0.0318,0.0048,0.314,483.0,377.0,547.0,176.95000000000002,584.0500000000002,591,579,2.0338983050847457,407.10000000000014,Unresolved,2026,0.6753304836268486,-0.1026341520388996,-0.3533123155470151
687462,Spencer Horwitz,679,-0.0153786481300609,-0.0142863504847974,0.0331564235120855,-0.0720919769511758,-0.0360279526106635,0.0069818798001249,0.0364170445090973,0.1508,0.1498,0.3246,0.033,0.0062,0.3416,484.0,374.75,552.0,182.95,586.0,591,580,1.8644067796610169,403.05,Unresolved,2026,-0.7065152841807266,-0.9379246592500088,-0.14634954845147186
669899,Ryan Ward,132,-0.0166579959794957,-0.0154657246003302,0.0371604976345938,-0.0804527088741475,-0.0401688749485824,0.008624400580634,0.0427343891524486,0.1644,0.1662,0.3322,0.0496,0.0108,0.3656,490.0,364.0,559.0,149.0,588.0,591,581,1.694915254237288,439.0,Unresolved,2026,,,
694212,Samuel Basallo,753,-0.0168675330686397,-0.0163317373574807,0.0311257491705326,-0.0685600398771788,-0.037099685404104,0.0039548521012556,0.0336246068509361,0.1196,0.1192,0.2954,0.0266,0.0042,0.3492,494.0,391.75,552.0,200.0,585.0,591,582,1.5254237288135593,385.0,Unresolved,2026,,,
695670,Harry Ford,208,-0.0178514259426851,-0.0167585947261152,0.0342367175338251,-0.0751053402482233,-0.0399919872289672,0.0055785931894177,0.0363409809667743,0.1388,0.1384,0.3026,0.0326,0.0062,0.3726,495.0,384.0,559.0,185.0,587.0,591,583,1.3559322033898304,402.0,Unresolved,2026,,,
664761,Alec Bohm,996,-0.0181271381395695,-0.0174634371342422,0.0314383830640287,-0.0705767338073367,-0.0396959837361803,0.003476582371841,0.0321702957630312,0.1144,0.1128,0.2884,0.0224,0.0036,0.3748,497.0,393.0,555.0,208.95,586.0,591,584,1.1864406779661016,377.05,Unresolved,2026,0.024470563409638,0.0602410689987962,0.30047216523942677
622761,Jorge Mateo,418,-0.018412303805408,-0.017308179392408,0.0327760158163646,-0.0727653547602994,-0.0400484825988756,0.0041430298055085,0.0336672629422952,0.1282,0.127,0.294,0.0264,0.0046,0.3772,497.0,391.0,558.0,202.0,586.0500000000002,591,585,1.0169491525423728,384.0500000000002,Unresolved,2026,,,
621020,Dansby Swanson,842,-0.0188107589930128,-0.0179465228959505,0.0308274954951135,-0.0708024212605026,-0.0391079892632128,0.0017858133769818,0.0313952849529583,0.1028,0.103,0.2716,0.0186,0.0024,0.3738,499.0,405.0,556.0,215.0,586.0,591,586,0.847457627118644,371.0,Unresolved,2026,0.4541359422554937,-0.239598230135909,-0.3234410344643768
681508,Mickey Gasper,312,-0.0207385196994709,-0.0197682379628661,0.0351305999099089,-0.0807135717195346,-0.0444608266415555,0.0042364323013195,0.0350685783036689,0.127,0.1274,0.292,0.0288,0.0048,0.4116,505.0,390.0,565.0,195.95,589.0,591,587,0.6779661016949152,393.05,Unresolved,2026,,,
668715,Spencer Steer,676,-0.0209250045349213,-0.0201523331639446,0.0332478008109273,-0.0774292421922372,-0.0430107496739532,0.0017774668306397,0.0324436875574933,0.1108,0.1114,0.2666,0.023,0.0032,0.4132,509.0,404.0,562.0,204.0,588.0,591,588,0.5084745762711864,384.0,Unresolved,2026,-1.033988954136703,0.3164313509506093,1.355002554013736
680869,Zack Gelof,673,-0.0231926960574949,-0.022038142533806,0.0306690103693602,-0.0751482664867681,-0.0435547064595288,-0.0018089950872128,0.0249691761300702,0.0772,0.077,0.23,0.013,0.0018,0.4284,513.0,430.0,564.0,258.95000000000005,587.0,591,589,0.3389830508474576,328.04999999999995,Unresolved,2026,,,
682985,Riley Greene,1075,-0.0254733732960944,-0.0245289145611381,0.0326429005759453,-0.0804763236771137,-0.0471954694920712,-0.00319550614317,0.0262346443889632,0.0814,0.0814,0.2186,0.0154,0.0016,0.4656,524.0,433.75,568.0,246.0,588.0,591,590,0.1694915254237288,342.0,Unresolved,2026,0.2570772844378337,0.695343524531686,0.7601316572627083
592885,Christian Yelich,848,-0.028928352989307,-0.0285133840870593,0.0314631574542473,-0.0818986418698999,-0.0499271326622656,-0.0070013394976669,0.022312298985434,0.0626,0.0618,0.1786,0.011,0.0006,0.5054,532.0,454.0,572.0,271.0,589.0,591,591,0.0,318.0,Unresolved,2026,0.2978469410077867,-0.4723823606890848,-0.43834462647743505
